{"type": "FeatureCollection", "site_id": "balaghat", "site_name": "Balaghat", "provenance": {"status": "TRAINED_MODEL_SCORES", "warning": "Scores derived from models trained with per-site spatial cross-validation. Deposit ground truth labels are synthetic by construction \u2014 real GSI/MOIL borehole data is needed for true geophysical exploration validation.", "generated_utc": "2026-09-23T15:42:10.132026+00:00"}, "features": [{"type": "Feature", "geometry": {"type": "MultiPolygon", "coordinates": [[[[80.17799210953935, 21.80997146795088], [80.17797663763623, 21.812681620056395], [80.17796116332198, 21.815391771262505], [80.17794568659636, 21.818101921569124], [80.17988062201698, 21.818111539687976], [80.17988062198468, 21.8181115453575], [80.18036435551447, 21.81811394421591], [80.18084809007996, 21.818116348749154], [80.18084809011222, 21.818116343079616], [80.18278302707127, 21.81812593852734], [80.18279841274959, 21.815415784938825], [80.18570076560492, 21.81543012513338], [80.18568543455524, 21.81814028068175], [80.1885878444281, 21.818154571820553], [80.19149025668129, 21.81816881194359], [80.19439267130636, 21.81818300105067], [80.19729508829475, 21.818197139141635], [80.20019750763795, 21.81821122621631], [80.20309992932748, 21.818225262274527], [80.20600235335482, 21.818239247316104], [80.20890477971145, 21.818253181340886], [80.21180720838885, 21.818267064348692], [80.21182204777165, 21.815556891475417], [80.21472442413068, 21.815570721575956], [80.21762680279326, 21.815584500666162], [80.21761207267193, 21.81829467731274], [80.22051450826058, 21.818308407268635], [80.22049983048355, 21.821018584892858], [80.2234023229987, 21.821032265700406], [80.22338769758296, 21.82374244429535], [80.22629024702495, 21.8237560759405], [80.22919279873703, 21.823769656553747], [80.22917828035682, 21.82647983796796], [80.22916375971482, 21.829190018483555], [80.23206642301166, 21.82920355176181], [80.23208088898781, 21.826493369397635], [80.23498349987206, 21.8265068497881], [80.23496908856197, 21.829217033993885], [80.2378717563572, 21.829230465179602], [80.24077442638882, 21.829243845318814], [80.24367709864838, 21.829257174411353], [80.2436913459592, 21.826546984722587], [80.24078872836627, 21.82653365745074], [80.23788611300104, 21.826520279139185], [80.23790046740868, 21.82381009220036], [80.24080302811599, 21.823823468684317], [80.24370559105084, 21.82383679413554], [80.24371983392345, 21.821126602650303], [80.24662234442754, 21.821139875255053], [80.2495248571419, 21.821153096833722], [80.249538988513, 21.818442900830323], [80.25244144878755, 21.818456069583178], [80.25534391125521, 21.81846918731661], [80.25535793115826, 21.81575898682328], [80.258260341177, 21.81577205175155], [80.26116275337164, 21.81578506566706], [80.26406516773365, 21.815798028569635], [80.26696758425453, 21.81581094045912], [80.26987000292577, 21.81582380133535], [80.27277242373886, 21.815836611198197], [80.27567484668526, 21.815849370047477], [80.27857727175649, 21.815862077883054], [80.27856368892648, 21.8185722924657], [80.28146617074898, 21.818584951017204], [80.28436865467944, 21.81859755854771], [80.28435517902005, 21.821307775685874], [80.28725771969377, 21.821320333911153], [80.29016026245864, 21.82133284110817], [80.29014689400444, 21.8240430607741], [80.2930494935046, 21.824055518644727], [80.29303617762882, 21.826765739115583], [80.29593883386461, 21.82677814764579], [80.29884149216635, 21.82679050513333], [80.29882828355606, 21.82950072809039], [80.29881507288817, 21.83221095015029], [80.30171784259632, 21.832223259957555], [80.30170468455792, 21.834933482801553], [80.30460751100277, 21.834945743226296], [80.30459440561091, 21.837655966847475], [80.30458129817796, 21.840366189571355], [80.3016783623327, 21.84035392579766], [80.3016651981455, 21.843064145949583], [80.30165203190836, 21.845774365203958], [80.30163886362111, 21.84848458356071], [80.30162569328355, 21.851194801019737], [80.30161252089552, 21.85390501758096], [80.30159934645684, 21.85661523324429], [80.30158616996735, 21.85932544800962], [80.30157299142688, 21.86203566187688], [80.3044763652147, 21.862047939048825], [80.30446323940424, 21.86475815369298], [80.30445011155093, 21.86746836743894], [80.30443698165466, 21.870178580286623], [80.30442384971523, 21.872888792235937], [80.30441071573246, 21.87559900328678], [80.30439757970618, 21.878309213439078], [80.3073012843526, 21.878321449486652], [80.30731436555492, 21.87561123766596], [80.31021801741232, 21.875623420876334], [80.31023104176403, 21.872913206495813], [80.31024406408945, 21.870202991216953], [80.31025708438877, 21.867492775039842], [80.30735359695262, 21.867480596813333], [80.30736667001604, 21.864770381399232], [80.30737974104518, 21.862060165086994], [80.30739281004018, 21.859349947876716], [80.30740587700126, 21.85663972976849], [80.30741894192856, 21.853929510762388], [80.30743200482226, 21.851219290858523], [80.30452884803192, 21.85120707149207], [80.30454196363092, 21.84849685235829], [80.30455507718816, 21.84578663232685], [80.30456818870377, 21.84307641139784], [80.30747118130348, 21.843088625761144], [80.3074842360645, 21.840378402267064], [80.31038717598378, 21.840390563884643], [80.31040017400724, 21.837680337832676], [80.31330306124573, 21.837692446718403], [80.31331600254867, 21.834982218115723], [80.31332894183626, 21.832271988616025], [80.31042616398221, 21.83225988303728], [80.31043915593405, 21.82954965429404], [80.30753643478296, 21.82953749931833], [80.30754947938203, 21.826827271338484], [80.30464681493356, 21.826815066979826], [80.30465991216283, 21.824104839770335], [80.30175730441665, 21.824092586042767], [80.30177045425907, 21.82138235961055], [80.29886790321486, 21.821370056528107], [80.29888110565341, 21.81865983088011], [80.29889430603505, 21.81594960433533], [80.29599186632842, 21.815937253599998], [80.29600511928085, 21.813227027846395], [80.2960183701682, 21.81051680119611], [80.29311604177295, 21.810504402835686], [80.29312934520571, 21.80779417698356], [80.29314264656527, 21.805083950234852], [80.29024042945512, 21.80507150427713], [80.28733821442654, 21.805059007332815], [80.28443600148802, 21.805046459402067], [80.28153379064807, 21.80503386048503], [80.2786315819152, 21.805021210581863], [80.27572937529793, 21.805008509692716], [80.27282717080475, 21.80499575781774], [80.26992496844419, 21.804982954957094], [80.26702276822473, 21.804970101110925], [80.26412057015492, 21.804957196279407], [80.26121837424321, 21.804944240462675], [80.25831618049817, 21.804931233660895], [80.25541398892828, 21.80491817587423], [80.25251179954206, 21.804905067102837], [80.249609612348, 21.804891907346867], [80.24670742735462, 21.804878696606483], [80.24380524457044, 21.80486543488185], [80.24090306400393, 21.804852122173116], [80.23800088566364, 21.804838758480454], [80.23509870955807, 21.80482534380402], [80.23219653569572, 21.804811878143983], [80.22929436408509, 21.804798361500502], [80.2263921947347, 21.80478479387374], [80.22349002765307, 21.804771175263863], [80.22058786284869, 21.804757505671034], [80.21768570033007, 21.804743785095415], [80.21478354010571, 21.80473001353718], [80.21188138218415, 21.8047161909965], [80.20897922657387, 21.804702317473527], [80.20607707328338, 21.804688392968444], [80.20317492232121, 21.804674417481404], [80.20027277369583, 21.804660391012593], [80.1973706274158, 21.80464631356217], [80.19446848348957, 21.80463218513031], [80.1915663419257, 21.804618005717185], [80.18866420273265, 21.804603775322956], [80.18576206591896, 21.804589493947812], [80.18285993149314, 21.804575161591913], [80.18044148758861, 21.80456317547548], [80.17802304611288, 21.804551161042003], [80.1780075790315, 21.807261314946054], [80.17799210953935, 21.80997146795088]], [[80.19442300326824, 21.81276267737943], [80.19732531100625, 21.812776811606543], [80.20022762109866, 21.812790894831306], [80.20312993353699, 21.81280492705355], [80.20603224831272, 21.81281890827311], [80.20893456541737, 21.812832838489797], [80.2089196737247, 21.815543010364717], [80.20601730199833, 21.81552907824401], [80.20311493260104, 21.815515095113476], [80.20021256554138, 21.815501060973283], [80.1973102008278, 21.815486975823603], [80.19440783846886, 21.81547283966459], [80.19150547847306, 21.815458652496442], [80.18860312084891, 21.815444414319316], [80.18861839488959, 21.812734255918844], [80.1915206978932, 21.81274849215014], [80.19442300326824, 21.81276267737943]], [[80.18042606610763, 21.807273331022692], [80.18042606618313, 21.80727333102307], [80.18042606605235, 21.80727333102242], [80.18042606610763, 21.807273331022692]]], [[[80.18278302707127, 21.81812593852734], [80.18276763899556, 21.820836091216403], [80.1856701011167, 21.82085043533073], [80.18568543455524, 21.81814028068175], [80.18278302707127, 21.81812593852734]]], [[[80.17984973418555, 21.823531840231148], [80.17984973415324, 21.82353184590222], [80.180333486106, 21.82353424541731], [80.18081723867597, 21.8235366506067], [80.18081723870826, 21.82353664493562], [80.18275224852226, 21.82354624300591], [80.18276763899556, 21.820836091216403], [80.1803489224212, 21.820824095268446], [80.17793020745917, 21.82081207097617], [80.1779147259102, 21.823522219483543], [80.17984973418555, 21.823531840231148]]], [[[80.17981883672896, 21.828952137175467], [80.17788375557615, 21.828942513798903], [80.17786826679064, 21.83165265960673], [80.17785277559254, 21.834362804514512], [80.18075550702477, 21.834377243524834], [80.18077094354348, 21.83166709664515], [80.1807709435758, 21.831667090971738], [80.18270606271484, 21.83167669297623], [80.18272146038211, 21.828966543885915], [80.18562408646581, 21.828980893880424], [80.18852671493917, 21.828995192831435], [80.18854200088265, 21.826285038928003], [80.1914445770741, 21.82629928488917], [80.19434715563797, 21.826313479813482], [80.1943623298911, 21.82360332112521], [80.19726485616394, 21.823617463080307], [80.200167384792, 21.82363155400517], [80.20306991576678, 21.823645593899634], [80.20597244907974, 21.823659582763522], [80.20595749344777, 21.826369749138657], [80.20886008374622, 21.82638368887609], [80.211762676366, 21.826397577575637], [80.21174782773295, 21.82910774685335], [80.21465047733031, 21.82912158640525], [80.2146356810574, 21.831831756674333], [80.2175383876327, 21.83184554706455], [80.217523643737, 21.83455571831807], [80.2204264072906, 21.83456945953256], [80.2204117157891, 21.837279631763593], [80.22039702199952, 21.839989803095445], [80.2232998972312, 21.840003496989933], [80.22328525586119, 21.842713669292355], [80.22327061221121, 21.845423840695492], [80.22325596628109, 21.848134011199242], [80.22324131807062, 21.85084418080353], [80.22322666757961, 21.85355434950826], [80.22032351872348, 21.853540646263916], [80.22030881120129, 21.856250812198823], [80.22029410138965, 21.858960977233924], [80.21739084531372, 21.85894721912691], [80.21737607844513, 21.86165738138484], [80.21447276990025, 21.861643570271493], [80.21445794595768, 21.864353729745034], [80.21736130927819, 21.86436754274271], [80.21734653781269, 21.86707770320044], [80.21733176404845, 21.869787862757946], [80.22023523924474, 21.869801628374525], [80.22313871673147, 21.869815342840955], [80.22604219650009, 21.869829006157094], [80.22605680588512, 21.867118840988038], [80.22896023313363, 21.86713245129713], [80.2318636626468, 21.867146010462555], [80.23187816018859, 21.86443584068746], [80.22897478546055, 21.86442228337155], [80.22898933552301, 21.861712114546098], [80.22900388332121, 21.859001944820868], [80.22901842885534, 21.856291774195956], [80.22903297212558, 21.85358160267144], [80.22904751313214, 21.850871430247413], [80.22906205187519, 21.848161256923966], [80.22907658835496, 21.845451082701185], [80.23197957982575, 21.845464627072328], [80.23199405932544, 21.842754450101324], [80.2348969983337, 21.84276794154243], [80.23491142087035, 21.840057761830398], [80.23781430741566, 21.84007120035532], [80.23782867300633, 21.83736101790946], [80.24073150708836, 21.83737440353205], [80.24363434339881, 21.83738773808705], [80.24364859736838, 21.83467755109367], [80.24655138120646, 21.834690832767002], [80.24945416725578, 21.83470406337939], [80.24946830963772, 21.831993871866736], [80.25237104320557, 21.83200704961812], [80.25527377896746, 21.83202017631522], [80.25528780979529, 21.829309980311532], [80.25819049306662, 21.829323054168288], [80.26109317851477, 21.829336076977413], [80.261107097822, 21.82662587651094], [80.26400973077054, 21.826638846500387], [80.26691236587865, 21.82665176544886], [80.26981500313788, 21.8266646333562], [80.27271764253965, 21.82667745022225], [80.27270394190516, 21.829387657734415], [80.27560663810965, 21.829400425303014], [80.27850933643984, 21.829413141823046], [80.27849574302562, 21.832123351918618], [80.28139849815052, 21.832136019120032], [80.2843012553843, 21.83214863526559], [80.28428776922495, 21.834858847916852], [80.28719058324546, 21.83487141472263], [80.28717714968047, 21.83758162819253], [80.29008002048809, 21.8375941456445], [80.29006663953452, 21.8403043599261], [80.29296956712957, 21.840316828010213], [80.29295623880445, 21.843027043096583], [80.2929429084038, 21.84573725728523], [80.29292957592749, 21.848447470576065], [80.29583266976086, 21.848459892669446], [80.29581938994671, 21.851170106758047], [80.29580610806505, 21.85388031994872], [80.29579282411571, 21.85659053224137], [80.29288956604267, 21.856578105060763], [80.29287622526186, 21.859288314759443], [80.29286288240449, 21.86199852355986], [80.29576625001324, 21.862010954132245], [80.29575295985978, 21.8647211637303], [80.29573966763793, 21.867431372429976], [80.29572637334752, 21.870141580231184], [80.29571307698835, 21.872851787133843], [80.29569977856026, 21.87556199313785], [80.2956864780631, 21.878272198243128], [80.29567317549666, 21.880982402449586], [80.29276942424433, 21.880969960003995], [80.2927560647681, 21.883680161615114], [80.28985226075358, 21.883667666284104], [80.28983884435053, 21.886377865292705], [80.28982542586061, 21.88908806340209], [80.28692151422722, 21.8890755134613], [80.28401760468938, 21.889062912317854], [80.28400407438146, 21.891773106099834], [80.2811001120825, 21.89176045202937], [80.27819615189635, 21.891747746749584], [80.27529219383155, 21.89173499026063], [80.27527849679863, 21.894445177948406], [80.2723744859905, 21.89443236850492], [80.27236073194577, 21.897142553547308], [80.27234697576229, 21.899852737689756], [80.27525109634246, 21.899865550624472], [80.27523739291883, 21.902575735612597], [80.27522368736462, 21.905285919700646], [80.27520997967963, 21.907996102888553], [80.27519626986367, 21.910706285176218], [80.27518255791658, 21.913416466563547], [80.27516884383816, 21.91612664705046], [80.27807329607073, 21.91613941918859], [80.27805963481102, 21.918849600514108], [80.27804597142817, 21.921559780939095], [80.278032305922, 21.924269960463466], [80.28093692515434, 21.924282686526194], [80.28092331250066, 21.926992866882177], [80.28090969773186, 21.929703046337423], [80.28089608084771, 21.932413224891842], [80.27799129666171, 21.932400493631942], [80.27797762266043, 21.93511066955293], [80.27796394653491, 21.937820844572858], [80.27505905446151, 21.937808058520016], [80.27504532119303, 21.940518230899162], [80.27503158579142, 21.943228402377], [80.27212658580568, 21.94321556150319], [80.2721127932353, 21.94592573033289], [80.26920774035615, 21.945912836363867], [80.2663026896276, 21.94589989104652], [80.26628878482771, 21.94861005546011], [80.26338368121483, 21.94859705702684], [80.26047857976982, 21.948584007238576], [80.25757348050125, 21.94857090609547], [80.25466838341762, 21.948557753597687], [80.25176328852751, 21.948544549745385], [80.24885819583946, 21.94853129453873], [80.24595310536202, 21.94851798797787], [80.24596739546219, 21.94580783608521], [80.24306236224604, 21.945794479986954], [80.2401573312574, 21.945781072541806], [80.2401717292056, 21.943070923387136], [80.23726675548623, 21.9430574664258], [80.23728120622327, 21.94034731819941], [80.2343762897728, 21.940333811735957], [80.2314713755751, 21.940320253940058], [80.2314859340996, 21.93761010849327], [80.22858107717875, 21.93759650121646], [80.22567622252757, 21.93758284261453], [80.22569088880478, 21.93487269997508], [80.22278609143842, 21.93485899191345], [80.22280081043569, 21.93214885023693], [80.21989607035378, 21.93213509272965], [80.21991084205403, 21.929424952022988], [80.21700615925617, 21.929411145084124], [80.21702098364234, 21.926701005354268], [80.21411635812812, 21.92668714899789], [80.2141312351831, 21.92397701025175], [80.2141461099267, 21.921266870603443], [80.21416098235909, 21.918556730053055], [80.21417585248048, 21.915846588600665], [80.21419072029106, 21.913136446246376], [80.21420558579103, 21.91042630299027], [80.21422044898058, 21.907716158832436], [80.21423530985993, 21.905006013772965], [80.21713949583825, 21.905019855043914], [80.217154299504, 21.90230970719753], [80.21425016842926, 21.902295867811947], [80.21426502468876, 21.899585720949464], [80.21427987863864, 21.89687557318561], [80.21137585965486, 21.89686168635098], [80.20847184298904, 21.89684774829693], [80.20845687926675, 21.899557892269392], [80.20555281004152, 21.899543901089935], [80.20264874315153, 21.899529858684428], [80.19974467860527, 21.899515765053046], [80.19684061641132, 21.899501620195952], [80.1939365565782, 21.899487424113318], [80.19103249911443, 21.89947317680532], [80.18812844402856, 21.899458878272128], [80.18522439132911, 21.899444528513907], [80.18523979413311, 21.89673439998619], [80.18233579871293, 21.896720000965125], [80.18235125399794, 21.89400987349734], [80.1794473158566, 21.893995425227487], [80.17943180569604, 21.896705550726367], [80.17941629312364, 21.899415675323127], [80.18232034102464, 21.899430127530852], [80.18230488093285, 21.902140253194435], [80.18520898613016, 21.902154656139565], [80.18811309372266, 21.902169007852862], [80.18809774103012, 21.904879136531505], [80.19100190591101, 21.904893438960986], [80.1939060731702, 21.904907690151322], [80.19681024279915, 21.904921890102326], [80.19971441478933, 21.90493603881384], [80.2026185891322, 21.904950136285677], [80.20552276581924, 21.90496418251768], [80.20842694484189, 21.90497817750968], [80.20844191321777, 21.902268035340338], [80.21134603966433, 21.902281977192825], [80.21133112619162, 21.904992121261497], [80.21131621040038, 21.90770226442855], [80.20841197413893, 21.90768831877734], [80.20839700110868, 21.910398459143224], [80.20838202575092, 21.91310859860724], [80.20836704806551, 21.9158187371693], [80.2083520680522, 21.918528874829313], [80.20833708571084, 21.921239011587197], [80.20832210104118, 21.923949147442862], [80.21122666695217, 21.923963104491907], [80.21121173492551, 21.926673241345142], [80.21119680057873, 21.92938337729604], [80.21410147876156, 21.929397286841755], [80.2140865970832, 21.932107423783272], [80.21407171309285, 21.934817559822353], [80.21697650357392, 21.934831421836915], [80.21696167227744, 21.937541558859657], [80.21986652006836, 21.937555371435963], [80.22277137015459, 21.93756913268764], [80.22275664658402, 21.94027927255942], [80.22566155397216, 21.940292984351633], [80.22564688313835, 21.943003125186298], [80.2285518478288, 21.94301678750497], [80.2314568147893, 21.943030398484556], [80.231442251742, 21.94574054212666], [80.23434727599683, 21.945754103611495], [80.23725230250481, 21.945767613749936], [80.23723784727878, 21.948477760171738], [80.24014293107312, 21.94849122079421], [80.24304801710372, 21.948504630062978], [80.2430336697337, 21.951214779236714], [80.24593881304268, 21.95122813896831], [80.24884395857103, 21.951241447338884], [80.2488297190918, 21.953951599236795], [80.25173492189053, 21.953964858049], [80.25464012689172, 21.953978065492873], [80.25754533408677, 21.95399122156826], [80.26045054346717, 21.954004326274998], [80.26335575502435, 21.954017379612935], [80.26336971920362, 21.95130721877085], [80.2662748778685, 21.951320218971937], [80.26918003869288, 21.951333167810894], [80.27208520166822, 21.951346065287556], [80.27209899852288, 21.948635898261042], [80.27500410858806, 21.94864874262838], [80.2750178482565, 21.94593857295343], [80.27792290541119, 21.945951364225337], [80.27793658791047, 21.94324119190915], [80.2808415921543, 21.943253930099484], [80.28085521750155, 21.940543755149253], [80.28086884073274, 21.937833579297845], [80.28377373704643, 21.93784626269484], [80.2837873031514, 21.93513608421674], [80.28380086714922, 21.932425904837707], [80.28381442904008, 21.929715724557813], [80.28382798882416, 21.92700554337717], [80.28384154650163, 21.92429536129584], [80.28385510207268, 21.921585178313933], [80.28386865553747, 21.918874994431533], [80.28388220689622, 21.916164809648723], [80.28097775042627, 21.916152140054727], [80.28099135462115, 21.91344195609669], [80.28100495670179, 21.910731771238368], [80.28101855666836, 21.908021585479837], [80.28103215452106, 21.905311398821187], [80.28104575026005, 21.90260121126252], [80.2781415705284, 21.9025884990561], [80.27815521905303, 21.89987831232925], [80.27816886545578, 21.897168124702485], [80.2810729353976, 21.897180833445454], [80.28397700745259, 21.897193490965158], [80.28399054196925, 21.894483298982294], [80.2868945612464, 21.894495903560895], [80.2897985826195, 21.89450845692288], [80.28981200528365, 21.891798260612184], [80.29271597386985, 21.891810761053762], [80.29272933958104, 21.88910056214009], [80.29563325537998, 21.889113009675132], [80.29564656415528, 21.886402808165673], [80.29565987086079, 21.88369260575713], [80.29856367902306, 21.883704998709998], [80.29857692881843, 21.88099479371301], [80.29859017655289, 21.878284587817173], [80.30149387710343, 21.878296926215874], [80.30150706795351, 21.875586717738933], [80.30152025675156, 21.872876508363387], [80.30153344349775, 21.87016629808932], [80.30154662819224, 21.867456086916818], [80.30155981083524, 21.864745874845976], [80.29865638431758, 21.864733544858368], [80.29866961969023, 21.862023333571305], [80.29868285300317, 21.859313121386013], [80.2986960842566, 21.856602908302595], [80.2987093134507, 21.853892694321118], [80.29872254058564, 21.851182479441682], [80.29873576566158, 21.848472263664384], [80.2987489886787, 21.845762046989293], [80.29876220963718, 21.843051829416524], [80.2987754285372, 21.840341610946144], [80.29587249679997, 21.840329245016946], [80.29588576834583, 21.83761902733751], [80.29298289337937, 21.837606612026207], [80.29299621755403, 21.834896395144646], [80.2930095396537, 21.832186177365635], [80.29010677614441, 21.83217371438855], [80.29012015084751, 21.829463497414373], [80.28721744409958, 21.829450985090165], [80.28431473944333, 21.829438421716773], [80.28432822140218, 21.826728207270484], [80.28142557351526, 21.82671559457113], [80.27852292773686, 21.826702930829878], [80.27853651691686, 21.823992718939206], [80.27563392791579, 21.82398000589315], [80.27273134104009, 21.82396724181247], [80.26982875629825, 21.82395442669731], [80.26692617369879, 21.823941560547844], [80.26402359325026, 21.82392864336421], [80.26112101496112, 21.82391567514658], [80.25821843883992, 21.8239026558951], [80.25531586489517, 21.82388958560993], [80.2553018384378, 21.82659978340974], [80.25239921201916, 21.826586660298307], [80.24949658779417, 21.826573486146533], [80.24948244981712, 21.829283679455752], [80.24657977312732, 21.82927045245705], [80.24367709864838, 21.829257174411353], [80.24366284911817, 21.83196736320174], [80.24076012218349, 21.83195403228845], [80.2378573974769, 21.831940650321513], [80.23784303636002, 21.834650834564826], [80.23494025920678, 21.83463739970964], [80.23203748429884, 21.83462391379416], [80.23202301156181, 21.837334093462147], [80.2291201842163, 21.837320554637753], [80.22910565452531, 21.84003073155799], [80.22620277474263, 21.840017139810836], [80.22621735913334, 21.837306964746418], [80.226231941253, 21.83459678878296], [80.22332917313211, 21.834583149687578], [80.22334380766341, 21.83187297468783], [80.22335843991553, 21.829162798789145], [80.22045578343011, 21.829149112373315], [80.2204704680685, 21.826438937445285], [80.21756786853568, 21.826425201860403], [80.21758260554333, 21.82371502790995], [80.2146800629627, 21.823701243170053], [80.21177752268622, 21.823687407398896], [80.21179236669376, 21.82097723632322], [80.20888988337741, 21.82096335141823], [80.20598740238202, 21.820949415489306], [80.20308492371612, 21.820935428536608], [80.20018244738824, 21.820921390560304], [80.19727997340685, 21.820907301560567], [80.1943775017805, 21.820893161537573], [80.19147503251767, 21.82087897049148], [80.18857256562691, 21.820864728422478], [80.18855728444517, 21.82357488412499], [80.18565476528907, 21.82356058908022], [80.18275224852226, 21.82354624300591], [80.18273685565119, 21.82625639389578], [80.17983428662818, 21.826241994825065], [80.17981883672896, 21.828952137175467]], [[80.18028716339226, 21.831664690468635], [80.18028716348906, 21.831664690469115], [80.18077094354348, 21.83166709664515], [80.18028716339226, 21.831664690468635]], [[80.22026467489727, 21.864381304604372], [80.22027938928838, 21.86167114136914], [80.22318270242145, 21.861684850224226], [80.22316804280635, 21.864395015329837], [80.22026467489727, 21.864381304604372]]], [[[80.20010711093796, 21.83447219879159], [80.20300986058538, 21.83448624635939], [80.20591261257178, 21.834500242868724], [80.2058976476191, 21.83721040564667], [80.20880045662582, 21.83722435300194], [80.20878554404082, 21.839934516784993], [80.21168841006828, 21.839948414972145], [80.211673549868, 21.842658579753383], [80.21165868735369, 21.845368743635056], [80.21164382252518, 21.84807890661708], [80.21162895538221, 21.850789068699356], [80.21161408592465, 21.853499229881805], [80.20871094627664, 21.853485322205312], [80.20869601975457, 21.856195480589765], [80.20868109090898, 21.858905638074138], [80.21158434006486, 21.858919549546858], [80.21159921415226, 21.856209390164338], [80.21450241086495, 21.856223248624147], [80.21451722788747, 21.85351308645052], [80.2145320426037, 21.85080292337704], [80.21743513213127, 21.850816726953738], [80.21744988980836, 21.848106561096508], [80.21746464518809, 21.845396394339666], [80.2174793982706, 21.842686226683313], [80.21457647291655, 21.842672428758377], [80.21459127840954, 21.839962262086384], [80.21460608159722, 21.83725209451499], [80.2117032679547, 21.837238249291435], [80.2117181235275, 21.834528082711337], [80.20881536688866, 21.834514188319435], [80.20883027482954, 21.831804022737565], [80.20592757519398, 21.831790079191357], [80.20302487788871, 21.83177608459348], [80.20012218292223, 21.831762038944124], [80.19721949030306, 21.83174794224344], [80.1943168000397, 21.83173379449161], [80.1914141121407, 21.831719595688803], [80.18851142661454, 21.83170534583519], [80.18849613590854, 21.83441549793917], [80.18559339808381, 21.83440119508162], [80.18557805030778, 21.837111344332378], [80.18848084282095, 21.837125649143307], [80.19138363771589, 21.837139902889646], [80.1942864349841, 21.837154105571237], [80.19430161869418, 21.834443950481283], [80.19720436363805, 21.834458100165495], [80.20010711093796, 21.83447219879159]]], [[[80.1881591374813, 21.894038616404735], [80.1910630828063, 21.89405291104192], [80.19396703050876, 21.894067154467873], [80.19687098058019, 21.894081346682416], [80.19977493301205, 21.894095487685377], [80.20267888779578, 21.894109577476588], [80.2055828449229, 21.894123616055875], [80.20559785886125, 21.891413472186688], [80.20850176345434, 21.891427457647858], [80.21140567037354, 21.891441391903733], [80.21142057225642, 21.888731243328312], [80.21143547182193, 21.886021093851806], [80.21433927134579, 21.8860349731183], [80.21435411375047, 21.883324820848934], [80.21436895384672, 21.880614667678735], [80.2143837916347, 21.877904513607795], [80.21439862711463, 21.875194358636197], [80.21441346028668, 21.872484202764035], [80.2144282911511, 21.86977404599139], [80.21152482056121, 21.869760178075033], [80.21153970391062, 21.86705002229345], [80.20863629042901, 21.86703610512588], [80.20573287927174, 21.867022136815816], [80.20571788633794, 21.86973228879358], [80.2057028910711, 21.872442439870742], [80.20860641182108, 21.872456411991674], [80.20859146903014, 21.87516656407369], [80.20857652391427, 21.877876715255002], [80.2085615764733, 21.88058686553552], [80.20854662670703, 21.883297014915154], [80.20853167461523, 21.88600716339381], [80.20562787973425, 21.885993181744496], [80.20561287046496, 21.888703327416206], [80.20270902306662, 21.888689292662853], [80.19980517801125, 21.888675206711543], [80.19979005668749, 21.89138534764919], [80.19688615912389, 21.891371208573183], [80.19690133530736, 21.888661069562435], [80.1939974949635, 21.888646881215696], [80.1910936569882, 21.888632641671514], [80.18818982138998, 21.88861835093004], [80.18820515976577, 21.88590821684019], [80.18822049575617, 21.88319808184877], [80.18531677223581, 21.883183743819583], [80.18533216067432, 21.880473609881292], [80.18242849438082, 21.880459222630687], [80.17952483048937, 21.88044478420426], [80.17950933238481, 21.883154914212444], [80.17949383186946, 21.88586504331895], [80.18239760543527, 21.885879485682537], [80.18238215735892, 21.888589615855953], [80.18528598817737, 21.88860400899146], [80.18527059255703, 21.89131414022488], [80.18817448062855, 21.891328484118258], [80.1881591374813, 21.894038616404735]]], [[[80.17929210569433, 21.921096639609782], [80.17927657140632, 21.923806756083355], [80.17926103470444, 21.926516871653902], [80.17924549558849, 21.929226986321336], [80.17922995405824, 21.93193710008557], [80.17921441011352, 21.934647212946512], [80.18211917228457, 21.93466169075746], [80.18210368092878, 21.937371804685004], [80.1791988637541, 21.937357324904074], [80.17918331497977, 21.940067435958166], [80.18208818716664, 21.94008191770915], [80.18499306176004, 21.940096348130766], [80.18500850050982, 21.937386233143542], [80.18791332248868, 21.937400610279514], [80.19081814685681, 21.937414936092733], [80.19372297360566, 21.93742921058303], [80.19370769989423, 21.940139331417583], [80.19661258402846, 21.940153556519935], [80.19951747052653, 21.94016773029204], [80.19950230448639, 21.942877854086838], [80.20240724836188, 21.942891978449772], [80.20239213499691, 21.945602103262743], [80.20529713625025, 21.94561617820243], [80.20528207557756, 21.94832630402665], [80.20818713420911, 21.94834032952904], [80.20817212624578, 21.95105045635757], [80.208157115952, 21.95376058228289], [80.2110622870191, 21.953774560234486], [80.21104732946013, 21.95648468715717], [80.21395255791501, 21.956498615636423], [80.21393765310793, 21.959208743549524], [80.21684293895096, 21.959222622542352], [80.2168280869129, 21.96193275143894], [80.21973343014449, 21.961946580931286], [80.21974822709942, 21.95923645015486], [80.2226535175447, 21.95925022638687], [80.22263877567313, 21.96196035903615], [80.22554412349028, 21.961974085753376], [80.22844947358737, 21.961987761082785], [80.22846410529166, 21.959277624708758], [80.2255588102783, 21.95926395123823], [80.22557349478657, 21.956553815820026], [80.22847873472475, 21.956567487431748], [80.23138397693393, 21.956581107669457], [80.23136940257623, 21.959291246798298], [80.23427470212346, 21.959304817506684], [80.23718000392479, 21.959318336833746], [80.24008530797168, 21.959331804779318], [80.24299061425558, 21.959345221343252], [80.24589592276794, 21.95935858652536], [80.2488012335002, 21.959371900325507], [80.25170654644383, 21.959385162743516], [80.25169235541635, 21.962095313737144], [80.25459772564825, 21.962108526568876], [80.25750309807458, 21.962121688011162], [80.25751717893095, 21.959411533432483], [80.26042249845736, 21.959424641703123], [80.26332782016091, 21.95943769859099], [80.26334178867685, 21.956727539553015], [80.26043652205075, 21.956714484440145], [80.25753125760163, 21.95670137795149], [80.25462599533802, 21.956688220087198], [80.25172073526849, 21.95667501084744], [80.24881547740158, 21.95666175023237], [80.24591022174585, 21.956648438242148], [80.24592451850404, 21.953938289056428], [80.2430193201358, 21.953924927508062], [80.24011412399565, 21.953911514591844], [80.24009971710207, 21.956621660136896], [80.23719446813115, 21.9566081940222], [80.23428922140559, 21.956594676532994], [80.23430373843378, 21.953884534656545], [80.23139854902917, 21.953870967637787], [80.23141311886212, 21.951160826703365], [80.22850798677806, 21.95114721016911], [80.22560285696461, 21.951133542274814], [80.22561753463478, 21.948423404147977], [80.22271246214986, 21.948409686759405], [80.21980739195247, 21.948395918018107], [80.21982217742506, 21.945685782726603], [80.21691716456417, 21.94567196451224], [80.21693200277275, 21.942961830197415], [80.21402704724794, 21.94294796252405], [80.21404193817543, 21.940237829192828], [80.2169468386771, 21.94025169497985], [80.21696167227744, 21.937541558859657], [80.21405682679033, 21.937527694958895], [80.21407171309285, 21.934817559822353], [80.21116692492397, 21.934803646490487], [80.2111519836156, 21.93751377973385], [80.2082471427618, 21.937499813184687], [80.20826213907581, 21.934789681841483], [80.20535735555693, 21.934775665875513], [80.20537240453858, 21.93206553553671], [80.20246767835421, 21.932051470168], [80.2024827799864, 21.929341340840534], [80.20249787927264, 21.926631210610445], [80.20540249548924, 21.926645272151248], [80.20541753745864, 21.923935139104767], [80.20543257709105, 21.9212250051559], [80.20544761438663, 21.918514870304747], [80.20546264934559, 21.915804734551383], [80.20547768196812, 21.913094597895906], [80.20549271225445, 21.91038446033841], [80.20550774020477, 21.90767432187897], [80.2026035086064, 21.907660273733608], [80.19969927935242, 21.907646174341437], [80.19679505245131, 21.907632023702607], [80.19389082791166, 21.907617821817308], [80.19098660574195, 21.907603568685705], [80.18808238595074, 21.90758926430797], [80.18806702848434, 21.91029939118216], [80.18516275616152, 21.910285033603166], [80.18225848623449, 21.91027062477141], [80.18227395353797, 21.907560501814803], [80.18517816854657, 21.90757490868428], [80.18519357853606, 21.904864782863044], [80.18228941843735, 21.904850377955782], [80.17938526074256, 21.904835921809887], [80.17936974093348, 21.90754604369972], [80.17935421871175, 21.910256164687063], [80.17933869407717, 21.91296628477183], [80.17932316702955, 21.91567640395393], [80.17930763756867, 21.918386522233277], [80.17929210569433, 21.921096639609782]], [[80.19677985974205, 21.91034215640083], [80.1996841415626, 21.91035630896704], [80.20258842573625, 21.910370410279622], [80.20257334052154, 21.913080545923627], [80.20255825296206, 21.915790680665545], [80.20254316305764, 21.91850081450527], [80.20252807080806, 21.92121094744272], [80.19962356687044, 21.921196838447806], [80.19963871407383, 21.91848670743105], [80.19965385892351, 21.915776575511938], [80.19966900141971, 21.913066442690575], [80.19676466467118, 21.913052288196905], [80.19386033028447, 21.913038082442807], [80.19095599826812, 21.913023825428446], [80.19097130319439, 21.91031369750822], [80.19387558028313, 21.91032795258117], [80.19677985974205, 21.91034215640083]]], [[[80.1908028181324, 21.94012505498516], [80.18789793875149, 21.94011072722283], [80.18788255262481, 21.942820843262798], [80.19078748702707, 21.94283517297431], [80.19369242381043, 21.942849451348934], [80.19370769989423, 21.940139331417583], [80.1908028181324, 21.94012505498516]]], [[[80.19363129574731, 21.953689922040553], [80.19653645507564, 21.953704156819693], [80.19652122219135, 21.956414274169276], [80.19650598694199, 21.959124390615194], [80.19941125877305, 21.959138577886417], [80.19939607624022, 21.961848695357315], [80.20230140550994, 21.961862833170972], [80.20228627571072, 21.96457295165991], [80.20519166241952, 21.964587040001938], [80.205176585371, 21.967297159501985], [80.20516150598228, 21.970007278098226], [80.20514642425316, 21.972717395790575], [80.20513134018344, 21.97542751257893], [80.20511625377293, 21.978137628463205], [80.20510116502142, 21.98084774344332], [80.2050860739287, 21.983557857519184], [80.20507098049458, 21.9862679706907], [80.20797681057859, 21.9862820229044], [80.20799184885335, 21.983571907824473], [80.21089762611085, 21.983585906687075], [80.2109126069018, 21.98087578880153], [80.2138183313324, 21.980889734326908], [80.21383325465663, 21.978179613642954], [80.21673892625995, 21.978193505844988], [80.21964460017004, 21.9782073466178], [80.21965941091021, 21.975497221262398], [80.22256503198388, 21.975511008732557], [80.2225797852999, 21.972800880600243], [80.22548535353673, 21.972814614781615], [80.22550004944571, 21.97010448387958], [80.22840556484535, 21.970118164786054], [80.23131108251695, 21.970131794283592], [80.23132566592643, 21.967421658766956], [80.23423113075168, 21.96743523501028], [80.23713659783162, 21.967448759851326], [80.24004206715767, 21.96746223328993], [80.24294753872132, 21.967475655325934], [80.245853012514, 21.96748902595917], [80.24875848852714, 21.967502345189477], [80.25166396675223, 21.96751561301669], [80.2516497691152, 21.970225761302434], [80.25455530465476, 21.970238979522613], [80.25746084238932, 21.970252146332392], [80.25744675278824, 21.972962297300906], [80.2603523478293, 21.97297541448244], [80.26033831117017, 21.975685566330565], [80.26032427233277, 21.9783957172759], [80.26322997981801, 21.978408786590574], [80.26321599394804, 21.98111893840856], [80.26320200590798, 21.98382908932364], [80.26318801569764, 21.986539239335734], [80.26317402331684, 21.989249388444755], [80.2631600287654, 21.9919595366506], [80.26314603204312, 21.9946696839532], [80.26313203314986, 21.99737983035246], [80.26022593946372, 21.997366748607774], [80.26021188319345, 22.000076892327616], [80.26019782474323, 22.00278703514388], [80.25729162281709, 22.002773898352615], [80.25727750696402, 22.005484038482102], [80.25726338892206, 22.00819417770776], [80.25724926869103, 22.010904316029496], [80.26015563631104, 22.01091745817025], [80.26014156913917, 22.013627597371283], [80.26012749978644, 22.016337735668277], [80.2630339800929, 22.01635082984617], [80.26594046257186, 22.016363872494388], [80.26595442141009, 22.013653730651644], [80.26596837808455, 22.010943587904993], [80.26306200611174, 22.01093054879547], [80.26307601586286, 22.008220406914262], [80.26309002344206, 22.00551026412927], [80.2631040288495, 22.00280012044058], [80.26601023512734, 22.00281315424255], [80.26602418314866, 22.0001030078812], [80.26603812900717, 21.99739286061639], [80.26894422702715, 21.997405839399416], [80.26895811552541, 21.9946956894693], [80.26897200186978, 21.991985538635976], [80.26898588606043, 21.989275386899532], [80.26899976809757, 21.98656523426004], [80.26901364798137, 21.98385508071761], [80.269027525712, 21.98114492627232], [80.26904140128966, 21.978434770924263], [80.26613568947317, 21.978421804473413], [80.26614961803573, 21.975711649984152], [80.26616354443712, 21.97300149459224], [80.26325794504844, 21.97298848024627], [80.26327192440927, 21.97027832572012], [80.26036638231035, 21.97026526173162], [80.2603804146135, 21.967555108078184], [80.25747492980395, 21.967541994461207], [80.2574890150323, 21.964831841687435], [80.25458358751177, 21.964818678456048], [80.25167816218588, 21.964805463828235], [80.25169235541635, 21.962095313737144], [80.24878698738746, 21.962082049516134], [80.24588162157012, 21.962068733906005], [80.24297625797287, 21.962055366906913], [80.24007089660428, 21.962041948519026], [80.23716553747288, 21.96202847874251], [80.23426018058723, 21.962014957577527], [80.23135482595588, 21.962001385024223], [80.23134024707268, 21.96471152234714], [80.2284348396117, 21.964697896553737], [80.22552943442231, 21.964684219365378], [80.22551474307419, 21.96739435207414], [80.2226092850643, 21.96738062162498], [80.22259453632664, 21.97009075156435], [80.21968902549663, 21.970076967840512], [80.21678351696428, 21.970063132708248], [80.21676865570262, 21.9727732579909], [80.2138630943593, 21.97275936956327], [80.21384817566553, 21.97546949205504], [80.21094256151163, 21.97545555031818], [80.2109575353309, 21.97274542972056], [80.21097250682669, 21.97003530821909], [80.21098747599918, 21.967325185813863], [80.20808202951928, 21.96731119835831], [80.20809705146831, 21.964601076950352], [80.20811207108592, 21.961890954638736], [80.20520673712804, 21.961876919598165], [80.20522180949675, 21.959166798290767], [80.20523687952586, 21.956456676079828], [80.20233165806354, 21.956442593482077], [80.20234678081832, 21.9537324722823], [80.19944161676882, 21.95371834023367], [80.19945679223217, 21.951008220051992], [80.1965516855951, 21.950994038566535], [80.1965669137499, 21.948283919409892], [80.19366186452484, 21.948269688501682], [80.19367714535403, 21.945559570376993], [80.19077215354059, 21.9455452900601], [80.18786716410848, 21.945530958399342], [80.18496217706625, 21.94551657539488], [80.18497762061226, 21.942806462214577], [80.18207269099793, 21.942792029829814], [80.17916776379035, 21.9427775461087], [80.1791522101856, 21.94548765535558], [80.17913665416536, 21.94819776369873], [80.18204169143999, 21.948212251360328], [80.1849467311218, 21.948226687671593], [80.18785177320225, 21.94824107263236], [80.18783637990595, 21.950951185961767], [80.19074147942344, 21.95096552152125], [80.19364658132267, 21.950979805722895], [80.19363129574731, 21.953689922040553]]], [[[80.19950230448639, 21.942877854086838], [80.19659736296637, 21.9428636783865], [80.19369242381043, 21.942849451348934], [80.19367714535403, 21.945559570376993], [80.19658213954027, 21.945573799349845], [80.19948713609074, 21.945587976978484], [80.19950230448639, 21.942877854086838]]], [[[80.19066475244657, 21.96451608435906], [80.19064939990373, 21.96722619421476], [80.19355483226546, 21.96724049007238], [80.19353953244669, 21.969950600966826], [80.1935242302533, 21.972660710957093], [80.19642977521245, 21.972674959286724], [80.19641452576856, 21.97538507030879], [80.19639927395822, 21.97809518042656], [80.1934936187419, 21.978080928224724], [80.19347830942347, 21.980791035501923], [80.19346299772963, 21.983501141874566], [80.19055723459752, 21.983486834358413], [80.19054186536972, 21.986196937883093], [80.18763604946366, 21.98618257697495], [80.18473023595054, 21.986168164618345], [80.18182442483891, 21.986153700813443], [80.17891861613734, 21.98613918556042], [80.17890302385963, 21.988849280336805], [80.17888742916313, 21.991559374208013], [80.1817933482054, 21.991573893403828], [80.18469926965813, 21.99158836113755], [80.18760519351278, 21.991602777409003], [80.18762062268479, 21.988892677644454], [80.19052649375753, 21.988907040502994], [80.19343236721485, 21.98892135190591], [80.19344768366015, 21.98621124734259], [80.19635350432641, 21.98622550535328], [80.19636876323734, 21.983515397948896], [80.19927453111214, 21.98352960258123], [80.19928973250582, 21.98081949234299], [80.1993049315412, 21.978109381200372], [80.19932012821847, 21.975399269153442], [80.19933532253782, 21.972689156202293], [80.19935051449947, 21.96997904234701], [80.19936570410363, 21.967268927587703], [80.19646026700163, 21.967254734530087], [80.19647550934732, 21.964544620795692], [80.19357012970984, 21.964530378273842], [80.19358542478001, 21.9618202655713], [80.19360071747617, 21.959110151964843], [80.19069545038415, 21.959095861935534], [80.19071079577932, 21.956385749367886], [80.18780558614228, 21.95637140990939], [80.1849003788959, 21.956357019079277], [80.18491583203684, 21.95364690951388], [80.18201068225336, 21.953632469275817], [80.17910553487748, 21.953617977673456], [80.17908997160944, 21.95632808330486], [80.17907440592508, 21.95903818803216], [80.1819796634364, 21.959052683575578], [80.18488492335572, 21.959067127740724], [80.18486946541609, 21.961777235498133], [80.18777478281581, 21.961791630241507], [80.18775937756602, 21.964501739051528], [80.19066475244657, 21.96451608435906]]], [[[80.17884063055862, 21.99968965038979], [80.1788250261848, 22.002399740639454], [80.18173116601118, 22.00241426772172], [80.18463730824884, 22.00242874331395], [80.18754345288923, 22.002443167415954], [80.18755889163585, 21.99973307127208], [80.19046498346091, 21.999747441932932], [80.19337107767139, 21.999761761110207], [80.19335574934392, 22.002471861148603], [80.19334041863942, 22.005181960281753], [80.19332508555767, 22.00789205850956], [80.19623134780032, 22.00790633201364], [80.19621606757671, 22.01061643127301], [80.196200784984, 22.013326529626948], [80.196185500022, 22.016036627075337], [80.19909193036655, 22.016050854864755], [80.20199836307202, 22.016065031128132], [80.202013537528, 22.013354929826434], [80.19910716007564, 22.01334075548621], [80.19912238742401, 22.010630655202203], [80.19913761241186, 22.00792055401282], [80.19915283503938, 22.00521045191816], [80.19916805530679, 22.002500348918293], [80.19918327321427, 21.999790245013322], [80.19919848876204, 21.997080140203334], [80.2021045348756, 21.99709430300609], [80.20211969287068, 21.99438419536851], [80.202134848515, 21.991674086826155], [80.20504078660136, 21.991688194320353], [80.20505588471886, 21.988978082957793], [80.20507098049458, 21.9862679706907], [80.20216515275219, 21.986253867027504], [80.20215000180879, 21.988963977379132], [80.19924412124904, 21.988949820344143], [80.19922891277922, 21.991659927868646], [80.19632297940254, 21.991645717448012], [80.1963077133892, 21.994355822138193], [80.19340172719599, 21.994341558318023], [80.19049574337922, 21.994327243028074], [80.19048036461265, 21.997037342933073], [80.1875743279885, 21.99702297422291], [80.18466829375811, 21.997008554036327], [80.18176226193003, 21.996994082373497], [80.17885623251281, 21.996979559234603], [80.17884063055862, 21.99968965038979]]], [[[80.18462181189021, 22.005138836594607], [80.18171561443492, 22.005124359037577], [80.17880941939111, 22.005109829983514], [80.17879381017738, 22.007819918421866], [80.18170006044717, 22.007834449447795], [80.18460631312867, 22.00784892896971], [80.1875125682133, 22.00786335698742], [80.19041882569248, 22.007877733500766], [80.19043421400103, 22.00516763721687], [80.18752801174844, 22.005153262654428], [80.18462181189021, 22.005138836594607]]], [[[80.18455980242439, 22.01597920066081], [80.18746622323958, 22.015993634552625], [80.18748167395907, 22.01328354293661], [80.18749712228356, 22.01057345041485], [80.18459081196397, 22.01055902043917], [80.18168450404774, 22.01054453895231], [80.17877819854341, 22.010530005954443], [80.17876258448895, 22.013240092581132], [80.17874696801383, 22.01595017830186], [80.18165338401296, 22.015964715243825], [80.18455980242439, 22.01597920066081]]], [[[80.19329441226165, 22.013312252248806], [80.19330975009848, 22.010602155831943], [80.19040343499792, 22.010587828879167], [80.19038804191715, 22.013297923351974], [80.19037264644996, 22.016008016919102], [80.19327907204696, 22.016022347760064], [80.19329441226165, 22.013312252248806]]], [[[80.20537240453858, 21.93206553553671], [80.20827713306056, 21.932079549595603], [80.20829212471624, 21.929369416447148], [80.20830711404305, 21.92665928239621], [80.20540249548924, 21.926645272151248], [80.20538745118262, 21.92935540429526], [80.20537240453858, 21.93206553553671]]], [[[80.20827713306056, 21.932079549595603], [80.20826213907581, 21.934789681841483], [80.21116692492397, 21.934803646490487], [80.2111818639116, 21.932093512344515], [80.20827713306056, 21.932079549595603]]], [[[80.19948713609074, 21.945587976978484], [80.19947196533941, 21.9482980989669], [80.20237701928481, 21.948312227172547], [80.20239213499691, 21.945602103262743], [80.19948713609074, 21.945587976978484]]], [[[80.20234678081832, 21.9537324722823], [80.20525194721556, 21.953746552965434], [80.20526701256607, 21.95103642894768], [80.20528207557756, 21.94832630402665], [80.20237701928481, 21.948312227172547], [80.20236190122533, 21.951022350179098], [80.20234678081832, 21.9537324722823]]], [[[80.20525194721556, 21.953746552965434], [80.20523687952586, 21.956456676079828], [80.20814210332756, 21.956470707304916], [80.208157115952, 21.95376058228289], [80.20525194721556, 21.953746552965434]]], [[[80.20814210332756, 21.956470707304916], [80.20812708837227, 21.959180831423563], [80.21103236957885, 21.95919481317653], [80.21104732946013, 21.95648468715717], [80.20814210332756, 21.956470707304916]]], [[[80.21393765310793, 21.959208743549524], [80.21103236957885, 21.95919481317653], [80.21101740737507, 21.961904938292495], [80.21100244284857, 21.964615062504976], [80.21390783655173, 21.964628996665642], [80.21392274598689, 21.961918870559295], [80.21393765310793, 21.959208743549524]]], [[[80.20495014870734, 22.007948843495818], [80.20493503419164, 22.01065894852425], [80.20784136109484, 22.01067301791676], [80.20785642037414, 22.00796291097929], [80.20495014870734, 22.007948843495818]]], [[[80.20782629948067, 22.013383123949062], [80.20781123553148, 22.01609322907611], [80.21071767526836, 22.016107250760356], [80.21073268396384, 22.01339714373112], [80.20782629948067, 22.013383123949062]]], [[[80.21180720838885, 21.818267064348692], [80.21179236669376, 21.82097723632322], [80.21469485232257, 21.820991070204098], [80.21759734025534, 21.821004853060696], [80.21761207267193, 21.81829467731274], [80.2147096393785, 21.81828089633937], [80.21180720838885, 21.818267064348692]]], [[[80.21759734025534, 21.821004853060696], [80.21758260554333, 21.82371502790995], [80.22048515041958, 21.823728761618437], [80.22049983048355, 21.821018584892858], [80.21759734025534, 21.821004853060696]]], [[[80.22048515041958, 21.823728761618437], [80.2204704680685, 21.826438937445285], [80.22337306988865, 21.82645262199162], [80.22338769758296, 21.82374244429535], [80.22048515041958, 21.823728761618437]]], [[[80.22337306988865, 21.82645262199162], [80.22335843991553, 21.829162798789145], [80.22626109867994, 21.82917643415928], [80.22627567398759, 21.826466255499234], [80.22337306988865, 21.82645262199162]]], [[[80.21719869669433, 21.89417925825038], [80.22010266541027, 21.8941930407675], [80.22008792352594, 21.89690319319598], [80.22007317934927, 21.899613344723306], [80.22297726012265, 21.899627079769978], [80.22296256854884, 21.902337232267417], [80.22586670650183, 21.902350917951384], [80.22588134318002, 21.899640763589584], [80.22589597758271, 21.896930608326688], [80.22591060971011, 21.894220452162784], [80.22300663641838, 21.894206772071698], [80.22302132114068, 21.89149661687103], [80.22303600357954, 21.888786460769467], [80.22305068373515, 21.886076303767105], [80.22306536160772, 21.88336614586402], [80.22596911547056, 21.88337981849889], [80.22598373622435, 21.880669657831298], [80.22888743752543, 21.88068327742391], [80.22890200117753, 21.877973113998998], [80.23180564991647, 21.877986680563204], [80.23470930091229, 21.87800019595568], [80.23761295415648, 21.87801366017625], [80.2405166096405, 21.878027073224775], [80.24342026735582, 21.87804043510107], [80.24340597784443, 21.880750607705515], [80.24630969261126, 21.88076392022441], [80.24629545571412, 21.883474093743825], [80.24628121660238, 21.88618426636315], [80.24918504326702, 21.886197531318718], [80.24917085679495, 21.88890770484606], [80.25207474052054, 21.888920920409213], [80.2520606067052, 21.891631094837642], [80.25496454749212, 21.89164426099432], [80.25495046635059, 21.894354436316892], [80.25785446419921, 21.894367553053048], [80.25784043574852, 21.897077729262833], [80.26074449065925, 21.897090796564413], [80.26073051491647, 21.89980097365448], [80.26071653700063, 21.902511149844237], [80.26362070387188, 21.902524169470833], [80.26360677868936, 21.905234346533902], [80.26359285134194, 21.907944522696564], [80.2635789218294, 21.91065469795873], [80.26648325561138, 21.91066767164936], [80.2693875915501, 21.910680594082592], [80.26940141121472, 21.907970415293715], [80.26941522873129, 21.90526023560447], [80.26942904410002, 21.902550055014952], [80.26652487290784, 21.902537137861124], [80.26653874102735, 21.899826958131076], [80.26655260699083, 21.89711677750087], [80.26364854774286, 21.89710381264382], [80.2636624664317, 21.89439363288006], [80.26075846422911, 21.89438061857416], [80.26077243562624, 21.891670439683775], [80.25786849046865, 21.891657375943087], [80.25788251455704, 21.88894719793302], [80.25497862644409, 21.888934084771584], [80.25499270320663, 21.88622390764878], [80.25500677777994, 21.883513729625996], [80.2521030015576, 21.883500568852035], [80.25211712877967, 21.880790391723473], [80.24921340959251, 21.88077718156378], [80.24922758944629, 21.878067005336366], [80.24632392729393, 21.878053745804994], [80.24633815976236, 21.87534357048566], [80.24343455464444, 21.87533026159665], [80.2405309517491, 21.87531690154224], [80.24054529162659, 21.87260672895975], [80.23764174577364, 21.872593319568896], [80.23473820216016, 21.872579859019925], [80.23183466079465, 21.87256634731302], [80.22893112168565, 21.872552784448335], [80.22891656256421, 21.875262949673782], [80.22601297090972, 21.87524933379478], [80.223109381529, 21.875235666751358], [80.22309471050444, 21.877945827356058], [80.22019106858735, 21.877932107277655], [80.22017634045315, 21.88064226511111], [80.22016161002774, 21.883352422043963], [80.21725786073915, 21.883338647038872], [80.21724307317831, 21.886048801193127], [80.21722828331735, 21.888758954446516], [80.2172134911561, 21.89146910679896], [80.21719869669433, 21.89417925825038]]], [[[80.22288907641261, 21.91588798123404], [80.22579348897176, 21.915901676240836], [80.22580813703031, 21.913191526385848], [80.2258227828124, 21.910481375629328], [80.22583742631822, 21.907771223971345], [80.22293317854837, 21.90775753455845], [80.22002893306312, 21.90774379389755], [80.22001417971504, 21.910453941819423], [80.21999942407362, 21.913164088839697], [80.21998466613867, 21.91587423495829], [80.21996990590998, 21.918584380175126], [80.21995514338737, 21.9212945244901], [80.21994037857064, 21.924004667903127], [80.22284495371014, 21.924018419794326], [80.22283024157136, 21.92672856417728], [80.2257348739691, 21.926742266643583], [80.22572021452534, 21.92945241198952], [80.2286249041817, 21.929466065016854], [80.22861029745005, 21.93217621131885], [80.23151504436541, 21.93218981489316], [80.2344197935415, 21.932203367156138], [80.23440529453771, 21.934913516251495], [80.23731010096485, 21.93492701904025], [80.23729565471608, 21.937637169070868], [80.24020051839463, 21.93765062237132], [80.24310538430868, 21.937664024346], [80.24309104584832, 21.940374177128376], [80.2459959690058, 21.94038752959355], [80.24890089438189, 21.940400830725636], [80.24888666374471, 21.943110986232018], [80.25179164635625, 21.9431242378334], [80.2546966311695, 21.943137438094386], [80.25760161817585, 21.943150587014827], [80.26050660736682, 21.943163684594555], [80.26341159873382, 21.94317673083341], [80.26342555424199, 21.94046656638417], [80.26633049275013, 21.940479559514376], [80.26923543341707, 21.940492501310384], [80.26924927672208, 21.937782332431443], [80.26926311787705, 21.935072162651156], [80.27216795066639, 21.935085049605682], [80.2721817346704, 21.932374877170677], [80.27219551653329, 21.929664703834554], [80.27220929625523, 21.926954529597428], [80.27222307383639, 21.924244354459365], [80.27223684927696, 21.921534178420462], [80.27225062257713, 21.918824001480818], [80.26934611966627, 21.918811125046105], [80.2693322914077, 21.92152130023261], [80.26642773568739, 21.921508370759277], [80.26641385031314, 21.92421854328478], [80.2693184610002, 21.9242314745183], [80.26930462844356, 21.926941647903096], [80.26929079373761, 21.92965182038689], [80.26927695688217, 21.932361991969607], [80.26637218124363, 21.932349055455138], [80.2663582872376, 21.93505922437624], [80.26345345875654, 21.93504623478108], [80.26343950758283, 21.937756401033365], [80.26053462625963, 21.937743358343653], [80.2576297471121, 21.937730264327033], [80.25472487014879, 21.937717118983677], [80.25181999537827, 21.937703922313737], [80.24891512280904, 21.937690674317366], [80.24892934902633, 21.93498051700729], [80.2460245336751, 21.934967219494048], [80.24311972054208, 21.934953870661683], [80.24313405454873, 21.93224371607552], [80.24022929864171, 21.932230317747486], [80.23732454496978, 21.93221686810764], [80.23733898673107, 21.92950671627314], [80.23443429029311, 21.92949321715883], [80.2344487847927, 21.92678306625964], [80.2315441455883, 21.926769517684924], [80.22863950864425, 21.926755917812848], [80.22865411083794, 21.924045769706925], [80.2257495311354, 21.92403212039565], [80.22576418602452, 21.921321973245824], [80.22577883863656, 21.918611825194194], [80.22287437113059, 21.918598128322618], [80.22288907641261, 21.91588798123404]]], [[[80.2169468386771, 21.94025169497985], [80.21693200277275, 21.942961830197415], [80.21983696060178, 21.942975646532354], [80.21985174148283, 21.94026550943544], [80.2169468386771, 21.94025169497985]]], [[[80.21983696060178, 21.942975646532354], [80.21982217742506, 21.945685782726603], [80.22272719258184, 21.945699549595393], [80.22563221002596, 21.945713265118442], [80.22564688313835, 21.943003125186298], [80.22274192072649, 21.942989411528703], [80.21983696060178, 21.942975646532354]]], [[[80.231442251742, 21.94574054212666], [80.22853722974885, 21.945726929295592], [80.22563221002596, 21.945713265118442], [80.22561753463478, 21.948423404147977], [80.22852260939867, 21.948437070183665], [80.23142768643301, 21.9484506848663], [80.231442251742, 21.94574054212666]]], [[[80.21973343014449, 21.961946580931286], [80.21971863089252, 21.96465671080443], [80.22262403151306, 21.96467049078222], [80.22263877567313, 21.96196035903615], [80.21973343014449, 21.961946580931286]]], [[[80.21390783655173, 21.964628996665642], [80.2138929248022, 21.967339121868477], [80.21387801073811, 21.97004924616772], [80.21678351696428, 21.970063132708248], [80.21679837591975, 21.96735300652198], [80.2197038293433, 21.9673668397742], [80.21971863089252, 21.96465671080443], [80.21681323256922, 21.96464287943218], [80.21390783655173, 21.964628996665642]]], [[[80.22250599582306, 21.98635151222436], [80.22541183977694, 21.986365255737475], [80.22542654709153, 21.98365512935383], [80.2283323381664, 21.983668819556765], [80.2283469880473, 21.980958690409842], [80.23125272624279, 21.980972327316465], [80.23126731870714, 21.978262195413468], [80.23417300402282, 21.978275779037663], [80.23707869159396, 21.978289311231638], [80.23709317152324, 21.975579174741444], [80.23999880620546, 21.975592653673687], [80.24290444312582, 21.97560608118237], [80.24289007346837, 21.978316221328264], [80.24579576775454, 21.97832959923059], [80.24870146426194, 21.978342925702044], [80.2486872026644, 21.981053068572564], [80.25159295652962, 21.981066345416448], [80.25157874787291, 21.983776489187267], [80.25156453701172, 21.986486632054838], [80.25155032394582, 21.98919677401907], [80.25153610867505, 21.99190691507987], [80.25152189119923, 21.994617055237153], [80.25150767151814, 21.997327194490836], [80.2486015866024, 21.997313906824754], [80.24569550390068, 21.997300567678728], [80.24568117160426, 22.000010702413856], [80.2456668370851, 22.00272083624507], [80.2485730302051, 22.002734179013004], [80.25147922553946, 22.00274747028702], [80.25149344963161, 22.00003733284081], [80.25439959195802, 22.000050570823724], [80.2544137586393, 21.997340430676804], [80.25731984795736, 21.997353615382504], [80.25733395724491, 21.99464347254206], [80.25734806434433, 21.99193332879814], [80.25736216925581, 21.989223184150845], [80.25737627197952, 21.986513038600247], [80.25739037251567, 21.983802892146432], [80.25740447086443, 21.98109274478951], [80.25449871259914, 21.981079570822153], [80.25451286390621, 21.978369424351683], [80.25452701301772, 21.975659276978213], [80.25162136723029, 21.975646055165406], [80.24871572364678, 21.975632781928393], [80.24872998081915, 21.972922637251685], [80.24582439457599, 21.972909314400937], [80.24291881055368, 21.972895940133288], [80.24001322876077, 21.9728825144489], [80.23710764920583, 21.972869037347944], [80.23420207189739, 21.97285550883057], [80.23129649684404, 21.972841928896944], [80.23128190890749, 21.975552062606933], [80.22837628099107, 21.97553842940499], [80.22836163565547, 21.978248560359223], [80.22545595487635, 21.97823487387508], [80.2254412521246, 21.980945002066342], [80.2225355184832, 21.980931262286134], [80.22252075829816, 21.983641387707205], [80.21961497179484, 21.98362759461705], [80.21670918759015, 21.98361375008353], [80.2166943147946, 21.986323870846753], [80.21960015415941, 21.98633771726073], [80.22250599582306, 21.98635151222436]]], [[[80.24951072356903, 21.823863291939155], [80.24660815620467, 21.823850068553877], [80.24370559105084, 21.82383679413554], [80.2436913459592, 21.826546984722587], [80.24659396577134, 21.826560260954572], [80.24949658779417, 21.826573486146533], [80.24951072356903, 21.823863291939155]]], [[[80.22626109867994, 21.82917643415928], [80.2262465211018, 21.831886611920556], [80.22914923681085, 21.831900198100453], [80.22916375971482, 21.829190018483555], [80.22626109867994, 21.82917643415928]]], [[[80.23206642301166, 21.82920355176181], [80.23205195478208, 21.83191373322735], [80.23495467500693, 21.831927217301097], [80.23496908856197, 21.829217033993885], [80.23206642301166, 21.82920355176181]]], [[[80.22914923681085, 21.831900198100453], [80.22913471164475, 21.834610376818542], [80.23203748429884, 21.83462391379416], [80.23205195478208, 21.83191373322735], [80.22914923681085, 21.831900198100453]]], [[[80.2348392857263, 21.85360865139948], [80.23482485195831, 21.856318826615528], [80.2348104159435, 21.859029000932104], [80.23479597768164, 21.861739174349136], [80.23478153717258, 21.86444934686652], [80.23768491640396, 21.86446280190857], [80.237670528433, 21.86717297536179], [80.24057396468896, 21.867186381095262], [80.24055962927315, 21.869896555477396], [80.24346312255408, 21.869909911888236], [80.24344883971045, 21.87262008719235], [80.24635239001672, 21.872633394266508], [80.24925594253688, 21.872646650182087], [80.24924176709436, 21.875356828209103], [80.25214537663187, 21.875370034766817], [80.25213125380436, 21.878080213695036], [80.25503492035965, 21.87809337088084], [80.25502085016423, 21.88080355070332], [80.25792457373761, 21.880816658503168], [80.26082829949135, 21.880829715122854], [80.26081433678321, 21.883539897612813], [80.2637181195471, 21.883552904825358], [80.26370420951389, 21.886263088188805], [80.26660804928827, 21.886276045980154], [80.26951189121776, 21.886288952576912], [80.27241573529383, 21.886301807978935], [80.27531958150794, 21.88631461218605], [80.27822342985156, 21.886327365198113], [80.28112728031616, 21.886340067014963], [80.28114086126422, 21.88362987315861], [80.28404465899311, 21.8836425220557], [80.28694845882575, 21.883655119764246], [80.2869619279821, 21.880944921566897], [80.28697539504344, 21.878234722470445], [80.28987908729985, 21.878247265569616], [80.28989249744339, 21.87553706386391], [80.2899059055008, 21.872826861259348], [80.28991931147223, 21.87011665775601], [80.28993271535786, 21.867406453353993], [80.2899461171579, 21.864696248053395], [80.28704269893085, 21.86468371350486], [80.28413928279777, 21.864671127816464], [80.28412577142029, 21.867381329690087], [80.28411225794014, 21.870091530665004], [80.28409874235714, 21.87280173074111], [80.28408522467112, 21.875511929918318], [80.2840717048819, 21.878222128196548], [80.28116801682373, 21.878209482748062], [80.28115444010002, 21.88091967840295], [80.27825069932285, 21.880906980048785], [80.27823706564762, 21.883617173073137], [80.27533327215178, 21.883604421799426], [80.27242948078529, 21.88359161933764], [80.26952569155665, 21.88357876568793], [80.26953948974916, 21.88086857789937], [80.26663575750564, 21.88085567482111], [80.26373202741686, 21.880842720562224], [80.26374593312336, 21.878132535399473], [80.26084226002766, 21.878119531733216], [80.26085621839239, 21.875409347443995], [80.25795260228942, 21.875396294384426], [80.25504898836641, 21.87538319015864], [80.25506305418469, 21.872673008536825], [80.25215949726237, 21.87265985493891], [80.25217361569604, 21.869949674211405], [80.24927011577404, 21.869936471255404], [80.24928428680606, 21.867226291429137], [80.24638084388403, 21.867213039129098], [80.24347740317549, 21.867199735684416], [80.24349168157487, 21.864489558580974], [80.24058829787423, 21.864476205813446], [80.24060262882914, 21.86176602963202], [80.24061695755387, 21.85905585255109], [80.24063128404865, 21.856345674570754], [80.2406456083136, 21.853635495691073], [80.24065993034897, 21.85092531591215], [80.24067425015491, 21.848215135234078], [80.2435773053192, 21.84822847707329], [80.24359156816969, 21.845518293675006], [80.24649457082828, 21.84553158260439], [80.24650877674036, 21.84282139649308], [80.24941172689283, 21.842834632526493], [80.24942587588353, 21.84012444370936], [80.2465229804406, 21.840111209483023], [80.24362008720932, 21.840097924181794], [80.24360582879966, 21.842808109377813], [80.24070288307932, 21.842794771180834], [80.24068856773164, 21.845504953656945], [80.23778556952261, 21.845491562550365], [80.23777119721984, 21.848201742299374], [80.23486814652253, 21.848188298269342], [80.23485371724763, 21.85089847528405], [80.2348392857263, 21.85360865139948]]], [[[80.23142768643301, 21.9484506848663], [80.23141311886212, 21.951160826703365], [80.23431825320827, 21.951174391877423], [80.23433276572922, 21.94846424819571], [80.23142768643301, 21.9484506848663]]], [[[80.23431825320827, 21.951174391877423], [80.23430373843378, 21.953884534656545], [80.23720893009214, 21.953898050307952], [80.24011412399565, 21.953911514591844], [80.2401285286526, 21.951201368144254], [80.23722338980795, 21.951187905691103], [80.23431825320827, 21.951174391877423]]], [[[80.25431454572525, 22.01631139272411], [80.25432872559176, 22.01360125800082], [80.25142230711079, 22.013588011032205], [80.25143654002734, 22.010877877202027], [80.25145077073752, 22.008167742467712], [80.24854446495026, 22.008154447585508], [80.24563816137774, 22.0081411011954], [80.2456238201892, 22.010851232314327], [80.24560947677712, 22.01356136252899], [80.2485158908364, 22.013574712541537], [80.24850160045685, 22.016284843663154], [80.25140807198767, 22.01629814395815], [80.25431454572525, 22.01631139272411]]], [[[80.25823240846181, 21.82119245541166], [80.26113492993231, 21.821205472884415], [80.26403745357057, 21.821218439330295], [80.26693997936805, 21.821231354749155], [80.26984250731624, 21.821244219140812], [80.27274503740664, 21.82125703250513], [80.27564756963073, 21.821269794841953], [80.27855010398, 21.821282506151114], [80.27856368892648, 21.8185722924657], [80.2756612092205, 21.818559582893364], [80.2727587316395, 21.81854682230034], [80.26985625619201, 21.818534010686793], [80.26695378288656, 21.818521148052874], [80.26405131173163, 21.818508234398738], [80.26114884273575, 21.818495269724547], [80.25824637590745, 21.81848225403045], [80.25534391125521, 21.81846918731661], [80.25532988916757, 21.82117938691219], [80.25823240846181, 21.82119245541166]]], [[[80.2495248571419, 21.821153096833722], [80.24951072356903, 21.823863291939155], [80.25241329313536, 21.823876464291235], [80.25242737205811, 21.821166267386158], [80.2495248571419, 21.821153096833722]]], [[[80.27555203298726, 21.840241253350158], [80.27845495007791, 21.840253976818893], [80.27844134819307, 21.842964183323193], [80.28134432211323, 21.842976857445674], [80.28133077283039, 21.845687064782364], [80.28131722143779, 21.84839727122099], [80.28422030691661, 21.84840989770668], [80.28420680815138, 21.85112010497073], [80.28419330728457, 21.853830311336594], [80.28417980431598, 21.85654051680419], [80.28708305613428, 21.85655309734203], [80.28709650434833, 21.85384289015771], [80.28710995046913, 21.85113268207517], [80.28712339449683, 21.848422473094526], [80.28713683643166, 21.845712263215848], [80.28715027627375, 21.84300205243923], [80.28424729814294, 21.842989480484402], [80.28426079060443, 21.84027927052635], [80.28135786928648, 21.840266649211003], [80.28137141435032, 21.837556440078444], [80.27846854984483, 21.83754376941663], [80.27556568745707, 21.83753104768517], [80.27557933980061, 21.83482084112225], [80.27267653423331, 21.834808070065485], [80.26977373080061, 21.834795247946353], [80.26687092951101, 21.834782374765012], [80.26396813037304, 21.834769450521616], [80.26106533339524, 21.83475647521633], [80.25816253858609, 21.834743448849306], [80.25525974595412, 21.834730371420697], [80.25524571075506, 21.8374405656279], [80.25814855808014, 21.83745364484253], [80.26105140758257, 21.8374666729886], [80.26395425925384, 21.837479650065962], [80.26685711308545, 21.837492576074457], [80.26975996906886, 21.83750545101392], [80.27266282719557, 21.837518274884218], [80.27264911802307, 21.840228478804953], [80.27555203298726, 21.840241253350158]]], [[[80.26331384947638, 21.962147856726776], [80.26621922843475, 21.962160863999788], [80.26620531067616, 21.964871023001443], [80.26911074688971, 21.964883980645535], [80.26909688207418, 21.967594140506105], [80.27200237554327, 21.96760704850721], [80.2719885636879, 21.970317209219765], [80.27197474968885, 21.973027369029968], [80.27488035553479, 21.973040229121406], [80.27486659452138, 21.97575038977661], [80.27485283137246, 21.97846054952935], [80.27194711525895, 21.978447685942964], [80.27193329482773, 21.981157843045583], [80.27191947225208, 21.983867999245494], [80.27190564753184, 21.986578154542606], [80.27189182066681, 21.989288308936853], [80.27187799165682, 21.99199846242811], [80.27186416050166, 21.994708615016325], [80.27185032720118, 21.997418766701383], [80.26894422702715, 21.997405839399416], [80.2689303363748, 22.000115988426224], [80.26891644356817, 22.002826136549643], [80.26601023512734, 22.00281315424255], [80.265996284943, 22.005523299700364], [80.26598233259546, 22.00823344425454], [80.26888865149144, 22.008246430085954], [80.26890254860713, 22.00553628376958], [80.2718088144259, 22.00554921633677], [80.27182265416349, 22.00283906736169], [80.27472886690465, 22.002851946678543], [80.27474264928128, 22.000141795051963], [80.27764880894449, 22.000154621132364], [80.27766253397726, 21.997444466861484], [80.27767625688163, 21.994734311687502], [80.27477020762326, 21.994721489089105], [80.274783983589, 21.99201133475301], [80.27479775741816, 21.989301179513912], [80.27481152911089, 21.986591023371908], [80.27482529866741, 21.98388086632709], [80.27773112721877, 21.98389368196225], [80.27771741282618, 21.986603840747787], [80.2777036963059, 21.989313998630564], [80.28060963732152, 21.98932676628665], [80.28062329866913, 21.98661660667008], [80.28063695789761, 21.98390644615082], [80.28354279069542, 21.983919158892643], [80.28644862560357, 21.983931820187564], [80.28646217240151, 21.98122165531935], [80.28936795425541, 21.981234263454514], [80.2893814438042, 21.978524095971274], [80.2922871726035, 21.97853665096057], [80.29230060492021, 21.975826480869515], [80.29520628066453, 21.97583898272682], [80.29811195848447, 21.975851433157583], [80.2981252784553, 21.973141258774355], [80.30103090321117, 21.973153656093846], [80.30393653002538, 21.973166001993487], [80.30684215888935, 21.973178296473098], [80.30682900431239, 21.97588847588906], [80.30973469034925, 21.975900720612117], [80.31264037841893, 21.97591291390788], [80.31554606851292, 21.975925055776187], [80.31555905769441, 21.973214871390372], [80.31846469467196, 21.973226960188445], [80.31847762671428, 21.97051677325854], [80.32138321057505, 21.970528809000264], [80.32139608549531, 21.967818619533475], [80.32430161623896, 21.96783060223273], [80.32431443405427, 21.965120410236253], [80.32721991168046, 21.965132339906933], [80.32723267240792, 21.96242214538795], [80.33013809691633, 21.962434022043944], [80.33304352339685, 21.96244584730654], [80.3330561719633, 21.95973564866484], [80.33596154531698, 21.95974742093348], [80.33597413683819, 21.95703721979071], [80.33887945706466, 21.957048939079275], [80.33889199155772, 21.95433873544263], [80.34179725865667, 21.95435040176501], [80.34470252769304, 21.954362016714388], [80.34469010334746, 21.95707222351673], [80.34759542938667, 21.95708378866533], [80.35050075734637, 21.957095302433665], [80.35051307154384, 21.95438509249357], [80.35052538382956, 21.9516748816533], [80.35053769420368, 21.948964669912943], [80.34763253144074, 21.948953160840592], [80.3476448949519, 21.94624294976545], [80.34473978915729, 21.946231390905975], [80.34475220578841, 21.943521180503005], [80.34765725654324, 21.943532737790346], [80.35056230921775, 21.943544243732326], [80.35346736380335, 21.943555698328833], [80.35345511229205, 21.94626591342726], [80.35636022382049, 21.94627731822932], [80.35637242029152, 21.943567101579713], [80.3592774786737, 21.943578453484825], [80.35928961821881, 21.940868234391356], [80.36219462345444, 21.940879533413412], [80.36220670609075, 21.93816931188328], [80.35930175587863, 21.93815801439833], [80.35639680755166, 21.938146665581446], [80.35349186111839, 21.93813526543277], [80.35347961341208, 21.940845482330634], [80.35057461385803, 21.940834029292247], [80.34766961621493, 21.940822524915358], [80.34476462049133, 21.940810969200104], [80.34185962669578, 21.940799362146628], [80.3418471569618, 21.943509571870464], [80.33894211007193, 21.943497911892866], [80.33603706512736, 21.943486200570334], [80.33313202213662, 21.943474437903028], [80.33314465696283, 21.94076423295828], [80.33023967096491, 21.940752420553334], [80.32733468693776, 21.940740556810873], [80.32734742984528, 21.938030354186914], [80.32444250281898, 21.938018440727994], [80.32445529876033, 21.935308238824778], [80.32155042873453, 21.935296275663447], [80.32156327769263, 21.932586074487926], [80.31865846466698, 21.932574061638242], [80.31867136662473, 21.929863861197358], [80.31576661059891, 21.92985179867337], [80.31577956553923, 21.92714159897409], [80.3157925184669, 21.924431398374807], [80.31288787441869, 21.924419287839104], [80.31290088030347, 21.921709087988397], [80.31291388416741, 21.918998887237816], [80.315818418285, 21.91901099447662], [80.31583136517577, 21.916300791177893], [80.31584431005459, 21.913590586979524], [80.3158572529216, 21.910880381881608], [80.31587019377702, 21.908170175884223], [80.31588313262098, 21.905459968987472], [80.31589606945367, 21.902749761191444], [80.31299186492303, 21.902737663841886], [80.3130048546459, 21.900027456794653], [80.31301784234928, 21.89731724884825], [80.31592193708589, 21.897329342901877], [80.31590900427526, 21.90003955249621], [80.31881315591552, 21.90005159696571], [80.31882603383328, 21.89734138573042], [80.31883890974878, 21.89463117359617], [80.3217429536138, 21.89464316356557], [80.32175577265124, 21.891932948898596], [80.32465976363362, 21.891944886022724], [80.32467252581004, 21.889234668830216], [80.32176858969532, 21.8892227333329], [80.3217814047462, 21.88651251686858], [80.31887752548363, 21.88650053180058], [80.31886465557379, 21.889210746631157], [80.31596072345397, 21.88919870872512], [80.31597364822258, 21.886488495535254], [80.31306977297163, 21.886476408072774], [80.31308275058026, 21.883766195631875], [80.31309572617046, 21.881055982292352], [80.3101919626294, 21.881043846942017], [80.31020499103418, 21.878333634358434], [80.3073012843526, 21.878321449486652], [80.30728820111514, 21.881031660408762], [80.30727511584236, 21.883741870432207], [80.30726202853407, 21.886452079556904], [80.30435815936454, 21.886439838503808], [80.3043450151625, 21.889150045061026], [80.30144109317924, 21.88913775113575], [80.30142789206636, 21.891847955118305], [80.30141468890038, 21.89455815820172], [80.29851065922894, 21.894545809707676], [80.29849739912638, 21.897256010209084], [80.29559331663356, 21.897243608808076], [80.29557999957731, 21.899953806720287], [80.29267586426346, 21.89994135239845], [80.28977173102882, 21.89992884684574], [80.28978515786794, 21.89721865233409], [80.28688108161222, 21.897206097261414], [80.28397700745259, 21.897193490965158], [80.2839634708313, 21.89990368204832], [80.2839499321052, 21.9026138722317], [80.2839363912741, 21.905324061515206], [80.28392284833784, 21.90803424989875], [80.28390930329623, 21.91074443738225], [80.28389575614908, 21.9134546239656], [80.28388220689622, 21.916164809648723], [80.28678666547206, 21.91617742797043], [80.28677316906408, 21.91888761447141], [80.28675967055857, 21.92159780007205], [80.28674616995536, 21.924307984772252], [80.28673266725426, 21.927018168571937], [80.28671916245509, 21.92972835147101], [80.28670565555768, 21.932438533469387], [80.28669214656186, 21.93514871456697], [80.28667863546744, 21.93785889476368], [80.28958353598722, 21.937871475504224], [80.2895700778133, 21.94058165651166], [80.28955661754895, 21.943291836618105], [80.28665160698209, 21.94327925245412], [80.2866380895908, 21.945989429947666], [80.2866245701002, 21.948699606539982], [80.28371945155158, 21.948686967596057], [80.28370587490821, 21.951397141568123], [80.2808007034145, 21.9513844495422], [80.28081433511097, 21.948674277296046], [80.27790922078695, 21.948661535640102], [80.27500410858806, 21.94864874262838], [80.27499036678596, 21.95135891140176], [80.27208520166822, 21.951346065287556], [80.27207140267114, 21.95405623141233], [80.27497662284999, 21.954069079273467], [80.27496287677998, 21.956779246243432], [80.27205760153149, 21.9567663966353], [80.27204379824906, 21.959476560956354], [80.26913847006531, 21.95946365821776], [80.2662331440331, 21.959450704095918], [80.26332782016091, 21.95943769859099], [80.26331384947638, 21.962147856726776]], [[80.34471495010978, 21.951651809011757], [80.34762016600959, 21.951663371015673], [80.34760779865829, 21.95437358029062], [80.34470252769304, 21.954362016714388], [80.34471495010978, 21.951651809011757]], [[80.31593486788579, 21.894619132408526], [80.31594779667508, 21.891908921016242], [80.31885178366221, 21.891920960563052], [80.31883890974878, 21.89463117359617], [80.31593486788579, 21.894619132408526]], [[80.28975830210196, 21.902639040457732], [80.28685411605534, 21.902626481963487], [80.28686759988192, 21.89991629006231], [80.28977173102882, 21.89992884684574], [80.28975830210196, 21.902639040457732]], [[80.2868001597827, 21.91346724056919], [80.28681365199618, 21.910757052267794], [80.28971800279312, 21.910769615894854], [80.2897045655135, 21.91347980590732], [80.28969112614527, 21.91618999501968], [80.28678666547206, 21.91617742797043], [80.2868001597827, 21.91346724056919]], [[80.29259558890726, 21.916202510796335], [80.29258220240132, 21.918912700712717], [80.29256881381494, 21.921622889728877], [80.2925554231479, 21.924333077844736], [80.29254203040009, 21.9270432650602], [80.29252863557129, 21.929753451375174], [80.29251523866134, 21.932463636789574], [80.29250183967005, 21.93517382130331], [80.28959699207093, 21.935161293595883], [80.28961044606457, 21.932451110786722], [80.28962389796834, 21.929740927076843], [80.2896373477824, 21.927030742466332], [80.28965079550696, 21.924320556955262], [80.28966424114216, 21.921610370543743], [80.28967768468821, 21.918900183231855], [80.28969112614527, 21.91618999501968], [80.29259558890726, 21.916202510796335]], [[80.28078706960129, 21.954094620886814], [80.2778818451629, 21.954081875765013], [80.27789553403758, 21.95137170615336], [80.2808007034145, 21.9513844495422], [80.28078706960129, 21.954094620886814]], [[80.31003546363269, 21.91356632782842], [80.31004851637039, 21.910856126033956], [80.3100615670794, 21.908145923339912], [80.31296587941821, 21.9081580752385], [80.31295288363592, 21.9108682795877], [80.31293988583347, 21.913578483037377], [80.31003546363269, 21.91356632782842]]], [[[80.25750309807458, 21.962121688011162], [80.2574890150323, 21.964831841687435], [80.2603944447389, 21.964844953522235], [80.26329987662305, 21.964858013960292], [80.26331384947638, 21.962147856726776], [80.2604084726868, 21.962134798063854], [80.25750309807458, 21.962121688011162]]], [[[80.26329987662305, 21.964858013960292], [80.26328590160074, 21.967568170291436], [80.26619139075716, 21.967581181100794], [80.26620531067616, 21.964871023001443], [80.26329987662305, 21.964858013960292]]], [[[80.26616354443712, 21.97300149459224], [80.26906914598676, 21.97301445752019], [80.2690830151066, 21.970304299464356], [80.26909688207418, 21.967594140506105], [80.26619139075716, 21.967581181100794], [80.26617746867754, 21.970291338297756], [80.26616354443712, 21.97300149459224]]], [[[80.27853651691686, 21.823992718939206], [80.28143910803477, 21.824005380950478], [80.28434170126101, 21.824017991926823], [80.28435517902005, 21.821307775685874], [80.28145264044595, 21.82129516643247], [80.27855010398, 21.821282506151114], [80.27853651691686, 21.823992718939206]]], [[[80.28081433511097, 21.948674277296046], [80.28371945155158, 21.948686967596057], [80.28373302608689, 21.945976792722604], [80.28374659851436, 21.943266616947863], [80.2808415921543, 21.943253930099484], [80.28082796469084, 21.945964104148445], [80.28081433511097, 21.948674277296046]]], [[[80.26626096874979, 21.95403038158191], [80.26624705747136, 21.956740543289936], [80.26915232842576, 21.956753495650748], [80.27205760153149, 21.9567663966353], [80.27207140267114, 21.95405623141233], [80.2691661846349, 21.954043332181755], [80.26626096874979, 21.95403038158191]]], [[[80.26904140128966, 21.978434770924263], [80.27194711525895, 21.978447685942964], [80.27196093354593, 21.97573752793772], [80.27197474968885, 21.973027369029968], [80.26906914598676, 21.97301445752019], [80.26905527471452, 21.975724614673524], [80.26904140128966, 21.978434770924263]]], [[[80.28060963732152, 21.98932676628665], [80.2805959738546, 21.992036925000434], [80.2835019721709, 21.992049642922662], [80.28351558045641, 21.98933948248201], [80.28060963732152, 21.98932676628665]]], [[[80.2776899776578, 21.992024155610498], [80.27767625688163, 21.994734311687502], [80.28058230826822, 21.99474708281136], [80.2805959738546, 21.992036925000434], [80.2776899776578, 21.992024155610498]]], [[[80.27178112851232, 22.010969511576327], [80.26887475222094, 22.010956575498668], [80.26886085079545, 22.01366672000764], [80.26884694721475, 22.01637686361277], [80.27175343401302, 22.016389803201164], [80.27465992295808, 22.016402691259408], [80.27467371602313, 22.01369254415047], [80.27468750695014, 22.010982396137827], [80.27759388752582, 22.010995229182996], [80.277607621074, 22.008285078525443], [80.28051394853786, 22.008297858319835], [80.28052762472433, 22.00558770502459], [80.28343389907599, 22.00560043158209], [80.28344751791788, 22.00289027565634], [80.28346113464814, 22.000180118827437], [80.28636730067143, 22.000192790441808], [80.28638086008297, 21.99748263098977], [80.28928697300172, 21.997495249402082], [80.28930047511167, 21.994785087334108], [80.29220653492554, 21.99479765255824], [80.29221997975102, 21.992087487881538], [80.29512598645964, 21.992099999931384], [80.29513937401778, 21.98938983265316], [80.29804532762078, 21.989402291542604], [80.2980586579287, 21.98669212167005], [80.30096455842573, 21.986704527412986], [80.30387046098198, 21.986716881701117], [80.30388367889125, 21.984006707563612], [80.30678952833246, 21.984019008725962], [80.30969537981558, 21.984031258440197], [80.31260123333206, 21.984043456706168], [80.31550708887335, 21.984055603523736], [80.31841294643088, 21.98406769889274], [80.31840000435182, 21.98677788131455], [80.3213059190836, 21.986789926870745], [80.32421183581468, 21.98680192097111], [80.32422466756047, 21.984091735284494], [80.3271305311154, 21.984103676306955], [80.32714330571226, 21.981393488096806], [80.32715607832726, 21.978683298985132], [80.33006183355575, 21.97869518532876], [80.33007454904767, 21.975984993700887], [80.33298025110771, 21.975996827001442], [80.33299290949367, 21.973286632864575], [80.33589855838493, 21.97329841313594], [80.33880420923188, 21.973310141985685], [80.33881675540418, 21.97059994375333], [80.3417223530733, 21.970611619594624], [80.34173484218223, 21.967901418874696], [80.34464038667318, 21.967913041721424], [80.34465281873587, 21.965202838521133], [80.34755831004831, 21.96521440838719], [80.35046380328173, 21.96522592685201], [80.35047612321547, 21.96251571961297], [80.35338156326135, 21.962527185117867], [80.35628700521093, 21.96253859922824], [80.35629921304945, 21.959828387978714], [80.35631141899299, 21.957118175828956], [80.35921675266282, 21.957129535455646], [80.3592289016369, 21.95441932086131], [80.35924104872488, 21.951709105366977], [80.36214627413996, 21.95172041053801], [80.36215836428428, 21.949010192606426], [80.36217045255137, 21.94629997377507], [80.3650755697367, 21.94631122451848], [80.36798068879058, 21.946322423908732], [80.36799266509892, 21.943612201124225], [80.37089773097173, 21.943623347644916], [80.3738027986958, 21.94363444281916], [80.37381466307912, 21.94092421610973], [80.37671967761311, 21.940935258435168], [80.37962469398111, 21.94094624942087], [80.38252971217464, 21.940957189066708], [80.38543473218509, 21.940968077372546], [80.38833975400394, 21.940978914338263], [80.38832816478636, 21.943689148489046], [80.39123324343868, 21.943699935581822], [80.39413832388243, 21.943710671327217], [80.39412684294933, 21.946420907506656], [80.39703198021846, 21.94643159335796], [80.3970205525533, 21.94914183009178], [80.39992574664811, 21.94915246603493], [80.39991437226799, 21.95186270331617], [80.40281962318878, 21.951873289337126], [80.40280830211081, 21.954583527158803], [80.40571360985786, 21.95459406324352], [80.40570234209913, 21.957304301598672], [80.40860770667277, 21.95731478773311], [80.40859649225037, 21.960025026614765], [80.41150191365088, 21.960035462784862], [80.41440733678388, 21.960045847564786], [80.4143962308096, 21.962756088377787], [80.41438512311122, 21.965466328291544], [80.41729065816635, 21.965476664490843], [80.41727960385562, 21.9681869049102], [80.41726854782905, 21.970897144430197], [80.42017419483254, 21.970907432021], [80.42016319221915, 21.973617672039587], [80.42015218789817, 21.97632791115867], [80.42014118186947, 21.97903814937818], [80.4201301741329, 21.98174838669803], [80.42011916468829, 21.984458623118112], [80.41721324195342, 21.984448328536594], [80.41720217562872, 21.987158562658543], [80.41719110758713, 21.989868795880515], [80.41428507621683, 21.989858447035058], [80.4142739512693, 21.992568677951567], [80.41136786643578, 21.992558276226553], [80.41135668456522, 21.99526850483042], [80.4084505462688, 21.995258050211955], [80.40554440971538, 21.995247544112594], [80.40553311569901, 21.99795776897018], [80.4026269256917, 21.997947209956596], [80.39972073744464, 21.997936599455375], [80.39681455096641, 21.99792593746665], [80.39390836626558, 21.997915223990557], [80.3910021833507, 21.99790445902721], [80.38809600223031, 21.997893642576752], [80.38518982291302, 21.99788277463931], [80.38520150336433, 21.995172559962644], [80.38229538106305, 21.99516164202073], [80.37938926058182, 21.99515067259908], [80.37648314192917, 21.995139651697844], [80.37647129586517, 21.997849861906403], [80.3735651238458, 21.99783878802236], [80.37355322073198, 22.00054899582644], [80.37354131577213, 22.003259202729296], [80.37063503516542, 22.003248074338103], [80.36772875641348, 22.003236894446733], [80.3677167391487, 22.00594709742029], [80.36481040703096, 22.005935864504423], [80.36479833266502, 22.008646065051916], [80.36189194718179, 22.00863477909764], [80.36187981569755, 22.011344977211902], [80.35897337684915, 22.011333638205315], [80.35896321966581, 22.013592134662286], [80.35605673679373, 22.013580742847616], [80.35315025568833, 22.01356929950616], [80.35024377648972, 22.01355780463857], [80.35023142051139, 22.01626799490279], [80.35313795497116, 22.016279491330035], [80.35604449133785, 22.016290936224152], [80.35895102960292, 22.016302329585], [80.36185756975777, 22.016313671412448], [80.36476411179385, 22.01632496170636], [80.36477417818602, 22.014066463441345], [80.36477417831635, 22.01406646344185], [80.36768067604314, 22.014077700930994], [80.3676706557026, 22.01633620046659], [80.37057720147543, 22.016347387693003], [80.37348374910378, 22.016358523385467], [80.37349367734068, 22.014100021326197], [80.3734936774692, 22.01410002132669], [80.37349467010088, 22.013874185563814], [80.37349566298839, 22.01364832083979], [80.37349566285985, 22.013648320839295], [80.37350558981478, 22.011389818029627], [80.37059914349405, 22.011378685106756], [80.37061110923953, 22.00866848241872], [80.3735175003137, 22.008679613830978], [80.37352940896609, 22.00596940873084], [80.3764357466486, 22.005980487125253], [80.37644759822503, 22.0032702796202], [80.37935388251557, 22.00328130501067], [80.37936567703318, 22.000571095107897], [80.38227190793144, 22.00058206750833], [80.38517814065004, 22.00059298841505], [80.38808437518045, 22.000603857827937], [80.38807274632735, 22.003314072178167], [80.3909790378828, 22.003324891565583], [80.39388533123307, 22.0033356594519], [80.39679162636959, 22.003346375836998], [80.3996979232838, 22.00335704072074], [80.40260422196715, 22.003367654103], [80.40261557470963, 22.00065743248014], [80.40552181993097, 22.000667992927223], [80.40842806690415, 22.000678501879563], [80.41133431562062, 22.000688959337023], [80.41134550096021, 21.997978732533944], [80.41425169619696, 21.997989137083866], [80.41426282459605, 21.99527890796786], [80.41716896635279, 21.99528925962415], [80.41718003782854, 21.992579028202414], [80.42008612610495, 21.992589326978973], [80.42009714067447, 21.989879093258676], [80.42010815353554, 21.98716885863836], [80.42301413315067, 21.987179103157736], [80.42302508913133, 21.984468866246182], [80.42303604341238, 21.98175862843484], [80.42304699599399, 21.979048389723793], [80.42305794687627, 21.97633815011313], [80.42306889605938, 21.973627909602936], [80.42307984354346, 21.970917668193305], [80.42309078932867, 21.96820742588433], [80.42310173341512, 21.965497182676085], [80.42019619493718, 21.965486949285733], [80.42020719242869, 21.962776706569212], [80.42021818821321, 21.960066462953563], [80.41731276164084, 21.960056180954393], [80.41732381080492, 21.95734593783747], [80.4144184410342, 21.957335605852627], [80.4144295435607, 21.954625363241416], [80.41152423059135, 21.954614981284955], [80.40861891935423, 21.95460454795228], [80.40863013029492, 21.951894307272376], [80.40572487586726, 21.951883823989238], [80.40573614012752, 21.94917358383591], [80.40283094250903, 21.949163050616352], [80.40284226007172, 21.946452810996572], [80.3999371192621, 21.946442227854643], [80.39994849011013, 21.94373198877538], [80.3970434061091, 21.943721355725117], [80.3970548302254, 21.941011117193337], [80.39414980303263, 21.941000434248785], [80.39416128040008, 21.938290196271456], [80.3912563100153, 21.93827946344667], [80.38835134142165, 21.938268679288473], [80.38544637462772, 21.93825784379701], [80.38254140964202, 21.938246956972396], [80.37963644647311, 21.938236018814777], [80.37673148512954, 21.938225029324276], [80.37382652561985, 21.93821398850103], [80.37092156795256, 21.93820289634517], [80.36801661213626, 21.938191752856838], [80.36800463954744, 21.940901977440223], [80.36509963056682, 21.94089078109641], [80.36219462345444, 21.940879533413412], [80.36218253894137, 21.94358975404404], [80.3592774786737, 21.943578453484825], [80.35926533724312, 21.946288671678644], [80.35636022382049, 21.94627731822932], [80.35634802545529, 21.94898753397915], [80.35633582519576, 21.951697748829087], [80.35343060356112, 21.951686340924482], [80.35341834634116, 21.95439655332309], [80.35340608721799, 21.95710676482159], [80.35050075734637, 21.957095302433665], [80.35048844123696, 21.95980551147349], [80.34758305819459, 21.959793996139716], [80.34467767707284, 21.95978242941869], [80.34466524886903, 21.96249263442019], [80.34175981458557, 21.96248101473258], [80.33885438224002, 21.962469343651], [80.33884184190809, 21.965179544585904], [80.33593635640986, 21.96516782051701], [80.33592375902363, 21.967878018957585], [80.33301822037305, 21.967866241887485], [80.3330055659154, 21.97057643782656], [80.33009997411283, 21.970564607741363], [80.33008726256664, 21.97327480117173], [80.3271816176124, 21.97326291805755], [80.3271688489606, 21.97597310897201], [80.324263150855, 21.975961172814962], [80.32425032508046, 21.978671361206338], [80.32134457382388, 21.978659371992517], [80.32133169090947, 21.9813695578536], [80.31842588650225, 21.98135751556914], [80.31552008410256, 21.981345421842956], [80.31553307731568, 21.97863523926041], [80.31262733208116, 21.97862309574241], [80.3097215888711, 21.978610900789974], [80.30681584769405, 21.978598654403253], [80.30680268903413, 21.981308832015586], [80.30389689475007, 21.981296532524013], [80.3009911025163, 21.981284181591462], [80.29808531234141, 21.981271779218094], [80.29807198616885, 21.98398195089518], [80.29516614290475, 21.983969495389392], [80.29226030171681, 21.98395698843609], [80.29224686314649, 21.986667155820378], [80.28934096887843, 21.986654595713944], [80.28932747304985, 21.98936476048995], [80.28642152570204, 21.989352147216493], [80.28640797259811, 21.99206230937702], [80.2863944173918, 21.99477247063481], [80.28348836177446, 21.99475980246051], [80.28347474926694, 21.997469961095465], [80.28056864056218, 21.99745723971932], [80.28055497073632, 22.000167395724244], [80.27764880894449, 22.000154621132364], [80.27763508178316, 22.002864774500036], [80.27472886690465, 22.002851946678543], [80.27471508239071, 22.00556209740177], [80.27470129573926, 22.00827224722156], [80.27179497254222, 22.008259364408346], [80.27178112851232, 22.010969511576327]], [[80.37058817326346, 22.013863020877825], [80.37058817322098, 22.013863030498182], [80.37057720147543, 22.016347387693003], [80.37058817326346, 22.013863020877825]], [[80.37058917049319, 22.013637186657544], [80.36768268011157, 22.013626000949326], [80.36768167812328, 22.01385184058823], [80.36769269902857, 22.011367500662757], [80.37059914349405, 22.011378685106756], [80.37058917049319, 22.013637186657544]]], [[[80.28629947206664, 22.013743574155132], [80.28920591635841, 22.01375620284686], [80.28921943103599, 22.011046046197343], [80.29212582217257, 22.011058621658574], [80.29213927951324, 22.00834846239942], [80.29504561749427, 22.008360984644057], [80.29505901751514, 22.005650822782474], [80.29507241545846, 22.002940660017888], [80.29797864505849, 22.002953127367583], [80.2979919857079, 22.000242962007924], [80.30089816216004, 22.000255376175847], [80.30091144553265, 21.99754520822831], [80.30381756883658, 21.997557569228356], [80.30383079494952, 21.994847398700138], [80.30673686510485, 21.9948597065462], [80.3096429373028, 21.994871962916193], [80.31254901153481, 21.99488416780997], [80.31545508779232, 21.994896321227394], [80.31836116606677, 21.9949084231683], [80.31834821595523, 21.99761860198204], [80.32125435143882, 21.99763065408243], [80.32124145452809, 22.00034083363012], [80.32122855561721, 22.00305101227555], [80.32413480352842, 22.003063016150627], [80.32412195784387, 22.005773195523027], [80.32410911016737, 22.008483373993045], [80.32120275179429, 22.008471366859254], [80.3211898468819, 22.01118154279735], [80.32117909112057, 22.013440022055683], [80.31827263360093, 22.01342796041053], [80.31825966976089, 22.016138133057204], [80.32116618267911, 22.01615019633948], [80.32407269759848, 22.0161622080902], [80.32408340869922, 22.013903728225], [80.3240834088379, 22.01390372822557], [80.32698987969955, 22.013915687092442], [80.32700267610791, 22.01120550880494], [80.32701547053256, 22.008495329614938], [80.32702826297367, 22.005785149522527], [80.32704105343142, 22.003074968527788], [80.32705384190596, 22.000364786630804], [80.32706662839746, 21.997654603831688], [80.32416048892243, 21.997642654699025], [80.3241733286322, 21.99493247262], [80.32126724634958, 21.99492047363255], [80.3212801392605, 21.992210292280586], [80.31837411416993, 21.992198243452414], [80.31546809108755, 21.99218614315457], [80.31548109236601, 21.989475964179633], [80.31257512648374, 21.98946381406226], [80.30966916262662, 21.989451612482508], [80.30676320080319, 21.989439359440514], [80.30675003397523, 21.99214953344451], [80.30384401901127, 21.99213722726947], [80.30093800609832, 21.992124869625503], [80.30092472684535, 21.994835039378163], [80.29801866080092, 21.994822628580415], [80.29800532428865, 21.997532795745506], [80.29509920511312, 21.997520331780102], [80.2950858113244, 22.000230496350405], [80.29217963901812, 22.000217979203445], [80.29216618793583, 22.00292814117177], [80.28925996249916, 22.002915570829373], [80.28924645410618, 22.005625730188516], [80.28923294361853, 22.00833588864453], [80.28632660981869, 22.008323263379534], [80.28631304199448, 22.011033419219018], [80.28340665505657, 22.011020740723747], [80.28339302987867, 22.013730893939485], [80.28048658980305, 22.01371816220005], [80.28047290725435, 22.016428312784836], [80.28337940258842, 22.016441046251707], [80.28628590003503, 22.016453728187802], [80.28629947206664, 22.013743574155132]]], [[[80.28434170126101, 21.824017991926823], [80.28432822140218, 21.826728207270484], [80.28723087138908, 21.82674076892778], [80.29013352346746, 21.82675327954286], [80.29014689400444, 21.8240430607741], [80.28724429658708, 21.824030551868077], [80.28434170126101, 21.824017991926823]]], [[[80.29013352346746, 21.82675327954286], [80.29012015084751, 21.829463497414373], [80.29302285967857, 21.82947595868925], [80.29303617762882, 21.826765739115583], [80.29013352346746, 21.82675327954286]]], [[[80.29852391726972, 21.891835608306977], [80.29853717324889, 21.889125406007068], [80.29563325537998, 21.889113009675132], [80.29561994453472, 21.89182321028541], [80.29271597386985, 21.891810761053762], [80.29270260607997, 21.894520959068107], [80.2897985826195, 21.89450845692288], [80.28978515786794, 21.89721865233409], [80.29268923621123, 21.89723115618303], [80.29559331663356, 21.897243608808076], [80.2956066316193, 21.89453340999642], [80.29851065922894, 21.894545809707676], [80.29852391726972, 21.891835608306977]]], [[[80.28374659851436, 21.943266616947863], [80.28665160698209, 21.94327925245412], [80.28666512227423, 21.940569074059425], [80.28667863546744, 21.93785889476368], [80.28377373704643, 21.93784626269484], [80.28376016883415, 21.940556440271912], [80.28374659851436, 21.943266616947863]]], [[[80.29519290348713, 21.978549154516482], [80.2922871726035, 21.97853665096057], [80.29227373820241, 21.981246820149465], [80.29517952423392, 21.981259325404043], [80.29519290348713, 21.978549154516482]]], [[[80.28936795425541, 21.981234263454514], [80.28935446261356, 21.983944430035432], [80.29226030171681, 21.98395698843609], [80.29227373820241, 21.981246820149465], [80.28936795425541, 21.981234263454514]]], [[[80.28644862560357, 21.983931820187564], [80.28643507670381, 21.986641984153312], [80.28934096887843, 21.986654595713944], [80.28935446261356, 21.983944430035432], [80.28644862560357, 21.983931820187564]]], [[[80.28352918663118, 21.986629321138643], [80.28351558045641, 21.98933948248201], [80.28642152570204, 21.989352147216493], [80.28643507670381, 21.986641984153312], [80.28352918663118, 21.986629321138643]]], [[[80.2960183701682, 21.81051680119611], [80.29892070062837, 21.810529148555695], [80.29893389484037, 21.807818919321036], [80.29894708699618, 21.805108689189936], [80.29604486574846, 21.805096345205836], [80.29603161899068, 21.807806573649227], [80.2960183701682, 21.81051680119611]]], [[[80.3047253677093, 21.810553690271774], [80.30471228067941, 21.813263921964666], [80.30469919160998, 21.815974152761058], [80.30760163746126, 21.81598635045116], [80.30758860098865, 21.818696582018006], [80.3104911035078, 21.818708730352814], [80.31047811964906, 21.82141896268318], [80.31338067883645, 21.821431061648664], [80.31336774760858, 21.824141294735607], [80.31627036346454, 21.824153344317732], [80.31625748488459, 21.826863578154306], [80.31916015740946, 21.826875578339045], [80.31914733149443, 21.829585812918314], [80.32205006068855, 21.829597763691634], [80.3220372874555, 21.83230799900665], [80.32494007331921, 21.832319900354516], [80.32492735278517, 21.835030136398345], [80.32491463026982, 21.837740371545387], [80.32201173502031, 21.83772846694632], [80.32199895581785, 21.840438699570786], [80.31909600785282, 21.840426742267173], [80.31908317194619, 21.843136972361883], [80.31618017126596, 21.843124962339864], [80.31616727863812, 21.845835189897645], [80.31326422524305, 21.845823127143355], [80.31325127587696, 21.848533352157013], [80.31323832449466, 21.8512435762732], [80.31322537109598, 21.853953799491816], [80.31032215549973, 21.853941680683683], [80.31030914532838, 21.8566519013507], [80.31029613313177, 21.859362121119908], [80.31028311890977, 21.862072339991233], [80.31027010266214, 21.864782557964578], [80.31317353733401, 21.86479468338887], [80.31316057385085, 21.867504902118323], [80.31314760835028, 21.870215119949684], [80.31313464083212, 21.87292533688285], [80.31603824191797, 21.87293741610777], [80.31602532719802, 21.875647633790052], [80.31601241046869, 21.878357850574037], [80.31891612320454, 21.87836988191756], [80.31890325929884, 21.88108009944369], [80.3218070288691, 21.881092081244404], [80.32179421780408, 21.883802299505717], [80.32469804420909, 21.883814231749568], [80.32468528600181, 21.88652445073913], [80.32467252581004, 21.889234668830216], [80.32757646390942, 21.889246553122938], [80.32756375660082, 21.891956771935295], [80.32465976363362, 21.891944886022724], [80.32464699947238, 21.894655102316577], [80.32463423332615, 21.897365317711674], [80.32173013258286, 21.897353377333726], [80.32171730955821, 21.900063590203004], [80.32170448453971, 21.902773802173286], [80.3188002759954, 21.902761807301957], [80.3187873940727, 21.905472016739065], [80.31877451014726, 21.908182225276953], [80.31876162421892, 21.91089243291553], [80.31874873628749, 21.9136026396547], [80.31873584635282, 21.91631284549439], [80.31872295441472, 21.919023050434493], [80.32162749254803, 21.919035055111298], [80.32161465356772, 21.921745260786196], [80.3216018125922, 21.924455465561394], [80.32450646265221, 21.92446742221199], [80.32449367465993, 21.927177627715004], [80.32739838168558, 21.92718953469088], [80.32738564669366, 21.929899740914742], [80.3302904106853, 21.929911598201855], [80.33027772871077, 21.932621805139622], [80.33318254966875, 21.932633612723926], [80.33316992072872, 21.935343820368644], [80.33607479865337, 21.93535557823608], [80.33897967853136, 21.935367284779684], [80.34188456035416, 21.93537893999932], [80.34187209449317, 21.93808915152288], [80.34477703326621, 21.93810075699735], [80.34768197396711, 21.93811231114058], [80.35058691658735, 21.938123813952433], [80.3505992174059, 21.935413597712984], [80.35350410692246, 21.935425047635317], [80.3564089983411, 21.935436446232977], [80.35931389165329, 21.935447793505833], [80.35932602554294, 21.93273757171395], [80.36223086573371, 21.93274886612486], [80.36513570780076, 21.93276010921767], [80.36514772980969, 21.93004988345961], [80.3680525187463, 21.930061073711208], [80.36806448389801, 21.92735084553114], [80.37096921970387, 21.92736198295542], [80.37098112801546, 21.924651752360532], [80.37099303447685, 21.92194152086683], [80.37389766217876, 21.921952603968844], [80.37390951182581, 21.91924237006765], [80.37681408640472, 21.91925340037715], [80.37682587925448, 21.916543164075637], [80.37683767027163, 21.913832926875696], [80.37974213677967, 21.91384390291186], [80.37975387102531, 21.91113366331893], [80.38265828441808, 21.91114458659739], [80.38264660511163, 21.913854827677994], [80.38263492398976, 21.916565067860365], [80.38262324105234, 21.919275307144424], [80.38261155629922, 21.92198554553006], [80.38551619131582, 21.921996423468418], [80.38550455972033, 21.924706662436474], [80.38840925151788, 21.92471749055752], [80.38839767309712, 21.927427730101016], [80.39130242167595, 21.927438508390686], [80.39129089644698, 21.93014874850267], [80.39419570180739, 21.93015947694694], [80.3941842297873, 21.932869717620445], [80.3970890919296, 21.93288039620526], [80.39707767313548, 21.93559063743332], [80.39998259205997, 21.93560126614465], [80.39997122650891, 21.938311507920293], [80.40287620221588, 21.93832208674408], [80.4057811796798, 21.93833261423395], [80.40868615889217, 21.938343090389772], [80.41159113984439, 21.938353515211414], [80.41449612252795, 21.93836388869875], [80.41740110693428, 21.938374210851656], [80.42030609305486, 21.93838448167001], [80.42321108088112, 21.938394701153683], [80.42611607040453, 21.93840486930256], [80.42610519832434, 21.941115122882017], [80.42609432455536, 21.94382537556315], [80.42608344909752, 21.946535627345863], [80.42607257195066, 21.94924587823007], [80.4260616931146, 21.951956128215688], [80.42896695954703, 21.951966251912488], [80.4289561340914, 21.95467650237614], [80.42894530695484, 21.957386751941087], [80.43185068521635, 21.95739682700743], [80.43183991148572, 21.960107077043396], [80.43474534650683, 21.960117102088528], [80.43473462619923, 21.96282735258855], [80.43764011798027, 21.962837327598425], [80.43762945111277, 21.96554757855553], [80.44053499965399, 21.965557503516095], [80.44344054984248, 21.96556737707127], [80.44634610166969, 21.965577199220938], [80.44633559848599, 21.96828745330524], [80.44924120705683, 21.96829722537735], [80.44923075736486, 21.971007479890904], [80.449220306051, 21.973717733505563], [80.44920985311511, 21.97642798622123], [80.45211562869989, 21.976437710844127], [80.45210522928967, 21.979147963981998], [80.45209482826571, 21.981858216220736], [80.45208442562787, 21.98456846756028], [80.45499036829587, 21.98457814469236], [80.45498001921764, 21.98728839644704], [80.45496966853383, 21.989998647302382], [80.45787572316343, 21.9900082755945], [80.45786542606477, 21.99271852685796], [80.46077153748257, 21.992728104981637], [80.46076129398622, 21.995438356646233], [80.4636674621925, 21.995447884587417], [80.46657363197912, 21.99545736104541], [80.46656349731063, 21.998167614390816], [80.46946972387758, 21.99817704064516], [80.46945964285432, 22.00088729437079], [80.47236592620186, 22.000896670407446], [80.47527221110431, 22.000905994946567], [80.47526223896938, 22.003616250311232], [80.47816858064425, 22.003625524611518], [80.4781586621975, 22.006335780335494], [80.48106506064508, 22.00634500438289], [80.48397146062213, 22.006354176918432], [80.48396165112419, 22.00906443423964], [80.48686810786576, 22.00907355650115], [80.48977456611982, 22.0090826272436], [80.49268102587777, 22.00909164646688], [80.49558748713109, 22.009100614170876], [80.49849394987116, 22.00910953035549], [80.50140041408946, 22.009118395020618], [80.50430687977742, 22.00912720816613], [80.50721334692643, 22.009135969791934], [80.50722271447188, 22.00642570276315], [80.51012912782879, 22.006434411687152], [80.51303554262952, 22.006443069098225], [80.51304479825033, 22.00373279881341], [80.51304479826254, 22.003732795236342], [80.51546676565077, 22.003739972998623], [80.51547597381334, 22.00102970084111], [80.51548518054803, 21.998319427784775], [80.51257893023381, 21.99831081680848], [80.51256966829219, 22.00102108511919], [80.51014774809909, 22.001013872568443], [80.5101384386858, 22.003724142577294], [80.50723208056493, 22.00371543483523], [80.50432572389637, 22.00370667558734], [80.50141936868862, 22.00369786483372], [80.5014098921238, 22.006408130376773], [80.49850348314976, 22.006399266914613], [80.4955970756538, 22.00639035193995], [80.4926906696445, 22.00638138545289], [80.48978426513041, 22.00637236745355], [80.48979396263722, 22.003662106764104], [80.48688761486208, 22.003653038483463], [80.48398126859918, 22.003643918697737], [80.48399107505543, 22.000933659577655], [80.48108478553965, 22.000924489531783], [80.47817849755309, 22.00091526798805], [80.47818841292414, 21.998205010465192], [80.47528218169289, 21.998195738682462], [80.47529215073527, 21.995485481518998], [80.47238597625906, 21.99547615951131], [80.46947980333749, 21.99546678602007], [80.46948988123421, 21.992756530495633], [80.46658376507584, 21.992747106800593], [80.46659389660095, 21.990036851656455], [80.46368783720553, 21.990027377771657], [80.4636980223419, 21.987317123014815], [80.46079201970915, 21.987307598954303], [80.46080225843964, 21.98459734459173], [80.4578963125693, 21.984587770369554], [80.45790660487681, 21.98187751640824], [80.45791689558757, 21.97916726154782], [80.45501106163603, 21.97915763848536], [80.45502140589826, 21.976447384033214], [80.45503174855546, 21.973737128682092], [80.45504208960772, 21.971026872432066], [80.45505242905521, 21.96831661528324], [80.45506276689808, 21.9656063572357], [80.45796832519461, 21.96561597376214], [80.45797860632764, 21.962905713508917], [80.45507310313644, 21.962896098289526], [80.45216760154959, 21.962886431671144], [80.44926210157567, 21.962876713653884], [80.44635660322322, 21.96286694423786], [80.44345110650082, 21.9628571234232], [80.44346166152056, 21.960146868876386], [80.44055622153282, 21.960136998005144], [80.43765078319205, 21.96012707574248], [80.43766144674831, 21.9574168229878], [80.43475606515035, 21.957406850689708], [80.43476678212991, 21.954696598392182], [80.43186145727447, 21.954686576072696], [80.43187222766024, 21.95197632423931], [80.43188299637377, 21.949266071507335], [80.4289777833219, 21.949256000550196], [80.42898860541614, 21.94654574828937], [80.42899942582991, 21.94383549513008], [80.42901024456332, 21.94112524107243], [80.42902106161655, 21.938414986116502], [80.42903187698973, 21.93570473026238], [80.4319368148632, 21.935714794371847], [80.43194757354642, 21.933004536250237], [80.43195833055843, 21.930294277230676], [80.43486316009144, 21.9303042872872], [80.43487386043927, 21.92759402600746], [80.4348845591247, 21.924883763829982], [80.43778928034233, 21.924893719861576], [80.43779992238936, 21.922183455431238], [80.44070459028441, 21.9221933588141], [80.44071517571012, 21.919483092138066], [80.44361979028231, 21.919492942886098], [80.44363031910379, 21.916782673971532], [80.44653488035283, 21.916792472098617], [80.44654535258715, 21.914082200952702], [80.44944986051279, 21.914091946472734], [80.44946027617704, 21.911381673102632], [80.45236473077898, 21.911391366029523], [80.45526918699123, 21.91140100769023], [80.4552794911682, 21.908690730790017], [80.45818389404782, 21.908700319878335], [80.46108829852054, 21.908709857707226], [80.4639927045778, 21.908719344276566], [80.4668971122111, 21.908728779586244], [80.46980152141188, 21.90873816363615], [80.46979149190834, 21.911448446997035], [80.47269595760315, 21.91145778105824], [80.4756004248485, 21.911467063852466], [80.47559050367326, 21.91417734885221], [80.47849502740449, 21.914186581636606], [80.47848515963956, 21.916896866997053], [80.48138973985694, 21.916906049757603], [80.48137992551939, 21.919616335471762], [80.4842845622232, 21.919625468194425], [80.48427480133009, 21.92233575425532], [80.4842650389201, 21.925046039419474], [80.48716978708902, 21.92505512332673], [80.48716007814897, 21.92776540883059], [80.48715036770034, 21.930475693437582], [80.48714065574296, 21.9331859771476], [80.48713094227669, 21.935896259960558], [80.4842259741086, 21.93588717110682], [80.48421620411217, 21.938597451785903], [80.48420643259809, 21.94130773156771], [80.4813013558969, 21.941298588896213], [80.48129152782688, 21.94400886653684], [80.48128169823039, 21.94671914327997], [80.478376512971, 21.946709946762702], [80.47836662679279, 21.949420221357357], [80.4812718671073, 21.949429419125515], [80.48126203445746, 21.952139694073374], [80.48416733136244, 21.95214884172039], [80.48707262978577, 21.95215793799521], [80.48997792971886, 21.95216698289773], [80.48996826075951, 21.95487726065885], [80.49287361726654, 21.954886255412], [80.49286400188711, 21.957596533498478], [80.49576941496831, 21.95760547808821], [80.49867482953388, 21.957614371291356], [80.49866532284155, 21.96032465090536], [80.50157079397313, 21.96033349392396], [80.5015613409036, 21.963043773842422], [80.50446686860145, 21.96305256666244], [80.50737239775827, 21.963061308081567], [80.5073630534362, 21.965771589485765], [80.51026863915108, 21.965780280685188], [80.51025934849471, 21.968490562372917], [80.51268071696812, 21.968497763177385], [80.51268071695594, 21.968497766748143], [80.51267147079488, 21.971208048517177], [80.51557716938834, 21.971216647805427], [80.5155863604244, 21.96850636486783], [80.51559555003404, 21.96579608103247], [80.51560473821738, 21.96308579629942], [80.51294133249903, 21.96307791683123], [80.51027792836548, 21.963069998099687], [80.51028721613802, 21.960359714616523], [80.50738174062992, 21.960351025779648], [80.5073910820513, 21.9576407425801], [80.50448566308393, 21.9576320035374], [80.50158024557528, 21.957623213107784], [80.50158969571015, 21.95491293139398], [80.4986843347504, 21.95490409077967], [80.49869383849122, 21.952193809370414], [80.49578853408013, 21.952184918585438], [80.49579809140981, 21.9494746374877], [80.49289284354712, 21.949465696546103], [80.48998759717698, 21.949456704238983], [80.48999726313401, 21.946746424682697], [80.48709207332044, 21.946737382240077], [80.48710179282345, 21.944027103016225], [80.48711151081707, 21.941316822894958], [80.49001659054532, 21.94132586287785], [80.49002625199986, 21.93861558062947], [80.49003591195381, 21.93590529748391], [80.4900455704073, 21.93319501344124], [80.4900552273605, 21.93048472850156], [80.49006488281347, 21.927774442664965], [80.4900745367664, 21.925064155931526], [80.49008418921937, 21.922353868301347], [80.49009384017255, 21.919643579774508], [80.48718920044375, 21.91963454962871], [80.48719890485872, 21.916924261434737], [80.48720860776558, 21.914213972344232], [80.4843040794592, 21.914204893382735], [80.48431383580238, 21.91149460463212], [80.48140936395666, 21.911485475639516], [80.48141917371905, 21.90877518723577], [80.47851475833373, 21.90876600822609], [80.47561034448174, 21.908756777956185], [80.4756202625731, 21.906046491163465], [80.47271590518965, 21.906037210897612], [80.46981154935646, 21.906027879378733], [80.46690719508211, 21.90601849660695], [80.46400284237511, 21.906009062582378], [80.46109849124397, 21.905999577305124], [80.45819414169728, 21.90599004077531], [80.45528979374355, 21.905980452993045], [80.45238544739131, 21.905970813958447], [80.44948110264912, 21.90596112367163], [80.44947069022243, 21.908671398835573], [80.44656629217334, 21.908661655969667], [80.44655582319395, 21.911371928909688], [80.44365137183824, 21.9113621334508], [80.44074692211846, 21.91135228672609], [80.44075750096546, 21.908642016461098], [80.44076807816813, 21.90593174529909], [80.44077865372661, 21.903221473240162], [80.43787437042646, 21.903211579293558], [80.43788499924887, 21.900501307685623], [80.43789562641881, 21.89779103518088], [80.43499145457838, 21.897781092699237], [80.4350021349868, 21.89507082065251], [80.43209801969783, 21.895060828302007], [80.43210875332763, 21.892350556720256], [80.42920469458986, 21.89234051451492], [80.42921548142397, 21.889630243405122], [80.42631147923707, 21.889620151359], [80.42632231925846, 21.88690988072811], [80.42341837362218, 21.886899738855227], [80.4205144296803, 21.886889545780196], [80.42052537772778, 21.884179277024604], [80.41762149034462, 21.884169034143948], [80.41471760467277, 21.884158740068365], [80.4118137207208, 21.88414839479798], [80.4089098384972, 21.88413799833292], [80.40600595801051, 21.88412755067332], [80.40310207926929, 21.8841170518193], [80.40019820228204, 21.88410650177098], [80.40018687024721, 21.886816760605225], [80.39728294016774, 21.886806157917484], [80.39437901185946, 21.886795504028733], [80.39436756833558, 21.889505759068356], [80.39146358694406, 21.889495052519464], [80.39145208676881, 21.892205305202552], [80.38854805229433, 21.89219454597962], [80.38853649545064, 21.894904796299002], [80.38563240789354, 21.89489398438815], [80.38564401961696, 21.89218373554211], [80.38273998874521, 21.892172873890132], [80.38275165353407, 21.88946262562687], [80.38276331650891, 21.886752376466173], [80.38277497766991, 21.88404212640813], [80.3798711131994, 21.884031218003383], [80.37988282739198, 21.881320968535157], [80.37989453976249, 21.878610718169703], [80.37990625031108, 21.875900466907122], [80.37991795903788, 21.8731902147475], [80.3799296659431, 21.87047996169092], [80.37994137102685, 21.867769707737473], [80.37703783732148, 21.86775875710294], [80.37704959537788, 21.865048503746436], [80.37706135160462, 21.862338249493185], [80.37415792930818, 21.862327250708752], [80.37416973848218, 21.859616997059437], [80.37126637280038, 21.859605948645402], [80.37127823490457, 21.856895695606983], [80.37129009516248, 21.854185441671966], [80.36838684085443, 21.8541743451568], [80.36839875401712, 21.85146409183966], [80.36549555631443, 21.851452945729882], [80.36550752236485, 21.848742693037575], [80.36551948655246, 21.846032439448837], [80.3626164001883, 21.846021245286686], [80.36262841723824, 21.843310992329762], [80.35972538747012, 21.843299748607976], [80.35973745736533, 21.840589496289827], [80.35683448419293, 21.840578203022435], [80.35684660691639, 21.837867951350002], [80.35394369033938, 21.837856608551036], [80.35395586587406, 21.835146357531272], [80.3568587277521, 21.83515769878132], [80.35976159151774, 21.835168988964774], [80.35977365577524, 21.832458733958052], [80.3626764667292, 21.832469971539865], [80.36268847442555, 21.829759714102273], [80.36559123256748, 21.8297708990963], [80.36560318371971, 21.82706063923502], [80.36561513301035, 21.824350378478023], [80.36851778367445, 21.824361509377336], [80.36852967644667, 21.82165124620396], [80.36854156736615, 21.818940982135096], [80.36855345643306, 21.81623071717084], [80.37145594500407, 21.816241792489766], [80.37146777758691, 21.81353152511659], [80.37147960832601, 21.810821256848246], [80.37149143722151, 21.80811098768483], [80.36858911251986, 21.808099916906546], [80.36860099417801, 21.80538964836158], [80.36569872593427, 21.805378528106285], [80.36568678967016, 21.80808879513085], [80.3656748515456, 21.810799061260308], [80.36566291156043, 21.813509326494586], [80.36565096971447, 21.816219590833583], [80.36563902600759, 21.818929854277215], [80.36562708043958, 21.82164011682539], [80.36272448629377, 21.821628936414672], [80.36271248420768, 21.82433919653959], [80.35980983727491, 21.824327963562183], [80.35979777865367, 21.827038221256668], [80.35978571815384, 21.829748478055325], [80.3568829637609, 21.829737190955587], [80.35398021125522, 21.8297258528032], [80.35396803951261, 21.832436105615297], [80.35106523422095, 21.83242471485462], [80.34816243083378, 21.832413273034593], [80.34815014781482, 21.835123521831925], [80.34524729165065, 21.835112027382902], [80.34234443740816, 21.835100481867833], [80.33944158509586, 21.83508888528686], [80.33653873472224, 21.83507723764012], [80.33363588629585, 21.83506553892776], [80.33364844276298, 21.83235529804907], [80.33074565098147, 21.832343549875866], [80.32784286116404, 21.832331750644308], [80.32785552503667, 21.829621512085236], [80.32495279187215, 21.82960966341399], [80.32496550844411, 21.826899425576837], [80.32206283193213, 21.826887527479936], [80.32207560118643, 21.824177290371658], [80.31917298132666, 21.824165342863132], [80.31918580324623, 21.82145510649066], [80.31628324003835, 21.821443109584543], [80.31629611460615, 21.818732873954822], [80.31630898716813, 21.81602263742867], [80.31340653524884, 21.816010592785116], [80.31341946043369, 21.813300357008682], [80.31051706515693, 21.813288263002505], [80.31053004294765, 21.810578027982736], [80.30762770431306, 21.81056588462797], [80.3076407346926, 21.80785565037181], [80.30765376304147, 21.805145415219382], [80.30475153565119, 21.80513322419685], [80.30184931029993, 21.80512098218699], [80.30183617274625, 21.80783121399884], [80.3018230331449, 21.810541444914296], [80.3047253677093, 21.810553690271774]], [[80.5128026014063, 22.003732077459762], [80.51280260151623, 22.00373207746009], [80.51304479825033, 22.00373279881341], [80.5128026014063, 22.003732077459762]], [[80.51281186000891, 22.001021806373366], [80.51281186000324, 22.00102180637335], [80.51547597381334, 22.00102970084111], [80.51281186000891, 22.001021806373366]], [[80.43197983956932, 21.924873756498016], [80.43196908589934, 21.92758401731324], [80.42906431303034, 21.92757395731179], [80.42905350269648, 21.930284215859942], [80.42614867651416, 21.930274103175094], [80.42613780949931, 21.93298435944901], [80.42323293000395, 21.932974194066897], [80.42032805220545, 21.932963977363944], [80.42031707348293, 21.935674229966107], [80.41741214238036, 21.93566396054512], [80.41450721299188, 21.935653639796577], [80.41160228532604, 21.93564326772057], [80.40869735939138, 21.935632844317254], [80.40579243519646, 21.935622369586746], [80.40580368896482, 21.93291212404102], [80.4028988215269, 21.932901599415683], [80.39999395584564, 21.932891023470383], [80.40000531786612, 21.93018077989759], [80.39710050894995, 21.930170154078624], [80.3971119241967, 21.927459911053493], [80.39420717204531, 21.92744923537489], [80.39421864050126, 21.92473899290438], [80.39131394511438, 21.924728267380193], [80.39132546676242, 21.922018025471274], [80.38842082813973, 21.922007250115534], [80.3884324029628, 21.919297008775175], [80.38844397598724, 21.916586766536504], [80.38553944908499, 21.916575942837078], [80.38555107525899, 21.913865701173957], [80.38556269962612, 21.911155458612665], [80.38557432218656, 21.908445215153286], [80.38558594294044, 21.905734970795898], [80.38559756188792, 21.903024725540615], [80.38850181413542, 21.90303554187177], [80.38851337637134, 21.900325294245167], [80.38852493680969, 21.89761504572088], [80.39142908105245, 21.89762580787656], [80.39144058480498, 21.894915556988284], [80.39434467594805, 21.894926266455876], [80.39435612303183, 21.89221601321077], [80.39726016107488, 21.892226670004145], [80.39727155150699, 21.889516414409393], [80.40017553644974, 21.889527018542434], [80.40307952315528, 21.889537571467347], [80.40598351161513, 21.889548073184013], [80.40599473568562, 21.88683781237713], [80.40889867102749, 21.886848261461044], [80.41180260810641, 21.88685865934344], [80.41470654691389, 21.886869006024174], [80.41469548743501, 21.889579271083228], [80.41759948282663, 21.88958956796562], [80.42050347992988, 21.889599813639126], [80.42049252847637, 21.892310080601305], [80.42339658215568, 21.892320276455326], [80.42630063752969, 21.892330421093252], [80.42628979413612, 21.895040689930752], [80.4291939060781, 21.895050784728046], [80.42918311588858, 21.89776105404439], [80.43208728439879, 21.897771098987032], [80.43207654743038, 21.90048136877525], [80.43206580879244, 21.90319163766656], [80.4349700887789, 21.90320163410232], [80.43495940338752, 21.905911903458495], [80.4349487163349, 21.908622171917642], [80.43785310782374, 21.908632119818673], [80.43784247404317, 21.911342388735672], [80.43783183860958, 21.914052656755516], [80.43782120152284, 21.916762923878117], [80.43491664520803, 21.91675297191203], [80.43490595150894, 21.919463236782185], [80.43489525614788, 21.922173500754862], [80.4348845591247, 21.924883763829982], [80.43197983956932, 21.924873756498016]], [[80.34770668371365, 21.932691880892023], [80.34480185303248, 21.932680329892662], [80.34189702427886, 21.932668727576033], [80.33899219746134, 21.93265707394227], [80.33900471444669, 21.92994686220516], [80.33609994457036, 21.92993515884721], [80.33319517664705, 21.92992340417939], [80.33320780166379, 21.927213194735135], [80.33030309068972, 21.92720139036431], [80.33031576872422, 21.924491181627054], [80.32741111469905, 21.924479327567262], [80.32742384573423, 21.921769119543974], [80.32743657479125, 21.919058910621118], [80.32453203267639, 21.919047008506887], [80.32454481470862, 21.916336800304975], [80.32455759475451, 21.913626591203595], [80.32457037281422, 21.91091638120285], [80.32458314888794, 21.908206170302822], [80.32459592297583, 21.905495958503604], [80.32460869507804, 21.90278574580528], [80.32462146519477, 21.900075532207943], [80.32752562281664, 21.900087422980384], [80.3275383360546, 21.8973772068641], [80.33044244075967, 21.897389044790863], [80.33045509713595, 21.89467882616283], [80.33046775154432, 21.89196860663616], [80.33337174845556, 21.89198039012518], [80.333384346028, 21.88927016809409], [80.33048040398491, 21.88925838621095], [80.33049305445792, 21.88654816488729], [80.33050570296352, 21.883837942665263], [80.32760187259841, 21.8838261128028], [80.32761457397913, 21.881115891295178], [80.32471080043204, 21.881104011861613], [80.32472355467087, 21.87839379107535], [80.32473630692569, 21.875683569390873], [80.32183264502129, 21.875671642026763], [80.32184545010878, 21.87296142107062], [80.31894184501303, 21.872949444170406], [80.31895470291613, 21.870239223949547], [80.31896755881871, 21.86752900283062], [80.31606406533034, 21.86751697804863], [80.31607697402312, 21.864806757671964], [80.31608988070718, 21.862096536397342], [80.3161027853827, 21.85938631422486], [80.31611568804985, 21.856676091154604], [80.31612858870879, 21.853965867186666], [80.31614148735972, 21.851255642321135], [80.3190446522326, 21.8512676572626], [80.31905749413625, 21.848557429859692], [80.31907033404072, 21.845847201559423], [80.32197339144231, 21.845859162128534], [80.32198617462524, 21.84314893129822], [80.3248891792946, 21.843160839148723], [80.32490190577302, 21.840450605795542], [80.32780485770982, 21.840462460941293], [80.33070781161972, 21.8404742650079], [80.33072042670467, 21.837764027527285], [80.33362332787298, 21.83777577890984], [80.3365262309972, 21.837787479219937], [80.3394291360688, 21.837799128457437], [80.34233204307925, 21.837810726622195], [80.34523495202006, 21.837822273714078], [80.34813786288271, 21.837833769732935], [80.34812557603728, 21.840544016737528], [80.35102854352039, 21.84055546324615], [80.35101630947717, 21.843265710917215], [80.35391933358106, 21.843277107901564], [80.35682235958156, 21.843288453798536], [80.3568102330821, 21.84599870367821], [80.35971331569536, 21.846010000029764], [80.35970124204086, 21.848720250555093], [80.35968916650651, 21.85143050018388], [80.36259236047471, 21.85144174851124], [80.36258033781073, 21.854151998778704], [80.36548358840102, 21.85416319752567], [80.36547161862444, 21.85687344842484], [80.36545964698458, 21.85958369842731], [80.368363008965, 21.85959484910132], [80.36835109023797, 21.86230509972853], [80.37125450884979, 21.86231620078716], [80.37124264305264, 21.86502645203214], [80.37123077540875, 21.86773670238027], [80.37413430544593, 21.867747755317165], [80.37412249075734, 21.87045800627608], [80.37411067423025, 21.87316825633803], [80.37701431571901, 21.873179261125372], [80.37700255217263, 21.875889511791105], [80.37699078679597, 21.878599761559748], [80.37697901958884, 21.881310010431207], [80.37696725055113, 21.88402025840537], [80.37695547968264, 21.886730505482188], [80.37694370698324, 21.889440751661542], [80.37984767934739, 21.889451714247812], [80.37983595968765, 21.892161961023845], [80.37982423820522, 21.894872206902296], [80.37981251489992, 21.89758245188308], [80.37980078977164, 21.90029269596611], [80.37978906282017, 21.9030029391513], [80.37977733404541, 21.905713181438557], [80.37687303232883, 21.905702209886186], [80.37686124680864, 21.90841244978088], [80.3739568920023, 21.908401425478026], [80.37394504971961, 21.91111166297298], [80.37393320559607, 21.91382189956963], [80.37102874276154, 21.913810820993795], [80.37101684184974, 21.916521055183374], [80.37100493908822, 21.91923128847442], [80.36810036820052, 21.919220155597593], [80.36808840862497, 21.921930386474244], [80.36518378463165, 21.9219192007912], [80.36517176822498, 21.92462942924629], [80.36515974995105, 21.927339656802456], [80.3622550178715, 21.92732841676949], [80.35935028766792, 21.927317125432385], [80.35933815754778, 21.93002734902277], [80.35643337423954, 21.930016004837807], [80.35642118723702, 21.932726225985075], [80.35351635082445, 21.932714828938366], [80.35061151631382, 21.932703380573965], [80.34770668371365, 21.932691880892023]]], [[[80.3017967477984, 21.815961904055726], [80.30180989149568, 21.813251674933294], [80.3018230331449, 21.810541444914296], [80.29892070062837, 21.810529148555695], [80.29890750435999, 21.813239376893826], [80.29889430603505, 21.81594960433533], [80.3017967477984, 21.815961904055726]]], [[[80.3017967477984, 21.815961904055726], [80.30178360205294, 21.81867213228151], [80.30468610050086, 21.81868438266085], [80.30469919160998, 21.815974152761058], [80.3017967477984, 21.815961904055726]]], [[[80.29302285967857, 21.82947595868925], [80.2930095396537, 21.832186177365635], [80.29591230523779, 21.832198589286264], [80.29592557058426, 21.82948836891463], [80.29302285967857, 21.82947595868925]]], [[[80.29591230523779, 21.832198589286264], [80.29589903782504, 21.834908808760584], [80.29880186016251, 21.83492117131294], [80.29881507288817, 21.83221095015029], [80.29591230523779, 21.832198589286264]]], [[[80.2987754285372, 21.840341610946144], [80.3016783623327, 21.84035392579766], [80.3016915244701, 21.837643704748288], [80.30170468455792, 21.834933482801553], [80.29880186016251, 21.83492117131294], [80.29878864537892, 21.837631391578253], [80.2987754285372, 21.840341610946144]]], [[[80.30435815936454, 21.886439838503808], [80.30437130152238, 21.883729631047682], [80.30438444163622, 21.881019422692745], [80.30148068420114, 21.881007133794117], [80.30146748924645, 21.883717340473563], [80.30145429223921, 21.88642754625414], [80.30435815936454, 21.886439838503808]]], [[[80.2985504271666, 21.88641520280805], [80.29853717324889, 21.889125406007068], [80.30144109317924, 21.88913775113575], [80.30145429223921, 21.88642754625414], [80.2985504271666, 21.88641520280805]]], [[[80.29811195848447, 21.975851433157583], [80.29809863644655, 21.97856160663886], [80.30100437147323, 21.978574007327552], [80.30391010855857, 21.978586356582394], [80.30392332031695, 21.97587617973885], [80.30101763837145, 21.975863832161643], [80.29811195848447, 21.975851433157583]]], [[[80.31923707095139, 21.810614152037015], [80.31922425702072, 21.81332439199482], [80.31921144109307, 21.816034631056414], [80.32211389701516, 21.816046573668206], [80.32210113372776, 21.818756813465704], [80.32500364627602, 21.81876870668661], [80.32499093564589, 21.82147894721307], [80.32789350482066, 21.821490791029053], [80.32788084686483, 21.824201032277525], [80.33078347266644, 21.82421282667457], [80.33077086740192, 21.826923068638106], [80.3336735498307, 21.826934813602175], [80.33657623421473, 21.82694650752169], [80.33947892054549, 21.8269581503965], [80.33946647733404, 21.829668396256306], [80.34236922027559, 21.829679989669877], [80.345271965147, 21.829691532031497], [80.3452842990131, 21.826981283011435], [80.34818699113292, 21.826992772751293], [80.3510896851654, 21.827004211445878], [80.35110190778133, 21.824293958397462], [80.35400454905322, 21.824305344490988], [80.35690719222059, 21.824316679545937], [80.35691930361993, 21.821606422497368], [80.35693141313247, 21.81889616455308], [80.35983394888223, 21.818907445486065], [80.35984600186862, 21.816197185104617], [80.35985805297706, 21.813486923827686], [80.3598701022077, 21.810776661655368], [80.35988214956068, 21.808066398587748], [80.3569798323179, 21.80805512382062], [80.35699193239887, 21.805344861399114], [80.3540896716474, 21.805333537183397], [80.35407751696113, 21.80804379805662], [80.35406536038033, 21.8107540580345], [80.35405320190489, 21.813464317116978], [80.35404104153463, 21.816174575303958], [80.35402887926935, 21.818884832595337], [80.35112634730139, 21.818873449612976], [80.35111412849326, 21.821583704453133], [80.34821154378142, 21.821572268883756], [80.34819926841341, 21.82428252126551], [80.345296630958, 21.824271033095265], [80.3423939954236, 21.82425949388687], [80.33949136181873, 21.82424790364046], [80.33658873015189, 21.82423626235618], [80.3366012241425, 21.82152601629447], [80.33369864907748, 21.8215143255699], [80.33371119576842, 21.818804080209457], [80.33080867730486, 21.81879234005863], [80.33082127667912, 21.816082095406408], [80.32791881481668, 21.81607030584335], [80.32793146685722, 21.813360061906284], [80.3250290615956, 21.81334822294502], [80.3250417662854, 21.810637979730057], [80.32213941762424, 21.810626091384613], [80.32215217494627, 21.807915848898705], [80.31924988288525, 21.80790391118311], [80.31926269282249, 21.805193669433184], [80.31636045736127, 21.805181682361475], [80.31345822390502, 21.805169644301838], [80.31344530476163, 21.807879882766958], [80.31634759282086, 21.807891922472482], [80.31633472627533, 21.81060216168741], [80.31923707095139, 21.810614152037015]]], [[[80.3075755624847, 21.82140681268823], [80.30758860098865, 21.818696582018006], [80.30468610050086, 21.81868438266085], [80.30467300735187, 21.821394611663976], [80.30465991216283, 21.824104839770335], [80.30756252194922, 21.824117042461758], [80.30754947938203, 21.826827271338484], [80.31045214586236, 21.82683942465388], [80.31046513376731, 21.824129194116903], [80.31047811964906, 21.82141896268318], [80.3075755624847, 21.82140681268823]]], [[[80.31045214586236, 21.82683942465388], [80.31043915593405, 21.82954965429404], [80.31334187910866, 21.82956175821937], [80.31335481436605, 21.826851526925868], [80.31045214586236, 21.82683942465388]]], [[[80.31334187910866, 21.82956175821937], [80.31332894183626, 21.832271988616025], [80.31623172170552, 21.83228404313726], [80.3162446042983, 21.82957381109418], [80.31334187910866, 21.82956175821937]]], [[[80.31330306124573, 21.837692446718403], [80.31329011792725, 21.84040267442396], [80.31619306188645, 21.840414733884845], [80.31620595049975, 21.83770450453268], [80.31330306124573, 21.837692446718403]]], [[[80.31327717259309, 21.843112901232306], [80.31329011792725, 21.84040267442396], [80.31038717598378, 21.840390563884643], [80.31037417593609, 21.843100789039344], [80.31036117386401, 21.845811013296693], [80.31326422524305, 21.845823127143355], [80.31327717259309, 21.843112901232306]]], [[[80.30743200482226, 21.851219290858523], [80.310335163646, 21.851231459118946], [80.31034816976738, 21.848521236656588], [80.31036117386401, 21.845811013296693], [80.30745812450955, 21.845798848357806], [80.30744506568253, 21.848509070056966], [80.30743200482226, 21.851219290858523]]], [[[80.31021801741232, 21.875623420876334], [80.31020499103418, 21.878333634358434], [80.31310869974237, 21.878345768054277], [80.3131216712962, 21.875635552917746], [80.31021801741232, 21.875623420876334]]], [[[80.31310869974237, 21.878345768054277], [80.31309572617046, 21.881055982292352], [80.31599949172978, 21.881068066459623], [80.31601241046869, 21.878357850574037], [80.31310869974237, 21.878345768054277]]], [[[80.31620595049975, 21.83770450453268], [80.3191088417608, 21.837716511275367], [80.31912167367027, 21.835006279386565], [80.31913450358144, 21.832296046600852], [80.31623172170552, 21.83228404313726], [80.31621883710606, 21.834994274283456], [80.31620595049975, 21.83770450453268]]], [[[80.32192223880413, 21.856700076476848], [80.32190944566712, 21.859410302820237], [80.32189665053876, 21.86212052826597], [80.32188385341894, 21.864830752813965], [80.32187105430745, 21.867540976464138], [80.32477455178801, 21.86755289894904], [80.3247618054841, 21.87026312332763], [80.32766535974756, 21.87027499628315], [80.32765266626829, 21.87298522138321], [80.32763997081392, 21.875695445585297], [80.33054363667742, 21.875707270609887], [80.33053099407309, 21.878417495526477], [80.33343471672886, 21.87842927098668], [80.33342212699165, 21.88113949661081], [80.33632590644001, 21.881151222492583], [80.33631336958697, 21.883861448817317], [80.33630083078374, 21.886571674243896], [80.33920472187644, 21.88658335212501], [80.33921720582825, 21.883873125106625], [80.3421210440112, 21.8838847502046], [80.34213347117827, 21.881174520703347], [80.3392296878384, 21.88116289719015], [80.33924216790702, 21.87845266837565], [80.336338441343, 21.878440995269784], [80.33635097429615, 21.875730767149], [80.33344730450767, 21.875719044464503], [80.33345989032826, 21.87300881704438], [80.3334724741908, 21.8702985887264], [80.33056891598596, 21.870286818082782], [80.33058155269053, 21.867576590472442], [80.32767805125187, 21.86756477028519], [80.32769074078142, 21.86485454338944], [80.32770342833635, 21.86214431559597], [80.32771611391682, 21.85943408690488], [80.32772879752304, 21.856723857316258], [80.32774147915512, 21.85401362683019], [80.33064470672286, 21.85402543895638], [80.33065733163241, 21.85131520596092], [80.33356050641679, 21.851326965367893], [80.33357307462083, 21.84861672987023], [80.33647619662152, 21.848628436571843], [80.33937932057026, 21.84864009217296], [80.34228244645853, 21.848651696673446], [80.34518557427778, 21.84866325007314], [80.34517322503643, 21.85137349192106], [80.34807640951924, 21.851384995789967], [80.34806411310484, 21.854095238311153], [80.35096735425155, 21.85410669263523], [80.35095511068114, 21.856816935822728], [80.35385840849204, 21.856828340587946], [80.3538462177827, 21.85953858443481], [80.35383402517579, 21.862248827384654], [80.35673743442689, 21.862260184126406], [80.35672529470644, 21.864970427728636], [80.35962876063105, 21.86498173487654], [80.35961667381412, 21.867691979124192], [80.36252019641262, 21.867703236664216], [80.36250816251624, 21.870413481550347], [80.36249612674723, 21.873123725539276], [80.36539976083013, 21.873134934986105], [80.36538777800713, 21.875845179606518], [80.3653757933197, 21.878555423329615], [80.3653638067677, 21.881265666155308], [80.36826760719723, 21.88127682900302], [80.36827953891324, 21.878566584655427], [80.3682914687732, 21.875856339410475], [80.36830339677729, 21.873146093268264], [80.36831532292565, 21.870435846228872], [80.36832724721845, 21.867725598292388], [80.36542372088357, 21.86771444305366], [80.36543569811428, 21.865004195741818], [80.36253222843652, 21.864992990880978], [80.36254425858814, 21.86228274420072], [80.3625562868676, 21.859572496623528], [80.35965292862262, 21.859561243690088], [80.35966500979755, 21.856850996751465], [80.35676170820037, 21.85683969423091], [80.3567738422537, 21.85412944793781], [80.35387059730401, 21.85411809584416], [80.35388278421873, 21.851407850203543], [80.35389496923638, 21.848697603666178], [80.35099183567522, 21.84868620356965], [80.35100407352884, 21.845975957691746], [80.34810099660585, 21.84596450805711], [80.34519792159666, 21.845953007328397], [80.34521026699323, 21.843242763686906], [80.34230724863023, 21.843231213441236], [80.33940423219792, 21.843219612108726], [80.3365012177048, 21.84320795968954], [80.33359820515938, 21.843196256183795], [80.33358564086831, 21.8459064934755], [80.3306825755559, 21.84589473727847], [80.32777951220842, 21.845882929988203], [80.32776683649766, 21.848593163166075], [80.32486372039222, 21.848581303163822], [80.32485098796792, 21.851291533825563], [80.32483825356132, 21.854001763589977], [80.32193502994998, 21.85398984923589], [80.32192223880413, 21.856700076476848]]], [[[80.31597364822258, 21.886488495535254], [80.31887752548363, 21.88650053180058], [80.31889039339192, 21.883790316071387], [80.31890325929884, 21.88108009944369], [80.31599949172978, 21.881068066459623], [80.31598657098114, 21.88377828144673], [80.31597364822258, 21.886488495535254]]], [[[80.31869716452759, 21.924443457615617], [80.31871006047304, 21.92173325447493], [80.31872295441472, 21.919023050434493], [80.315818418285, 21.91901099447662], [80.31580546938211, 21.92172119687562], [80.3157925184669, 21.924431398374807], [80.31869716452759, 21.924443457615617]]], [[[80.32158896962129, 21.927165669436807], [80.3216018125922, 21.924455465561394], [80.31869716452759, 21.924443457615617], [80.3186842665782, 21.927153659856454], [80.31867136662473, 21.929863861197358], [80.32157612465483, 21.92987587241235], [80.32158896962129, 21.927165669436807]]], [[[80.32157612465483, 21.92987587241235], [80.32156327769263, 21.932586074487926], [80.32446809271416, 21.932598036021474], [80.32448088468064, 21.929887832318194], [80.32157612465483, 21.92987587241235]]], [[[80.32446809271416, 21.932598036021474], [80.32445529876033, 21.935308238824778], [80.32736017077366, 21.935320150662854], [80.32737290972305, 21.932609946238756], [80.32446809271416, 21.932598036021474]]], [[[80.32736017077366, 21.935320150662854], [80.32734742984528, 21.938030354186914], [80.33025235885074, 21.93804221631545], [80.3331572898268, 21.938054027113452], [80.33316992072872, 21.935343820368644], [80.33026504476597, 21.935332011177522], [80.32736017077366, 21.935320150662854]]], [[[80.32721991168046, 21.965132339906933], [80.32720714897218, 21.967842533524916], [80.32430161623896, 21.96783060223273], [80.3242887964341, 21.970540793328073], [80.32719438428288, 21.970552726241813], [80.33009997411283, 21.970564607741363], [80.33011268368638, 21.96785441340988], [80.33301822037305, 21.967866241887485], [80.33303087286681, 21.965156045047454], [80.3301253912875, 21.96514421817738], [80.32721991168046, 21.965132339906933]]], [[[80.3213574547395, 21.975949185229872], [80.324263150855, 21.975961172814962], [80.3242759746395, 21.973250983522174], [80.3242887964341, 21.970540793328073], [80.32138321057505, 21.970528809000264], [80.3213703336565, 21.97323899756576], [80.31846469467196, 21.973226960188445], [80.31845176062261, 21.975937146216904], [80.31554606851292, 21.975925055776187], [80.31553307731568, 21.97863523926041], [80.31843882456612, 21.97864733134383], [80.32134457382388, 21.978659371992517], [80.3213574547395, 21.975949185229872]]], [[[80.33040445982162, 21.90551969528231], [80.33039179557196, 21.908229910314944], [80.33037912935356, 21.9109401244485], [80.33036646116621, 21.913650337682892], [80.33035379100977, 21.91636055001803], [80.33034111888408, 21.91907076145384], [80.33324566494633, 21.91908256100491], [80.33323304581327, 21.921792773147804], [80.33613764879865, 21.921804523016622], [80.3361250826753, 21.92451473585967], [80.33902974258413, 21.924526436032206], [80.3419344044371, 21.92453808490869], [80.34192194632017, 21.92724830003063], [80.34482666508855, 21.927259899189654], [80.34773138578416, 21.927271447045367], [80.35063610839845, 21.92728294359764], [80.35354083292285, 21.92729438884633], [80.35355307111958, 21.92458416745142], [80.35645774256513, 21.924595559845596], [80.35936241590359, 21.924606900942887], [80.35937454225488, 21.921896675554358], [80.36227916250544, 21.921907963817873], [80.36229123200886, 21.91919773599369], [80.36230329963678, 21.916487507270716], [80.36520781184383, 21.916498741184657], [80.36521982264965, 21.91378851003336], [80.36523183158884, 21.911078277983503], [80.36813623577734, 21.911089457575887], [80.3681481879202, 21.908379223105033], [80.37105253903663, 21.90839034991937], [80.37106443440024, 21.905680113034695], [80.37107632791478, 21.902969875251845], [80.37398057104569, 21.902980947793555], [80.37399240780674, 21.900270707604207], [80.37400424272755, 21.89756046651691], [80.3740160758083, 21.89485022453175], [80.37402790704911, 21.892139981648818], [80.37112388348523, 21.892128915140354], [80.3711357677567, 21.8894186728679], [80.37114765018003, 21.886708429697805], [80.36824373819645, 21.8866973150058], [80.36823180091137, 21.889407556660803], [80.36821986176962, 21.8921177974181], [80.36820792077104, 21.894828037277602], [80.36819597791548, 21.89753827623921], [80.36818403320277, 21.900248514302856], [80.36817208663277, 21.90295875146843], [80.36526784720822, 21.90294757644343], [80.36525584386797, 21.90565781118845], [80.36524383866157, 21.908368045035168], [80.36233949126922, 21.9083568157099], [80.36232742926681, 21.911067047128732], [80.35942302881979, 21.911055765011717], [80.35941091000429, 21.913765993995472], [80.35939878930508, 21.91647622208056], [80.35649428085723, 21.91646488561434], [80.35648210331915, 21.91917511125703], [80.35357754180889, 21.91916372196426], [80.35356530741487, 21.92187394515736], [80.35066069284251, 21.921862503024155], [80.34775608017995, 21.921851009601333], [80.34485146943574, 21.92183946488903], [80.34194686061844, 21.921827868887387], [80.34195931486431, 21.91911765196679], [80.33905476294501, 21.919106006261522], [80.33615021296949, 21.919094309274186], [80.33616277518799, 21.916384094632424], [80.3361753354543, 21.913673879091444], [80.3361878937686, 21.91096366265133], [80.33620045013102, 21.908253445312162], [80.33621300454178, 21.905543227074048], [80.336225557001, 21.902833007937062], [80.33912977738147, 21.902844695370245], [80.33914227298672, 21.900134473742323], [80.33915476664932, 21.897424251215764], [80.34205887917555, 21.897435884238458], [80.34207131600992, 21.894725659228303], [80.34208375091052, 21.892015433319745], [80.3391797481472, 21.89200380346712], [80.33916725836941, 21.89471402779067], [80.33626320267122, 21.894702345133787], [80.33625065606557, 21.897412566966846], [80.33334654743284, 21.897400831491826], [80.33333394398223, 21.900111050827206], [80.33332133857189, 21.90282126926384], [80.33041712210267, 21.902809479350697], [80.33040445982162, 21.90551969528231]]], [[[80.34185962669578, 21.940799362146628], [80.34187209449317, 21.93808915152288], [80.33896715765657, 21.938077494717316], [80.33606222276494, 21.93806578658079], [80.3331572898268, 21.938054027113452], [80.33314465696283, 21.94076423295828], [80.33604964492298, 21.94077599402557], [80.33895463483682, 21.94078770375507], [80.34185962669578, 21.940799362146628]]], [[[80.34467767707284, 21.95978242941869], [80.34469010334746, 21.95707222351673], [80.34178477923727, 21.957060606987998], [80.33887945706466, 21.957048939079275], [80.33886692062549, 21.959759141815432], [80.3417722978803, 21.95977081131055], [80.34467767707284, 21.95978242941869]]], [[[80.33596154531698, 21.95974742093348], [80.33594895184092, 21.962457621175613], [80.33885438224002, 21.962469343651], [80.33886692062549, 21.959759141815432], [80.33596154531698, 21.95974742093348]]], [[[80.33304352339685, 21.96244584730654], [80.33303087286681, 21.965156045047454], [80.33593635640986, 21.96516782051701], [80.33594895184092, 21.962457621175613], [80.33304352339685, 21.96244584730654]]], [[[80.3358607427589, 21.981428997645107], [80.33295492844242, 21.9814172125714], [80.33294226416275, 21.984127404004308], [80.3329295979182, 21.986837594535718], [80.33002367524054, 21.986825754803736], [80.33001095185512, 21.98953594282556], [80.32999822649589, 21.99224612994564], [80.32998549916269, 21.99495631616391], [80.32997276985535, 21.997666501480268], [80.32996003857372, 22.000376685894615], [80.33286623721595, 22.000388533667206], [80.33285355917843, 22.003098718787772], [80.33575981500533, 22.00311051667032], [80.33574719022909, 22.005820702490137], [80.33865350324099, 22.005832450468567], [80.33864093174311, 22.008542636980675], [80.34154730194038, 22.008554335040927], [80.34445367407835, 22.008565981588426], [80.34736004814849, 22.008577576623022], [80.35026642414223, 22.008589120144585], [80.35317280205098, 22.008600612152968], [80.3560791818662, 22.00861205264803], [80.35609142194427, 22.005901856716083], [80.35899774842018, 22.00591324415218], [80.35900993137186, 22.00320304577304], [80.36191620450813, 22.003214380164067], [80.36192833035055, 22.000504179344926], [80.36483455014688, 22.00051546070479], [80.36484661889716, 21.99780525745285], [80.36775278535322, 21.997816485795443], [80.37065895367228, 21.997827662651993], [80.37067091014396, 21.9951174554571], [80.37068286476135, 21.992407247361104], [80.3735889245359, 21.99241836971086], [80.37360082211254, 21.989708159203627], [80.37361271784374, 21.986997947795516], [80.37362461172971, 21.984287735486628], [80.3707187174894, 21.98427661766737], [80.37073066469122, 21.981566405967836], [80.36782482746537, 21.981555238214387], [80.36781282510273, 21.984265448396876], [80.36780082087789, 21.986975657678563], [80.36778881479067, 21.989685866059347], [80.36777680684094, 21.992396073539147], [80.3648707507832, 21.992384848245116], [80.36485868577589, 21.995095053299597], [80.36195257639469, 21.99508377500239], [80.36194045431269, 21.997793977624344], [80.35903429160832, 21.99778264631006], [80.35902211243452, 22.000492846492303], [80.35611589640732, 22.000481462147043], [80.35610366012457, 22.003191659882393], [80.3531973907749, 22.00318022249227], [80.35029112333133, 22.003168733602802], [80.35027877469422, 22.00587892732463], [80.3473724539372, 22.005867385369545], [80.34446613510362, 22.005855791908413], [80.34447859419689, 22.003145601326427], [80.34157233252313, 22.003133957939784], [80.33866607278976, 22.00312226305437], [80.33867864038956, 22.000412074738165], [80.33577243782408, 22.00040032994844], [80.33578505868547, 21.997690142324597], [80.3357976775897, 21.994979953798865], [80.3358102945369, 21.992269764371343], [80.33582290952724, 21.989559574042126], [80.33583552256091, 21.98684938281128], [80.33874144916015, 21.986861119630284], [80.33875400506975, 21.984150925903947], [80.34165987844919, 21.98416260967927], [80.34167237725181, 21.98145241346463], [80.34457819741115, 21.98146404421016], [80.34459063912391, 21.97875384551441], [80.3474964060628, 21.978765423244045], [80.34750879070282, 21.976055222074375], [80.35041450442094, 21.976066746802005], [80.35042683200533, 21.973356543165615], [80.35333249250235, 21.97336801490513], [80.3562381549037, 21.973379435222174], [80.35914381920087, 21.973390804116622], [80.36204948538527, 21.973402121588325], [80.36206159055332, 21.970691910858086], [80.35915597949503, 21.970680594924165], [80.3591681379021, 21.967970384831176], [80.35626258384826, 21.96795901902621], [80.3562503703238, 21.97066922757449], [80.35334476304821, 21.970657808809197], [80.35043915767682, 21.97064633862842], [80.34753355421816, 21.970634817032312], [80.34752117342121, 21.973345020003766], [80.34461551675857, 21.973333445419744], [80.34460307890633, 21.97604364591757], [80.34169736904002, 21.97603201833174], [80.33879166111244, 21.97602033931701], [80.33877911104571, 21.978730535747218], [80.33587334992353, 21.978718803709953], [80.3358607427589, 21.981428997645107]]], [[[80.34152435042006, 22.013523010880387], [80.33861787893416, 22.01351130990966], [80.33571140939782, 22.0134995574135], [80.33571140926155, 22.013499557412946], [80.33572193480335, 22.011241071423246], [80.33281551326877, 22.011229268736415], [80.33280388449728, 22.01371360760514], [80.33279225427788, 22.016197934151567], [80.3356987771162, 22.01620973977461], [80.33860530191286, 22.016221493865373], [80.34151182865928, 22.016233196423713], [80.34441835734687, 22.0162448474495], [80.344430823847, 22.013534660325547], [80.34152435042006, 22.013523010880387]]], [[[80.36554340933981, 21.84061192958242], [80.36555536793986, 21.83790167330491], [80.36556732467773, 21.835191416131337], [80.36847019405505, 21.835202553114172], [80.36848209423978, 21.83249229352364], [80.36849399257116, 21.829782033037265], [80.36559123256748, 21.8297708990963], [80.36557927955356, 21.832481158061764], [80.3626764667292, 21.832469971539865], [80.36266445716247, 21.83518022808149], [80.35976159151774, 21.835168988964774], [80.35974952538116, 21.837879243075395], [80.36265244572515, 21.837890483727076], [80.36264043241712, 21.840600738476535], [80.36554340933981, 21.84061192958242]]], [[[80.36551948655246, 21.846032439448837], [80.36842257477929, 21.846043582516078], [80.36843448237906, 21.84333332650981], [80.36844638812484, 21.840623069607343], [80.36554340933981, 21.84061192958242], [80.36553144887739, 21.843322184963753], [80.36551948655246, 21.846032439448837]]], [[[80.37675509466092, 21.93280456840517], [80.37385024517417, 21.932793530586125], [80.3738621021881, 21.93008330028011], [80.37387395736006, 21.92737306907517], [80.37096921970387, 21.92736198295542], [80.37095730954195, 21.930072212651424], [80.37094539752952, 21.932782441448442], [80.36804055173553, 21.93277130099224], [80.36513570780076, 21.93276010921767], [80.36512368392407, 21.93547033407656], [80.36802858286558, 21.93548152737415], [80.37093348366645, 21.93549266934639], [80.37383838631814, 21.93550375999313], [80.37674329081209, 21.935514799314248], [80.37675509466092, 21.93280456840517]]], [[[80.36221878685045, 21.93545908945374], [80.36220670609075, 21.93816931188328], [80.36511165817947, 21.938180558036162], [80.36512368392407, 21.93547033407656], [80.36221878685045, 21.93545908945374]]], [[[80.35055000266635, 21.946254457272588], [80.35053769420368, 21.948964669912943], [80.35344285887804, 21.948976127625844], [80.35345511229205, 21.94626591342726], [80.35055000266635, 21.946254457272588]]], [[[80.36208579525402, 21.965271486696267], [80.36207369384286, 21.967981699227376], [80.36497925166198, 21.967992962214662], [80.364991297964, 21.965282748152884], [80.36500334239635, 21.96257253319085], [80.36790879187522, 21.96258374172176], [80.36792077934588, 21.95987352433599], [80.36793276495574, 21.957163306050216], [80.37083810611936, 21.95717446015278], [80.37085003479336, 21.954464239450587], [80.37375532273363, 21.954475340662285], [80.37376719448885, 21.95176511755087], [80.37667242920546, 21.951776165885583], [80.37957766575673, 21.95178716285264], [80.38248290413411, 21.95179810845189], [80.38538814432906, 21.951809002683202], [80.38829338633303, 21.951819845546456], [80.39119863013744, 21.951830637041503], [80.39121016969624, 21.949120404120798], [80.38830498095106, 21.949109614093224], [80.3853997940062, 21.949098772704442], [80.3824946088702, 21.94908787995458], [80.38250631178889, 21.94637765055788], [80.37960118352052, 21.946366707935447], [80.37669605707796, 21.94635571395918], [80.37668424405896, 21.949065940372133], [80.37377906440084, 21.949054893539817], [80.37087388658574, 21.949043795346956], [80.36796871062225, 21.949032645793682], [80.36795673059378, 21.95174286677897], [80.36505150143243, 21.951731664342052], [80.3650394644771, 21.954441882904177], [80.36502742565276, 21.95715210056641], [80.36212208821891, 21.957140843701506], [80.36210999244189, 21.959851058933253], [80.36209789478697, 21.962561273264868], [80.36208579525402, 21.965271486696267]]], [[[80.37150326427356, 21.805400717626423], [80.37149143722151, 21.80811098768483], [80.3743937637666, 21.808122007465567], [80.3744055362124, 21.805411735900687], [80.37150326427356, 21.805400717626423]]], [[[80.37726092766931, 21.816263790072085], [80.3772492025233, 21.818974059556407], [80.37723747555027, 21.82168432814549], [80.37722574675003, 21.824394595839255], [80.37432309055279, 21.824383618058082], [80.37433487401053, 21.82167335186415], [80.37434665563254, 21.81896308477483], [80.37144411057731, 21.81895205896768], [80.37143227430649, 21.821662324550257], [80.37142043619143, 21.824372589237402], [80.371408596232, 21.82708285302902], [80.37431130525921, 21.82709388335655], [80.37429951812962, 21.82980414775947], [80.37139675442803, 21.829793115925032], [80.37138491077938, 21.832503377925338], [80.37137306528588, 21.83521363902986], [80.36847019405505, 21.835202553114172], [80.36845829201678, 21.83791281180877], [80.36844638812484, 21.840623069607343], [80.3713493687637, 21.840634158551183], [80.37133751773472, 21.843344416967806], [80.37132566486027, 21.846054674488283], [80.37422875678686, 21.84606571536531], [80.37421695680078, 21.848775973496846], [80.37712010529863, 21.84878696477888], [80.37710835821794, 21.85149722351452], [80.37709660930834, 21.85420748135386], [80.37999986912912, 21.85421842452032], [80.37998817315034, 21.856928682956774], [80.38289148955167, 21.85693957649326], [80.38287984652075, 21.859649835519875], [80.37997647535087, 21.8596389404968], [80.37996477573058, 21.862349197140325], [80.37995307428929, 21.86505945288724], [80.38285655502183, 21.865070350883638], [80.38284490655352, 21.867780607220606], [80.38283325627242, 21.87049086266086], [80.38282160417839, 21.873201117204296], [80.38280995027128, 21.875911370850822], [80.38279829455094, 21.878621623600374], [80.38278663701719, 21.881331875452837], [80.38277497766991, 21.88404212640813], [80.38567884395411, 21.8840529836195], [80.38569044845593, 21.881342731184112], [80.38570205115276, 21.878632477851607], [80.38571365204471, 21.87592222362208], [80.38572525113197, 21.87321196849561], [80.38573684841468, 21.870501712472304], [80.38574844389296, 21.86779145555223], [80.38865198303667, 21.867802252732204], [80.38864044236134, 21.87051251112512], [80.38862889989012, 21.873222768621332], [80.38861735562288, 21.875933025220746], [80.38860580955946, 21.87864328092329], [80.38859426169972, 21.881353535728852], [80.39149807673998, 21.881364289086918], [80.39150956976249, 21.87865403281527], [80.39441333175333, 21.878664733527437], [80.39731709552343, 21.878675383059655], [80.39730571217581, 21.881385642242527], [80.40020953255434, 21.88139624203981], [80.40311335469522, 21.88140679064991], [80.40601717858995, 21.881417288072686], [80.40892100422998, 21.881427734308026], [80.41182483160676, 21.881438129355796], [80.4147286607118, 21.881448473215872], [80.41763249153655, 21.881458765888134], [80.42053632407249, 21.88146900737245], [80.42054726871453, 21.8787587368238], [80.42345104811425, 21.87876892573073], [80.42635482920794, 21.878779063456438], [80.42634399424375, 21.881489336776742], [80.42924783186203, 21.881499424696482], [80.43215167115736, 21.881509461427783], [80.43214094420306, 21.88421973659554], [80.43504484001488, 21.884229723499736], [80.43503416624841, 21.88693999913263], [80.437938118577, 21.886949936195688], [80.43792749801541, 21.88966021228675], [80.44083150686104, 21.889670099494637], [80.44082093952142, 21.892380376036893], [80.44372500488437, 21.89239021337559], [80.44371449078376, 21.89510049036207], [80.44370397504807, 21.89781076645202], [80.4466081518198, 21.897820555241275], [80.44659768934858, 21.90053083176844], [80.44950192264687, 21.90054057065351], [80.44951233021824, 21.897830292799487], [80.45241651023484, 21.897839979126548], [80.45532069186108, 21.897849614222338], [80.45822487508839, 21.89785919808674], [80.46112905990829, 21.89786873071963], [80.46111887193771, 21.900579013811242], [80.46402311324215, 21.900588496504465], [80.46403324631218, 21.897878212120908], [80.46693743429157, 21.897887642290442], [80.46984162383792, 21.897897021228136], [80.47274581494267, 21.89790634893386], [80.4756500075973, 21.897915625407506], [80.47564009413075, 21.900625914889037], [80.47854434322792, 21.90063514138754], [80.48144859385805, 21.90064431664676], [80.48143878866962, 21.9033546077393], [80.48434309573415, 21.903363733002248], [80.48433334393971, 21.906074024441786], [80.48723770743888, 21.906083099694442], [80.48722800905553, 21.908793391473996], [80.49013242898963, 21.908802416702336], [80.49012278403443, 21.911512708814925], [80.49302726040368, 21.911521684004907], [80.49301766889373, 21.914231976443556], [80.4959222016984, 21.914240901581156], [80.49591266365074, 21.91695119433888], [80.49590312412063, 21.91966148620021], [80.49299848140102, 21.91965255863171], [80.492988885418, 21.922362848381045], [80.49297928794373, 21.92507313723377], [80.49296968897805, 21.927783425189784], [80.49296008852085, 21.93049371224902], [80.492950486572, 21.933203998411376], [80.49294088313138, 21.93591428367676], [80.49293127819884, 21.93862456804509], [80.49292167177427, 21.94133485151628], [80.49291206385756, 21.944045134090235], [80.49000692759009, 21.944036144228956], [80.48999726313401, 21.946746424682697], [80.49290245444855, 21.946755415766873], [80.49580764725549, 21.946764355492505], [80.4958172016173, 21.944054072599954], [80.4987223408608, 21.944062959758007], [80.4987128415463, 21.94677324385949], [80.50161803731241, 21.946782080867695], [80.5045232345453, 21.94679086651705], [80.5045138438676, 21.949501152118202], [80.50741909761494, 21.949509887596587], [80.5074097605437, 21.952220173488488], [80.51031507080575, 21.95222885878188], [80.51273616380435, 21.952236053715147], [80.51273616379218, 21.95223605728299], [80.51272692625129, 21.95494634086924], [80.51030578735804, 21.954939144957528], [80.50740042202251, 21.954930458483016], [80.5073910820513, 21.9576407425801], [80.51029650246883, 21.957649430235776], [80.51295980581439, 21.957657346815196], [80.51271768725171, 21.957656630694782], [80.51270844682979, 21.96036691605453], [80.51561392497455, 21.960375510668776], [80.51562311030565, 21.957665224140634], [80.51320192434012, 21.9576580629355], [80.51321115413502, 21.954947780051892], [80.51296904045219, 21.954947060461336], [80.51563229421083, 21.95495493671507], [80.5156414766902, 21.952244648392178], [80.51565065774389, 21.949534359172045], [80.51565983737201, 21.94682406905476], [80.51566901557469, 21.944113778040418], [80.51567819235203, 21.941403486129087], [80.51568736770416, 21.938693193320876], [80.51569654163123, 21.935982899615865], [80.51570571413333, 21.933272605014142], [80.5157148852106, 21.930562309515793], [80.51572405486314, 21.927852013120912], [80.51573322309109, 21.925141715829582], [80.51574238989456, 21.922431417641892], [80.51575155527368, 21.919721118557927], [80.51576071922855, 21.917010818577783], [80.51576988175934, 21.914300517701545], [80.51577904286613, 21.911590215929298], [80.51578820254903, 21.90887991326114], [80.5157973608082, 21.906169609697137], [80.51580651764374, 21.90345930523741], [80.51581567305576, 21.900748999882016], [80.51582482704441, 21.898038693631058], [80.5158339796098, 21.89532838648463], [80.5134138475855, 21.895321247663894], [80.51342304445379, 21.89261094415205], [80.51051894220731, 21.892602336051826], [80.51052819253464, 21.88989202926013], [80.50762414660382, 21.889883371120497], [80.50763345036106, 21.88717306461359], [80.50472946074564, 21.887164356448565], [80.50473881791572, 21.884454050233433], [80.50183488461546, 21.88444529205704], [80.49893095277912, 21.88443648268239], [80.498940418196, 21.88172617796694], [80.49603654268296, 21.88171731860202], [80.49604606146988, 21.87900701419923], [80.49314224227993, 21.878998104858084], [80.49023842457922, 21.878989144332948], [80.49024805155271, 21.876278841471585], [80.48734429018323, 21.87626983099132], [80.48444053031992, 21.876260769334266], [80.48445026544547, 21.87355046804215], [80.48154656192153, 21.87354135645108], [80.4786428599207, 21.87353219369041], [80.4757391594515, 21.873522979760253], [80.47283546052248, 21.87351371466073], [80.46993176314213, 21.87350439839194], [80.46994177083249, 21.87079410248758], [80.46703812982484, 21.870784736327153], [80.46413449038283, 21.87077531900468], [80.46123085251497, 21.870765850520257], [80.45832721622978, 21.870756330874016], [80.4554235815358, 21.87074676006605], [80.45543386170249, 21.868036469723517], [80.45253028341452, 21.868026849066318], [80.45254061677937, 21.86531655914065], [80.44963709489714, 21.865306888648234], [80.4496474814431, 21.862596599146396], [80.44674401596635, 21.862586878832797], [80.44675445567634, 21.859876589761758], [80.44385104660478, 21.85986681964099], [80.4409476391665, 21.859856998387013], [80.44095818679513, 21.857146711093822], [80.43805483577016, 21.8571368400538], [80.43515148639538, 21.857126917887772], [80.43516214190811, 21.85441663240022], [80.43225884895475, 21.854406660469266], [80.42935555766849, 21.854396637419534], [80.4293663210308, 21.851686353765423], [80.42646308617405, 21.851676280971883], [80.42355985300132, 21.85166615706678], [80.42065662152112, 21.851655982050243], [80.41775339174197, 21.85164575592238], [80.41485016367241, 21.851635478683324], [80.41194693732096, 21.851625150333202], [80.40904371269613, 21.85161477087213], [80.40905485759738, 21.84890449609281], [80.40615168945205, 21.848894066944563], [80.40616288735411, 21.846183792693203], [80.4061740835128, 21.84347351754625], [80.40327102657379, 21.843463040155356], [80.40328227570788, 21.840752765543368], [80.4003792752391, 21.84074223850027], [80.40039057733154, 21.83803196443019], [80.40040187766401, 21.835321689464685], [80.40041317623665, 21.83261141360384], [80.40331601260112, 21.832621936334956], [80.40332725472969, 21.82991165814164], [80.40333849510725, 21.827201379053218], [80.40334973373395, 21.82449109906977], [80.40336097060994, 21.82178081819139], [80.40626359003846, 21.82179128414009], [80.40627477051342, 21.819081000936833], [80.40628594924645, 21.816370716838872], [80.40629712623776, 21.813660431846298], [80.40630830148743, 21.810950145959204], [80.40631947499566, 21.80823985917767], [80.40632692283987, 21.806433000825752], [80.40632692303373, 21.806433000826452], [80.40632878471051, 21.805981308170757], [80.40633064676258, 21.805529571501793], [80.4063306465687, 21.805529571501093], [80.40633809363986, 21.80372271255439], [80.40343583838711, 21.803712256138304], [80.40053358488393, 21.803701748734856], [80.40052606500987, 21.805508605770587], [80.39762377706019, 21.80549804641816], [80.39472149068142, 21.805487436073264], [80.39181920607786, 21.805476774736743], [80.38891692325802, 21.805466062408723], [80.38601464223042, 21.80545529908933], [80.38311236300353, 21.805444484778704], [80.38021008558589, 21.80543361947696], [80.37730780998602, 21.805422703184252], [80.37729609214664, 21.80813297624862], [80.3743937637666, 21.808122007465567], [80.37438198948587, 21.810832278135504], [80.37437021337004, 21.813542547910423], [80.37435843541898, 21.816252816790225], [80.37726092766931, 21.816263790072085]], [[80.38286820167752, 21.86236009365003], [80.38577162943695, 21.862370939022167], [80.38576003756701, 21.86508119773549], [80.38285655502183, 21.865070350883638], [80.38286820167752, 21.86236009365003]], [[80.4176434910173, 21.87874849673578], [80.41473971503113, 21.878738205466803], [80.41183594076452, 21.87872786301698], [80.40893216822599, 21.878717469386437], [80.4060283974241, 21.878707024575306], [80.40312462836734, 21.878696528583717], [80.40022086106428, 21.878685981411788], [80.40023218781201, 21.87597571988701], [80.40313590028578, 21.875986265620817], [80.40603961451308, 21.875996760181277], [80.40894333048537, 21.876007203568246], [80.41184704819416, 21.876017595781608], [80.41475076763088, 21.876027936821227], [80.41765448878702, 21.87603822668699], [80.42055821165405, 21.87604846537876], [80.42054726871453, 21.8787587368238], [80.4176434910173, 21.87874849673578]], [[80.49880776832285, 21.91967036247989], [80.49879828228053, 21.92238065465327], [80.49878879476404, 21.925090945930123], [80.49877930577323, 21.927801236310362], [80.49876981530797, 21.9305115257939], [80.49876032336816, 21.933221814380655], [80.49875082995366, 21.935932102070527], [80.49874133506435, 21.938642388863435], [80.49873183870011, 21.941352674759294], [80.49582675449538, 21.941343788810126], [80.49583630588985, 21.93863350412311], [80.49584585580084, 21.935923218539], [80.49585540422846, 21.93321293205788], [80.49586495117285, 21.930502644679834], [80.49587449663414, 21.92779235640496], [80.49588404061245, 21.925082067233337], [80.49589358310791, 21.922371777165058], [80.49590312412063, 21.91966148620021], [80.49880776832285, 21.91967036247989]], [[80.5132296094626, 21.94952720088769], [80.5132296094626, 21.949527200887687], [80.51565065774389, 21.949534359172045], [80.5132296094626, 21.94952720088769]], [[80.51325728169085, 21.941396330765187], [80.51325728169085, 21.941396330765183], [80.51567819235203, 21.941403486129087], [80.51325728169085, 21.941396330765187]], [[80.51334942936896, 21.914293372070166], [80.51334942936896, 21.914293372070162], [80.51576988175934, 21.914300517701545], [80.51334942936896, 21.914293372070166]], [[80.38017509043353, 21.81356444046307], [80.37727265098843, 21.813553519692626], [80.37728437248082, 21.810843248418102], [80.38018675730233, 21.810854167695922], [80.38017509043353, 21.81356444046307]], [[80.5105096904413, 21.89531264194814], [80.51317183486486, 21.89532053378324], [80.51317183485614, 21.895320533783217], [80.5105096904413, 21.89531264194814]], [[80.51291140494615, 21.900740427403946], [80.51049118259277, 21.90073325105428], [80.51291140494615, 21.900740427403942], [80.51291140494615, 21.900740427403946]], [[80.51034291250117, 21.944097994871356], [80.51276386785858, 21.94410518686951], [80.51276386785858, 21.944105186869514], [80.51034291250117, 21.944097994871356]], [[80.51307052398055, 21.92513385135341], [80.51307052409796, 21.92513385135376], [80.51307052402669, 21.92513385135355], [80.51307052398055, 21.92513385135341]], [[80.51035219018415, 21.94138770510696], [80.51277309967541, 21.94139489612681], [80.51277309967541, 21.941394896126813], [80.51035219018415, 21.94138770510696]]], [[[80.36850588904932, 21.827071771655135], [80.36849399257116, 21.829782033037265], [80.37139675442803, 21.829793115925032], [80.371408596232, 21.82708285302902], [80.36850588904932, 21.827071771655135]]], [[[80.36842257477929, 21.846043582516078], [80.36841066532536, 21.84875383762606], [80.37131381014018, 21.848764931112534], [80.37132566486027, 21.846054674488283], [80.36842257477929, 21.846043582516078]]], [[[80.37129009516248, 21.854185441671966], [80.37419335131662, 21.854196487071032], [80.37420515497742, 21.851486230732114], [80.37421695680078, 21.848775973496846], [80.37131381014018, 21.848764931112534], [80.37130195357429, 21.851475186840453], [80.37129009516248, 21.854185441671966]]], [[[80.37419335131662, 21.854196487071032], [80.37418154581826, 21.8569067425135], [80.3770848585697, 21.85691773829681], [80.37709660930834, 21.85420748135386], [80.37419335131662, 21.854196487071032]]], [[[80.3770848585697, 21.85691773829681], [80.37707310600184, 21.859627994343285], [80.37997647535087, 21.8596389404968], [80.37998817315034, 21.856928682956774], [80.3770848585697, 21.85691773829681]]], [[[80.37970692309848, 21.92197461630059], [80.3797186628164, 21.919264379402787], [80.37681408640472, 21.91925340037715], [80.37680229172216, 21.92196363578014], [80.37679049520665, 21.924673870284533], [80.37969518155616, 21.92468485229985], [80.37968343818929, 21.92739508740047], [80.38258818134524, 21.927406019605776], [80.38259986973024, 21.92469578301721], [80.38261155629922, 21.92198554553006], [80.37970692309848, 21.92197461630059]]], [[[80.37388581069023, 21.924662836971375], [80.37387395736006, 21.92737306907517], [80.37677869685805, 21.927384103890223], [80.37679049520665, 21.924673870284533], [80.37388581069023, 21.924662836971375]]], [[[80.37675509466092, 21.93280456840517], [80.37965994598125, 21.932815554905435], [80.38256479912658, 21.93282649008679], [80.38546965408841, 21.9328373739491], [80.38545801526212, 21.935547609322498], [80.38836292703968, 21.93555844333977], [80.39126784061679, 21.935569226030754], [80.39127936942731, 21.932858987716052], [80.38837451085817, 21.932848206492228], [80.38838609287727, 21.930137968745946], [80.38548129110677, 21.9301271376769], [80.38549292631737, 21.927416900505996], [80.38258818134524, 21.927406019605776], [80.38257649114408, 21.930116255295665], [80.3796716929977, 21.930105321602362], [80.3767668966762, 21.93009433659713], [80.37675509466092, 21.93280456840517]]], [[[80.37641203798218, 22.011400899431223], [80.37931848798769, 22.01141192931142], [80.37933028799297, 22.008701722112523], [80.38223668458099, 22.00871269898154], [80.38224842751842, 22.006002489391683], [80.3851547706886, 22.00601341326344], [80.3880611156709, 22.00602428562736], [80.38807274632735, 22.003314072178167], [80.38516645657529, 22.003303201289786], [80.38226016863517, 22.003292278900577], [80.37935388251557, 22.00328130501067], [80.37934208616889, 22.005991514012248], [80.3764357466486, 22.005980487125253], [80.37642389323436, 22.008690693728955], [80.3735175003137, 22.008679613830978], [80.37350558981478, 22.011389818029627], [80.37641203798218, 22.011400899431223]]], [[[80.38510995800115, 22.016402550813147], [80.38801651477864, 22.01641342883385], [80.39092307336027, 22.016424255319805], [80.39382963373744, 22.016435030270873], [80.39673619590161, 22.01644575368693], [80.39964275984421, 22.016456425567842], [80.40254932555668, 22.016467045913476], [80.40545589303042, 22.016477614723723], [80.4083624622569, 22.01648813199843], [80.41126903322754, 22.016498597737478], [80.41417560593376, 22.016509011940737], [80.41708218036702, 22.016519374608094], [80.41998875651873, 22.016529685739407], [80.42289533438033, 22.016539945334557], [80.42580191394326, 22.01655015339343], [80.42870849519893, 22.016560309915885], [80.4316150781388, 22.0165704149018], [80.4345216627543, 22.01658046835107], [80.43742824903686, 22.01659047026356], [80.44033483697788, 22.016600420639143], [80.44324142656885, 22.016610319477707], [80.44614801780115, 22.016620166779127], [80.44905461066624, 22.016629962543295], [80.45196120515556, 22.016639706770082], [80.45486780126053, 22.016649399459368], [80.45777439897257, 22.016659040611042], [80.46068099828314, 22.016668630224977], [80.46358759918365, 22.01667816830107], [80.46649420166555, 22.016687654839195], [80.46940080572027, 22.016697089839237], [80.47230741133922, 22.01670647330109], [80.47521401851384, 22.01671580522464], [80.47812062723558, 22.01672508560976], [80.48102723749588, 22.016734314456347], [80.48393384928615, 22.016743491764288], [80.48394284529522, 22.01425908645123], [80.48394202756505, 22.014484946183277], [80.48684859481955, 22.01449407092075], [80.48975516348212, 22.01450314412486], [80.48974707742234, 22.016761691763794], [80.49265369375112, 22.016770714455127], [80.49556031157562, 22.016779685607382], [80.49846693088725, 22.016788605220437], [80.50137355167745, 22.01679747329418], [80.50138145350945, 22.014538921610004], [80.50138145361173, 22.014538921610317], [80.50428802981412, 22.014547737147907], [80.50719460747786, 22.014556501151798], [80.51010118649384, 22.01456521362159], [80.51009342283378, 22.016823768278527], [80.51251561159509, 22.016830986541148], [80.51251561158284, 22.01683099012056], [80.51275783030543, 22.016831708366915], [80.51300004945259, 22.016832430193986], [80.51300004946482, 22.016832426614567], [80.51542223939867, 22.01683960908616], [80.51543145446438, 22.01412934127421], [80.51276709581548, 22.014121441626166], [80.51010273922611, 22.01411350261562], [80.51010196290589, 22.014339344763307], [80.51011050178319, 22.01185494720954], [80.50720397792847, 22.011846235921517], [80.50429745552637, 22.011837473106684], [80.50139093458549, 22.01182865876516], [80.49848441511438, 22.011819792897032], [80.49847646825154, 22.014078344327608], [80.4955699043112, 22.014069425924944], [80.49266334175498, 22.014060455989767], [80.49266334165088, 22.014060455989444], [80.49267138061573, 22.011801906581432], [80.48976486560532, 22.011792886134174], [80.48685835209895, 22.011783814160754], [80.4839518401052, 22.011774690661287], [80.48394366298818, 22.014033236991754], [80.48103710657155, 22.014024060929177], [80.47813055157887, 22.01401483333462], [80.4781305514718, 22.01401483333428], [80.47813882068975, 22.011756289084637], [80.4752323132852, 22.011747011007685], [80.47232580742752, 22.011737681405137], [80.47233583945393, 22.00902743000525], [80.4694293904032, 22.009018050150125], [80.46943947611727, 22.006307799123366], [80.46653308387324, 22.006298369029718], [80.46654322325782, 22.003588118383057], [80.46944956026759, 22.00359754719689], [80.46945964285432, 22.00088729437079], [80.46655336107024, 22.000877866836728], [80.4636470808582, 22.000868387805365], [80.46363688782021, 22.003578638064933], [80.46073055396333, 22.003569106242644], [80.46074080222675, 22.000858857276814], [80.45783452518445, 22.000849275251205], [80.45784482707545, 21.998139026686403], [80.460751048901, 21.998148607411323], [80.46076129398622, 21.995438356646233], [80.45785512736883, 21.995428777221953], [80.45786542606477, 21.99271852685796], [80.4549593162443, 21.992708897258296], [80.45496966853383, 21.989998647302382], [80.45206361551, 21.989988967541382], [80.45205320802968, 21.99269921618277], [80.45204279893494, 21.995409463924606], [80.44913663713557, 21.995399730051766], [80.44914710142952, 21.992689483631498], [80.44915756410045, 21.989979236311626], [80.44625151431376, 21.989969453613227], [80.44626203054378, 21.987259206722293], [80.44916802514855, 21.987268988092232], [80.4491784845739, 21.984558738973405], [80.44918894237671, 21.98184848895524], [80.44919939855706, 21.979138238037823], [80.44629356944675, 21.97912846065296], [80.44630407915251, 21.97641821016463], [80.44631458722753, 21.973707958777176], [80.44632509367199, 21.970997706490685], [80.44341943160954, 21.97098788167086], [80.44340887003463, 21.9736981326222], [80.4405031544809, 21.97368825504076], [80.43759744057483, 21.97367832603296], [80.4376081124102, 21.970968077772884], [80.43470245529042, 21.970958098694965], [80.43179679983531, 21.97094806819793], [80.43178601774001, 21.97365831373879], [80.43177523397136, 21.976368558380365], [80.43176444852922, 21.97907880212256], [80.43175366141342, 21.98178904496529], [80.43174287262384, 21.984499286908473], [80.43173208216034, 21.987209527952015], [80.42882609747161, 21.98719943781469], [80.42883694310767, 21.98448919814149], [80.42884778706122, 21.981778957568594], [80.42885862933242, 21.979068716096105], [80.42595281181782, 21.979058578629804], [80.42594191439136, 21.98176881872507], [80.42593101527397, 21.98447905792068], [80.42592011446555, 21.98718929621655], [80.42590921196593, 21.989899533612604], [80.42300317547024, 21.989889339169412], [80.42299221608994, 21.992599574281112], [80.42298125500959, 21.995309808492767], [80.42588740189254, 21.99532000570484], [80.42587649431849, 21.998030240400865], [80.42297029222904, 21.99802004180427], [80.42295932774817, 22.000730274215538], [80.42005307214417, 22.00072002273886], [80.42004205073937, 22.003430252858198], [80.41713574162107, 22.00341994848753], [80.4171246632752, 22.00613017630775], [80.41421830064293, 22.00611981902919], [80.41131193973712, 22.006109410241514], [80.4113007491929, 22.008819634342743], [80.40839433478213, 22.008809172626407], [80.40548792211509, 22.008798659394213], [80.40258151120032, 22.008788094646302], [80.4025928674641, 22.00607787482508], [80.39968651354977, 22.00606726000223], [80.39678016140472, 22.0060565936709], [80.39387381103751, 22.006045875831223], [80.39096746245671, 22.006035106483335], [80.3880611156709, 22.00602428562736], [80.38804948321088, 22.008734498175418], [80.38514308298981, 22.008723624335882], [80.38223668458099, 22.00871269898154], [80.38222493982273, 22.01142290767008], [80.37931848798769, 22.01141192931142], [80.37930865312507, 22.0136704346214], [80.37640215720127, 22.013659403494447], [80.3763902985791, 22.016369607543854], [80.37929684989281, 22.016380640168016], [80.38220340303634, 22.016391621257824], [80.38510995800115, 22.016402550813147]], [[80.5013822435924, 22.014313095093584], [80.5013822436161, 22.0143130883179], [80.50138145361173, 22.014538921610317], [80.5013822435924, 22.014313095093584]], [[80.48975597209758, 22.014277286710062], [80.48975597208438, 22.014277290396926], [80.48976486560532, 22.011792886134174], [80.48975597209758, 22.014277286710062]], [[80.45494896234888, 21.995419146314713], [80.45493860684746, 21.998129394471523], [80.45203238822562, 21.998119710766794], [80.45204279893494, 21.995409463924606], [80.45494896234888, 21.995419146314713]], [[80.44628305811014, 21.98183871024207], [80.44627254514253, 21.984548958931878], [80.44336660734228, 21.9845391274358], [80.44337717547457, 21.98182888008134], [80.4433877419673, 21.979118631827532], [80.44629356944675, 21.97912846065296], [80.44628305811014, 21.98183871024207]], [[80.42881525015295, 21.989909676588113], [80.42880440115151, 21.992619914461667], [80.42589830777499, 21.992609770108725], [80.42590921196593, 21.989899533612604], [80.42881525015295, 21.989909676588113]], [[80.39095588523566, 22.008745320500005], [80.39094430621945, 22.01145553361552], [80.38803784894719, 22.011444709822264], [80.38804948321088, 22.008734498175418], [80.39095588523566, 22.008745320500005]], [[80.44325201399896, 22.013900082771894], [80.44326083581306, 22.011641551496623], [80.44325201399897, 22.013900082771894], [80.44325201399896, 22.013900082771894]]], [[[80.39149807673998, 21.881364289086918], [80.39148658192948, 21.88407454446156], [80.3943904536036, 21.88408524809198], [80.3972943270573, 21.8840959005285], [80.39730571217581, 21.881385642242527], [80.39440189356817, 21.881374991258188], [80.39149807673998, 21.881364289086918]]], [[[80.38566723764711, 21.88676323515769], [80.38565562953477, 21.889473485798586], [80.38855960734094, 21.88948429476283], [80.3885711605906, 21.886774042648707], [80.3914750853309, 21.886784798939104], [80.39148658192948, 21.88407454446156], [80.38858271204347, 21.884063789637352], [80.38567884395411, 21.8840529836195], [80.38566723764711, 21.88676323515769]]], [[[80.39138304815215, 21.908466802453425], [80.39137153545376, 21.911177048853137], [80.39427595605629, 21.911187767078072], [80.39426449650806, 21.91389801403954], [80.3942530351786, 21.916608260102997], [80.39424157206774, 21.919318505268343], [80.39714615929681, 21.919329176588015], [80.39713474936997, 21.922039422308096], [80.40003939333775, 21.922050043788925], [80.40002803661201, 21.924760290056778], [80.4029327373188, 21.92477086168472], [80.40292143381126, 21.927481108493367], [80.40582619125736, 21.92749163025439], [80.4087309504513, 21.927502100709294], [80.40871975517081, 21.930212349476918], [80.41162457109597, 21.930222770043756], [80.414529388752, 21.93023313929723], [80.41454047404847, 21.92752288770025], [80.41744523843462, 21.927533204236045], [80.42035000453444, 21.92754346946522], [80.42325477233935, 21.927553683387654], [80.42326569096213, 21.924843426701077], [80.4261704054795, 21.92485358793344], [80.42618126743027, 21.922143328965866], [80.42908592865979, 21.922153437522056], [80.42909673395563, 21.919443176280662], [80.42910753757245, 21.916732914141697], [80.42911833951034, 21.91402265110525], [80.42912913976946, 21.911312387171407], [80.42913993834996, 21.908602122340255], [80.42915073525198, 21.905891856611895], [80.42916153047565, 21.903181589986406], [80.42625725383708, 21.903171491061975], [80.42626810228997, 21.9004612249152], [80.42336388224537, 21.90045107612936], [80.42337478391042, 21.897740810468285], [80.42047062045954, 21.897730611835065], [80.42048157531964, 21.89502034666665], [80.41757746846218, 21.895010098200093], [80.41467336331664, 21.894999798510682], [80.41176925989153, 21.89498944759857], [80.4088651581954, 21.894979045463856], [80.40596105823677, 21.894968592106682], [80.40305696002419, 21.894958087527165], [80.40015286356618, 21.89494753172544], [80.40014152447982, 21.897657786971052], [80.39723737489605, 21.897647178501778], [80.39722597914901, 21.9003574314045], [80.3943217764398, 21.900346770253798], [80.39431032401502, 21.903057020806447], [80.3942988698096, 21.905767270461432], [80.3942874138234, 21.90847751921867], [80.39138304815215, 21.908466802453425]], [[80.40010749664054, 21.905788547323265], [80.40011884101715, 21.903078294770058], [80.4001301836302, 21.900368041319286], [80.40303438987478, 21.90037859999803], [80.40593859787424, 21.90038910744061], [80.4059498289286, 21.89767885022228], [80.40885398377655, 21.89768930500398], [80.41175814036214, 21.89769970855624], [80.41466229867687, 21.89771006087891], [80.41465123231652, 21.90042032235003], [80.41755544725011, 21.900430624846653], [80.41754443407585, 21.903140886824243], [80.42044870562864, 21.90315113948077], [80.42043774565754, 21.905861401957875], [80.42334207382979, 21.905871604760268], [80.42333116707894, 21.90858186772992], [80.42623555187093, 21.90859202066415], [80.42622469835742, 21.91130228411938], [80.42621384315673, 21.914012546677256], [80.42620298626873, 21.91672280833769], [80.4232984366525, 21.916712651254628], [80.42328752311856, 21.919422910634477], [80.42327660788847, 21.922133169116655], [80.42037195004296, 21.922122957974537], [80.41746729390229, 21.922112695539646], [80.41745626702522, 21.924822950336818], [80.41455155762274, 21.924812635205175], [80.41164684994233, 21.924802268774013], [80.4087421439925, 21.924791851043462], [80.40875333579457, 21.92208160047953], [80.40584868655858, 21.922071132874773], [80.40294403907014, 21.922060613977862], [80.40295533906539, 21.91935036537288], [80.40005074829887, 21.919339796622907], [80.40006210149552, 21.9166295485588], [80.40007345292787, 21.91391929959669], [80.39716897383161, 21.913908682453528], [80.3971803784399, 21.91119843403929], [80.39719178127562, 21.908488184727183], [80.39720318233896, 21.905777934517285], [80.40010749664054, 21.905788547323265]]], [[[80.40867495665306, 21.941053335563744], [80.40576992241473, 21.941042857982563], [80.40286488992498, 21.941032329060352], [80.40285357587699, 21.943742570477877], [80.40575866340109, 21.943753100832488], [80.40574740263874, 21.94646334278363], [80.40865254695463, 21.946473823215683], [80.40866375267393, 21.94376357983908], [80.41156884368692, 21.94377400749752], [80.41157999263139, 21.94106376180376], [80.40867495665306, 21.941053335563744]]], [[[80.40865254695463, 21.946473823215683], [80.408641339495, 21.949184065693487], [80.41154654060298, 21.94919449618894], [80.41155769301083, 21.94648425229261], [80.40865254695463, 21.946473823215683]]], [[[80.40558956826673, 21.98440663567856], [80.4055782812557, 21.987116864137445], [80.40267231201882, 21.98710631085734], [80.40266096807692, 21.989816536982744], [80.40556699249358, 21.989827091696135], [80.40847301866148, 21.98983759494274], [80.4084842522437, 21.987127365957747], [80.41139022497423, 21.987137816318118], [80.41140140164241, 21.98442758501372], [80.41141257657674, 21.981717352809326], [80.41142374977737, 21.979007119705027], [80.4143295587526, 21.979017514368675], [80.4143406750737, 21.976307278952433], [80.41435178966998, 21.97359704263651], [80.41144609097816, 21.97358665079705], [80.4114572589786, 21.97087641499355], [80.41146842524596, 21.968166178290495], [80.41147958978036, 21.965455940687967], [80.40857405818228, 21.965445501680232], [80.40856283853627, 21.96815573786386], [80.40855161714876, 21.97086597314797], [80.40854039401958, 21.97357620753247], [80.40852916914861, 21.976286441017265], [80.40851794253568, 21.97899667360229], [80.40850671418065, 21.98170690528743], [80.40849548408337, 21.98441713607261], [80.40558956826673, 21.98440663567856]]], [[[80.39975494542007, 21.98980593080268], [80.39974354453017, 21.992516154587417], [80.4026496223752, 21.99252676220781], [80.40266096807692, 21.989816536982744], [80.39975494542007, 21.98980593080268]]], [[[80.41132312854631, 22.003399185239576], [80.41422943422053, 22.003409592614613], [80.41713574162107, 22.00341994848753], [80.41714681824921, 22.000709719766796], [80.41424056607183, 22.00069936529948], [80.41133431562062, 22.000688959337023], [80.41132312854631, 22.003399185239576]]], [[[80.40840558056634, 22.00609894994485], [80.41131193973712, 22.006109410241514], [80.41132312854631, 22.003399185239576], [80.40841682460696, 22.00338872636254], [80.40551052241105, 22.00337821598364], [80.40549922313915, 22.00608843813933], [80.40840558056634, 22.00609894994485]]], [[[80.42344015831105, 21.88147919766869], [80.42342926681376, 21.884189468710215], [80.42633315759397, 21.884199609200657], [80.42634399424375, 21.881489336776742], [80.42344015831105, 21.88147919766869]]], [[[80.42632231925846, 21.88690988072811], [80.42922626658061, 21.88691997139872], [80.43213021558012, 21.886930010866937], [80.43214094420306, 21.88421973659554], [80.42923705005991, 21.88420969849581], [80.42633315759397, 21.884199609200657], [80.42632231925846, 21.88690988072811]]], [[[80.41448503034121, 21.941074136702493], [80.41447393643156, 21.943784383807692], [80.41737903089927, 21.94379470876947], [80.42028412708149, 21.94380498238272], [80.4202951109211, 21.941094732475584], [80.41739006977396, 21.9410844602598], [80.41448503034121, 21.941074136702493]]], [[[80.42022918229088, 21.95735621843886], [80.42021818821321, 21.960066462953563], [80.42312361649245, 21.960076693562165], [80.42311267580301, 21.96278693856867], [80.42601816087578, 21.96279711917046], [80.4260072735917, 21.965507364661782], [80.42599638461758, 21.968217609253983], [80.42598549395328, 21.97092785294698], [80.42597460159864, 21.97363809574067], [80.42888030882837, 21.973648230452667], [80.4288911460534, 21.970937986281893], [80.42890198159665, 21.968227741211873], [80.42891281545829, 21.9655174952427], [80.43181835900639, 21.96552757441871], [80.43182913608244, 21.962817326180517], [80.42892364763844, 21.96280724837445], [80.42893447813725, 21.96009700060721], [80.42602904646996, 21.960086872780096], [80.4260399303744, 21.957376625490788], [80.42605081258922, 21.954666377302622], [80.42314549277653, 21.954656200852266], [80.42315642837148, 21.951945953149043], [80.42316736226856, 21.949235704547082], [80.42317829446793, 21.946525455046473], [80.42318922496972, 21.94381520464732], [80.42028412708149, 21.94380498238272], [80.42027314153593, 21.946515231391334], [80.42026215428422, 21.949225479501344], [80.42025116532623, 21.951935726712666], [80.41734590398741, 21.951925448906685], [80.41444064436354, 21.95191511973123], [80.4144295435607, 21.954625363241416], [80.41733485825371, 21.954635693821537], [80.42024017466184, 21.954645973025197], [80.42022918229088, 21.95735621843886]]], [[[80.41154654060298, 21.94919449618894], [80.4115353864632, 21.951904739186414], [80.41444064436354, 21.95191511973123], [80.41445174344288, 21.949204875322152], [80.41154654060298, 21.94919449618894]]], [[[80.42007510982681, 21.995299559799157], [80.42006409183993, 21.998009791719152], [80.42297029222904, 21.99802004180427], [80.42298125500959, 21.995309808492767], [80.42007510982681, 21.995299559799157]]], [[[80.41715789315971, 21.997999490145638], [80.41714681824921, 22.000709719766796], [80.42005307214417, 22.00072002273886], [80.42006409183993, 21.998009791719152], [80.41715789315971, 21.997999490145638]]], [[[80.43213021558012, 21.886930010866937], [80.43211948528835, 21.889640284241867], [80.43502349082166, 21.889650273869112], [80.43503416624841, 21.88693999913263], [80.43213021558012, 21.886930010866937]]], [[[80.43502349082166, 21.889650273869112], [80.43501281373452, 21.892360547709107], [80.43791687580195, 21.892370487481358], [80.43792749801541, 21.88966021228675], [80.43502349082166, 21.889650273869112]]], [[[80.43789562641881, 21.89779103518088], [80.44079979991155, 21.897800926431852], [80.4408103705383, 21.89509065168266], [80.44082093952142, 21.892380376036893], [80.43791687580195, 21.892370487481358], [80.43790625193647, 21.895080761779436], [80.43789562641881, 21.89779103518088]]], [[[80.44079979991155, 21.897800926431852], [80.44078922764103, 21.90051120028438], [80.44369345767711, 21.900521041645362], [80.44370397504807, 21.89781076645202], [80.44079979991155, 21.897800926431852]]], [[[80.43480963341145, 21.943855580216773], [80.43771473970136, 21.943865545736287], [80.43770408442072, 21.946575802983375], [80.43769342748521, 21.949286059332156], [80.43768276889475, 21.951996314782548], [80.44058804199895, 21.95200623299872], [80.44057743682366, 21.95471648889941], [80.44348276664488, 21.954726357086916], [80.44638809810426, 21.954736173896862], [80.44637760144037, 21.957446431575736], [80.44928298960863, 21.95745619833587], [80.45218837939808, 21.95746591371121], [80.45509377080018, 21.95747557770165], [80.45799916380636, 21.95748519030707], [80.4609045584081, 21.957494751527346], [80.46091477967427, 21.954784487278975], [80.46382012078303, 21.954793995821056], [80.46383028539094, 21.952083729381616], [80.46673557300647, 21.952093185259404], [80.46674568097323, 21.94938291663606], [80.46965091509527, 21.94939231986346], [80.46966096643797, 21.946682049063373], [80.47256614706625, 21.946691399654295], [80.472576141802, 21.943981126684637], [80.47548126893624, 21.943990424652977], [80.47549120708211, 21.941280149520924], [80.47839628072205, 21.941289394880577], [80.47840616229519, 21.93857911759329], [80.47841604233354, 21.935868839408627], [80.47842592083725, 21.93315856032668], [80.47843579780647, 21.930448280347544], [80.47844567324131, 21.927737999471304], [80.4784555471419, 21.92502771769804], [80.4784654195084, 21.92231743502786], [80.47556073089426, 21.922308198471367], [80.47557065669628, 21.919597916161752], [80.47266602459403, 21.919588629574626], [80.4726760038145, 21.916878347632554], [80.4697714282239, 21.91686901102883], [80.46686685419263, 21.91685962314427], [80.4668769417665, 21.91414934285499], [80.46397242425502, 21.914139904974956], [80.46106790831983, 21.9141304158213], [80.45816339396947, 21.914120875394133], [80.45815314154032, 21.916831151806722], [80.45524857383184, 21.916821558799963], [80.4523440077254, 21.91681191451295], [80.45233364378281, 21.919522187409076], [80.4494290243272, 21.919512490521722], [80.44941860380557, 21.922222761200413], [80.44651393100106, 21.922213011698805], [80.44650345388332, 21.924923280152903], [80.44359872773019, 21.92491347802316], [80.44358819399925, 21.92762374424549], [80.44068341449777, 21.927613889473708], [80.44067282413656, 21.93032415345709], [80.4406622321299, 21.93303441654276], [80.43775734427842, 21.93302450776666], [80.4377466956157, 21.935734768606082], [80.43773604529872, 21.938445028547548], [80.4348310490722, 21.938435065739117], [80.43482034207338, 21.941145323427033], [80.43480963341145, 21.943855580216773]], [[80.4493038711568, 21.95203567942401], [80.44639859313853, 21.95202591531957], [80.44640908654333, 21.949315655843943], [80.44350386521656, 21.949305841703566], [80.44351441204552, 21.946595582664408], [80.44060924740997, 21.94658571850213], [80.44061984764598, 21.943875459906415], [80.44063044623583, 21.94116520041253], [80.44064104317967, 21.93845494002057], [80.44065163847765, 21.935744678730615], [80.44355658298531, 21.9357545375266], [80.44356712162696, 21.933044273997293], [80.44647201276106, 21.933054080130145], [80.44648249476346, 21.93034381436866], [80.44938733252374, 21.930353567852276], [80.44939775790398, 21.92764329986578], [80.44940818166455, 21.9249330309818], [80.4523129110653, 21.924942730509716], [80.45232327822949, 21.922232459408033], [80.45522795426426, 21.922242106321544], [80.45813263190136, 21.922251701940827], [80.45814288751767, 21.91954142732231], [80.46104751177982, 21.91955097034795], [80.46395213762707, 21.919560462086118], [80.46685676505089, 21.919569902536693], [80.46976139404272, 21.919579291699566], [80.46975135830208, 21.922289571473414], [80.47265604382264, 21.922298910619844], [80.47264606150017, 21.925009190768137], [80.47555080354972, 21.92501847988409], [80.47554087466251, 21.927728760399848], [80.47553094423253, 21.930439040018545], [80.47552101225963, 21.93314931874008], [80.47551107874368, 21.93585959656439], [80.47260611669701, 21.935850302390207], [80.47259612661723, 21.93856057805251], [80.46969111110178, 21.93855123127684], [80.46968106444109, 21.941261504769983], [80.46967101621986, 21.94397177736552], [80.46676589219842, 21.94396237669573], [80.46675578737052, 21.946672647114802], [80.4638506098724, 21.94666319380869], [80.46384044842068, 21.949373462044136], [80.46093521744616, 21.94936395608779], [80.46092499935357, 21.95207422213243], [80.45801971490293, 21.952064663511962], [80.45511443204754, 21.952055053520322], [80.452209150796, 21.952045392157633], [80.4493038711568, 21.95203567942401]]], [[[80.43761878258948, 21.96825782861371], [80.43762945111277, 21.96554757855553], [80.4347239042274, 21.96553760218969], [80.43181835900639, 21.96552757441871], [80.43180758025737, 21.96823782175787], [80.43471318059116, 21.968247850891856], [80.43761878258948, 21.96825782861371]]], [[[80.43761878258948, 21.96825782861371], [80.4376081124102, 21.970968077772884], [80.44051377118609, 21.970978005431554], [80.44341943160954, 21.97098788167086], [80.44342999154544, 21.968277629820523], [80.44052438624375, 21.968267754923307], [80.43761878258948, 21.96825782861371]]], [[[80.45820438775377, 21.90327976077564], [80.45821463221742, 21.90056947987942], [80.45531039408984, 21.900559894709115], [80.45240615756347, 21.900550258300438], [80.44950192264687, 21.90054057065351], [80.44949151345722, 21.90325084761092], [80.45239580328234, 21.90326053657777], [80.45530009471737, 21.90327017429938], [80.45820438775377, 21.90327976077564]]], [[[80.44948110264912, 21.90596112367163], [80.44949151345722, 21.90325084761092], [80.44658722525052, 21.903241107398955], [80.4436829386708, 21.903231315941998], [80.443672418029, 21.90594158934184], [80.4465767595255, 21.905951382132727], [80.44948110264912, 21.90596112367163]]], [[[80.44916802514855, 21.987268988092232], [80.44915756410045, 21.989979236311626], [80.45206361551, 21.989988967541382], [80.45207402137602, 21.98727871800052], [80.44916802514855, 21.987268988092232]]], [[[80.46692735612221, 21.900597927958966], [80.46691727638577, 21.903308212731165], [80.46982157574226, 21.90331759422487], [80.47272587665742, 21.903326924472644], [80.47563017912273, 21.90333620347439], [80.47564009413075, 21.900625914889037], [80.47273584657505, 21.900616637151366], [80.46983160056936, 21.90060730817464], [80.46692735612221, 21.900597927958966]]], [[[80.48143878866962, 21.9033546077393], [80.47853448312964, 21.903345431229976], [80.47563017912273, 21.90333620347439], [80.4756202625731, 21.906046491163465], [80.47852462149828, 21.906055720176187], [80.48142898195667, 21.906064897935668], [80.48143878866962, 21.9033546077393]]], [[[80.4608534282697, 21.971046059293396], [80.46084319747956, 21.973756318150834], [80.46083296510163, 21.976466576109477], [80.46082273113575, 21.979176833169234], [80.463728568272, 21.979186353349494], [80.46371838787499, 21.98189661080364], [80.46662428174784, 21.981906080829017], [80.4666141549368, 21.98461633867058], [80.46952010554651, 21.98462575852702], [80.46951003233859, 21.98733601674902], [80.47241603968541, 21.98734538642248], [80.47240602009771, 21.99005564501792], [80.47531208418194, 21.990064964494362], [80.47821814981197, 21.99007423250112], [80.47820823905346, 21.99278449272164], [80.48111436141272, 21.99279371051023], [80.48110450431736, 21.995503971083288], [80.48401068340611, 21.995513138639662], [80.48691686401526, 21.995522254712043], [80.48690711580953, 21.998232516868384], [80.48981335314001, 21.998241582687402], [80.49271959197387, 21.99825059701521], [80.49270995269241, 22.000960860726966], [80.4956162482394, 22.000969824780274], [80.4985225452728, 22.00097873733517], [80.4985320741175, 21.998268471196788], [80.50143831741018, 21.99827733105033], [80.504344562172, 21.99828613941223], [80.50725080839439, 21.998294896282385], [80.50726017013102, 21.995584625657628], [80.51016636259506, 21.99559332985412], [80.51017566767798, 21.992883057148823], [80.51018497131771, 21.990172783544885], [80.51309105482979, 21.99018143390689], [80.5131003018416, 21.98747115822971], [80.51310954741902, 21.98476088165411], [80.51311879156216, 21.98205060418017], [80.51312803427115, 21.979340325807993], [80.5131372755461, 21.976630046537654], [80.51023146787249, 21.976621402048686], [80.51024076285553, 21.97391112305476], [80.50733501176629, 21.973902428311206], [80.50734436044033, 21.97119214960068], [80.50443866593521, 21.971183404616585], [80.50444806828312, 21.968473126196443], [80.50154243036187, 21.96846433098585], [80.50155188636656, 21.965754052863083], [80.49864630502893, 21.965745207440023], [80.4957407251675, 21.965736310609298], [80.495750289919, 21.963026034000126], [80.49284476664937, 21.963017086978077], [80.49285438501477, 21.960306810687197], [80.48994891833667, 21.96029781348784], [80.48704345316017, 21.960288764895132], [80.48705318021202, 21.957578490159644], [80.48414777163524, 21.957569391410765], [80.48124236457703, 21.957560241275726], [80.47833695904595, 21.957551039754634], [80.47543155505056, 21.95754178684761], [80.4725261525994, 21.95753248255475], [80.46962075170102, 21.957523126876186], [80.46961069411377, 21.96023339408429], [80.46670523968795, 21.96022398574111], [80.46669512544192, 21.962934250771934], [80.46378961748893, 21.962924789750232], [80.463779446567, 21.965635052596618], [80.46087388508711, 21.965625538882488], [80.46086365747217, 21.968335799537254], [80.4608534282697, 21.971046059293396]], [[80.47533201144535, 21.984644443873364], [80.47242605771888, 21.984635126927987], [80.47243607419823, 21.981924866534534], [80.46953017719176, 21.98191549940602], [80.46954024727448, 21.979205239386093], [80.46663440698777, 21.979195822088485], [80.46664453065674, 21.976485562449078], [80.46665465275488, 21.973775301910877], [80.46666477328235, 21.971065040473977], [80.46667489223925, 21.96835477813846], [80.46668500962572, 21.965644514904422], [80.46959057425475, 21.96565392580577], [80.46960063496506, 21.962943660394185], [80.47250614604981, 21.962953018616858], [80.47541165868759, 21.962962325439843], [80.47542160764125, 21.960252056592786], [80.47832706672581, 21.96026131075787], [80.4812325273462, 21.960270513530027], [80.48122268858809, 21.962980784886305], [80.48412820583371, 21.962989937509562], [80.48703372459816, 21.96299903873268], [80.48702399452588, 21.965709311672203], [80.48992956990742, 21.965718362725276], [80.4928351467908, 21.965727362371013], [80.49282552543892, 21.96843763686593], [80.49573115893122, 21.968446586320482], [80.49572159121006, 21.971156861133604], [80.49862728131153, 21.971165760382945], [80.50153297288942, 21.971174608210635], [80.50152351394907, 21.97388488453736], [80.50442926212794, 21.973893682138705], [80.50441985686123, 21.976603958762713], [80.50732566164135, 21.97661270612367], [80.50731631006538, 21.979322983037978], [80.50730695703824, 21.98203325905404], [80.50729760255986, 21.98474353417177], [80.50728824663005, 21.987453808391088], [80.50727888924874, 21.99016408171189], [80.50437280863139, 21.990155328408015], [80.5043633946053, 21.992865599641508], [80.50145726025518, 21.99285679367115], [80.50144778956718, 21.995567062810164], [80.49854160148452, 21.995558204159405], [80.49563541487943, 21.99554929402411], [80.49272922976049, 21.99554033240437], [80.48982304613624, 21.995531319300316], [80.4898327376292, 21.992821055014193], [80.48692661070916, 21.992811991656616], [80.48693635589134, 21.9901017277022], [80.48403028567525, 21.990092614105155], [80.48112421697925, 21.99008344903809], [80.48113407101711, 21.987373186666954], [80.47822805903324, 21.98736397138156], [80.47823796671737, 21.98465370936304], [80.47533201144535, 21.984644443873364]]], [[[80.460751048901, 21.998148607411323], [80.46074080222675, 22.000858857276814], [80.4636470808582, 22.000868387805365], [80.46365727231559, 21.998158136646165], [80.460751048901, 21.998148607411323]]], [[[80.46944956026759, 22.00359754719689], [80.46943947611727, 22.006307799123366], [80.47234586992504, 22.006317177705622], [80.47235589884096, 22.00360692450632], [80.46944956026759, 22.00359754719689]]], [[[80.47234586992504, 22.006317177705622], [80.47233583945393, 22.00902743000525], [80.47524229005995, 22.00903675834188], [80.47814874221271, 22.009046035159898], [80.4781586621975, 22.006335780335494], [80.47525226528796, 22.006326504776364], [80.47234586992504, 22.006317177705622]]], [[[80.47814874221271, 22.009046035159898], [80.47813882068975, 22.011756289084637], [80.48104532963262, 22.011765515635876], [80.48105519590365, 22.00905526045919], [80.47814874221271, 22.009046035159898]]], [[[80.48142898195667, 21.906064897935668], [80.48141917371905, 21.90877518723577], [80.48432359062917, 21.908784314985105], [80.48433334393971, 21.906074024441786], [80.48142898195667, 21.906064897935668]]], [[[80.48432359062917, 21.908784314985105], [80.48431383580238, 21.91149460463212], [80.48721830916448, 21.911503682357292], [80.48722800905553, 21.908793391473996], [80.48432359062917, 21.908784314985105]]], [[[80.48721830916448, 21.911503682357292], [80.48720860776558, 21.914213972344232], [80.49011313757994, 21.914223000031207], [80.49012278403443, 21.911512708814925], [80.48721830916448, 21.911503682357292]]], [[[80.49301766889373, 21.914231976443556], [80.49011313757994, 21.914223000031207], [80.49010348962602, 21.916933290351103], [80.49009384017255, 21.919643579774508], [80.49299848140102, 21.91965255863171], [80.49300807589287, 21.916942267985853], [80.49301766889373, 21.914231976443556]]], [[[80.49580764725549, 21.946764355492505], [80.49579809140981, 21.9494746374877], [80.49870334075648, 21.94948352706365], [80.4987128415463, 21.94677324385949], [80.49580764725549, 21.946764355492505]]], [[[80.5045138438676, 21.949501152118202], [80.50160859157859, 21.94949236527385], [80.49870334075648, 21.94948352706365], [80.49869383849122, 21.952193809370414], [80.50159914437788, 21.952202648782645], [80.50450445173155, 21.95221143682204], [80.5045138438676, 21.949501152118202]]], [[[80.50450445173155, 21.95221143682204], [80.50449505813704, 21.954921720628466], [80.50740042202251, 21.954930458483016], [80.5074097605437, 21.952220173488488], [80.50450445173155, 21.95221143682204]]], [[[80.51253260611118, 22.01186216367687], [80.51253260609894, 22.01186216725539], [80.51277481631418, 22.01186288532292], [80.51301702708199, 22.01186360697065], [80.51301702709421, 22.011863603392122], [80.5154391325946, 22.011870784077324], [80.51544834504153, 22.009160514616813], [80.51278407955367, 22.00915261693461], [80.51011981552796, 22.009144679897926], [80.51011050178319, 22.01185494720954], [80.51253260611118, 22.01186216367687]]]]}, "properties": {"confidence_band": "Very Low", "site_id": "balaghat", "cell_count": 4043}}, {"type": "Feature", "geometry": {"type": "MultiPolygon", "coordinates": [[[[80.1973102008278, 21.815486975823603], [80.20021256554138, 21.815501060973283], [80.20311493260104, 21.815515095113476], [80.20601730199833, 21.81552907824401], [80.2089196737247, 21.815543010364717], [80.20893456541737, 21.812832838489797], [80.20603224831272, 21.81281890827311], [80.20312993353699, 21.81280492705355], [80.20022762109866, 21.812790894831306], [80.19732531100625, 21.812776811606543], [80.19442300326824, 21.81276267737943], [80.1915206978932, 21.81274849215014], [80.18861839488959, 21.812734255918844], [80.18860312084891, 21.815444414319316], [80.19150547847306, 21.815458652496442], [80.19440783846886, 21.81547283966459], [80.1973102008278, 21.815486975823603]]], [[[80.18279841274959, 21.815415784938825], [80.18278302707127, 21.81812593852734], [80.18568543455524, 21.81814028068175], [80.18570076560492, 21.81543012513338], [80.18279841274959, 21.815415784938825]]], [[[80.17986517930431, 21.82082169040937], [80.179865179272, 21.820821696079676], [80.1803489224212, 21.820824095268446], [80.1808326655796, 21.820826500127726], [80.18083266561187, 21.82082649445742], [80.18276763899556, 21.820836091216403], [80.18278302707127, 21.81812593852734], [80.18036435551447, 21.81811394421591], [80.17794568659636, 21.818101921569124], [80.17793020745917, 21.82081207097617], [80.17986517930431, 21.82082169040937]]], [[[80.19147503251767, 21.82087897049148], [80.1943775017805, 21.820893161537573], [80.19727997340685, 21.820907301560567], [80.20018244738824, 21.820921390560304], [80.20308492371612, 21.820935428536608], [80.20598740238202, 21.820949415489306], [80.20888988337741, 21.82096335141823], [80.21179236669376, 21.82097723632322], [80.21180720838885, 21.818267064348692], [80.20890477971145, 21.818253181340886], [80.20600235335482, 21.818239247316104], [80.20309992932748, 21.818225262274527], [80.20019750763795, 21.81821122621631], [80.19729508829475, 21.818197139141635], [80.19439267130636, 21.81818300105067], [80.19149025668129, 21.81816881194359], [80.1885878444281, 21.818154571820553], [80.18568543455524, 21.81814028068175], [80.1856701011167, 21.82085043533073], [80.18276763899556, 21.820836091216403], [80.18275224852226, 21.82354624300591], [80.18565476528907, 21.82356058908022], [80.18855728444517, 21.82357488412499], [80.18857256562691, 21.820864728422478], [80.19147503251767, 21.82087897049148]]], [[[80.18078637765811, 21.828956948865503], [80.18080180936887, 21.826246800185988], [80.18080180940116, 21.826246794514137], [80.18273685565119, 21.82625639389578], [80.18275224852226, 21.82354624300591], [80.180333486106, 21.82353424541731], [80.1779147259102, 21.823522219483543], [80.17789924194926, 21.826232367091148], [80.17788375557615, 21.828942513798903], [80.18078637765811, 21.828956948865503]]], [[[80.1914445770741, 21.82629928488917], [80.18854200088265, 21.826285038928003], [80.18852671493917, 21.828995192831435], [80.18851142661454, 21.83170534583519], [80.1914141121407, 21.831719595688803], [80.1943168000397, 21.83173379449161], [80.19721949030306, 21.83174794224344], [80.20012218292223, 21.831762038944124], [80.20302487788871, 21.83177608459348], [80.20592757519398, 21.831790079191357], [80.20883027482954, 21.831804022737565], [80.20881536688866, 21.834514188319435], [80.2117181235275, 21.834528082711337], [80.2117032679547, 21.837238249291435], [80.21460608159722, 21.83725209451499], [80.21462088247978, 21.834541926044267], [80.2146356810574, 21.831831756674333], [80.21173297678685, 21.831817915231944], [80.21174782773295, 21.82910774685335], [80.211762676366, 21.826397577575637], [80.20886008374622, 21.82638368887609], [80.20884518044865, 21.82909385625642], [80.20594253548592, 21.82907991461463], [80.20303989285327, 21.829065921928162], [80.2030549054792, 21.826355758363515], [80.20595749344777, 21.826369749138657], [80.20597244907974, 21.823659582763522], [80.20306991576678, 21.823645593899634], [80.200167384792, 21.82363155400517], [80.19726485616394, 21.823617463080307], [80.1943623298911, 21.82360332112521], [80.19434715563797, 21.826313479813482], [80.19724973656581, 21.82632762370075], [80.19723461461224, 21.829037783421832], [80.19433197902092, 21.829023637602315], [80.19142934579372, 21.82900944073879], [80.1914445770741, 21.82629928488917]]], [[[80.18272146038211, 21.828966543885915], [80.18270606271484, 21.83167669297623], [80.18560874346974, 21.83169104493094], [80.18562408646581, 21.828980893880424], [80.18272146038211, 21.828966543885915]]], [[[80.17980338435832, 21.831662289971238], [80.17978792961314, 21.834372436194403], [80.18269066264918, 21.83438684116664], [80.18270606271484, 21.83167669297623], [80.17980338435832, 21.831662289971238]]], [[[80.18560874346974, 21.83169104493094], [80.18559339808381, 21.83440119508162], [80.18849613590854, 21.83441549793917], [80.18851142661454, 21.83170534583519], [80.18560874346974, 21.83169104493094]]], [[[80.18022536641969, 21.842505271272017], [80.18070918304217, 21.84250767876325], [80.18070918307451, 21.84250767308674], [80.18264444805975, 21.842517280337514], [80.18554734758466, 21.842531640133746], [80.18556270014147, 21.839821492683118], [80.1884655473516, 21.839835799447485], [80.1913683969437, 21.8398500551403], [80.19427124890927, 21.83986425976139], [80.19425606046951, 21.84257441305165], [80.1971589695061, 21.842588568533444], [80.19714383341581, 21.845298722856395], [80.20004679952382, 21.84531282918483], [80.20003171580002, 21.848022984533543], [80.20293473897985, 21.84803704169459], [80.20291970763961, 21.850747198062134], [80.20290467395917, 21.853457353529638], [80.20580780895197, 21.8534713634212], [80.20579282768043, 21.856181519900602], [80.20577784407683, 21.85889167547985], [80.20287459957694, 21.858877661764172], [80.20285955887478, 21.86158781453102], [80.20284451583163, 21.86429796639747], [80.20574786987268, 21.86431198393755], [80.20573287927174, 21.867022136815816], [80.20863629042901, 21.86703610512588], [80.21153970391062, 21.86705002229345], [80.21155458494422, 21.864339865611505], [80.21156946366224, 21.861629708029273], [80.21158434006486, 21.858919549546858], [80.20868109090898, 21.858905638074138], [80.20869601975457, 21.856195480589765], [80.20871094627664, 21.853485322205312], [80.21161408592465, 21.853499229881805], [80.21162895538221, 21.850789068699356], [80.21164382252518, 21.84807890661708], [80.21165868735369, 21.845368743635056], [80.211673549868, 21.842658579753383], [80.21168841006828, 21.839948414972145], [80.20878554404082, 21.839934516784993], [80.20880045662582, 21.83722435300194], [80.2058976476191, 21.83721040564667], [80.20591261257178, 21.834500242868724], [80.20300986058538, 21.83448624635939], [80.20010711093796, 21.83447219879159], [80.19720436363805, 21.834458100165495], [80.19430161869418, 21.834443950481283], [80.1942864349841, 21.837154105571237], [80.19138363771589, 21.837139902889646], [80.18848084282095, 21.837125649143307], [80.18557805030778, 21.837111344332378], [80.18559339808381, 21.83440119508162], [80.18269066264918, 21.83438684116664], [80.18267526018491, 21.837096988457056], [80.18025626982165, 21.837084982671144], [80.17783728198165, 21.83707294852219], [80.17782178595776, 21.839783091629652], [80.17780628752067, 21.842493233836816], [80.17974155096644, 21.842502863786603], [80.17974155093405, 21.8425028694631], [80.18022536641969, 21.842505271272017]]], [[[80.18238215735892, 21.888589615855953], [80.18239760543527, 21.885879485682537], [80.18046175615645, 21.885869857438976], [80.18047723835882, 21.8831597333644], [80.18049271818576, 21.880449602699258], [80.18049271821825, 21.8804495970119], [80.18242849438082, 21.880459222630687], [80.18244393525038, 21.877749089752438], [80.18050819563742, 21.877739465445963], [80.18052367061658, 21.875029338664355], [80.17762011797122, 21.87501487006697], [80.17760458814386, 21.87772500056212], [80.17758905590043, 21.88043513015571], [80.1775735212407, 21.88314525884766], [80.17755798416451, 21.885855386637886], [80.17997779359213, 21.88586745037687], [80.17949383186946, 21.88586504331895], [80.17947832894313, 21.888575171523687], [80.18238215735892, 21.888589615855953]], [[80.18000877439395, 21.88044719060828], [80.18000877448101, 21.880447190608713], [80.18049271818576, 21.880449602699258], [80.18000877439395, 21.88044719060828]], [[80.18002426060423, 21.877737059368698], [80.18002426058405, 21.8777370593686], [80.17760458814386, 21.87772500056212], [80.18002426060423, 21.877737059368698]]], [[[80.18822049575617, 21.88319808184877], [80.18820515976577, 21.88590821684019], [80.18818982138998, 21.88861835093004], [80.1910936569882, 21.888632641671514], [80.1939974949635, 21.888646881215696], [80.19690133530736, 21.888661069562435], [80.19688615912389, 21.891371208573183], [80.19979005668749, 21.89138534764919], [80.19980517801125, 21.888675206711543], [80.20270902306662, 21.888689292662853], [80.20561287046496, 21.888703327416206], [80.20562787973425, 21.885993181744496], [80.20853167461523, 21.88600716339381], [80.20854662670703, 21.883297014915154], [80.2085615764733, 21.88058686553552], [80.20857652391427, 21.877876715255002], [80.20859146903014, 21.87516656407369], [80.20860641182108, 21.872456411991674], [80.2057028910711, 21.872442439870742], [80.20571788633794, 21.86973228879358], [80.20281442272162, 21.869718267428812], [80.20279937265434, 21.872428416593536], [80.19989585657937, 21.87241434216023], [80.1998807493616, 21.875124488504696], [80.19697718082836, 21.87511036098898], [80.19696201644301, 21.877820504505998], [80.19405839545193, 21.87780632389403], [80.1911547768286, 21.877792092112514], [80.19113950043341, 21.88050223085431], [80.18823582936136, 21.88048794595589], [80.18533216067432, 21.880473609881292], [80.18531677223581, 21.883183743819583], [80.18822049575617, 21.88319808184877]]], [[[80.18238215735892, 21.888589615855953], [80.18236670687986, 21.891299745127586], [80.18527059255703, 21.89131414022488], [80.18528598817737, 21.88860400899146], [80.18238215735892, 21.888589615855953]]], [[[80.17946282360558, 21.89128529882656], [80.1794473158566, 21.893995425227487], [80.18235125399794, 21.89400987349734], [80.18236670687986, 21.891299745127586], [80.17946282360558, 21.89128529882656]]], [[[80.18527059255703, 21.89131414022488], [80.18525519454235, 21.894024270556486], [80.1881591374813, 21.894038616404735], [80.18817448062855, 21.891328484118258], [80.18527059255703, 21.89131414022488]]], [[[80.18235125399794, 21.89400987349734], [80.18233579871293, 21.896720000965125], [80.18523979413311, 21.89673439998619], [80.18525519454235, 21.894024270556486], [80.18235125399794, 21.89400987349734]]], [[[80.19685579967607, 21.89679148389003], [80.19975980698472, 21.896805626820026], [80.20266381664544, 21.896819718531283], [80.20556782864972, 21.89683375902365], [80.2055828449229, 21.894123616055875], [80.20267888779578, 21.894109577476588], [80.19977493301205, 21.894095487685377], [80.19687098058019, 21.894081346682416], [80.19396703050876, 21.894067154467873], [80.1910630828063, 21.89405291104192], [80.1881591374813, 21.894038616404735], [80.18814379194805, 21.896748747789385], [80.18523979413311, 21.89673439998619], [80.18522439132911, 21.899444528513907], [80.18812844402856, 21.899458878272128], [80.19103249911443, 21.89947317680532], [80.1910477921492, 21.896763044374545], [80.19395179472806, 21.89677728974148], [80.19685579967607, 21.89679148389003]]], [[[80.18806702848434, 21.91029939118216], [80.18808238595074, 21.90758926430797], [80.19098660574195, 21.907603568685705], [80.19389082791166, 21.907617821817308], [80.19679505245131, 21.907632023702607], [80.19969927935242, 21.907646174341437], [80.2026035086064, 21.907660273733608], [80.20550774020477, 21.90767432187897], [80.20549271225445, 21.91038446033841], [80.20547768196812, 21.913094597895906], [80.20546264934559, 21.915804734551383], [80.20544761438663, 21.918514870304747], [80.20543257709105, 21.9212250051559], [80.20541753745864, 21.923935139104767], [80.20540249548924, 21.926645272151248], [80.20830711404305, 21.92665928239621], [80.20829212471624, 21.929369416447148], [80.20827713306056, 21.932079549595603], [80.2111818639116, 21.932093512344515], [80.21116692492397, 21.934803646490487], [80.21407171309285, 21.934817559822353], [80.2140865970832, 21.932107423783272], [80.21410147876156, 21.929397286841755], [80.21119680057873, 21.92938337729604], [80.21121173492551, 21.926673241345142], [80.21122666695217, 21.923963104491907], [80.20832210104118, 21.923949147442862], [80.20833708571084, 21.921239011587197], [80.2083520680522, 21.918528874829313], [80.20836704806551, 21.9158187371693], [80.20838202575092, 21.91310859860724], [80.20839700110868, 21.910398459143224], [80.20841197413893, 21.90768831877734], [80.21131621040038, 21.90770226442855], [80.21133112619162, 21.904992121261497], [80.21134603966433, 21.902281977192825], [80.20844191321777, 21.902268035340338], [80.20842694484189, 21.90497817750968], [80.20552276581924, 21.90496418251768], [80.2026185891322, 21.904950136285677], [80.19971441478933, 21.90493603881384], [80.19681024279915, 21.904921890102326], [80.1939060731702, 21.904907690151322], [80.19100190591101, 21.904893438960986], [80.18809774103012, 21.904879136531505], [80.18811309372266, 21.902169007852862], [80.18520898613016, 21.902154656139565], [80.18230488093285, 21.902140253194435], [80.18232034102464, 21.899430127530852], [80.17941629312364, 21.899415675323127], [80.17940077813921, 21.90212579901766], [80.17938526074256, 21.904835921809887], [80.18228941843735, 21.904850377955782], [80.18519357853606, 21.904864782863044], [80.18517816854657, 21.90757490868428], [80.18227395353797, 21.907560501814803], [80.18225848623449, 21.91027062477141], [80.18516275616152, 21.910285033603166], [80.18806702848434, 21.91029939118216]]], [[[80.19966900141971, 21.913066442690575], [80.19965385892351, 21.915776575511938], [80.19963871407383, 21.91848670743105], [80.19962356687044, 21.921196838447806], [80.20252807080806, 21.92121094744272], [80.20254316305764, 21.91850081450527], [80.20255825296206, 21.915790680665545], [80.20257334052154, 21.913080545923627], [80.20258842573625, 21.910370410279622], [80.1996841415626, 21.91035630896704], [80.19677985974205, 21.91034215640083], [80.19387558028313, 21.91032795258117], [80.19097130319439, 21.91031369750822], [80.19095599826812, 21.913023825428446], [80.19386033028447, 21.913038082442807], [80.19676466467118, 21.913052288196905], [80.19966900141971, 21.913066442690575]]], [[[80.17921441011352, 21.934647212946512], [80.1791988637541, 21.937357324904074], [80.18210368092878, 21.937371804685004], [80.18211917228457, 21.93466169075746], [80.17921441011352, 21.934647212946512]]], [[[80.17916776379035, 21.9427775461087], [80.18207269099793, 21.942792029829814], [80.18497762061226, 21.942806462214577], [80.18496217706625, 21.94551657539488], [80.18786716410848, 21.945530958399342], [80.19077215354059, 21.9455452900601], [80.19367714535403, 21.945559570376993], [80.19369242381043, 21.942849451348934], [80.19078748702707, 21.94283517297431], [80.18788255262481, 21.942820843262798], [80.18789793875149, 21.94011072722283], [80.1908028181324, 21.94012505498516], [80.19370769989423, 21.940139331417583], [80.19372297360566, 21.93742921058303], [80.19081814685681, 21.937414936092733], [80.18791332248868, 21.937400610279514], [80.18500850050982, 21.937386233143542], [80.18499306176004, 21.940096348130766], [80.18208818716664, 21.94008191770915], [80.17918331497977, 21.940067435958166], [80.17916776379035, 21.9427775461087]]], [[[80.19370769989423, 21.940139331417583], [80.19369242381043, 21.942849451348934], [80.19659736296637, 21.9428636783865], [80.19950230448639, 21.942877854086838], [80.19951747052653, 21.94016773029204], [80.19661258402846, 21.940153556519935], [80.19370769989423, 21.940139331417583]]], [[[80.19366186452484, 21.948269688501682], [80.1965669137499, 21.948283919409892], [80.1965516855951, 21.950994038566535], [80.19945679223217, 21.951008220051992], [80.19944161676882, 21.95371834023367], [80.20234678081832, 21.9537324722823], [80.20236190122533, 21.951022350179098], [80.20237701928481, 21.948312227172547], [80.19947196533941, 21.9482980989669], [80.19948713609074, 21.945587976978484], [80.19658213954027, 21.945573799349845], [80.19367714535403, 21.945559570376993], [80.19366186452484, 21.948269688501682]]], [[[80.18493128277875, 21.950936799044623], [80.18783637990595, 21.950951185961767], [80.18785177320225, 21.94824107263236], [80.1849467311218, 21.948226687671593], [80.18204169143999, 21.948212251360328], [80.18202618805037, 21.95092236076999], [80.17912109572939, 21.950907871138057], [80.17910553487748, 21.953617977673456], [80.18201068225336, 21.953632469275817], [80.18491583203684, 21.95364690951388], [80.18493128277875, 21.950936799044623]]], [[[80.19074147942344, 21.95096552152125], [80.19072613879236, 21.95367563589642], [80.19363129574731, 21.953689922040553], [80.19364658132267, 21.950979805722895], [80.19074147942344, 21.95096552152125]]], [[[80.18780558614228, 21.95637140990939], [80.19071079577932, 21.956385749367886], [80.19072613879236, 21.95367563589642], [80.18782098421936, 21.953661298387473], [80.18491583203684, 21.95364690951388], [80.1849003788959, 21.956357019079277], [80.18780558614228, 21.95637140990939]]], [[[80.19363129574731, 21.953689922040553], [80.19361600779854, 21.956400037454568], [80.19652122219135, 21.956414274169276], [80.19653645507564, 21.953704156819693], [80.19363129574731, 21.953689922040553]]], [[[80.19071079577932, 21.956385749367886], [80.19069545038415, 21.959095861935534], [80.19360071747617, 21.959110151964843], [80.19361600779854, 21.956400037454568], [80.19071079577932, 21.956385749367886]]], [[[80.18488492335572, 21.959067127740724], [80.1819796634364, 21.959052683575578], [80.17907440592508, 21.95903818803216], [80.17905883782414, 21.961748291855287], [80.17904326730648, 21.964458394774134], [80.17902769437185, 21.967168496788624], [80.17901211902006, 21.96987859789866], [80.1789965412509, 21.97258869810416], [80.17898096106416, 21.975298797405028], [80.17896537845964, 21.978008895801175], [80.17894979343714, 21.98071899329252], [80.17893420599644, 21.983429089878953], [80.17891861613734, 21.98613918556042], [80.18182442483891, 21.986153700813443], [80.18473023595054, 21.986168164618345], [80.18763604946366, 21.98618257697495], [80.19054186536972, 21.986196937883093], [80.19055723459752, 21.983486834358413], [80.19346299772963, 21.983501141874566], [80.19347830942347, 21.980791035501923], [80.1934936187419, 21.978080928224724], [80.19639927395822, 21.97809518042656], [80.19641452576856, 21.97538507030879], [80.19642977521245, 21.972674959286724], [80.1935242302533, 21.972660710957093], [80.19353953244669, 21.969950600966826], [80.19355483226546, 21.96724049007238], [80.19064939990373, 21.96722619421476], [80.19066475244657, 21.96451608435906], [80.18775937756602, 21.964501739051528], [80.18777478281581, 21.961791630241507], [80.18486946541609, 21.961777235498133], [80.18488492335572, 21.959067127740724]]], [[[80.20230140550994, 21.961862833170972], [80.19939607624022, 21.961848695357315], [80.19649074932738, 21.961834506157366], [80.19650598694199, 21.959124390615194], [80.19360071747617, 21.959110151964843], [80.19358542478001, 21.9618202655713], [80.19357012970984, 21.964530378273842], [80.19647550934732, 21.964544620795692], [80.19646026700163, 21.967254734530087], [80.19936570410363, 21.967268927587703], [80.19938089135047, 21.964558811924437], [80.20228627571072, 21.96457295165991], [80.20230140550994, 21.961862833170972]]], [[[80.20215000180879, 21.988963977379132], [80.20216515275219, 21.986253867027504], [80.19925932735994, 21.98623971191497], [80.19927453111214, 21.98352960258123], [80.19636876323734, 21.983515397948896], [80.19635350432641, 21.98622550535328], [80.19344768366015, 21.98621124734259], [80.19343236721485, 21.98892135190591], [80.19633824304822, 21.988935611853016], [80.19632297940254, 21.991645717448012], [80.19922891277922, 21.991659927868646], [80.19924412124904, 21.988949820344143], [80.20215000180879, 21.988963977379132]]], [[[80.17885623251281, 21.996979559234603], [80.18176226193003, 21.996994082373497], [80.18466829375811, 21.997008554036327], [80.1875743279885, 21.99702297422291], [80.19048036461265, 21.997037342933073], [80.19049574337922, 21.994327243028074], [80.19051111976077, 21.991617142218015], [80.19341704839354, 21.99163145556441], [80.19343236721485, 21.98892135190591], [80.19052649375753, 21.988907040502994], [80.18762062268479, 21.988892677644454], [80.18760519351278, 21.991602777409003], [80.18469926965813, 21.99158836113755], [80.1817933482054, 21.991573893403828], [80.17888742916313, 21.991559374208013], [80.17887183204759, 21.994269467173982], [80.17885623251281, 21.996979559234603]]], [[[80.19341704839354, 21.99163145556441], [80.19340172719599, 21.994341558318023], [80.1963077133892, 21.994355822138193], [80.19632297940254, 21.991645717448012], [80.19341704839354, 21.99163145556441]]], [[[80.18171561443492, 22.005124359037577], [80.18462181189021, 22.005138836594607], [80.18752801174844, 22.005153262654428], [80.19043421400103, 22.00516763721687], [80.19041882569248, 22.007877733500766], [80.1875125682133, 22.00786335698742], [80.18460631312867, 22.00784892896971], [80.18170006044717, 22.007834449447795], [80.17879381017738, 22.007819918421866], [80.17877819854341, 22.010530005954443], [80.18168450404774, 22.01054453895231], [80.18459081196397, 22.01055902043917], [80.18749712228356, 22.01057345041485], [80.18748167395907, 22.01328354293661], [80.18746622323958, 22.015993634552625], [80.19037264644996, 22.016008016919102], [80.19038804191715, 22.013297923351974], [80.19040343499792, 22.010587828879167], [80.19330975009848, 22.010602155831943], [80.19329441226165, 22.013312252248806], [80.19327907204696, 22.016022347760064], [80.196185500022, 22.016036627075337], [80.196200784984, 22.013326529626948], [80.19621606757671, 22.01061643127301], [80.19623134780032, 22.00790633201364], [80.19332508555767, 22.00789205850956], [80.19334041863942, 22.005181960281753], [80.19335574934392, 22.002471861148603], [80.19337107767139, 21.999761761110207], [80.19046498346091, 21.999747441932932], [80.18755889163585, 21.99973307127208], [80.18754345288923, 22.002443167415954], [80.18463730824884, 22.00242874331395], [80.18173116601118, 22.00241426772172], [80.1788250261848, 22.002399740639454], [80.17880941939111, 22.005109829983514], [80.18171561443492, 22.005124359037577]]], [[[80.21762680279326, 21.815584500666162], [80.21472442413068, 21.815570721575956], [80.21182204777165, 21.815556891475417], [80.21180720838885, 21.818267064348692], [80.2147096393785, 21.81828089633937], [80.21761207267193, 21.81829467731274], [80.21762680279326, 21.815584500666162]]], [[[80.21759734025534, 21.821004853060696], [80.21469485232257, 21.820991070204098], [80.21179236669376, 21.82097723632322], [80.21177752268622, 21.823687407398896], [80.2146800629627, 21.823701243170053], [80.21758260554333, 21.82371502790995], [80.21759734025534, 21.821004853060696]]], [[[80.21159921415226, 21.856209390164338], [80.21158434006486, 21.858919549546858], [80.21448759153594, 21.85893340989784], [80.21450241086495, 21.856223248624147], [80.21159921415226, 21.856209390164338]]], [[[80.21153970391062, 21.86705002229345], [80.21152482056121, 21.869760178075033], [80.2144282911511, 21.86977404599139], [80.21444311970802, 21.86706388831836], [80.21153970391062, 21.86705002229345]]], [[[80.21140567037354, 21.891441391903733], [80.21430957961029, 21.891455274954158], [80.2142947302791, 21.894165424520484], [80.21719869669433, 21.89417925825038], [80.2172134911561, 21.89146910679896], [80.21722828331735, 21.888758954446516], [80.21724307317831, 21.886048801193127], [80.21725786073915, 21.883338647038872], [80.22016161002774, 21.883352422043963], [80.22017634045315, 21.88064226511111], [80.22019106858735, 21.877932107277655], [80.21728742896127, 21.877918336028173], [80.21730220962293, 21.875208179171896], [80.21731698798526, 21.87249802141513], [80.22022051798297, 21.87251178890927], [80.22312405027128, 21.872525505246298], [80.223109381529, 21.875235666751358], [80.22601297090972, 21.87524933379478], [80.22891656256421, 21.875262949673782], [80.22893112168565, 21.872552784448335], [80.22602758484167, 21.87253917042604], [80.22604219650009, 21.869829006157094], [80.22313871673147, 21.869815342840955], [80.22023523924474, 21.869801628374525], [80.21733176404845, 21.869787862757946], [80.2144282911511, 21.86977404599139], [80.21441346028668, 21.872484202764035], [80.21439862711463, 21.875194358636197], [80.2143837916347, 21.877904513607795], [80.21436895384672, 21.880614667678735], [80.21435411375047, 21.883324820848934], [80.21433927134579, 21.8860349731183], [80.21143547182193, 21.886021093851806], [80.21142057225642, 21.888731243328312], [80.21140567037354, 21.891441391903733]]], [[[80.20848680438483, 21.89413760342306], [80.21139076617308, 21.89415153957799], [80.21140567037354, 21.891441391903733], [80.20850176345434, 21.891427457647858], [80.20559785886125, 21.891413472186688], [80.2055828449229, 21.894123616055875], [80.20848680438483, 21.89413760342306]]], [[[80.21139076617308, 21.89415153957799], [80.21137585965486, 21.89686168635098], [80.21427987863864, 21.89687557318561], [80.2142947302791, 21.894165424520484], [80.21139076617308, 21.89415153957799]]], [[[80.20556782864972, 21.89683375902365], [80.20555281004152, 21.899543901089935], [80.20845687926675, 21.899557892269392], [80.20847184298904, 21.89684774829693], [80.20556782864972, 21.89683375902365]]], [[[80.21426502468876, 21.899585720949464], [80.21425016842926, 21.902295867811947], [80.217154299504, 21.90230970719753], [80.21716910086846, 21.89959955844975], [80.21426502468876, 21.899585720949464]]], [[[80.21710988160208, 21.910440148032166], [80.2170950710313, 21.913150293173846], [80.21708025815843, 21.915860437413787], [80.2170654429833, 21.918570580751883], [80.2170506255057, 21.921280723188055], [80.2141461099267, 21.921266870603443], [80.2141312351831, 21.92397701025175], [80.21411635812812, 21.92668714899789], [80.21702098364234, 21.926701005354268], [80.21703580572546, 21.92399086472221], [80.21994037857064, 21.924004667903127], [80.21995514338737, 21.9212945244901], [80.21996990590998, 21.918584380175126], [80.21998466613867, 21.91587423495829], [80.21999942407362, 21.913164088839697], [80.22001417971504, 21.910453941819423], [80.22002893306312, 21.90774379389755], [80.21712468987101, 21.907730001988828], [80.21713949583825, 21.905019855043914], [80.21423530985993, 21.905006013772965], [80.21422044898058, 21.907716158832436], [80.21420558579103, 21.91042630299027], [80.21710988160208, 21.910440148032166]]], [[[80.20537240453858, 21.93206553553671], [80.20538745118262, 21.92935540429526], [80.20540249548924, 21.926645272151248], [80.20249787927264, 21.926631210610445], [80.2024827799864, 21.929341340840534], [80.20246767835421, 21.932051470168], [80.20537240453858, 21.93206553553671]]], [[[80.20537240453858, 21.93206553553671], [80.20535735555693, 21.934775665875513], [80.20826213907581, 21.934789681841483], [80.20827713306056, 21.932079549595603], [80.20537240453858, 21.93206553553671]]], [[[80.20826213907581, 21.934789681841483], [80.2082471427618, 21.937499813184687], [80.2111519836156, 21.93751377973385], [80.21116692492397, 21.934803646490487], [80.20826213907581, 21.934789681841483]]], [[[80.21407171309285, 21.934817559822353], [80.21405682679033, 21.937527694958895], [80.21696167227744, 21.937541558859657], [80.21697650357392, 21.934831421836915], [80.21407171309285, 21.934817559822353]]], [[[80.21404193817543, 21.940237829192828], [80.21402704724794, 21.94294796252405], [80.21693200277275, 21.942961830197415], [80.2169468386771, 21.94025169497985], [80.21404193817543, 21.940237829192828]]], [[[80.19950230448639, 21.942877854086838], [80.19948713609074, 21.945587976978484], [80.20239213499691, 21.945602103262743], [80.20240724836188, 21.942891978449772], [80.19950230448639, 21.942877854086838]]], [[[80.20239213499691, 21.945602103262743], [80.20237701928481, 21.948312227172547], [80.20528207557756, 21.94832630402665], [80.20529713625025, 21.94561617820243], [80.20239213499691, 21.945602103262743]]], [[[80.208157115952, 21.95376058228289], [80.20817212624578, 21.95105045635757], [80.20818713420911, 21.94834032952904], [80.20528207557756, 21.94832630402665], [80.20526701256607, 21.95103642894768], [80.20525194721556, 21.953746552965434], [80.208157115952, 21.95376058228289]]], [[[80.20234678081832, 21.9537324722823], [80.20233165806354, 21.956442593482077], [80.20523687952586, 21.956456676079828], [80.20525194721556, 21.953746552965434], [80.20234678081832, 21.9537324722823]]], [[[80.208157115952, 21.95376058228289], [80.20814210332756, 21.956470707304916], [80.21104732946013, 21.95648468715717], [80.2110622870191, 21.953774560234486], [80.208157115952, 21.95376058228289]]], [[[80.2109575353309, 21.97274542972056], [80.21094256151163, 21.97545555031818], [80.21384817566553, 21.97546949205504], [80.2138630943593, 21.97275936956327], [80.21676865570262, 21.9727732579909], [80.21678351696428, 21.970063132708248], [80.21387801073811, 21.97004924616772], [80.2138929248022, 21.967339121868477], [80.21390783655173, 21.964628996665642], [80.21100244284857, 21.964615062504976], [80.21101740737507, 21.961904938292495], [80.21103236957885, 21.95919481317653], [80.20812708837227, 21.959180831423563], [80.20814210332756, 21.956470707304916], [80.20523687952586, 21.956456676079828], [80.20522180949675, 21.959166798290767], [80.20520673712804, 21.961876919598165], [80.20811207108592, 21.961890954638736], [80.20809705146831, 21.964601076950352], [80.20808202951928, 21.96731119835831], [80.21098747599918, 21.967325185813863], [80.21097250682669, 21.97003530821909], [80.2109575353309, 21.97274542972056]]], [[[80.21104732946013, 21.95648468715717], [80.21103236957885, 21.95919481317653], [80.21393765310793, 21.959208743549524], [80.21395255791501, 21.956498615636423], [80.21104732946013, 21.95648468715717]]], [[[80.21390783655173, 21.964628996665642], [80.21681323256922, 21.96464287943218], [80.21971863089252, 21.96465671080443], [80.21973343014449, 21.961946580931286], [80.2168280869129, 21.96193275143894], [80.21684293895096, 21.959222622542352], [80.21393765310793, 21.959208743549524], [80.21392274598689, 21.961918870559295], [80.21390783655173, 21.964628996665642]]], [[[80.19927453111214, 21.98352960258123], [80.20218030134544, 21.983543755771375], [80.20216515275219, 21.986253867027504], [80.20507098049458, 21.9862679706907], [80.2050860739287, 21.983557857519184], [80.20510116502142, 21.98084774344332], [80.20219544758874, 21.98083364361084], [80.2022105914823, 21.978123530545975], [80.20222573302628, 21.975413416576874], [80.20224087222091, 21.972703301703632], [80.2022560090664, 21.96999318592633], [80.20516150598228, 21.970007278098226], [80.205176585371, 21.967297159501985], [80.20519166241952, 21.964587040001938], [80.20228627571072, 21.96457295165991], [80.20227114356294, 21.96728306924506], [80.19936570410363, 21.967268927587703], [80.19935051449947, 21.96997904234701], [80.19933532253782, 21.972689156202293], [80.19932012821847, 21.975399269153442], [80.1993049315412, 21.978109381200372], [80.19928973250582, 21.98081949234299], [80.19927453111214, 21.98352960258123]]], [[[80.21383325465663, 21.978179613642954], [80.2138183313324, 21.980889734326908], [80.21672405807854, 21.980903628416247], [80.21673892625995, 21.978193505844988], [80.21383325465663, 21.978179613642954]]], [[[80.2109126069018, 21.98087578880153], [80.21089762611085, 21.983585906687075], [80.21380340569263, 21.98359985410681], [80.2138183313324, 21.980889734326908], [80.2109126069018, 21.98087578880153]]], [[[80.20799184885335, 21.983571907824473], [80.20797681057859, 21.9862820229044], [80.21088264299561, 21.986296023668416], [80.21089762611085, 21.983585906687075], [80.20799184885335, 21.983571907824473]]], [[[80.20211969287068, 21.99438419536851], [80.20502568614185, 21.994398304778308], [80.20501058334014, 21.99710841433157], [80.20499547819603, 21.999818522980036], [80.20208937452958, 21.99980440973881], [80.2021045348756, 21.99709430300609], [80.19919848876204, 21.997080140203334], [80.19918327321427, 21.999790245013322], [80.19916805530679, 22.002500348918293], [80.19915283503938, 22.00521045191816], [80.19913761241186, 22.00792055401282], [80.19912238742401, 22.010630655202203], [80.19910716007564, 22.01334075548621], [80.202013537528, 22.013354929826434], [80.20199836307202, 22.016065031128132], [80.20490479812986, 22.01607915586531], [80.20781123553148, 22.01609322907611], [80.20782629948067, 22.013383123949062], [80.21073268396384, 22.01339714373112], [80.21074769033285, 22.0106870357967], [80.2107626943756, 22.007976926957184], [80.21077769609226, 22.005266817212664], [80.21079269548306, 22.00255670656324], [80.2108076925482, 21.999846595008975], [80.21082268728783, 21.997136482549983], [80.21372874275389, 21.997150439442585], [80.21374367997429, 21.994440324184232], [80.21375861487816, 21.991730208021387], [80.21666456228115, 21.99174410966065], [80.21667943969166, 21.989033990705824], [80.21958533422516, 21.989047839000328], [80.22249123105767, 21.989061635837498], [80.22250599582306, 21.98635151222436], [80.21960015415941, 21.98633771726073], [80.2166943147946, 21.986323870846753], [80.21670918759015, 21.98361375008353], [80.21380340569263, 21.98359985410681], [80.21378847773714, 21.986309972982593], [80.21088264299561, 21.986296023668416], [80.2108676575559, 21.989006139745474], [80.20796176997077, 21.98899213707996], [80.20794672702971, 21.99170225035107], [80.20504078660136, 21.991688194320353], [80.202134848515, 21.991674086826155], [80.20211969287068, 21.99438419536851]], [[80.20202870963185, 22.01064482761934], [80.20493503419164, 22.01065894852425], [80.20491991733255, 22.01336905264744], [80.202013537528, 22.013354929826434], [80.20202870963185, 22.01064482761934]], [[80.20495014870734, 22.007948843495818], [80.20785642037414, 22.00796291097929], [80.20784136109484, 22.01067301791676], [80.20493503419164, 22.01065894852425], [80.20495014870734, 22.007948843495818]]], [[[80.20507098049458, 21.9862679706907], [80.20505588471886, 21.988978082957793], [80.20796176997077, 21.98899213707996], [80.20797681057859, 21.9862820229044], [80.20507098049458, 21.9862679706907]]], [[[80.21073268396384, 22.01339714373112], [80.21071767526836, 22.016107250760356], [80.21362411733189, 22.016121220917885], [80.21363907077347, 22.013411111993452], [80.21073268396384, 22.01339714373112]]], [[[80.21761207267193, 21.81829467731274], [80.21759734025534, 21.821004853060696], [80.22049983048355, 21.821018584892858], [80.22051450826059, 21.818308407268635], [80.21761207267193, 21.81829467731274]]], [[[80.22049983048355, 21.821018584892858], [80.22048515041958, 21.823728761618437], [80.22338769758296, 21.82374244429535], [80.2234023229987, 21.821032265700406], [80.22049983048355, 21.821018584892858]]], [[[80.21758260554333, 21.82371502790995], [80.21756786853568, 21.826425201860403], [80.2204704680685, 21.826438937445285], [80.22048515041958, 21.823728761618437], [80.21758260554333, 21.82371502790995]]], [[[80.22916375971482, 21.829190018483555], [80.22917828035682, 21.82647983796796], [80.22919279873703, 21.823769656553747], [80.22629024702495, 21.8237560759405], [80.22338769758296, 21.82374244429535], [80.22337306988865, 21.82645262199162], [80.22627567398759, 21.826466255499234], [80.22626109867994, 21.82917643415928], [80.22916375971482, 21.829190018483555]]], [[[80.2204704680685, 21.826438937445285], [80.22045578343011, 21.829149112373315], [80.22335843991553, 21.829162798789145], [80.22337306988865, 21.82645262199162], [80.2204704680685, 21.826438937445285]]], [[[80.23208088898781, 21.826493369397635], [80.23206642301166, 21.82920355176181], [80.23496908856197, 21.829217033993885], [80.23498349987206, 21.8265068497881], [80.23208088898781, 21.826493369397635]]], [[[80.23203748429884, 21.83462391379416], [80.22913471164475, 21.834610376818542], [80.22914923681085, 21.831900198100453], [80.2262465211018, 21.831886611920556], [80.22626109867994, 21.82917643415928], [80.22335843991553, 21.829162798789145], [80.22334380766341, 21.83187297468783], [80.22332917313211, 21.834583149687578], [80.226231941253, 21.83459678878296], [80.22621735913334, 21.837306964746418], [80.22620277474263, 21.840017139810836], [80.22910565452531, 21.84003073155799], [80.2291201842163, 21.837320554637753], [80.23202301156181, 21.837334093462147], [80.23203748429884, 21.83462391379416]]], [[[80.22916375971482, 21.829190018483555], [80.22914923681085, 21.831900198100453], [80.23205195478208, 21.83191373322735], [80.23206642301166, 21.82920355176181], [80.22916375971482, 21.829190018483555]]], [[[80.2378573974769, 21.831940650321513], [80.24076012218349, 21.83195403228845], [80.24366284911817, 21.83196736320174], [80.24367709864838, 21.829257174411353], [80.24077442638882, 21.829243845318814], [80.2378717563572, 21.829230465179602], [80.23496908856197, 21.829217033993885], [80.23495467500693, 21.831927217301097], [80.23205195478208, 21.83191373322735], [80.23203748429884, 21.83462391379416], [80.23494025920678, 21.83463739970964], [80.23784303636002, 21.834650834564826], [80.2378573974769, 21.831940650321513]]], [[[80.217523643737, 21.83455571831807], [80.21750889754486, 21.83726588867243], [80.2204117157891, 21.837279631763593], [80.2204264072906, 21.83456945953256], [80.217523643737, 21.83455571831807]]], [[[80.22322666757961, 21.85355434950826], [80.22324131807062, 21.85084418080353], [80.22325596628109, 21.848134011199242], [80.22327061221121, 21.845423840695492], [80.22328525586119, 21.842713669292355], [80.2232998972312, 21.840003496989933], [80.22039702199952, 21.839989803095445], [80.21749414905614, 21.83997605812754], [80.21750889754486, 21.83726588867243], [80.21460608159722, 21.83725209451499], [80.21459127840954, 21.839962262086384], [80.21457647291655, 21.842672428758377], [80.2174793982706, 21.842686226683313], [80.21746464518809, 21.845396394339666], [80.21744988980836, 21.848106561096508], [80.21743513213127, 21.850816726953738], [80.22033822395642, 21.850830479429288], [80.22032351872348, 21.853540646263916], [80.22322666757961, 21.85355434950826]]], [[[80.23777119721984, 21.848201742299374], [80.23778556952261, 21.845491562550365], [80.24068856773164, 21.845504953656945], [80.24070288307932, 21.842794771180834], [80.24360582879966, 21.842808109377813], [80.24362008720932, 21.840097924181794], [80.24071719619816, 21.840084587805844], [80.24073150708836, 21.83737440353205], [80.23782867300633, 21.83736101790946], [80.23781430741566, 21.84007120035532], [80.23779993958782, 21.842781381902313], [80.2348969983337, 21.84276794154243], [80.23199405932544, 21.842754450101324], [80.23197957982575, 21.845464627072328], [80.23488257355115, 21.84547812035544], [80.23486814652253, 21.848188298269342], [80.23777119721984, 21.848201742299374]]], [[[80.22898933552301, 21.861712114546098], [80.22897478546055, 21.86442228337155], [80.23187816018859, 21.86443584068746], [80.23478153717258, 21.86444934686652], [80.23479597768164, 21.861739174349136], [80.2348104159435, 21.859029000932104], [80.23482485195831, 21.856318826615528], [80.2348392857263, 21.85360865139948], [80.23485371724763, 21.85089847528405], [80.23486814652253, 21.848188298269342], [80.23196509807147, 21.848174803144154], [80.23197957982575, 21.845464627072328], [80.22907658835496, 21.845451082701185], [80.22906205187519, 21.848161256923966], [80.22904751313214, 21.850871430247413], [80.2319506140624, 21.850884978316717], [80.23193612779836, 21.85359515258993], [80.23192163927915, 21.8563053259637], [80.23190714850458, 21.859015498437934], [80.23189265547445, 21.861725670012557], [80.22898933552301, 21.861712114546098]]], [[[80.21740560988414, 21.856237055969032], [80.21742037215658, 21.853526891911276], [80.21743513213127, 21.850816726953738], [80.2145320426037, 21.85080292337704], [80.21451722788747, 21.85351308645052], [80.21450241086495, 21.856223248624147], [80.21740560988414, 21.856237055969032]]], [[[80.21740560988414, 21.856237055969032], [80.21739084531372, 21.85894721912691], [80.22029410138965, 21.858960977233924], [80.22030881120129, 21.856250812198823], [80.21740560988414, 21.856237055969032]]], [[[80.21448759153594, 21.85893340989784], [80.21447276990025, 21.861643570271493], [80.21737607844513, 21.86165738138484], [80.21739084531372, 21.85894721912691], [80.21448759153594, 21.85893340989784]]], [[[80.22027938928838, 21.86167114136914], [80.22026467489727, 21.864381304604372], [80.22316804280635, 21.864395015329837], [80.22318270242145, 21.861684850224226], [80.22027938928838, 21.86167114136914]]], [[[80.21445794595768, 21.864353729745034], [80.21444311970802, 21.86706388831836], [80.21734653781269, 21.86707770320044], [80.21736130927819, 21.86436754274271], [80.21445794595768, 21.864353729745034]]], [[[80.23764174577364, 21.872593319568896], [80.24054529162659, 21.87260672895975], [80.2405309517491, 21.87531690154224], [80.24343455464444, 21.87533026159665], [80.24633815976236, 21.87534357048566], [80.24632392729393, 21.878053745804994], [80.24922758944629, 21.878067005336366], [80.24921340959251, 21.88077718156378], [80.25211712877967, 21.880790391723473], [80.2521030015576, 21.883500568852035], [80.25500677777994, 21.883513729625996], [80.25499270320663, 21.88622390764878], [80.25497862644409, 21.888934084771584], [80.25788251455704, 21.88894719793302], [80.25786849046865, 21.891657375943087], [80.26077243562624, 21.891670439683775], [80.26078640485086, 21.888960259893363], [80.26080037190313, 21.886250079203016], [80.26370420951389, 21.886263088188805], [80.2637181195471, 21.883552904825358], [80.26081433678321, 21.883539897612813], [80.26082829949135, 21.880829715122854], [80.25792457373761, 21.880816658503168], [80.25502085016423, 21.88080355070332], [80.25503492035965, 21.87809337088084], [80.25213125380436, 21.878080213695036], [80.25214537663187, 21.875370034766817], [80.24924176709436, 21.875356828209103], [80.24925594253688, 21.872646650182087], [80.24635239001672, 21.872633394266508], [80.24344883971045, 21.87262008719235], [80.24346312255408, 21.869909911888236], [80.24055962927315, 21.869896555477396], [80.24057396468896, 21.867186381095262], [80.237670528433, 21.86717297536179], [80.23765613822295, 21.869883147915267], [80.23475264941203, 21.869869689202], [80.23184916284889, 21.869856179337784], [80.2318636626468, 21.867146010462555], [80.22896023313363, 21.86713245129713], [80.22605680588512, 21.867118840988038], [80.22604219650009, 21.869829006157094], [80.22894567854206, 21.869842618322757], [80.22893112168565, 21.872552784448335], [80.23183466079465, 21.87256634731302], [80.23473820216016, 21.872579859019925], [80.23764174577364, 21.872593319568896]]], [[[80.22020579443056, 21.875221948543672], [80.22019106858735, 21.877932107277655], [80.22309471050444, 21.877945827356058], [80.223109381529, 21.875235666751358], [80.22020579443056, 21.875221948543672]]], [[[80.22302132114068, 21.89149661687103], [80.22300663641838, 21.894206772071698], [80.22591060971011, 21.894220452162784], [80.22589597758271, 21.896930608326688], [80.22588134318002, 21.899640763589584], [80.22586670650183, 21.902350917951384], [80.22296256854884, 21.902337232267417], [80.22297726012265, 21.899627079769978], [80.22007317934927, 21.899613344723306], [80.22005843288004, 21.902323495349407], [80.217154299504, 21.90230970719753], [80.21713949583825, 21.905019855043914], [80.22004368411805, 21.905033645074184], [80.22002893306312, 21.90774379389755], [80.22293317854837, 21.90775753455845], [80.22583742631822, 21.907771223971345], [80.2258227828124, 21.910481375629328], [80.22580813703031, 21.913191526385848], [80.22579348897176, 21.915901676240836], [80.22288907641261, 21.91588798123404], [80.22287437113059, 21.918598128322618], [80.22577883863656, 21.918611825194194], [80.22576418602452, 21.921321973245824], [80.2257495311354, 21.92403212039565], [80.22865411083794, 21.924045769706925], [80.22863950864425, 21.926755917812848], [80.2315441455883, 21.926769517684924], [80.2344487847927, 21.92678306625964], [80.23443429029311, 21.92949321715883], [80.23733898673107, 21.92950671627314], [80.23732454496978, 21.93221686810764], [80.24022929864171, 21.932230317747486], [80.24313405454873, 21.93224371607552], [80.24311972054208, 21.934953870661683], [80.2460245336751, 21.934967219494048], [80.24892934902633, 21.93498051700729], [80.24891512280904, 21.937690674317366], [80.25181999537827, 21.937703922313737], [80.25472487014879, 21.937717118983677], [80.2576297471121, 21.937730264327033], [80.26053462625963, 21.937743358343653], [80.26343950758283, 21.937756401033365], [80.26345345875654, 21.93504623478108], [80.2663582872376, 21.93505922437624], [80.26637218124363, 21.932349055455138], [80.26927695688217, 21.932361991969607], [80.26929079373761, 21.92965182038689], [80.26930462844356, 21.926941647903096], [80.2693184610002, 21.9242314745183], [80.26641385031314, 21.92421854328478], [80.26350924178374, 21.924205560758953], [80.26060463542056, 21.92419252694097], [80.2605906379386, 21.926902695024058], [80.25768597877544, 21.92688960813289], [80.25478132179575, 21.926876469942904], [80.25187666700808, 21.92686328045426], [80.24897201442096, 21.926850039667123], [80.24606736404293, 21.92683674758165], [80.24608163639668, 21.924126588474373], [80.24317704321011, 21.924113246906828], [80.24027245224953, 21.924099854048254], [80.24028683231614, 21.92138969767861], [80.23738229855498, 21.92137625535917], [80.2373967313436, 21.91866609991799], [80.23449225478144, 21.918652608151742], [80.23450674027497, 21.915942453645957], [80.23160232091148, 21.915928912446965], [80.23161685909284, 21.91321875888351], [80.22871249692761, 21.913205168265826], [80.22872708777975, 21.910495015651644], [80.22874167636415, 21.90778486213608], [80.22875626268102, 21.905074707719216], [80.23166046008141, 21.90508829278508], [80.23167498922639, 21.902378135616548], [80.22877084673054, 21.902364552401156], [80.22878542851292, 21.89965439618197], [80.23168951611275, 21.899667977546958], [80.2317040407407, 21.89695781857641], [80.2346080757113, 21.89697134687049], [80.23459360597103, 21.8996815076844], [80.23749769807918, 21.89969498659411], [80.24040179242868, 21.89970841427595], [80.24330588901104, 21.899721790729735], [80.24620998781766, 21.89973511595532], [80.2461957354142, 21.902445283172234], [80.24909989133374, 21.902458558977973], [80.25200404946068, 21.902471783548204], [80.25198990465283, 21.905181953474614], [80.25489411988471, 21.905195128603804], [80.2548800277924, 21.907905299424247], [80.25778430012957, 21.90791842509835], [80.26068857464894, 21.90793149952251], [80.26359285134194, 21.907944522696564], [80.26360677868936, 21.905234346533902], [80.26362070387188, 21.902524169470833], [80.26071653700063, 21.902511149844237], [80.26073051491647, 21.89980097365448], [80.26074449065925, 21.897090796564413], [80.25784043574852, 21.897077729262833], [80.25785446419921, 21.894367553053048], [80.25495046635059, 21.894354436316892], [80.25496454749212, 21.89164426099432], [80.2520606067052, 21.891631094837642], [80.25207474052054, 21.888920920409213], [80.24917085679495, 21.88890770484606], [80.24918504326702, 21.886197531318718], [80.24628121660238, 21.88618426636315], [80.24629545571412, 21.883474093743825], [80.24630969261126, 21.88076392022441], [80.24340597784443, 21.880750607705515], [80.24342026735582, 21.87804043510107], [80.2405166096405, 21.878027073224775], [80.23761295415648, 21.87801366017625], [80.23470930091229, 21.87800019595568], [80.23180564991647, 21.877986680563204], [80.22890200117753, 21.877973113998998], [80.22888743752543, 21.88068327742391], [80.22598373622435, 21.880669657831298], [80.22596911547056, 21.88337981849889], [80.22306536160772, 21.88336614586402], [80.22305068373515, 21.886076303767105], [80.22303600357954, 21.888786460769467], [80.22302132114068, 21.89149661687103]]], [[[80.21716910086846, 21.89959955844975], [80.22007317934927, 21.899613344723306], [80.22008792352595, 21.89690319319598], [80.22010266541027, 21.8941930407675], [80.21719869669433, 21.89417925825038], [80.21718389993184, 21.896889408800668], [80.21716910086846, 21.89959955844975]]], [[[80.22569088880478, 21.93487269997508], [80.22570555280396, 21.932162556433386], [80.22861029745005, 21.93217621131885], [80.2286249041817, 21.929466065016854], [80.22572021452534, 21.92945241198952], [80.2257348739691, 21.926742266643583], [80.22283024157136, 21.92672856417728], [80.22284495371014, 21.924018419794326], [80.21994037857064, 21.924004667903127], [80.2199256114596, 21.926714810414126], [80.21702098364234, 21.926701005354268], [80.21700615925617, 21.929411145084124], [80.21991084205403, 21.929424952022988], [80.22281552714661, 21.92943870765818], [80.22280081043569, 21.93214885023693], [80.22278609143842, 21.93485899191345], [80.22569088880478, 21.93487269997508]]], [[[80.23439079328155, 21.937623664444793], [80.23729565471608, 21.937637169070868], [80.23731010096485, 21.93492701904025], [80.23440529453771, 21.934913516251495], [80.2344197935415, 21.932203367156138], [80.23151504436541, 21.93218981489316], [80.22861029745005, 21.93217621131885], [80.22859568844913, 21.93488635671875], [80.23150049036296, 21.934899962144275], [80.2314859340996, 21.93761010849327], [80.2314713755751, 21.940320253940058], [80.2343762897728, 21.940333811735957], [80.23439079328155, 21.937623664444793]]], [[[80.22569088880478, 21.93487269997508], [80.22567622252757, 21.93758284261453], [80.22858107717875, 21.93759650121646], [80.22859568844913, 21.93488635671875], [80.22569088880478, 21.93487269997508]]], [[[80.22275664658402, 21.94027927255942], [80.22277137015459, 21.93756913268764], [80.21986652006836, 21.937555371435963], [80.21696167227744, 21.937541558859657], [80.2169468386771, 21.94025169497985], [80.21985174148283, 21.94026550943544], [80.21983696060178, 21.942975646532354], [80.22274192072649, 21.942989411528703], [80.22564688313835, 21.943003125186298], [80.22566155397216, 21.940292984351633], [80.22275664658402, 21.94027927255942]]], [[[80.21693200277275, 21.942961830197415], [80.21691716456417, 21.94567196451224], [80.21982217742506, 21.945685782726603], [80.21983696060178, 21.942975646532354], [80.21693200277275, 21.942961830197415]]], [[[80.22564688313835, 21.943003125186298], [80.22563221002596, 21.945713265118442], [80.22853722974885, 21.945726929295592], [80.231442251742, 21.94574054212666], [80.2314568147893, 21.943030398484556], [80.2285518478288, 21.94301678750497], [80.22564688313835, 21.943003125186298]]], [[[80.21982217742506, 21.945685782726603], [80.21980739195247, 21.948395918018107], [80.22271246214986, 21.948409686759405], [80.22561753463478, 21.948423404147977], [80.22563221002596, 21.945713265118442], [80.22272719258184, 21.945699549595393], [80.21982217742506, 21.945685782726603]]], [[[80.24011412399565, 21.953911514591844], [80.2430193201358, 21.953924927508062], [80.24592451850404, 21.953938289056428], [80.24591022174585, 21.956648438242148], [80.24881547740158, 21.95666175023237], [80.25172073526849, 21.95667501084744], [80.25462599533802, 21.956688220087198], [80.25753125760163, 21.95670137795149], [80.26043652205075, 21.956714484440145], [80.26334178867685, 21.956727539553015], [80.26332782016091, 21.95943769859099], [80.2662331440331, 21.959450704095918], [80.26913847006531, 21.95946365821776], [80.27204379824906, 21.959476560956354], [80.27205760153149, 21.9567663966353], [80.26915232842576, 21.956753495650748], [80.26624705747136, 21.956740543289936], [80.26626096874979, 21.95403038158191], [80.2691661846349, 21.954043332181755], [80.27207140267114, 21.95405623141233], [80.27208520166822, 21.951346065287556], [80.26918003869288, 21.951333167810894], [80.2662748778685, 21.951320218971937], [80.26336971920362, 21.95130721877085], [80.26335575502435, 21.954017379612935], [80.26045054346717, 21.954004326274998], [80.25754533408677, 21.95399122156826], [80.25464012689172, 21.953978065492873], [80.25173492189053, 21.953964858049], [80.2488297190918, 21.953951599236795], [80.24884395857103, 21.951241447338884], [80.24593881304268, 21.95122813896831], [80.2430336697337, 21.951214779236714], [80.24304801710372, 21.948504630062978], [80.24014293107312, 21.94849122079421], [80.23723784727878, 21.948477760171738], [80.23725230250481, 21.945767613749936], [80.23434727599683, 21.945754103611495], [80.231442251742, 21.94574054212666], [80.23142768643301, 21.9484506848663], [80.23433276572922, 21.94846424819571], [80.23431825320827, 21.951174391877423], [80.23722338980795, 21.951187905691103], [80.2401285286526, 21.951201368144254], [80.24011412399565, 21.953911514591844]]], [[[80.22561753463478, 21.948423404147977], [80.22560285696461, 21.951133542274814], [80.22850798677806, 21.95114721016911], [80.23141311886212, 21.951160826703365], [80.23142768643301, 21.9484506848663], [80.22852260939867, 21.948437070183665], [80.22561753463478, 21.948423404147977]]], [[[80.23141311886212, 21.951160826703365], [80.23139854902917, 21.953870967637787], [80.23430373843378, 21.953884534656545], [80.23431825320827, 21.951174391877423], [80.23141311886212, 21.951160826703365]]], [[[80.24011412399565, 21.953911514591844], [80.23720893009214, 21.953898050307952], [80.23430373843378, 21.953884534656545], [80.23428922140559, 21.956594676532994], [80.23719446813115, 21.9566081940222], [80.24009971710207, 21.956621660136896], [80.24011412399565, 21.953911514591844]]], [[[80.21679837591975, 21.96735300652198], [80.21678351696428, 21.970063132708248], [80.21968902549663, 21.970076967840512], [80.22259453632664, 21.97009075156435], [80.2226092850643, 21.96738062162498], [80.22551474307419, 21.96739435207414], [80.22552943442231, 21.964684219365378], [80.2284348396117, 21.964697896553737], [80.23134024707268, 21.96471152234714], [80.23135482595588, 21.962001385024223], [80.23426018058723, 21.962014957577527], [80.23716553747288, 21.96202847874251], [80.24007089660428, 21.962041948519026], [80.24297625797287, 21.962055366906913], [80.24588162157012, 21.962068733906005], [80.24878698738746, 21.962082049516134], [80.25169235541635, 21.962095313737144], [80.25170654644383, 21.959385162743516], [80.2488012335002, 21.959371900325507], [80.24589592276794, 21.95935858652536], [80.24299061425558, 21.959345221343252], [80.24008530797168, 21.959331804779318], [80.23718000392479, 21.959318336833746], [80.23427470212346, 21.959304817506684], [80.23136940257623, 21.959291246798298], [80.23138397693393, 21.956581107669457], [80.22847873472475, 21.956567487431748], [80.22557349478657, 21.956553815820026], [80.2255588102783, 21.95926395123823], [80.22846410529166, 21.959277624708758], [80.22844947358737, 21.961987761082785], [80.22554412349028, 21.961974085753376], [80.22263877567313, 21.96196035903615], [80.22262403151306, 21.96467049078222], [80.21971863089252, 21.96465671080443], [80.2197038293433, 21.9673668397742], [80.21679837591975, 21.96735300652198]]], [[[80.21974822709942, 21.95923645015486], [80.21973343014449, 21.961946580931286], [80.22263877567313, 21.96196035903615], [80.2226535175447, 21.95925022638687], [80.21974822709942, 21.95923645015486]]], [[[80.23129649684404, 21.972841928896944], [80.23420207189739, 21.97285550883057], [80.23710764920583, 21.972869037347944], [80.24001322876077, 21.9728825144489], [80.24291881055368, 21.972895940133288], [80.24582439457599, 21.972909314400937], [80.24872998081915, 21.972922637251685], [80.24871572364678, 21.975632781928393], [80.25162136723029, 21.975646055165406], [80.25452701301772, 21.975659276978213], [80.25454115993384, 21.972949128701835], [80.25163556927461, 21.972935908685372], [80.2516497691152, 21.970225761302434], [80.25166396675223, 21.96751561301669], [80.24875848852714, 21.967502345189477], [80.24874423577921, 21.970212491672015], [80.24583870465533, 21.970199170631524], [80.24293317575211, 21.970185798181117], [80.24002764907812, 21.970172374320953], [80.23712212464189, 21.970158899051203], [80.23421660245197, 21.970145372372027], [80.23423113075168, 21.96743523501028], [80.23132566592643, 21.967421658766956], [80.23131108251695, 21.970131794283592], [80.23129649684404, 21.972841928896944]]], [[[80.22550004944571, 21.97010448387958], [80.22548535353673, 21.972814614781615], [80.2283909240543, 21.972828297547238], [80.22840556484535, 21.970118164786054], [80.22550004944571, 21.97010448387958]]], [[[80.2225797852999, 21.972800880600243], [80.22256503198388, 21.975511008732557], [80.22547065534701, 21.97552474478014], [80.22548535353673, 21.972814614781615], [80.2225797852999, 21.972800880600243]]], [[[80.2283909240543, 21.972828297547238], [80.22837628099107, 21.97553842940499], [80.23128190890749, 21.975552062606933], [80.23129649684404, 21.972841928896944], [80.2283909240543, 21.972828297547238]]], [[[80.22547065534701, 21.97552474478014], [80.22545595487635, 21.97823487387508], [80.22836163565547, 21.978248560359223], [80.22837628099107, 21.97553842940499], [80.22547065534701, 21.97552474478014]]], [[[80.2225355184832, 21.980931262286134], [80.2254412521246, 21.980945002066342], [80.22545595487635, 21.97823487387508], [80.22255027637836, 21.97822113596122], [80.21964460017004, 21.9782073466178], [80.21962978713165, 21.980917471069382], [80.21672405807854, 21.980903628416247], [80.21670918759015, 21.98361375008353], [80.21961497179484, 21.98362759461705], [80.22252075829816, 21.983641387707205], [80.2225355184832, 21.980931262286134]]], [[[80.22831768601253, 21.986378947799896], [80.22830303158554, 21.989089075139145], [80.23120893526374, 21.989102717603302], [80.23411484120673, 21.989116308609447], [80.23410029486263, 21.99182643874304], [80.23700625824026, 21.991839980129694], [80.23699176482671, 21.9945501111981], [80.23989778563934, 21.99456360295119], [80.23988334517348, 21.99727373494747], [80.24278942342151, 21.99728717705291], [80.24277503592043, 21.999997309970137], [80.24276064618805, 22.002707441983375], [80.23985445752248, 22.00269399622808], [80.239840010337, 22.005404125512214], [80.24274625422416, 22.005417573092544], [80.24273186002857, 22.00812770329755], [80.2427174636011, 22.010837832598302], [80.23981110924507, 22.010824381367712], [80.23979665533824, 22.013534507938893], [80.23689024797577, 22.01352100336167], [80.23687573657246, 22.01623112719607], [80.2397821991906, 22.016244633605574], [80.24268866404974, 22.016258088486712], [80.24559513114136, 22.016271491839287], [80.24850160045685, 22.016284843663154], [80.2485158908364, 22.013574712541537], [80.24560947677712, 22.01356136252899], [80.2456238201892, 22.010851232314327], [80.24563816137774, 22.0081411011954], [80.24854446495026, 22.008154447585508], [80.25145077073752, 22.008167742467712], [80.25146499924149, 22.005457606829342], [80.25147922553946, 22.00274747028702], [80.2485730302051, 22.002734179013004], [80.2456668370851, 22.00272083624507], [80.24568117160426, 22.000010702413856], [80.24569550390068, 21.997300567678728], [80.2486015866024, 21.997313906824754], [80.25150767151814, 21.997327194490836], [80.25152189119923, 21.994617055237153], [80.25153610867505, 21.99190691507987], [80.25155032394582, 21.98919677401907], [80.25156453701172, 21.986486632054838], [80.25157874787291, 21.983776489187267], [80.25159295652962, 21.981066345416448], [80.2486872026644, 21.981053068572564], [80.24870146426194, 21.978342925702044], [80.24579576775454, 21.97832959923059], [80.24289007346837, 21.978316221328264], [80.24290444312582, 21.97560608118237], [80.23999880620546, 21.975592653673687], [80.23709317152324, 21.975579174741444], [80.23707869159396, 21.978289311231638], [80.23417300402282, 21.978275779037663], [80.23126731870714, 21.978262195413468], [80.23125272624279, 21.980972327316465], [80.2283469880473, 21.980958690409842], [80.2283323381664, 21.983668819556765], [80.22542654709153, 21.98365512935383], [80.22541183977694, 21.986365255737475], [80.22831768601253, 21.986378947799896]]], [[[80.24951072356903, 21.823863291939155], [80.24949658779417, 21.826573486146533], [80.25239921201916, 21.826586660298307], [80.2553018384378, 21.82659978340974], [80.25531586489517, 21.82388958560993], [80.25821843883992, 21.8239026558951], [80.26112101496112, 21.82391567514658], [80.26402359325026, 21.82392864336421], [80.26692617369879, 21.823941560547844], [80.26982875629825, 21.82395442669731], [80.27273134104009, 21.82396724181247], [80.27563392791579, 21.82398000589315], [80.27853651691686, 21.823992718939206], [80.27855010398, 21.821282506151114], [80.27564756963073, 21.821269794841953], [80.27274503740664, 21.82125703250513], [80.26984250731624, 21.821244219140812], [80.26693997936805, 21.821231354749155], [80.26403745357057, 21.821218439330295], [80.26113492993231, 21.821205472884415], [80.25823240846181, 21.82119245541166], [80.25532988916757, 21.82117938691219], [80.25534391125521, 21.81846918731661], [80.25244144878755, 21.818456069583178], [80.249538988513, 21.818442900830323], [80.2495248571419, 21.821153096833722], [80.25242737205811, 21.821166267386158], [80.25241329313536, 21.823876464291235], [80.24951072356903, 21.823863291939155]]], [[[80.24371983392345, 21.821126602650303], [80.24370559105084, 21.82383679413554], [80.24660815620467, 21.823850068553877], [80.24951072356903, 21.823863291939155], [80.2495248571419, 21.821153096833722], [80.24662234442754, 21.821139875255053], [80.24371983392345, 21.821126602650303]]], [[[80.23790046740868, 21.82381009220036], [80.23788611300104, 21.826520279139185], [80.24078872836627, 21.82653365745074], [80.2436913459592, 21.826546984722587], [80.24370559105084, 21.82383679413554], [80.24080302811599, 21.823823468684317], [80.23790046740868, 21.82381009220036]]], [[[80.2436913459592, 21.826546984722587], [80.24367709864838, 21.829257174411353], [80.24657977312732, 21.82927045245705], [80.24948244981712, 21.829283679455752], [80.24949658779417, 21.826573486146533], [80.24659396577134, 21.826560260954572], [80.2436913459592, 21.826546984722587]]], [[[80.24946830963772, 21.831993871866736], [80.24945416725578, 21.83470406337939], [80.25235695550785, 21.83471724293068], [80.25237104320557, 21.83200704961812], [80.24946830963772, 21.831993871866736]]], [[[80.25521763379916, 21.84286095134708], [80.25523167337015, 21.840150758936733], [80.25813457539681, 21.840163839937443], [80.26103747960104, 21.84017686986262], [80.2639403859743, 21.84018984871213], [80.26392651053423, 21.842900046460024], [80.26682947377869, 21.84291297599891], [80.26681565089713, 21.845623174613745], [80.26971867101315, 21.845636054827985], [80.26970490070713, 21.848346254302815], [80.27260797769506, 21.84835908517836], [80.27551105681849, 21.848371864956672], [80.27549739384185, 21.851082067029065], [80.27840052982921, 21.851094797447523], [80.2783869194709, 21.853805000359138], [80.2812901123226, 21.85381768140369], [80.28127655459963, 21.85652788514758], [80.2812629947662, 21.859238087993056], [80.28124943282211, 21.861948289940017], [80.28415279207276, 21.86196092504421], [80.28413928279777, 21.864671127816464], [80.28704269893085, 21.86468371350486], [80.2899461171579, 21.864696248053395], [80.28995951687247, 21.86198604185429], [80.29286288240449, 21.86199852355986], [80.29287622526186, 21.859288314759443], [80.28997291450179, 21.85927583475677], [80.28998631004603, 21.856565626760933], [80.28999970350536, 21.853855417866857], [80.29290290474711, 21.853867894463917], [80.29288956604267, 21.856578105060763], [80.29579282411571, 21.85659053224137], [80.29580610806505, 21.85388031994872], [80.29581938994671, 21.851170106758047], [80.29583266976086, 21.848459892669446], [80.29292957592749, 21.848447470576065], [80.29291624137531, 21.85115768296898], [80.29001309487994, 21.851145208074644], [80.29002648416999, 21.848434997384373], [80.29003987137563, 21.84572478579613], [80.29005325649709, 21.84301457331001], [80.28715027627375, 21.84300205243923], [80.28713683643166, 21.845712263215848], [80.28712339449683, 21.848422473094526], [80.28710995046913, 21.85113268207517], [80.28709650434833, 21.85384289015771], [80.28708305613428, 21.85655309734203], [80.28417980431598, 21.85654051680419], [80.28419330728457, 21.853830311336594], [80.28420680815138, 21.85112010497073], [80.28422030691661, 21.84840989770668], [80.28131722143779, 21.84839727122099], [80.28133077283039, 21.845687064782364], [80.28134432211323, 21.842976857445674], [80.27844134819307, 21.842964183323193], [80.27845495007791, 21.840253976818893], [80.27555203298726, 21.840241253350158], [80.27264911802307, 21.840228478804953], [80.27266282719557, 21.837518274884218], [80.26975996906886, 21.83750545101392], [80.26685711308545, 21.837492576074457], [80.26395425925384, 21.837479650065962], [80.26105140758257, 21.8374666729886], [80.25814855808014, 21.83745364484253], [80.25524571075506, 21.8374405656279], [80.25525974595412, 21.834730371420697], [80.25235695550785, 21.83471724293068], [80.25234286561589, 21.837427435344885], [80.24944002267111, 21.837414253993625], [80.24945416725578, 21.83470406337939], [80.24655138120646, 21.834690832767002], [80.24364859736838, 21.83467755109367], [80.24363434339881, 21.83738773808705], [80.24362008720932, 21.840097924181794], [80.2465229804406, 21.840111209483023], [80.24942587588353, 21.84012444370936], [80.24941172689283, 21.842834632526493], [80.25231467924861, 21.842847817477878], [80.25521763379916, 21.84286095134708]]], [[[80.24650877674036, 21.84282139649308], [80.24649457082828, 21.84553158260439], [80.24939757569885, 21.845544820444943], [80.24941172689283, 21.842834632526493], [80.24650877674036, 21.84282139649308]]], [[[80.24349168157487, 21.864489558580974], [80.24347740317549, 21.867199735684416], [80.24638084388403, 21.867213039129098], [80.24928428680606, 21.867226291429137], [80.24927011577404, 21.869936471255404], [80.25217361569604, 21.869949674211405], [80.25215949726237, 21.87265985493891], [80.25506305418469, 21.872673008536825], [80.25504898836641, 21.87538319015864], [80.25795260228942, 21.875396294384426], [80.26085621839239, 21.875409347443995], [80.26084226002766, 21.878119531733216], [80.26374593312336, 21.878132535399473], [80.26373202741686, 21.880842720562224], [80.26663575750564, 21.88085567482111], [80.26953948974916, 21.88086857789937], [80.26952569155665, 21.88357876568793], [80.27242948078529, 21.88359161933764], [80.27533327215178, 21.883604421799426], [80.27823706564762, 21.883617173073137], [80.27825069932285, 21.880906980048785], [80.28115444010002, 21.88091967840295], [80.28116801682373, 21.878209482748062], [80.2840717048819, 21.878222128196548], [80.28408522467112, 21.875511929918318], [80.28409874235714, 21.87280173074111], [80.28411225794014, 21.870091530665004], [80.28412577142029, 21.867381329690087], [80.28413928279777, 21.864671127816464], [80.28123586876718, 21.86465849098838], [80.28122230260124, 21.867368691138047], [80.27831883589337, 21.867356001439482], [80.27541537130524, 21.86734326059455], [80.27540169343466, 21.87005345637647], [80.27249817617832, 21.870040662640374], [80.26959466105892, 21.87002781775124], [80.26669114808502, 21.870014921709224], [80.2637876372651, 21.870001974514476], [80.26380153432038, 21.86729178575419], [80.26089808045872, 21.86727878917973], [80.25799462876795, 21.86726574145984], [80.25800863323506, 21.864555555352943], [80.2551052385105, 21.864542458274514], [80.25511929557672, 21.861832273055086], [80.252215957818, 21.861819126632167], [80.25223006746626, 21.85910894230714], [80.24932678667301, 21.85909574655377], [80.24934094888626, 21.856385563130097], [80.24935510889527, 21.85367537880728], [80.24645193981931, 21.85366213554492], [80.24646615236794, 21.850951952130398], [80.2464803627042, 21.84824176781686], [80.24649457082828, 21.84553158260439], [80.24359156816969, 21.845518293675006], [80.2435773053192, 21.84822847707329], [80.24067425015491, 21.848215135234078], [80.24065993034897, 21.85092531591215], [80.2406456083136, 21.853635495691073], [80.24063128404865, 21.856345674570754], [80.24061695755387, 21.85905585255109], [80.24060262882914, 21.86176602963202], [80.24058829787423, 21.864476205813446], [80.24349168157487, 21.864489558580974]]], [[[80.23478153717258, 21.86444934686652], [80.2347670944161, 21.867159518484172], [80.237670528433, 21.86717297536179], [80.23768491640396, 21.86446280190857], [80.23478153717258, 21.86444934686652]]], [[[80.23726675548623, 21.9430574664258], [80.2401717292056, 21.943070923387136], [80.24018612491795, 21.940360773330273], [80.24309104584832, 21.940374177128376], [80.24310538430868, 21.937664024346], [80.24020051839463, 21.93765062237132], [80.23729565471608, 21.937637169070868], [80.23728120622327, 21.94034731819941], [80.23726675548623, 21.9430574664258]]], [[[80.24888666374471, 21.943110986232018], [80.24890089438189, 21.940400830725636], [80.2459959690058, 21.94038752959355], [80.24309104584832, 21.940374177128376], [80.24307670516083, 21.94308432900872], [80.2401717292056, 21.943070923387136], [80.2401573312574, 21.945781072541806], [80.24306236224604, 21.945794479986954], [80.24596739546219, 21.94580783608521], [80.24598168334337, 21.943097683290404], [80.24888666374471, 21.943110986232018]]], [[[80.26049259465644, 21.94587384636747], [80.26047857976982, 21.948584007238576], [80.26338368121483, 21.94859705702684], [80.26628878482771, 21.94861005546011], [80.2663026896276, 21.94589989104652], [80.26339764105818, 21.945886894381], [80.26341159873382, 21.94317673083341], [80.26050660736682, 21.943163684594555], [80.25760161817585, 21.943150587014827], [80.2546966311695, 21.943137438094386], [80.25179164635625, 21.9431242378334], [80.24888666374471, 21.943110986232018], [80.2488724308973, 21.94582114083641], [80.24596739546219, 21.94580783608521], [80.24595310536202, 21.94851798797787], [80.24885819583946, 21.94853129453873], [80.25176328852751, 21.948544549745385], [80.25177746854281, 21.945834394240393], [80.25468250839022, 21.945847596297003], [80.25758755043094, 21.945860747006087], [80.26049259465644, 21.94587384636747]]], [[[80.25723514627074, 22.01361445344724], [80.26014156913917, 22.013627597371283], [80.26015563631104, 22.01091745817025], [80.25724926869103, 22.010904316029496], [80.25434290326028, 22.01089112237337], [80.25435707873098, 22.00818098584184], [80.25145077073752, 22.008167742467712], [80.25143654002734, 22.010877877202027], [80.25142230711079, 22.013588011032205], [80.25432872559176, 22.01360125800082], [80.25431454572525, 22.01631139272411], [80.25722102166102, 22.01632458996087], [80.25723514627074, 22.01361445344724]]], [[[80.26985625619201, 21.818534010686793], [80.2727587316395, 21.81854682230034], [80.2756612092205, 21.818559582893364], [80.27856368892648, 21.8185722924657], [80.27857727175649, 21.815862077883054], [80.27567484668526, 21.815849370047477], [80.27277242373886, 21.815836611198197], [80.26987000292577, 21.81582380133535], [80.26696758425453, 21.81581094045912], [80.26406516773365, 21.815798028569635], [80.26116275337164, 21.81578506566706], [80.258260341177, 21.81577205175155], [80.25535793115826, 21.81575898682328], [80.25534391125521, 21.81846918731661], [80.25824637590745, 21.81848225403045], [80.26114884273575, 21.818495269724547], [80.26405131173163, 21.818508234398738], [80.26695378288656, 21.818521148052874], [80.26985625619201, 21.818534010686793]]], [[[80.25525974595412, 21.834730371420697], [80.25816253858609, 21.834743448849306], [80.26106533339524, 21.83475647521633], [80.26396813037304, 21.834769450521616], [80.26687092951101, 21.834782374765012], [80.26977373080061, 21.834795247946353], [80.27267653423331, 21.834808070065485], [80.27557933980061, 21.83482084112225], [80.27556568745707, 21.83753104768517], [80.27846854984483, 21.83754376941663], [80.28137141435032, 21.837556440078444], [80.28135786928648, 21.840266649211003], [80.28426079060443, 21.84027927052635], [80.28424729814294, 21.842989480484402], [80.28715027627375, 21.84300205243923], [80.2871637140233, 21.84029184076477], [80.29006663953452, 21.8403043599261], [80.29008002048809, 21.8375941456445], [80.28717714968047, 21.83758162819253], [80.28427428096505, 21.837569059670464], [80.28428776922495, 21.834858847916852], [80.2843012553843, 21.83214863526559], [80.28139849815052, 21.832136019120032], [80.28138495730495, 21.834846230048093], [80.27848214749399, 21.834833561116508], [80.27849574302562, 21.832123351918618], [80.27850933643984, 21.829413141823046], [80.27560663810965, 21.829400425303014], [80.27559299001808, 21.832110633661507], [80.27269023913645, 21.832097864348857], [80.26978749038923, 21.832085043980815], [80.26980124783492, 21.829374839117403], [80.27270394190516, 21.829387657734415], [80.27271764253965, 21.82667745022225], [80.26981500313788, 21.8266646333562], [80.26691236587865, 21.82665176544886], [80.26400973077054, 21.826638846500387], [80.261107097822, 21.82662587651094], [80.26109317851477, 21.829336076977413], [80.26399586613121, 21.829349048738738], [80.26398199933212, 21.83205925007918], [80.26107925703924, 21.832046276545906], [80.25817651691484, 21.832033251957863], [80.25819049306662, 21.829323054168288], [80.25528780979529, 21.829309980311532], [80.25527377896746, 21.83202017631522], [80.25525974595412, 21.834730371420697]]], [[[80.26370420951389, 21.886263088188805], [80.26369029731704, 21.888973270652457], [80.26659419194702, 21.88898623021014], [80.2694980887323, 21.88899913856625], [80.27240198766434, 21.88901199572064], [80.2753058887346, 21.88902480167315], [80.27820979193454, 21.889037556423627], [80.28111369725565, 21.889050259971913], [80.2811001120825, 21.89176045202937], [80.28400407438146, 21.891773106099834], [80.28401760468938, 21.889062912317854], [80.2840311328932, 21.886352717636445], [80.28693498757417, 21.886365317062413], [80.28694845882575, 21.883655119764246], [80.28404465899311, 21.8836425220557], [80.28114086126422, 21.88362987315861], [80.28112728031616, 21.886340067014963], [80.27822342985156, 21.886327365198113], [80.27531958150794, 21.88631461218605], [80.27241573529383, 21.886301807978935], [80.26951189121776, 21.886288952576912], [80.26660804928827, 21.886276045980154], [80.26370420951389, 21.886263088188805]]], [[[80.26077243562624, 21.891670439683775], [80.26075846422911, 21.89438061857416], [80.2636624664317, 21.89439363288006], [80.26367638295636, 21.89168345221624], [80.26077243562624, 21.891670439683775]]], [[[80.2665664707985, 21.894406595970583], [80.26947047732092, 21.894419507845594], [80.26945666839465, 21.89712969113542], [80.27236073194577, 21.897142553547308], [80.2723744859905, 21.89443236850492], [80.27527849679863, 21.894445177948406], [80.27529219383155, 21.89173499026063], [80.27238823789662, 21.891722182562663], [80.26948428410009, 21.891709323655842], [80.26658033245049, 21.891696413540316], [80.2665664707985, 21.894406595970583]]], [[[80.2636624664317, 21.89439363288006], [80.26364854774286, 21.89710381264382], [80.26655260699083, 21.89711677750087], [80.2665664707985, 21.894406595970583], [80.2636624664317, 21.89439363288006]]], [[[80.26945666839465, 21.89712969113542], [80.26655260699083, 21.89711677750087], [80.26653874102735, 21.899826958131076], [80.26652487290784, 21.902537137861124], [80.26942904410002, 21.902550055014952], [80.26944285732107, 21.899839873525238], [80.26945666839465, 21.89712969113542]]], [[[80.2635789218294, 21.91065469795873], [80.26356499015158, 21.9133648723203], [80.26355105630829, 21.916075045781202], [80.26353712029933, 21.918785218341334], [80.26644161890415, 21.918798197332894], [80.26642773568739, 21.921508370759277], [80.2693322914077, 21.92152130023261], [80.26934611966627, 21.918811125046105], [80.27225062257713, 21.918824001480818], [80.27226439373709, 21.916113823640504], [80.272278162757, 21.913403644899628], [80.27229192963705, 21.910693465258262], [80.27230569437742, 21.907983284716504], [80.2723194569783, 21.905273103274443], [80.27522368736462, 21.905285919700646], [80.27523739291883, 21.902575735612597], [80.27525109634246, 21.899865550624472], [80.27234697576229, 21.899852737689756], [80.27233321743986, 21.902562920932162], [80.26942904410002, 21.902550055014952], [80.26941522873129, 21.90526023560447], [80.26940141121472, 21.907970415293715], [80.2693875915501, 21.910680594082592], [80.26648325561138, 21.91066767164936], [80.2635789218294, 21.91065469795873]]], [[[80.27505905446151, 21.937808058520016], [80.27796394653491, 21.937820844572858], [80.27797762266043, 21.93511066955293], [80.27507278559702, 21.93509788523966], [80.27508651459975, 21.93238771105817], [80.2751002414699, 21.929677535975635], [80.27800496853895, 21.929690316809975], [80.27799129666171, 21.932400493631942], [80.28089608084771, 21.932413224891842], [80.28090969773186, 21.929703046337423], [80.28092331250066, 21.926992866882177], [80.28093692515434, 21.924282686526194], [80.278032305922, 21.924269960463466], [80.27512768881317, 21.9242571831078], [80.27514140928665, 21.92154700532268], [80.27515512762824, 21.91883682663687], [80.27225062257713, 21.918824001480818], [80.27223684927696, 21.921534178420462], [80.27222307383639, 21.924244354459365], [80.27220929625523, 21.926954529597428], [80.27219551653329, 21.929664703834554], [80.2721817346704, 21.932374877170677], [80.27216795066639, 21.935085049605682], [80.26926311787705, 21.935072162651156], [80.26924927672208, 21.937782332431443], [80.26923543341707, 21.940492501310384], [80.27214037623419, 21.94050539177203], [80.27215416452104, 21.9377952211395], [80.27505905446151, 21.937808058520016]]], [[[80.26342555424199, 21.94046656638417], [80.26341159873382, 21.94317673083341], [80.26631659226834, 21.943189725731248], [80.26922158796181, 21.943202669287892], [80.26923543341707, 21.940492501310384], [80.26633049275013, 21.940479559514376], [80.26342555424199, 21.94046656638417]]], [[[80.26922158796181, 21.943202669287892], [80.26920774035615, 21.945912836363867], [80.2721127932353, 21.94592573033289], [80.27212658580568, 21.94321556150319], [80.26922158796181, 21.943202669287892]]], [[[80.25751717893095, 21.959411533432483], [80.25750309807458, 21.962121688011162], [80.2604084726868, 21.962134798063854], [80.26331384947638, 21.962147856726776], [80.26332782016091, 21.95943769859099], [80.26042249845736, 21.959424641703123], [80.25751717893095, 21.959411533432483]]], [[[80.25169235541635, 21.962095313737144], [80.25167816218588, 21.964805463828235], [80.25458358751177, 21.964818678456048], [80.2574890150323, 21.964831841687435], [80.25750309807458, 21.962121688011162], [80.25459772564825, 21.962108526568876], [80.25169235541635, 21.962095313737144]]], [[[80.26331384947638, 21.962147856726776], [80.26329987662305, 21.964858013960292], [80.26620531067616, 21.964871023001443], [80.26621922843475, 21.962160863999788], [80.26331384947638, 21.962147856726776]]], [[[80.26617746867754, 21.970291338297756], [80.26619139075716, 21.967581181100794], [80.26328590160074, 21.967568170291436], [80.26329987662305, 21.964858013960292], [80.2603944447389, 21.964844953522235], [80.2574890150323, 21.964831841687435], [80.25747492980395, 21.967541994461207], [80.2603804146135, 21.967555108078184], [80.26036638231035, 21.97026526173162], [80.26327192440927, 21.97027832572012], [80.26325794504844, 21.97298848024627], [80.26616354443712, 21.97300149459224], [80.26617746867754, 21.970291338297756]]], [[[80.26620531067616, 21.964871023001443], [80.26619139075716, 21.967581181100794], [80.26909688207418, 21.967594140506105], [80.26911074688971, 21.964883980645535], [80.26620531067616, 21.964871023001443]]], [[[80.26906914598676, 21.97301445752019], [80.27197474968885, 21.973027369029968], [80.2719885636879, 21.970317209219765], [80.27200237554327, 21.96760704850721], [80.26909688207418, 21.967594140506105], [80.2690830151066, 21.970304299464356], [80.26906914598676, 21.97301445752019]]], [[[80.25455530465476, 21.970238979522613], [80.25454115993384, 21.972949128701835], [80.25744675278824, 21.972962297300906], [80.25746084238932, 21.970252146332392], [80.25455530465476, 21.970238979522613]]], [[[80.25744675278824, 21.972962297300906], [80.25743266100054, 21.975672447366648], [80.26033831117017, 21.975685566330565], [80.2603523478293, 21.97297541448244], [80.25744675278824, 21.972962297300906]]], [[[80.26904140128966, 21.978434770924263], [80.26905527471452, 21.975724614673524], [80.26906914598676, 21.97301445752019], [80.26616354443712, 21.97300149459224], [80.26614961803573, 21.975711649984152], [80.26613568947317, 21.978421804473413], [80.26904140128966, 21.978434770924263]]], [[[80.25740447086443, 21.98109274478951], [80.257418567026, 21.978382596529553], [80.25743266100054, 21.975672447366648], [80.25452701301772, 21.975659276978213], [80.25451286390621, 21.978369424351683], [80.25449871259914, 21.981079570822153], [80.25740447086443, 21.98109274478951]]], [[[80.26032427233277, 21.9783957172759], [80.26031023131692, 21.981105867318362], [80.26321599394804, 21.98111893840856], [80.26322997981801, 21.978408786590574], [80.26032427233277, 21.9783957172759]]], [[[80.27186416050166, 21.994708615016325], [80.27187799165682, 21.99199846242811], [80.27189182066681, 21.989288308936853], [80.27190564753184, 21.986578154542606], [80.27191947225208, 21.983867999245494], [80.27193329482773, 21.981157843045583], [80.27194711525895, 21.978447685942964], [80.26904140128966, 21.978434770924263], [80.269027525712, 21.98114492627232], [80.26901364798137, 21.98385508071761], [80.26899976809757, 21.98656523426004], [80.26898588606043, 21.989275386899532], [80.26897200186978, 21.991985538635976], [80.26895811552541, 21.9946956894693], [80.26894422702715, 21.997405839399416], [80.27185032720118, 21.997418766701383], [80.27186416050166, 21.994708615016325]]], [[[80.26313203314986, 21.99737983035246], [80.26314603204312, 21.9946696839532], [80.26023999355424, 21.994656603984428], [80.26025404546517, 21.991946458457676], [80.26026809519672, 21.989236312027607], [80.26028214274908, 21.986526164694308], [80.26029618812241, 21.983816016457858], [80.26031023131692, 21.981105867318362], [80.25740447086443, 21.98109274478951], [80.25739037251567, 21.983802892146432], [80.25737627197952, 21.986513038600247], [80.25736216925581, 21.989223184150845], [80.25734806434433, 21.99193332879814], [80.25733395724491, 21.99464347254206], [80.25731984795736, 21.997353615382504], [80.26022593946372, 21.997366748607774], [80.26313203314986, 21.99737983035246]]], [[[80.2544137586393, 21.997340430676804], [80.25439959195802, 22.000050570823724], [80.25730573648148, 22.000063757319378], [80.25731984795736, 21.997353615382504], [80.2544137586393, 21.997340430676804]]], [[[80.26891644356817, 22.002826136549643], [80.2689303363748, 22.000115988426224], [80.26894422702715, 21.997405839399416], [80.26603812900717, 21.99739286061639], [80.26602418314866, 22.0001030078812], [80.26601023512734, 22.00281315424255], [80.26891644356817, 22.002826136549643]]], [[[80.25149344963161, 22.00003733284081], [80.25147922553946, 22.00274747028702], [80.25438542307965, 22.002760710066937], [80.25439959195802, 22.000050570823724], [80.25149344963161, 22.00003733284081]]], [[[80.25730573648148, 22.000063757319378], [80.25729162281709, 22.002773898352615], [80.26019782474323, 22.00278703514388], [80.26021188319345, 22.000076892327616], [80.25730573648148, 22.000063757319378]]], [[[80.25726338892206, 22.00819417770776], [80.25727750696402, 22.005484038482102], [80.25729162281709, 22.002773898352615], [80.25438542307965, 22.002760710066937], [80.25437125200402, 22.005470848406343], [80.25435707873098, 22.00818098584184], [80.25726338892206, 22.00819417770776]]], [[[80.26887475222094, 22.010956575498668], [80.27178112851232, 22.010969511576327], [80.27179497254222, 22.008259364408346], [80.27470129573926, 22.00827224722156], [80.27471508239071, 22.00556209740177], [80.27472886690465, 22.002851946678543], [80.27182265416349, 22.00283906736169], [80.2718088144259, 22.00554921633677], [80.26890254860713, 22.00553628376958], [80.26888865149144, 22.008246430085954], [80.26598233259546, 22.00823344425454], [80.265996284943, 22.005523299700364], [80.26601023512734, 22.00281315424255], [80.2631040288495, 22.00280012044058], [80.26309002344206, 22.00551026412927], [80.26307601586286, 22.008220406914262], [80.26306200611174, 22.01093054879547], [80.26596837808455, 22.010943587904993], [80.26595442141009, 22.013653730651644], [80.26594046257186, 22.016363872494388], [80.26884694721475, 22.01637686361277], [80.26886085079545, 22.01366672000764], [80.26887475222094, 22.010956575498668]]], [[[80.27856368892648, 21.8185722924657], [80.27855010398, 21.821282506151114], [80.28145264044595, 21.82129516643247], [80.28435517902005, 21.821307775685874], [80.28436865467944, 21.81859755854771], [80.28146617074898, 21.818584951017204], [80.27856368892648, 21.8185722924657]]], [[[80.28435517902005, 21.821307775685874], [80.28434170126101, 21.824017991926823], [80.28724429658708, 21.824030551868077], [80.29014689400444, 21.8240430607741], [80.29016026245864, 21.82133284110817], [80.28725771969377, 21.821320333911153], [80.28435517902005, 21.821307775685874]]], [[[80.27853651691686, 21.823992718939206], [80.27852292773686, 21.826702930829878], [80.28142557351526, 21.82671559457113], [80.28432822140218, 21.826728207270484], [80.28434170126101, 21.824017991926823], [80.28143910803477, 21.824005380950478], [80.27853651691686, 21.823992718939206]]], [[[80.28721744409958, 21.829450985090165], [80.29012015084751, 21.829463497414373], [80.29013352346746, 21.82675327954286], [80.28723087138908, 21.82674076892778], [80.28432822140218, 21.826728207270484], [80.28431473944333, 21.829438421716773], [80.28721744409958, 21.829450985090165]]], [[[80.28985226075358, 21.883667666284104], [80.2927560647681, 21.883680161615114], [80.29276942424433, 21.880969960003995], [80.28986567506996, 21.88095746637638], [80.28987908729985, 21.878247265569616], [80.28697539504344, 21.878234722470445], [80.2869619279821, 21.880944921566897], [80.28694845882575, 21.883655119764246], [80.28985226075358, 21.883667666284104]]], [[[80.28693498757417, 21.886365317062413], [80.28692151422722, 21.8890755134613], [80.28982542586061, 21.88908806340209], [80.28983884435053, 21.886377865292705], [80.28693498757417, 21.886365317062413]]], [[[80.28978515786794, 21.89721865233409], [80.2897985826195, 21.89450845692288], [80.2868945612464, 21.894495903560895], [80.28399054196925, 21.894483298982294], [80.28397700745259, 21.897193490965158], [80.28688108161222, 21.897206097261414], [80.28978515786794, 21.89721865233409]]], [[[80.28100495670179, 21.910731771238368], [80.28099135462115, 21.91344195609669], [80.28097775042627, 21.916152140054727], [80.28388220689622, 21.916164809648723], [80.28389575614908, 21.9134546239656], [80.28390930329623, 21.91074443738225], [80.28392284833784, 21.90803424989875], [80.2839363912741, 21.905324061515206], [80.2839499321052, 21.9026138722317], [80.2839634708313, 21.89990368204832], [80.28397700745259, 21.897193490965158], [80.2810729353976, 21.897180833445454], [80.27816886545578, 21.897168124702485], [80.27815521905303, 21.89987831232925], [80.2781415705284, 21.9025884990561], [80.28104575026005, 21.90260121126252], [80.28103215452106, 21.905311398821187], [80.28101855666836, 21.908021585479837], [80.28100495670179, 21.910731771238368]]], [[[80.28686759988192, 21.89991629006231], [80.28685411605534, 21.902626481963487], [80.28975830210196, 21.902639040457732], [80.28977173102882, 21.89992884684574], [80.28686759988192, 21.89991629006231]]], [[[80.28969112614527, 21.91618999501968], [80.2897045655135, 21.91347980590732], [80.28971800279312, 21.910769615894854], [80.28681365199618, 21.910757052267794], [80.2868001597827, 21.91346724056919], [80.28678666547206, 21.91617742797043], [80.28969112614527, 21.91618999501968]]], [[[80.27516884383816, 21.91612664705046], [80.27515512762824, 21.91883682663687], [80.27805963481102, 21.918849600514108], [80.27807329607073, 21.91613941918859], [80.27516884383816, 21.91612664705046]]], [[[80.28377373704643, 21.93784626269484], [80.28667863546744, 21.93785889476368], [80.28669214656186, 21.93514871456697], [80.28670565555768, 21.932438533469387], [80.28671916245509, 21.92972835147101], [80.28673266725426, 21.927018168571937], [80.28674616995536, 21.924307984772252], [80.28675967055857, 21.92159780007205], [80.28677316906408, 21.91888761447141], [80.28678666547206, 21.91617742797043], [80.28388220689622, 21.916164809648723], [80.28386865553747, 21.918874994431533], [80.28385510207268, 21.921585178313933], [80.28384154650163, 21.92429536129584], [80.28382798882416, 21.92700554337717], [80.28381442904008, 21.929715724557813], [80.28380086714922, 21.932425904837707], [80.2837873031514, 21.93513608421674], [80.28377373704643, 21.93784626269484]]], [[[80.29252863557129, 21.929753451375174], [80.29254203040009, 21.9270432650602], [80.2925554231479, 21.924333077844736], [80.29256881381494, 21.921622889728877], [80.29258220240132, 21.918912700712717], [80.29259558890726, 21.916202510796335], [80.28969112614527, 21.91618999501968], [80.28967768468821, 21.918900183231855], [80.28966424114216, 21.921610370543743], [80.28965079550696, 21.924320556955262], [80.2896373477824, 21.927030742466332], [80.28962389796834, 21.929740927076843], [80.28961044606457, 21.932451110786722], [80.28959699207093, 21.935161293595883], [80.29250183967005, 21.93517382130331], [80.29251523866134, 21.932463636789574], [80.29252863557129, 21.929753451375174]]], [[[80.2808415921543, 21.943253930099484], [80.28374659851436, 21.943266616947863], [80.28376016883415, 21.940556440271912], [80.28377373704643, 21.93784626269484], [80.28086884073274, 21.937833579297845], [80.28085521750155, 21.940543755149253], [80.2808415921543, 21.943253930099484]]], [[[80.28665160698209, 21.94327925245412], [80.28955661754895, 21.943291836618105], [80.2895700778133, 21.94058165651166], [80.28958353598722, 21.937871475504224], [80.28667863546744, 21.93785889476368], [80.28666512227423, 21.940569074059425], [80.28665160698209, 21.94327925245412]]], [[[80.27214037623419, 21.94050539177203], [80.27212658580568, 21.94321556150319], [80.27503158579142, 21.943228402377], [80.27504532119303, 21.940518230899162], [80.27214037623419, 21.94050539177203]]], [[[80.27793658791047, 21.94324119190915], [80.27792290541119, 21.945951364225337], [80.2750178482565, 21.94593857295343], [80.27500410858806, 21.94864874262838], [80.27790922078695, 21.948661535640102], [80.28081433511097, 21.948674277296046], [80.28082796469084, 21.945964104148445], [80.2808415921543, 21.943253930099484], [80.27793658791047, 21.94324119190915]]], [[[80.28371945155158, 21.948686967596057], [80.2866245701002, 21.948699606539982], [80.2866380895908, 21.945989429947666], [80.28665160698209, 21.94327925245412], [80.28374659851436, 21.943266616947863], [80.28373302608689, 21.945976792722604], [80.28371945155158, 21.948686967596057]]], [[[80.27209899852288, 21.948635898261042], [80.27208520166822, 21.951346065287556], [80.27499036678596, 21.95135891140176], [80.27500410858806, 21.94864874262838], [80.27209899852288, 21.948635898261042]]], [[[80.28081433511097, 21.948674277296046], [80.2808007034145, 21.9513844495422], [80.28370587490821, 21.951397141568123], [80.28371945155158, 21.948686967596057], [80.28081433511097, 21.948674277296046]]], [[[80.27789553403758, 21.95137170615336], [80.2778818451629, 21.954081875765013], [80.28078706960129, 21.954094620886814], [80.2808007034145, 21.9513844495422], [80.27789553403758, 21.95137170615336]]], [[[80.27207140267114, 21.95405623141233], [80.27205760153149, 21.9567663966353], [80.27496287677998, 21.956779246243432], [80.27497662284999, 21.954069079273467], [80.27207140267114, 21.95405623141233]]], [[[80.27194711525895, 21.978447685942964], [80.27485283137246, 21.97846054952935], [80.27486659452138, 21.97575038977661], [80.27488035553479, 21.973040229121406], [80.27197474968885, 21.973027369029968], [80.27196093354593, 21.97573752793772], [80.27194711525895, 21.978447685942964]]], [[[80.2893814438042, 21.978524095971274], [80.28936795425541, 21.981234263454514], [80.29227373820241, 21.981246820149465], [80.2922871726035, 21.97853665096057], [80.2893814438042, 21.978524095971274]]], [[[80.28646217240151, 21.98122165531935], [80.28644862560357, 21.983931820187564], [80.28935446261356, 21.983944430035432], [80.28936795425541, 21.981234263454514], [80.28646217240151, 21.98122165531935]]], [[[80.28060963732152, 21.98932676628665], [80.2777036963059, 21.989313998630564], [80.27771741282618, 21.986603840747787], [80.27773112721877, 21.98389368196225], [80.27482529866741, 21.98388086632709], [80.27481152911089, 21.986591023371908], [80.27479775741816, 21.989301179513912], [80.274783983589, 21.99201133475301], [80.27477020762326, 21.994721489089105], [80.27767625688163, 21.994734311687502], [80.2776899776578, 21.992024155610498], [80.2805959738546, 21.992036925000434], [80.28060963732152, 21.98932676628665]]], [[[80.28644862560357, 21.983931820187564], [80.28354279069542, 21.983919158892643], [80.28063695789761, 21.98390644615082], [80.28062329866913, 21.98661660667008], [80.28060963732152, 21.98932676628665], [80.28351558045641, 21.98933948248201], [80.28352918663118, 21.986629321138643], [80.28643507670381, 21.986641984153312], [80.28644862560357, 21.983931820187564]]], [[[80.28935446261356, 21.983944430035432], [80.28934096887843, 21.986654595713944], [80.29224686314649, 21.986667155820378], [80.29226030171681, 21.98395698843609], [80.28935446261356, 21.983944430035432]]], [[[80.28643507670381, 21.986641984153312], [80.28642152570204, 21.989352147216493], [80.28932747304985, 21.98936476048995], [80.28934096887843, 21.986654595713944], [80.28643507670381, 21.986641984153312]]], [[[80.2835019721709, 21.992049642922662], [80.2805959738546, 21.992036925000434], [80.28058230826822, 21.99474708281136], [80.27767625688163, 21.994734311687502], [80.27766253397726, 21.997444466861484], [80.27764880894449, 22.000154621132364], [80.28055497073632, 22.000167395724244], [80.28056864056218, 21.99745723971932], [80.28347474926694, 21.997469961095465], [80.28348836177446, 21.99475980246051], [80.2863944173918, 21.99477247063481], [80.28640797259811, 21.99206230937702], [80.28642152570204, 21.989352147216493], [80.28351558045641, 21.98933948248201], [80.2835019721709, 21.992049642922662]]], [[[80.28930047511167, 21.994785087334108], [80.28928697300172, 21.997495249402082], [80.29219308801463, 21.997507816332238], [80.29220653492554, 21.99479765255824], [80.28930047511167, 21.994785087334108]]], [[[80.28638086008297, 21.99748263098977], [80.28636730067143, 22.000192790441808], [80.2892734687976, 22.000205410567194], [80.28928697300172, 21.997495249402082], [80.28638086008297, 21.99748263098977]]], [[[80.27474264928128, 22.000141795051963], [80.27472886690465, 22.002851946678543], [80.27763508178316, 22.002864774500036], [80.27764880894449, 22.000154621132364], [80.27474264928128, 22.000141795051963]]], [[[80.28346113464814, 22.000180118827437], [80.28344751791788, 22.00289027565634], [80.28635373915698, 22.00290294899084], [80.28636730067143, 22.000192790441808], [80.28346113464814, 22.000180118827437]]], [[[80.2892734687976, 22.000205410567194], [80.28925996249916, 22.002915570829373], [80.29216618793583, 22.00292814117177], [80.29217963901812, 22.000217979203445], [80.2892734687976, 22.000205410567194]]], [[[80.28632660981869, 22.008323263379534], [80.28923294361853, 22.00833588864453], [80.28924645410618, 22.005625730188516], [80.28925996249916, 22.002915570829373], [80.28635373915698, 22.00290294899084], [80.28634017553945, 22.005613106636783], [80.28343389907599, 22.00560043158209], [80.28052762472433, 22.00558770502459], [80.28051394853786, 22.008297858319835], [80.28342027812228, 22.008310586604587], [80.28340665505657, 22.011020740723747], [80.28631304199448, 22.011033419219018], [80.28632660981869, 22.008323263379534]]], [[[80.277607621074, 22.008285078525443], [80.27759388752582, 22.010995229182996], [80.28050027023083, 22.011008010711688], [80.28051394853786, 22.008297858319835], [80.277607621074, 22.008285078525443]]], [[[80.27468750695014, 22.010982396137827], [80.27467371602313, 22.01369254415047], [80.27758015184835, 22.013705378936997], [80.27759388752582, 22.010995229182996], [80.27468750695014, 22.010982396137827]]], [[[80.28050027023083, 22.011008010711688], [80.28048658980305, 22.01371816220005], [80.28339302987867, 22.013730893939485], [80.28340665505657, 22.011020740723747], [80.28050027023083, 22.011008010711688]]], [[[80.30081841865638, 22.016516364901392], [80.30372492859833, 22.01652873764967], [80.30663144059287, 22.016541058866107], [80.30953795463142, 22.016553328550557], [80.30954561400087, 22.01497235034716], [80.3095401430988, 22.0161016340225], [80.31244664996217, 22.01611385189857], [80.31535315885239, 22.01612601824351], [80.31825966976089, 22.016138133057204], [80.31827047296062, 22.013879655913758], [80.31827047310047, 22.01387965591434], [80.32117693996867, 22.013891717832816], [80.3211898468819, 22.01118154279735], [80.32120275179429, 22.008471366859254], [80.32410911016737, 22.008483373993045], [80.32412195784387, 22.005773195523027], [80.32413480352842, 22.003063016150627], [80.32122855561721, 22.00305101227555], [80.32124145452809, 22.00034083363012], [80.32125435143882, 21.99763065408243], [80.31834821595523, 21.99761860198204], [80.31836116606677, 21.9949084231683], [80.31545508779232, 21.994896321227394], [80.31254901153481, 21.99488416780997], [80.3096429373028, 21.994871962916193], [80.30673686510485, 21.9948597065462], [80.30383079494952, 21.994847398700138], [80.30381756883658, 21.997557569228356], [80.30091144553265, 21.99754520822831], [80.30089816216004, 22.000255376175847], [80.2979919857079, 22.000242962007924], [80.29797864505849, 22.002953127367583], [80.29507241545846, 22.002940660017888], [80.29505901751514, 22.005650822782474], [80.29504561749427, 22.008360984644057], [80.29213927951324, 22.00834846239942], [80.29212582217257, 22.011058621658574], [80.28921943103599, 22.011046046197343], [80.28920591635841, 22.01375620284686], [80.28629947206664, 22.013743574155132], [80.28628590003503, 22.016453728187802], [80.28919239958562, 22.01646635859298], [80.29209890123161, 22.016478937467078], [80.29500540496444, 22.01649146480995], [80.29791191077555, 22.01650394062144], [80.30081841865638, 22.016516364901392]], [[80.31536400810138, 22.01386754246969], [80.3153640081014, 22.01386754246969], [80.31535315885239, 22.01612601824351], [80.31536400810138, 22.01386754246969]]], [[[80.27758015184835, 22.013705378936997], [80.27756641404137, 22.016415527787352], [80.28047290725435, 22.016428312784836], [80.28048658980305, 22.01371816220005], [80.27758015184835, 22.013705378936997]]], [[[80.29311604177295, 21.810504402835686], [80.2960183701682, 21.81051680119611], [80.29603161899068, 21.807806573649227], [80.29604486574846, 21.805096345205836], [80.29314264656527, 21.805083950234852], [80.29312934520571, 21.80779417698356], [80.29311604177295, 21.810504402835686]]], [[[80.29892070062837, 21.810529148555695], [80.3018230331449, 21.810541444914296], [80.30183617274625, 21.80783121399884], [80.30184931029993, 21.80512098218699], [80.29894708699618, 21.805108689189936], [80.29893389484037, 21.807818919321036], [80.29892070062837, 21.810529148555695]]], [[[80.31630898716813, 21.81602263742867], [80.31921144109307, 21.816034631056414], [80.31922425702072, 21.81332439199482], [80.31923707095139, 21.810614152037015], [80.31633472627533, 21.81060216168741], [80.31634759282086, 21.807891922472482], [80.31344530476163, 21.807879882766958], [80.31345822390502, 21.805169644301838], [80.31055599246226, 21.805157555254425], [80.31054301871603, 21.807867792066688], [80.3076407346926, 21.80785565037181], [80.30762770431306, 21.81056588462797], [80.31053004294765, 21.810578027982736], [80.31343238360458, 21.810590120335934], [80.31341946043369, 21.813300357008682], [80.31632185772446, 21.813312400006172], [80.31630898716813, 21.81602263742867]]], [[[80.29889430603505, 21.81594960433533], [80.29890750435999, 21.813239376893826], [80.29892070062837, 21.810529148555695], [80.2960183701682, 21.81051680119611], [80.29600511928085, 21.813227027846395], [80.29599186632842, 21.815937253599998], [80.29889430603505, 21.81594960433533]]], [[[80.30469919160998, 21.815974152761058], [80.30471228067941, 21.813263921964666], [80.3047253677093, 21.810553690271774], [80.3018230331449, 21.810541444914296], [80.30180989149568, 21.813251674933294], [80.3017967477984, 21.815961904055726], [80.30469919160998, 21.815974152761058]]], [[[80.3017967477984, 21.815961904055726], [80.29889430603505, 21.81594960433533], [80.29888110565341, 21.81865983088011], [80.29886790321486, 21.821370056528107], [80.30177045425907, 21.82138235961055], [80.30175730441665, 21.824092586042767], [80.30465991216283, 21.824104839770335], [80.30467300735187, 21.821394611663976], [80.30468610050086, 21.81868438266085], [80.30178360205294, 21.81867213228151], [80.3017967477984, 21.815961904055726]]], [[[80.30469919160998, 21.815974152761058], [80.30468610050086, 21.81868438266085], [80.30758860098865, 21.818696582018006], [80.30760163746126, 21.81598635045116], [80.30469919160998, 21.815974152761058]]], [[[80.30758860098865, 21.818696582018006], [80.3075755624847, 21.82140681268823], [80.31047811964906, 21.82141896268318], [80.3104911035078, 21.818708730352814], [80.30758860098865, 21.818696582018006]]], [[[80.31045214586236, 21.82683942465388], [80.31335481436605, 21.826851526925868], [80.31334187910866, 21.82956175821937], [80.3162446042983, 21.82957381109418], [80.31623172170552, 21.83228404313726], [80.31913450358144, 21.832296046600852], [80.31912167367027, 21.835006279386565], [80.3191088417608, 21.837716511275367], [80.31620595049975, 21.83770450453268], [80.31619306188645, 21.840414733884845], [80.31329011792725, 21.84040267442396], [80.31327717259309, 21.843112901232306], [80.31326422524305, 21.845823127143355], [80.31616727863812, 21.845835189897645], [80.31618017126596, 21.843124962339864], [80.31908317194619, 21.843136972361883], [80.31909600785282, 21.840426742267173], [80.32199895581785, 21.840438699570786], [80.32201173502031, 21.83772846694632], [80.32491463026982, 21.837740371545387], [80.32492735278517, 21.835030136398345], [80.32494007331921, 21.832319900354516], [80.3220372874555, 21.83230799900665], [80.32205006068855, 21.829597763691634], [80.31914733149443, 21.829585812918314], [80.31916015740946, 21.826875578339045], [80.31625748488459, 21.826863578154306], [80.31627036346454, 21.824153344317732], [80.31336774760858, 21.824141294735607], [80.31338067883645, 21.821431061648664], [80.31047811964906, 21.82141896268318], [80.31046513376731, 21.824129194116903], [80.31045214586236, 21.82683942465388]]], [[[80.29014689400444, 21.8240430607741], [80.29013352346746, 21.82675327954286], [80.29303617762882, 21.826765739115583], [80.2930494935046, 21.824055518644727], [80.29014689400444, 21.8240430607741]]], [[[80.30465991216283, 21.824104839770335], [80.30464681493356, 21.826815066979826], [80.30754947938203, 21.826827271338484], [80.30756252194922, 21.824117042461758], [80.30465991216283, 21.824104839770335]]], [[[80.29593883386461, 21.82677814764579], [80.29303617762882, 21.826765739115583], [80.29302285967857, 21.82947595868925], [80.29592557058426, 21.82948836891463], [80.29591230523779, 21.832198589286264], [80.29881507288817, 21.83221095015029], [80.29882828355606, 21.82950072809039], [80.29884149216635, 21.82679050513333], [80.29593883386461, 21.82677814764579]]], [[[80.30754947938203, 21.826827271338484], [80.30753643478296, 21.82953749931833], [80.31043915593405, 21.82954965429404], [80.31045214586236, 21.82683942465388], [80.30754947938203, 21.826827271338484]]], [[[80.29012015084751, 21.829463497414373], [80.29010677614441, 21.83217371438855], [80.2930095396537, 21.832186177365635], [80.29302285967857, 21.82947595868925], [80.29012015084751, 21.829463497414373]]], [[[80.31043915593405, 21.82954965429404], [80.31042616398221, 21.83225988303728], [80.31332894183626, 21.832271988616025], [80.31334187910866, 21.82956175821937], [80.31043915593405, 21.82954965429404]]], [[[80.29591230523779, 21.832198589286264], [80.2930095396537, 21.832186177365635], [80.29299621755403, 21.834896395144646], [80.29298289337937, 21.837606612026207], [80.29588576834583, 21.83761902733751], [80.29587249679997, 21.840329245016946], [80.2987754285372, 21.840341610946144], [80.29878864537892, 21.837631391578253], [80.29880186016251, 21.83492117131294], [80.29589903782504, 21.834908808760584], [80.29591230523779, 21.832198589286264]]], [[[80.29881507288817, 21.83221095015029], [80.29880186016251, 21.83492117131294], [80.30170468455792, 21.834933482801553], [80.30171784259632, 21.832223259957555], [80.29881507288817, 21.83221095015029]]], [[[80.30458129817796, 21.840366189571355], [80.30459440561091, 21.837655966847475], [80.30460751100277, 21.834945743226296], [80.30170468455792, 21.834933482801553], [80.3016915244701, 21.837643704748288], [80.3016783623327, 21.84035392579766], [80.30458129817796, 21.840366189571355]]], [[[80.31040017400724, 21.837680337832676], [80.31038717598378, 21.840390563884643], [80.31329011792725, 21.84040267442396], [80.31330306124573, 21.837692446718403], [80.31040017400724, 21.837680337832676]]], [[[80.29006663953452, 21.8403043599261], [80.29005325649709, 21.84301457331001], [80.29295623880445, 21.843027043096583], [80.29296956712957, 21.840316828010213], [80.29006663953452, 21.8403043599261]]], [[[80.2987489886787, 21.845762046989293], [80.29873576566158, 21.848472263664384], [80.29872254058564, 21.851182479441682], [80.2987093134507, 21.853892694321118], [80.2986960842566, 21.856602908302595], [80.29868285300317, 21.859313121386013], [80.29866961969023, 21.862023333571305], [80.29865638431758, 21.864733544858368], [80.30155981083524, 21.864745874845976], [80.30154662819224, 21.867456086916818], [80.30153344349775, 21.87016629808932], [80.30152025675156, 21.872876508363387], [80.30150706795351, 21.875586717738933], [80.30149387710343, 21.878296926215874], [80.29859017655289, 21.878284587817173], [80.29857692881843, 21.88099479371301], [80.29856367902306, 21.883704998709998], [80.29565987086079, 21.88369260575713], [80.29564656415528, 21.886402808165673], [80.29563325537998, 21.889113009675132], [80.29853717324889, 21.889125406007068], [80.2985504271666, 21.88641520280805], [80.30145429223921, 21.88642754625414], [80.30146748924645, 21.883717340473563], [80.30148068420114, 21.881007133794117], [80.30438444163622, 21.881019422692745], [80.30437130152238, 21.883729631047682], [80.30435815936454, 21.886439838503808], [80.30726202853407, 21.886452079556904], [80.30727511584236, 21.883741870432207], [80.30728820111514, 21.881031660408762], [80.3073012843526, 21.878321449486652], [80.30439757970618, 21.878309213439078], [80.30441071573246, 21.87559900328678], [80.30442384971523, 21.872888792235937], [80.30443698165466, 21.870178580286623], [80.30445011155093, 21.86746836743894], [80.30446323940424, 21.86475815369298], [80.3044763652147, 21.862047939048825], [80.30157299142688, 21.86203566187688], [80.30158616996735, 21.85932544800962], [80.30159934645684, 21.85661523324429], [80.30161252089552, 21.85390501758096], [80.30162569328355, 21.851194801019737], [80.30163886362111, 21.84848458356071], [80.30165203190836, 21.845774365203958], [80.3016651981455, 21.843064145949583], [80.3016783623327, 21.84035392579766], [80.2987754285372, 21.840341610946144], [80.29876220963718, 21.843051829416524], [80.2987489886787, 21.845762046989293]]], [[[80.30745812450955, 21.845798848357806], [80.31036117386401, 21.845811013296693], [80.31037417593609, 21.843100789039344], [80.31038717598378, 21.840390563884643], [80.3074842360645, 21.840378402267064], [80.30747118130348, 21.843088625761144], [80.30456818870377, 21.84307641139784], [80.30455507718816, 21.84578663232685], [80.30454196363092, 21.84849685235829], [80.30452884803192, 21.85120707149207], [80.30743200482226, 21.851219290858523], [80.30744506568253, 21.848509070056966], [80.30745812450955, 21.845798848357806]]], [[[80.30736667001604, 21.864770381399232], [80.30735359695262, 21.867480596813333], [80.31025708438877, 21.867492775039842], [80.31024406408945, 21.870202991216953], [80.31023104176403, 21.872913206495813], [80.31021801741232, 21.875623420876334], [80.3131216712962, 21.875635552917746], [80.31310869974237, 21.878345768054277], [80.31601241046869, 21.878357850574037], [80.31602532719802, 21.875647633790052], [80.31603824191797, 21.87293741610777], [80.31313464083212, 21.87292533688285], [80.31314760835028, 21.870215119949684], [80.31316057385085, 21.867504902118323], [80.31317353733401, 21.86479468338887], [80.31027010266214, 21.864782557964578], [80.31028311890977, 21.862072339991233], [80.31029613313177, 21.859362121119908], [80.31030914532838, 21.8566519013507], [80.31032215549973, 21.853941680683683], [80.31322537109598, 21.853953799491816], [80.31323832449466, 21.8512435762732], [80.31325127587696, 21.848533352157013], [80.31326422524305, 21.845823127143355], [80.31036117386401, 21.845811013296693], [80.31034816976738, 21.848521236656588], [80.310335163646, 21.851231459118946], [80.30743200482226, 21.851219290858523], [80.30741894192856, 21.853929510762388], [80.30740587700126, 21.85663972976849], [80.30739281004018, 21.859349947876716], [80.30737974104518, 21.862060165086994], [80.30736667001604, 21.864770381399232]]], [[[80.29278278164257, 21.878259757493893], [80.29276942424433, 21.880969960003995], [80.29567317549666, 21.880982402449586], [80.2956864780631, 21.878272198243128], [80.29569977856026, 21.87556199313785], [80.29279613696302, 21.87554955408491], [80.29280949020585, 21.872839349777138], [80.29282284137125, 21.87012914457065], [80.29283619045935, 21.86741893846555], [80.29573966763793, 21.867431372429976], [80.29575295985978, 21.8647211637303], [80.29576625001324, 21.862010954132245], [80.29286288240449, 21.86199852355986], [80.29284953747039, 21.864708731461928], [80.2899461171579, 21.864696248053395], [80.28993271535786, 21.867406453353993], [80.28991931147223, 21.87011665775601], [80.2899059055008, 21.872826861259348], [80.28989249744339, 21.87553706386391], [80.28987908729985, 21.878247265569616], [80.29278278164257, 21.878259757493893]]], [[[80.30731436555492, 21.87561123766596], [80.3073012843526, 21.878321449486652], [80.31020499103418, 21.878333634358434], [80.31021801741232, 21.875623420876334], [80.30731436555492, 21.87561123766596]]], [[[80.31020499103418, 21.878333634358434], [80.3101919626294, 21.881043846942017], [80.31309572617046, 21.881055982292352], [80.31310869974237, 21.878345768054277], [80.31020499103418, 21.878333634358434]]], [[[80.30145429223921, 21.88642754625414], [80.30144109317924, 21.88913775113575], [80.3043450151625, 21.889150045061026], [80.30435815936454, 21.886439838503808], [80.30145429223921, 21.88642754625414]]], [[[80.29272933958104, 21.88910056214009], [80.29271597386985, 21.891810761053762], [80.29561994453472, 21.89182321028541], [80.29563325537998, 21.889113009675132], [80.29272933958104, 21.88910056214009]]], [[[80.29851065922894, 21.894545809707676], [80.30141468890038, 21.89455815820172], [80.30142789206636, 21.891847955118305], [80.30144109317924, 21.88913775113575], [80.29853717324889, 21.889125406007068], [80.29852391726972, 21.891835608306977], [80.29851065922894, 21.894545809707676]]], [[[80.28981200528365, 21.891798260612184], [80.2897985826195, 21.89450845692288], [80.29270260607997, 21.894520959068107], [80.29271597386985, 21.891810761053762], [80.28981200528365, 21.891798260612184]]], [[[80.2956066316193, 21.89453340999642], [80.29559331663356, 21.897243608808076], [80.29849739912638, 21.897256010209084], [80.29851065922894, 21.894545809707676], [80.2956066316193, 21.89453340999642]]], [[[80.28978515786794, 21.89721865233409], [80.28977173102882, 21.89992884684574], [80.29267586426346, 21.89994135239845], [80.29557999957731, 21.899953806720287], [80.29559331663356, 21.897243608808076], [80.29268923621123, 21.89723115618303], [80.28978515786794, 21.89721865233409]]], [[[80.31587019377702, 21.908170175884223], [80.3158572529216, 21.910880381881608], [80.31584431005459, 21.913590586979524], [80.31583136517577, 21.916300791177893], [80.315818418285, 21.91901099447662], [80.31872295441472, 21.919023050434493], [80.31873584635282, 21.91631284549439], [80.31874873628749, 21.9136026396547], [80.31876162421892, 21.91089243291553], [80.31877451014726, 21.908182225276953], [80.3187873940727, 21.905472016739065], [80.3188002759954, 21.902761807301957], [80.32170448453971, 21.902773802173286], [80.32171730955821, 21.900063590203004], [80.32173013258286, 21.897353377333726], [80.32463423332615, 21.897365317711674], [80.32464699947238, 21.894655102316577], [80.32465976363362, 21.891944886022724], [80.32175577265124, 21.891932948898596], [80.3217429536138, 21.89464316356557], [80.31883890974878, 21.89463117359617], [80.31882603383328, 21.89734138573042], [80.31881315591552, 21.90005159696571], [80.31590900427526, 21.90003955249621], [80.31592193708589, 21.897329342901877], [80.31301784234928, 21.89731724884825], [80.3130048546459, 21.900027456794653], [80.31299186492303, 21.902737663841886], [80.31589606945367, 21.902749761191444], [80.31588313262098, 21.905459968987472], [80.31587019377702, 21.908170175884223]]], [[[80.31293988583347, 21.913578483037377], [80.31295288363592, 21.9108682795877], [80.31296587941821, 21.9081580752385], [80.3100615670794, 21.908145923339912], [80.31004851637039, 21.910856126033956], [80.31003546363269, 21.91356632782842], [80.31293988583347, 21.913578483037377]]], [[[80.3157925184669, 21.924431398374807], [80.31580546938211, 21.92172119687562], [80.315818418285, 21.91901099447662], [80.31291388416741, 21.918998887237816], [80.31290088030347, 21.921709087988397], [80.31288787441869, 21.924419287839104], [80.3157925184669, 21.924431398374807]]], [[[80.29227373820241, 21.981246820149465], [80.29226030171681, 21.98395698843609], [80.29516614290475, 21.983969495389392], [80.29807198616885, 21.98398195089518], [80.29808531234141, 21.981271779218094], [80.3009911025163, 21.981284181591462], [80.30389689475007, 21.981296532524013], [80.30680268903413, 21.981308832015586], [80.30681584769405, 21.978598654403253], [80.3097215888711, 21.978610900789974], [80.31262733208116, 21.97862309574241], [80.31553307731568, 21.97863523926041], [80.31554606851292, 21.975925055776187], [80.31264037841893, 21.97591291390788], [80.30973469034925, 21.975900720612117], [80.30682900431239, 21.97588847588906], [80.30684215888935, 21.973178296473098], [80.30393653002538, 21.973166001993487], [80.30103090321117, 21.973153656093846], [80.2981252784553, 21.973141258774355], [80.29811195848447, 21.975851433157583], [80.29520628066453, 21.97583898272682], [80.29230060492021, 21.975826480869515], [80.2922871726035, 21.97853665096057], [80.29519290348713, 21.978549154516482], [80.29517952423392, 21.981259325404043], [80.29227373820241, 21.981246820149465]], [[80.30101763837145, 21.975863832161643], [80.30392332031695, 21.97587617973885], [80.30391010855857, 21.978586356582394], [80.30100437147323, 21.978574007327552], [80.29809863644655, 21.97856160663886], [80.29811195848447, 21.975851433157583], [80.30101763837145, 21.975863832161643]]], [[[80.30675003397523, 21.99214953344451], [80.30676320080319, 21.989439359440514], [80.30966916262662, 21.989451612482508], [80.31257512648374, 21.98946381406226], [80.31548109236601, 21.989475964179633], [80.31546809108755, 21.99218614315457], [80.31837411416993, 21.992198243452414], [80.3212801392605, 21.992210292280586], [80.32129303017179, 21.98950011002663], [80.31838706026488, 21.989488062834464], [80.31840000435182, 21.98677788131455], [80.31841294643088, 21.98406769889274], [80.31550708887335, 21.984055603523736], [80.31260123333206, 21.984043456706168], [80.30969537981558, 21.984031258440197], [80.30678952833246, 21.984019008725962], [80.30388367889125, 21.984006707563612], [80.30387046098198, 21.986716881701117], [80.30385724102204, 21.989427054936435], [80.30095128329171, 21.989414698970414], [80.30093800609832, 21.992124869625503], [80.30384401901127, 21.99213722726947], [80.30675003397523, 21.99214953344451]]], [[[80.2980586579287, 21.98669212167005], [80.29804532762078, 21.989402291542604], [80.30095128329171, 21.989414698970414], [80.30096455842573, 21.986704527412986], [80.2980586579287, 21.98669212167005]]], [[[80.29803199524491, 21.992112460512757], [80.29512598645964, 21.992099999931384], [80.29511259682481, 21.99481016630706], [80.29509920511312, 21.997520331780102], [80.29800532428865, 21.997532795745506], [80.29801866080092, 21.994822628580415], [80.30092472684535, 21.994835039378163], [80.30093800609832, 21.992124869625503], [80.29803199524491, 21.992112460512757]]], [[[80.29219308801463, 21.997507816332238], [80.29217963901812, 22.000217979203445], [80.2950858113244, 22.000230496350405], [80.29509920511312, 21.997520331780102], [80.29219308801463, 21.997507816332238]]], [[[80.32791881481668, 21.81607030584335], [80.33082127667912, 21.816082095406408], [80.33080867730486, 21.81879234005863], [80.33371119576842, 21.818804080209457], [80.33369864907748, 21.8215143255699], [80.3366012241425, 21.82152601629447], [80.33658873015189, 21.82423626235618], [80.33949136181873, 21.82424790364046], [80.3423939954236, 21.82425949388687], [80.345296630958, 21.824271033095265], [80.34819926841341, 21.82428252126551], [80.34821154378142, 21.821572268883756], [80.35111412849326, 21.821583704453133], [80.35112634730139, 21.818873449612976], [80.35402887926935, 21.818884832595337], [80.35404104153463, 21.816174575303958], [80.35405320190489, 21.813464317116978], [80.35406536038033, 21.8107540580345], [80.35407751696113, 21.80804379805662], [80.3540896716474, 21.805333537183397], [80.35118741279028, 21.805322161977926], [80.348285155836, 21.80531073578283], [80.3453829007931, 21.805299258598243], [80.34248064767006, 21.80528773042431], [80.33957839647542, 21.805276151261168], [80.33667614721767, 21.805264521108956], [80.33377389990532, 21.805252839967814], [80.3308716545469, 21.80524110783789], [80.32796941115087, 21.805229324719324], [80.3250671697258, 21.805217490612257], [80.32216493028017, 21.80520560551682], [80.31926269282249, 21.805193669433184], [80.31924988288525, 21.80790391118311], [80.32215217494627, 21.807915848898705], [80.32213941762424, 21.810626091384613], [80.3250417662854, 21.810637979730057], [80.3250290615956, 21.81334822294502], [80.32793146685722, 21.813360061906284], [80.32791881481668, 21.81607030584335]]], [[[80.31921144109307, 21.816034631056414], [80.3191986231683, 21.818744869221725], [80.32210113372776, 21.818756813465704], [80.32211389701516, 21.816046573668206], [80.31921144109307, 21.816034631056414]]], [[[80.31629611460615, 21.818732873954822], [80.31628324003835, 21.821443109584543], [80.31918580324623, 21.82145510649066], [80.3191986231683, 21.818744869221725], [80.31629611460615, 21.818732873954822]]], [[[80.32210113372776, 21.818756813465704], [80.32208836845157, 21.821467052366884], [80.32499093564589, 21.82147894721307], [80.32500364627602, 21.81876870668661], [80.32210113372776, 21.818756813465704]]], [[[80.31918580324623, 21.82145510649066], [80.31917298132666, 21.824165342863132], [80.32207560118643, 21.824177290371658], [80.32208836845157, 21.821467052366884], [80.31918580324623, 21.82145510649066]]], [[[80.32499093564589, 21.82147894721307], [80.3249782230353, 21.82418918684317], [80.32788084686483, 21.824201032277525], [80.32789350482066, 21.821490791029053], [80.32499093564589, 21.82147894721307]]], [[[80.32207560118643, 21.824177290371658], [80.32206283193213, 21.826887527479936], [80.32496550844411, 21.826899425576837], [80.3249782230353, 21.82418918684317], [80.32207560118643, 21.824177290371658]]], [[[80.32788084686483, 21.824201032277525], [80.32786818693688, 21.826911272629612], [80.33077086740192, 21.826923068638106], [80.33078347266644, 21.82421282667457], [80.32788084686483, 21.824201032277525]]], [[[80.32496550844411, 21.826899425576837], [80.32495279187215, 21.82960966341399], [80.32785552503667, 21.829621512085236], [80.32786818693688, 21.826911272629612], [80.32496550844411, 21.826899425576837]]], [[[80.33655123650007, 21.832366995163756], [80.33364844276298, 21.83235529804907], [80.33363588629585, 21.83506553892776], [80.33653873472224, 21.83507723764012], [80.33944158509586, 21.83508888528686], [80.34234443740816, 21.835100481867833], [80.34524729165065, 21.835112027382902], [80.34815014781482, 21.835123521831925], [80.34816243083378, 21.832413273034593], [80.34817471193976, 21.82970302334101], [80.35107746064533, 21.829714463598293], [80.35106523422095, 21.83242471485462], [80.35396803951261, 21.832436105615297], [80.35398021125522, 21.8297258528032], [80.35399238110203, 21.82701559909506], [80.3568950789343, 21.827026935698704], [80.35690719222059, 21.824316679545937], [80.35400454905322, 21.824305344490988], [80.35110190778133, 21.824293958397462], [80.3510896851654, 21.827004211445878], [80.34818699113292, 21.826992772751293], [80.3452842990131, 21.826981283011435], [80.345271965147, 21.829691532031497], [80.34236922027559, 21.829679989669877], [80.33946647733404, 21.829668396256306], [80.33947892054549, 21.8269581503965], [80.33657623421473, 21.82694650752169], [80.3336735498307, 21.826934813602175], [80.33077086740192, 21.826923068638106], [80.33075826017365, 21.829633309705233], [80.33366099727455, 21.82964505627384], [80.33656373633085, 21.82965675179091], [80.33655123650007, 21.832366995163756]]], [[[80.32785552503667, 21.829621512085236], [80.32784286116404, 21.832331750644308], [80.33074565098147, 21.832343549875866], [80.33075826017365, 21.829633309705233], [80.32785552503667, 21.829621512085236]]], [[[80.31330306124573, 21.837692446718403], [80.31620595049975, 21.83770450453268], [80.31621883710606, 21.834994274283456], [80.31623172170552, 21.83228404313726], [80.31332894183626, 21.832271988616025], [80.31331600254867, 21.834982218115723], [80.31330306124573, 21.837692446718403]]], [[[80.3365012177048, 21.84320795968954], [80.33940423219792, 21.843219612108726], [80.34230724863023, 21.843231213441236], [80.34521026699323, 21.843242763686906], [80.34522261046764, 21.84053251914877], [80.34812557603728, 21.840544016737528], [80.34813786288271, 21.837833769732935], [80.34523495202006, 21.837822273714078], [80.34233204307925, 21.837810726622195], [80.3394291360688, 21.837799128457437], [80.3365262309972, 21.837787479219937], [80.33362332787298, 21.83777577890984], [80.33072042670467, 21.837764027527285], [80.33070781161972, 21.8404742650079], [80.3336107674942, 21.840486017995214], [80.33359820515938, 21.843196256183795], [80.3365012177048, 21.84320795968954]]], [[[80.32490190577302, 21.840450605795542], [80.3248891792946, 21.843160839148723], [80.32779218594577, 21.843172695913243], [80.32780485770982, 21.840462460941293], [80.32490190577302, 21.840450605795542]]], [[[80.32198617462524, 21.84314893129822], [80.32197339144231, 21.845859162128534], [80.32487645083438, 21.84587107160485], [80.3248891792946, 21.843160839148723], [80.32198617462524, 21.84314893129822]]], [[[80.32779218594577, 21.843172695913243], [80.32777951220842, 21.845882929988203], [80.3306825755559, 21.84589473727847], [80.33358564086831, 21.8459064934755], [80.33359820515938, 21.843196256183795], [80.3306951945702, 21.843184501591654], [80.32779218594577, 21.843172695913243]]], [[[80.31907033404072, 21.845847201559423], [80.31905749413625, 21.848557429859692], [80.3219606062689, 21.84856939206165], [80.32197339144231, 21.845859162128534], [80.31907033404072, 21.845847201559423]]], [[[80.32487645083438, 21.84587107160485], [80.32486372039222, 21.848581303163822], [80.32776683649766, 21.848593163166075], [80.32777951220842, 21.845882929988203], [80.32487645083438, 21.84587107160485]]], [[[80.32193502994998, 21.85398984923589], [80.32483825356132, 21.854001763589977], [80.32485098796792, 21.851291533825563], [80.32486372039222, 21.848581303163822], [80.3219606062689, 21.84856939206165], [80.32194781910485, 21.851279621097465], [80.32193502994998, 21.85398984923589]]], [[[80.31606406533034, 21.86751697804863], [80.31896755881871, 21.86752900283062], [80.32187105430745, 21.867540976464138], [80.32188385341894, 21.864830752813965], [80.32189665053876, 21.86212052826597], [80.32190944566712, 21.859410302820237], [80.32192223880413, 21.856700076476848], [80.32193502994998, 21.85398984923589], [80.31903180832963, 21.853977883768074], [80.3190446522326, 21.8512676572626], [80.31614148735972, 21.851255642321135], [80.31612858870879, 21.853965867186666], [80.31611568804985, 21.856676091154604], [80.3161027853827, 21.85938631422486], [80.31900611452498, 21.859398334086315], [80.31899326462297, 21.86210855789891], [80.31608988070718, 21.862096536397342], [80.31607697402312, 21.864806757671964], [80.31606406533034, 21.86751697804863]]], [[[80.33058155269053, 21.867576590472442], [80.33056891598596, 21.870286818082782], [80.3334724741908, 21.8702985887264], [80.33345989032826, 21.87300881704438], [80.33344730450767, 21.875719044464503], [80.33635097429615, 21.875730767149], [80.336338441343, 21.878440995269784], [80.33924216790702, 21.87845266837565], [80.3392296878384, 21.88116289719015], [80.34213347117827, 21.881174520703347], [80.3421210440112, 21.8838847502046], [80.34502488412728, 21.88389632411109], [80.34503725645112, 21.881186093032053], [80.34794104364842, 21.881197614176116], [80.35084483276162, 21.8812090841354], [80.35085709349114, 21.878498849023934], [80.35376082967655, 21.8785102662415], [80.35666456776062, 21.878521632280986], [80.35956830773486, 21.87853294714226], [80.36247204959074, 21.878544210825183], [80.36246000820292, 21.88125445212199], [80.3653638067677, 21.881265666155308], [80.3653757933197, 21.878555423329615], [80.36538777800713, 21.875845179606518], [80.36539976083013, 21.873134934986105], [80.36249612674723, 21.873123725539276], [80.36250816251624, 21.870413481550347], [80.36252019641262, 21.867703236664216], [80.35961667381412, 21.867691979124192], [80.35962876063105, 21.86498173487654], [80.35672529470644, 21.864970427728636], [80.35673743442689, 21.862260184126406], [80.35383402517579, 21.862248827384654], [80.3538462177827, 21.85953858443481], [80.35385840849204, 21.856828340587946], [80.35095511068114, 21.856816935822728], [80.35096735425155, 21.85410669263523], [80.34806411310484, 21.854095238311153], [80.34807640951924, 21.851384995789967], [80.34517322503643, 21.85137349192106], [80.34518557427778, 21.84866325007314], [80.34228244645853, 21.848651696673446], [80.33937932057026, 21.84864009217296], [80.33647619662152, 21.848628436571843], [80.33357307462083, 21.84861672987023], [80.33356050641679, 21.851326965367893], [80.33065733163241, 21.85131520596092], [80.33064470672286, 21.85402543895638], [80.32774147915512, 21.85401362683019], [80.32772879752304, 21.856723857316258], [80.32771611391682, 21.85943408690488], [80.32770342833635, 21.86214431559597], [80.32769074078142, 21.86485454338944], [80.32767805125187, 21.86756477028519], [80.33058155269053, 21.867576590472442]]], [[[80.32187105430745, 21.867540976464138], [80.32185825320413, 21.87025119921638], [80.3247618054841, 21.87026312332763], [80.32477455178801, 21.86755289894904], [80.32187105430745, 21.867540976464138]]], [[[80.31895470291613, 21.870239223949547], [80.31894184501303, 21.872949444170406], [80.32184545010878, 21.87296142107062], [80.32185825320413, 21.87025119921638], [80.31895470291613, 21.870239223949547]]], [[[80.32763997081392, 21.875695445585297], [80.32765266626829, 21.87298522138321], [80.32766535974756, 21.87027499628315], [80.3247618054841, 21.87026312332763], [80.32474905719673, 21.872973346808276], [80.32473630692569, 21.875683569390873], [80.32763997081392, 21.875695445585297]]], [[[80.32763997081392, 21.875695445585297], [80.32762727338425, 21.87840566888932], [80.33053099407309, 21.878417495526477], [80.33054363667742, 21.875707270609887], [80.32763997081392, 21.875695445585297]]], [[[80.31601241046869, 21.878357850574037], [80.31599949172978, 21.881068066459623], [80.31890325929884, 21.88108009944369], [80.31891612320454, 21.87836988191756], [80.31601241046869, 21.878357850574037]]], [[[80.32472355467087, 21.87839379107535], [80.32471080043204, 21.881104011861613], [80.32761457397913, 21.881115891295178], [80.32762727338425, 21.87840566888932], [80.32472355467087, 21.87839379107535]]], [[[80.33051834950184, 21.88112771954496], [80.32761457397913, 21.881115891295178], [80.32760187259841, 21.8838261128028], [80.33050570296352, 21.883837942665263], [80.33340953529587, 21.883849721336816], [80.33339694164138, 21.88655994516461], [80.33630083078374, 21.886571674243896], [80.33631336958697, 21.883861448817317], [80.33632590644001, 21.881151222492583], [80.33342212699165, 21.88113949661081], [80.33343471672886, 21.87842927098668], [80.33053099407309, 21.878417495526477], [80.33051834950184, 21.88112771954496]]], [[[80.31306977297163, 21.886476408072774], [80.31597364822258, 21.886488495535254], [80.31598657098114, 21.88377828144673], [80.31599949172978, 21.881068066459623], [80.31309572617046, 21.881055982292352], [80.31308275058026, 21.883766195631875], [80.31306977297163, 21.886476408072774]]], [[[80.32179421780408, 21.883802299505717], [80.3218070288691, 21.881092081244404], [80.31890325929884, 21.88108009944369], [80.31889039339192, 21.883790316071387], [80.31887752548363, 21.88650053180058], [80.3217814047462, 21.88651251686858], [80.32176858969532, 21.8892227333329], [80.32467252581004, 21.889234668830216], [80.32468528600181, 21.88652445073913], [80.32469804420909, 21.883814231749568], [80.32179421780408, 21.883802299505717]]], [[[80.31597364822258, 21.886488495535254], [80.31596072345397, 21.88919870872512], [80.31886465557379, 21.889210746631157], [80.31887752548363, 21.88650053180058], [80.31597364822258, 21.886488495535254]]], [[[80.33049305445792, 21.88654816488729], [80.33048040398491, 21.88925838621095], [80.333384346028, 21.88927016809409], [80.33339694164138, 21.88655994516461], [80.33049305445792, 21.88654816488729]]], [[[80.32467252581004, 21.889234668830216], [80.32465976363362, 21.891944886022724], [80.32756375660082, 21.891956771935295], [80.32757646390942, 21.889246553122938], [80.32467252581004, 21.889234668830216]]], [[[80.31594779667508, 21.891908921016242], [80.31593486788579, 21.894619132408526], [80.31883890974878, 21.89463117359617], [80.31885178366221, 21.891920960563052], [80.31594779667508, 21.891908921016242]]], [[[80.33046775154432, 21.89196860663616], [80.33045509713595, 21.89467882616283], [80.3333591489239, 21.894690611257797], [80.33337174845556, 21.89198039012518], [80.33046775154432, 21.89196860663616]]], [[[80.33334654743284, 21.897400831491826], [80.33044244075967, 21.897389044790863], [80.3275383360546, 21.8973772068641], [80.32752562281664, 21.900087422980384], [80.33042978241531, 21.900099262520186], [80.33041712210267, 21.902809479350697], [80.33332133857189, 21.90282126926384], [80.33333394398223, 21.900111050827206], [80.33334654743284, 21.897400831491826]]], [[[80.32454481470862, 21.916336800304975], [80.32453203267639, 21.919047008506887], [80.32743657479125, 21.919058910621118], [80.33034111888408, 21.91907076145384], [80.33035379100977, 21.91636055001803], [80.33036646116621, 21.913650337682892], [80.33037912935356, 21.9109401244485], [80.33039179557196, 21.908229910314944], [80.33040445982162, 21.90551969528231], [80.33041712210267, 21.902809479350697], [80.32751290760187, 21.902797638197804], [80.32752562281664, 21.900087422980384], [80.32462146519477, 21.900075532207943], [80.32460869507804, 21.90278574580528], [80.32459592297583, 21.905495958503604], [80.32750019041016, 21.90550785251626], [80.3274874712413, 21.908218065935674], [80.32747475009516, 21.910928278455952], [80.32746202697155, 21.913638490077016], [80.32744930187029, 21.916348700798768], [80.32454481470862, 21.916336800304975]]], [[[80.31869716452759, 21.924443457615617], [80.3216018125922, 21.924455465561394], [80.32161465356772, 21.921745260786196], [80.32162749254803, 21.919035055111298], [80.31872295441472, 21.919023050434493], [80.31871006047304, 21.92173325447493], [80.31869716452759, 21.924443457615617]]], [[[80.33034111888408, 21.91907076145384], [80.33032844478895, 21.921780971990202], [80.33323304581327, 21.921792773147804], [80.33324566494633, 21.91908256100491], [80.33034111888408, 21.91907076145384]]], [[[80.32742384573423, 21.921769119543974], [80.32741111469905, 21.924479327567262], [80.33031576872422, 21.924491181627054], [80.33032844478895, 21.921780971990202], [80.32742384573423, 21.921769119543974]]], [[[80.31576661059891, 21.92985179867337], [80.31867136662473, 21.929863861197358], [80.3186842665782, 21.927153659856454], [80.31869716452759, 21.924443457615617], [80.3157925184669, 21.924431398374807], [80.31577956553923, 21.92714159897409], [80.31576661059891, 21.92985179867337]]], [[[80.33316992072872, 21.935343820368644], [80.33318254966875, 21.932633612723926], [80.33027772871077, 21.932621805139622], [80.3302904106853, 21.929911598201855], [80.32738564669366, 21.929899740914742], [80.32739838168558, 21.92718953469088], [80.32449367465993, 21.927177627715004], [80.32450646265221, 21.92446742221199], [80.3216018125922, 21.924455465561394], [80.32158896962129, 21.927165669436807], [80.32157612465483, 21.92987587241235], [80.32448088468064, 21.929887832318194], [80.32446809271416, 21.932598036021474], [80.32737290972305, 21.932609946238756], [80.32736017077366, 21.935320150662854], [80.33026504476597, 21.935332011177522], [80.33316992072872, 21.935343820368644]]], [[[80.33031576872422, 21.924491181627054], [80.33030309068972, 21.92720139036431], [80.33320780166379, 21.927213194735135], [80.33322042471914, 21.924502984391246], [80.33031576872422, 21.924491181627054]]], [[[80.31867136662473, 21.929863861197358], [80.31865846466698, 21.932574061638242], [80.32156327769263, 21.932586074487926], [80.32157612465483, 21.92987587241235], [80.31867136662473, 21.929863861197358]]], [[[80.32156327769263, 21.932586074487926], [80.32155042873453, 21.935296275663447], [80.32445529876033, 21.935308238824778], [80.32446809271416, 21.932598036021474], [80.32156327769263, 21.932586074487926]]], [[[80.32445529876033, 21.935308238824778], [80.32444250281898, 21.938018440727994], [80.32734742984528, 21.938030354186914], [80.32736017077366, 21.935320150662854], [80.32445529876033, 21.935308238824778]]], [[[80.33314465696283, 21.94076423295828], [80.3331572898268, 21.938054027113452], [80.33025235885074, 21.93804221631545], [80.32734742984528, 21.938030354186914], [80.32733468693776, 21.940740556810873], [80.33023967096491, 21.940752420553334], [80.33314465696283, 21.94076423295828]]], [[[80.32723267240792, 21.96242214538795], [80.32721991168046, 21.965132339906933], [80.3301253912875, 21.96514421817738], [80.33303087286681, 21.965156045047454], [80.33304352339685, 21.96244584730654], [80.33013809691633, 21.962434022043944], [80.32723267240792, 21.96242214538795]]], [[[80.32431443405427, 21.965120410236253], [80.32430161623896, 21.96783060223273], [80.32720714897218, 21.967842533524916], [80.32721991168046, 21.965132339906933], [80.32431443405427, 21.965120410236253]]], [[[80.32139608549531, 21.967818619533475], [80.32138321057505, 21.970528809000264], [80.3242887964341, 21.970540793328073], [80.32430161623896, 21.96783060223273], [80.32139608549531, 21.967818619533475]]], [[[80.33011268368638, 21.96785441340988], [80.33009997411283, 21.970564607741363], [80.3330055659154, 21.97057643782656], [80.33301822037305, 21.967866241887485], [80.33011268368638, 21.96785441340988]]], [[[80.31847762671428, 21.97051677325854], [80.31846469467196, 21.973226960188445], [80.3213703336565, 21.97323899756576], [80.32138321057505, 21.970528809000264], [80.31847762671428, 21.97051677325854]]], [[[80.3242759746395, 21.973250983522174], [80.324263150855, 21.975961172814962], [80.3271688489606, 21.97597310897201], [80.3271816176124, 21.97326291805755], [80.33008726256664, 21.97327480117173], [80.33009997411283, 21.970564607741363], [80.32719438428288, 21.970552726241813], [80.3242887964341, 21.970540793328073], [80.3242759746395, 21.973250983522174]]], [[[80.31555905769441, 21.973214871390372], [80.31554606851292, 21.975925055776187], [80.31845176062261, 21.975937146216904], [80.31846469467196, 21.973226960188445], [80.31555905769441, 21.973214871390372]]], [[[80.3213574547395, 21.975949185229872], [80.32134457382388, 21.978659371992517], [80.32425032508046, 21.978671361206338], [80.324263150855, 21.975961172814962], [80.3213574547395, 21.975949185229872]]], [[[80.33007454904767, 21.975984993700887], [80.33006183355575, 21.97869518532876], [80.33296759075735, 21.97870702023708], [80.33298025110771, 21.975996827001442], [80.33007454904767, 21.975984993700887]]], [[[80.31553307731568, 21.97863523926041], [80.31552008410256, 21.981345421842956], [80.31842588650225, 21.98135751556914], [80.32133169090947, 21.9813695578536], [80.32134457382388, 21.978659371992517], [80.31843882456612, 21.97864733134383], [80.31553307731568, 21.97863523926041]]], [[[80.32715607832726, 21.978683298985132], [80.32714330571226, 21.981393488096806], [80.33004911609069, 21.98140537605525], [80.33006183355575, 21.97869518532876], [80.32715607832726, 21.978683298985132]]], [[[80.3329295979182, 21.986837594535718], [80.33294226416275, 21.984127404004308], [80.33295492844242, 21.9814172125714], [80.33004911609069, 21.98140537605525], [80.33003639665235, 21.98411556588027], [80.33002367524054, 21.986825754803736], [80.3329295979182, 21.986837594535718]]], [[[80.3241733286322, 21.99493247262], [80.32416048892243, 21.997642654699025], [80.32706662839746, 21.997654603831688], [80.32705384190596, 22.000364786630804], [80.32704105343142, 22.003074968527788], [80.32702826297367, 22.005785149522527], [80.32701547053256, 22.008495329614938], [80.32700267610791, 22.01120550880494], [80.32699201243399, 22.013463990773303], [80.32408555091973, 22.01345203217742], [80.32407269759848, 22.0161622080902], [80.32697921451046, 22.01617416830922], [80.32699094616753, 22.01368981759263], [80.32698987969955, 22.013915687092442], [80.32989635240762, 22.013927594432733], [80.32988573340644, 22.016186076996384], [80.33279225427788, 22.016197934151567], [80.33280494181966, 22.013487753392052], [80.3298984762082, 22.013475897845463], [80.32989741428995, 22.01370174996039], [80.32990909370076, 22.011217414530265], [80.3299218328813, 22.008507233724796], [80.32993457008685, 22.00579705201697], [80.33284087917484, 22.00580890300623], [80.33282819720502, 22.008519086322465], [80.33573456349514, 22.008530887407804], [80.33864093174311, 22.008542636980675], [80.33865350324099, 22.005832450468567], [80.33574719022909, 22.005820702490137], [80.33575981500533, 22.00311051667032], [80.33285355917843, 22.003098718787772], [80.33286623721595, 22.000388533667206], [80.32996003857372, 22.000376685894615], [80.32997276985535, 21.997666501480268], [80.32998549916269, 21.99495631616391], [80.32999822649589, 21.99224612994564], [80.33001095185512, 21.98953594282556], [80.33002367524054, 21.986825754803736], [80.32711775453653, 21.98681386361549], [80.3271305311154, 21.984103676306955], [80.32422466756047, 21.984091735284494], [80.32421183581468, 21.98680192097111], [80.3213059190836, 21.986789926870745], [80.32129303017179, 21.98950011002663], [80.32419900207816, 21.989512105755953], [80.32710497597546, 21.989524050022318], [80.32709219543204, 21.99223423552735], [80.3270794129061, 21.994944420130505], [80.3241733286322, 21.99493247262]]], [[[80.32126724634958, 21.99492047363255], [80.3241733286322, 21.99493247262], [80.32418616635074, 21.99222228963895], [80.3212801392605, 21.992210292280586], [80.32126724634958, 21.99492047363255]]], [[[80.34208375091052, 21.892015433319745], [80.34207131600992, 21.894725659228303], [80.34205887917555, 21.897435884238458], [80.33915476664932, 21.897424251215764], [80.33914227298672, 21.900134473742323], [80.33912977738147, 21.902844695370245], [80.336225557001, 21.902833007937062], [80.33621300454178, 21.905543227074048], [80.33620045013102, 21.908253445312162], [80.3361878937686, 21.91096366265133], [80.3361753354543, 21.913673879091444], [80.33616277518799, 21.916384094632424], [80.33615021296949, 21.919094309274186], [80.33905476294501, 21.919106006261522], [80.34195931486431, 21.91911765196679], [80.34194686061844, 21.921827868887387], [80.34485146943574, 21.92183946488903], [80.34775608017995, 21.921851009601333], [80.35066069284251, 21.921862503024155], [80.35356530741487, 21.92187394515736], [80.35357754180889, 21.91916372196426], [80.35648210331915, 21.91917511125703], [80.35649428085723, 21.91646488561434], [80.35939878930508, 21.91647622208056], [80.35941091000429, 21.913765993995472], [80.35942302881979, 21.911055765011717], [80.36232742926681, 21.911067047128732], [80.36233949126922, 21.9083568157099], [80.36524383866157, 21.908368045035168], [80.36525584386797, 21.90565781118845], [80.36526784720822, 21.90294757644343], [80.36817208663277, 21.90295875146843], [80.36818403320277, 21.900248514302856], [80.36819597791548, 21.89753827623921], [80.36820792077104, 21.894828037277602], [80.36821986176962, 21.8921177974181], [80.36823180091137, 21.889407556660803], [80.36824373819645, 21.8866973150058], [80.37114765018003, 21.886708429697805], [80.3711595307554, 21.88399818563014], [80.37117140948294, 21.881287940665004], [80.37407521361632, 21.8812990011411], [80.37406338973362, 21.884009247614248], [80.37405156401162, 21.88671949318998], [80.37695547968264, 21.886730505482188], [80.37696725055113, 21.88402025840537], [80.37697901958884, 21.881310010431207], [80.37699078679597, 21.878599761559748], [80.37700255217263, 21.875889511791105], [80.37701431571901, 21.873179261125372], [80.37411067423025, 21.87316825633803], [80.37120703458018, 21.873157200385617], [80.37121890591798, 21.87044695183146], [80.37412249075734, 21.87045800627608], [80.37413430544593, 21.867747755317165], [80.37123077540875, 21.86773670238027], [80.36832724721845, 21.867725598292388], [80.36831532292565, 21.870435846228872], [80.36830339677729, 21.873146093268264], [80.3682914687732, 21.875856339410475], [80.36827953891324, 21.878566584655427], [80.36826760719723, 21.88127682900302], [80.3653638067677, 21.881265666155308], [80.36535181835099, 21.883975908083492], [80.36244796494182, 21.883964692521232], [80.36243591980733, 21.88667493202284], [80.36533982806937, 21.8866861491141], [80.36532783592271, 21.889396389247025], [80.36531584191086, 21.892106628482196], [80.36241182391745, 21.892095408332764], [80.36239977316174, 21.894805645140913], [80.35949570216391, 21.894794372241954], [80.35659163304867, 21.894783048122775], [80.35368756582453, 21.894771672783502], [80.35078350050007, 21.894760246224283], [80.34787943708378, 21.89474876844525], [80.34497537558423, 21.894737239446542], [80.34498775560746, 21.892027011959964], [80.34500013370561, 21.88931678357514], [80.34501250987883, 21.886606554292158], [80.342108614911, 21.886594978807807], [80.3421210440112, 21.8838847502046], [80.33921720582825, 21.883873125106625], [80.33920472187644, 21.88658335212501], [80.33630083078374, 21.886571674243896], [80.33628829003014, 21.88928189877222], [80.33627574732603, 21.89199212240222], [80.33626320267122, 21.894702345133787], [80.33916725836941, 21.89471402779067], [80.3391797481472, 21.89200380346712], [80.34208375091052, 21.892015433319745]]], [[[80.3333591489239, 21.894690611257797], [80.33334654743284, 21.897400831491826], [80.33625065606557, 21.897412566966846], [80.33626320267122, 21.894702345133787], [80.3333591489239, 21.894690611257797]]], [[[80.33323304581327, 21.921792773147804], [80.33322042471914, 21.924502984391246], [80.3361250826753, 21.92451473585967], [80.33613764879865, 21.921804523016622], [80.33323304581327, 21.921792773147804]]], [[[80.3361250826753, 21.92451473585967], [80.33611251459925, 21.927224947803232], [80.33901722948757, 21.92723664956845], [80.34192194632017, 21.92724830003063], [80.3419344044371, 21.92453808490869], [80.33902974258413, 21.924526436032206], [80.3361250826753, 21.92451473585967]]], [[[80.33320780166379, 21.927213194735135], [80.33319517664705, 21.92992340417939], [80.33609994457036, 21.92993515884721], [80.33611251459925, 21.927224947803232], [80.33320780166379, 21.927213194735135]]], [[[80.34480185303248, 21.932680329892662], [80.34770668371365, 21.932691880892023], [80.35061151631382, 21.932703380573965], [80.35351635082445, 21.932714828938366], [80.35642118723702, 21.932726225985075], [80.35643337423954, 21.930016004837807], [80.35352859282453, 21.930004609342006], [80.35354083292285, 21.92729438884633], [80.35063610839845, 21.92728294359764], [80.34773138578416, 21.927271447045367], [80.34482666508855, 21.927259899189654], [80.34192194632017, 21.92724830003063], [80.34190948626748, 21.929958514253105], [80.33900471444669, 21.92994686220516], [80.33899219746134, 21.93265707394227], [80.34189702427886, 21.932668727576033], [80.34480185303248, 21.932680329892662]]], [[[80.34187209449317, 21.93808915152288], [80.34188456035416, 21.93537893999932], [80.33897967853136, 21.935367284779684], [80.33607479865337, 21.93535557823608], [80.33316992072872, 21.935343820368644], [80.3331572898268, 21.938054027113452], [80.33606222276494, 21.93806578658079], [80.33896715765657, 21.938077494717316], [80.34187209449317, 21.93808915152288]]], [[[80.35057461385803, 21.940834029292247], [80.35347961341208, 21.940845482330634], [80.35349186111839, 21.93813526543277], [80.35639680755166, 21.938146665581446], [80.35930175587863, 21.93815801439833], [80.36220670609075, 21.93816931188328], [80.36221878685045, 21.93545908945374], [80.36512368392407, 21.93547033407656], [80.36513570780076, 21.93276010921767], [80.36223086573371, 21.93274886612486], [80.35932602554294, 21.93273757171395], [80.35931389165329, 21.935447793505833], [80.3564089983411, 21.935436446232977], [80.35350410692246, 21.935425047635317], [80.3505992174059, 21.935413597712984], [80.35058691658735, 21.938123813952433], [80.34768197396711, 21.93811231114058], [80.34477703326621, 21.93810075699735], [80.34187209449317, 21.93808915152288], [80.34185962669578, 21.940799362146628], [80.34476462049133, 21.940810969200104], [80.34766961621493, 21.940822524915358], [80.35057461385803, 21.940834029292247]]], [[[80.33604964492298, 21.94077599402557], [80.33314465696283, 21.94076423295828], [80.33313202213662, 21.943474437903028], [80.33603706512736, 21.943486200570334], [80.33894211007193, 21.943497911892866], [80.3418471569618, 21.943509571870464], [80.34185962669578, 21.940799362146628], [80.33895463483682, 21.94078770375507], [80.33604964492298, 21.94077599402557]]], [[[80.33889199155772, 21.95433873544263], [80.33887945706466, 21.957048939079275], [80.34178477923727, 21.957060606987998], [80.34469010334746, 21.95707222351673], [80.34470252769304, 21.954362016714388], [80.34179725865667, 21.95435040176501], [80.33889199155772, 21.95433873544263]]], [[[80.33597413683819, 21.95703721979071], [80.33596154531698, 21.95974742093348], [80.33886692062549, 21.959759141815432], [80.33887945706466, 21.957048939079275], [80.33597413683819, 21.95703721979071]]], [[[80.35050075734637, 21.957095302433665], [80.34759542938667, 21.95708378866533], [80.34469010334746, 21.95707222351673], [80.34467767707284, 21.95978242941869], [80.34758305819459, 21.959793996139716], [80.35048844123696, 21.95980551147349], [80.35050075734637, 21.957095302433665]]], [[[80.3330561719633, 21.95973564866484], [80.33304352339685, 21.96244584730654], [80.33594895184092, 21.962457621175613], [80.33596154531698, 21.95974742093348], [80.3330561719633, 21.95973564866484]]], [[[80.33886692062549, 21.959759141815432], [80.33885438224002, 21.962469343651], [80.34175981458557, 21.96248101473258], [80.34466524886903, 21.96249263442019], [80.34467767707284, 21.95978242941869], [80.3417722978803, 21.95977081131055], [80.33886692062549, 21.959759141815432]]], [[[80.33594895184092, 21.962457621175613], [80.33593635640986, 21.96516782051701], [80.33884184190809, 21.965179544585904], [80.33885438224002, 21.962469343651], [80.33594895184092, 21.962457621175613]]], [[[80.33303087286681, 21.965156045047454], [80.33301822037305, 21.967866241887485], [80.33592375902363, 21.967878018957585], [80.33593635640986, 21.96516782051701], [80.33303087286681, 21.965156045047454]]], [[[80.34465281873587, 21.965202838521133], [80.34464038667318, 21.967913041721424], [80.34754593309381, 21.967924613160083], [80.34755831004831, 21.96521440838719], [80.34465281873587, 21.965202838521133]]], [[[80.3446279526808, 21.970623244020995], [80.3417223530733, 21.970611619594624], [80.34170986202594, 21.973321819413666], [80.33880420923188, 21.973310141985685], [80.33879166111244, 21.97602033931701], [80.34169736904002, 21.97603201833174], [80.34460307890633, 21.97604364591757], [80.34461551675857, 21.973333445419744], [80.34752117342121, 21.973345020003766], [80.34753355421816, 21.970634817032312], [80.3446279526808, 21.970623244020995]]], [[[80.33299290949367, 21.973286632864575], [80.33298025110771, 21.975996827001442], [80.33588595513216, 21.976008608873524], [80.33589855838493, 21.97329841313594], [80.33299290949367, 21.973286632864575]]], [[[80.33588595513216, 21.976008608873524], [80.33587334992353, 21.978718803709953], [80.33877911104571, 21.978730535747218], [80.33879166111244, 21.97602033931701], [80.33588595513216, 21.976008608873524]]], [[[80.33296759075735, 21.97870702023708], [80.33295492844242, 21.9814172125714], [80.3358607427589, 21.981428997645107], [80.33587334992353, 21.978718803709953], [80.33296759075735, 21.97870702023708]]], [[[80.3358102945369, 21.992269764371343], [80.3357976775897, 21.994979953798865], [80.33578505868547, 21.997690142324597], [80.33577243782408, 22.00040032994844], [80.33867864038956, 22.000412074738165], [80.33866607278976, 22.00312226305437], [80.34157233252313, 22.003133957939784], [80.34447859419689, 22.003145601326427], [80.34446613510362, 22.005855791908413], [80.3473724539372, 22.005867385369545], [80.35027877469422, 22.00587892732463], [80.35029112333133, 22.003168733602802], [80.3531973907749, 22.00318022249227], [80.35610366012457, 22.003191659882393], [80.35611589640732, 22.000481462147043], [80.35902211243452, 22.000492846492303], [80.35903429160832, 21.99778264631006], [80.36194045431269, 21.997793977624344], [80.36195257639469, 21.99508377500239], [80.36485868577589, 21.995095053299597], [80.3648707507832, 21.992384848245116], [80.36777680684094, 21.992396073539147], [80.36778881479067, 21.989685866059347], [80.36780082087789, 21.986975657678563], [80.36781282510273, 21.984265448396876], [80.36782482746537, 21.981555238214387], [80.37073066469122, 21.981566405967836], [80.3707187174894, 21.98427661766737], [80.37362461172971, 21.984287735486628], [80.37361271784374, 21.986997947795516], [80.37360082211254, 21.989708159203627], [80.3735889245359, 21.99241836971086], [80.37649498615602, 21.99242944058828], [80.37648314192917, 21.995139651697844], [80.37938926058182, 21.99515067259908], [80.38229538106305, 21.99516164202073], [80.38520150336433, 21.995172559962644], [80.38518982291302, 21.99788277463931], [80.38809600223031, 21.997893642576752], [80.3910021833507, 21.99790445902721], [80.39390836626558, 21.997915223990557], [80.39391988110283, 21.995205004908698], [80.39682601059867, 21.995215716930378], [80.39973214187174, 21.995226377471678], [80.39972073744464, 21.997936599455375], [80.4026269256917, 21.997947209956596], [80.40553311569901, 21.99795776897018], [80.40554440971538, 21.995247544112594], [80.4026382749135, 21.995236986532454], [80.4026496223752, 21.99252676220781], [80.39974354453017, 21.992516154587417], [80.39975494542007, 21.98980593080268], [80.39684892453161, 21.98979527315608], [80.39394290542008, 21.98978456404308], [80.39395441490039, 21.987074342259483], [80.39104845275352, 21.987063583141442], [80.38814249240055, 21.987052772564255], [80.38523653385003, 21.98704191052803], [80.38524820705636, 21.984331692248574], [80.38234230548701, 21.984320780235617], [80.37943640573707, 21.98430981677088], [80.37944818745555, 21.98159960056215], [80.37654234469488, 21.981588587141854], [80.37655417973825, 21.978878371528644], [80.37364839396652, 21.978867308166844], [80.37366028231767, 21.976157093156125], [80.37367216882419, 21.973446877244978], [80.37076649517637, 21.97343576546561], [80.37077843496517, 21.970725550163948], [80.36787281829696, 21.97071438847812], [80.36788481135092, 21.968004173792917], [80.36789680254361, 21.965293958207436], [80.36790879187522, 21.96258374172176], [80.36500334239635, 21.96257253319085], [80.364991297964, 21.965282748152884], [80.36497925166198, 21.967992962214662], [80.36207369384286, 21.967981699227376], [80.36208579525402, 21.965271486696267], [80.36209789478697, 21.962561273264868], [80.36210999244189, 21.959851058933253], [80.36212208821891, 21.957140843701506], [80.35921675266282, 21.957129535455646], [80.35631141899299, 21.957118175828956], [80.35629921304945, 21.959828387978714], [80.35628700521093, 21.96253859922824], [80.35338156326135, 21.962527185117867], [80.35047612321547, 21.96251571961297], [80.35046380328173, 21.96522592685201], [80.35336929842755, 21.96523739391548], [80.3533570316899, 21.967947601812615], [80.35045148143557, 21.967936133190527], [80.34754593309381, 21.967924613160083], [80.34753355421816, 21.970634817032312], [80.35043915767682, 21.97064633862842], [80.35334476304821, 21.970657808809197], [80.3562503703238, 21.97066922757449], [80.35626258384826, 21.96795901902621], [80.3591681379021, 21.967970384831176], [80.35915597949503, 21.970680594924165], [80.36206159055332, 21.970691910858086], [80.36204948538527, 21.973402121588325], [80.35914381920087, 21.973390804116622], [80.3562381549037, 21.973379435222174], [80.35333249250235, 21.97336801490513], [80.35042683200533, 21.973356543165615], [80.35041450442094, 21.976066746802005], [80.34750879070282, 21.976055222074375], [80.3474964060628, 21.978765423244045], [80.34459063912391, 21.97875384551441], [80.34457819741115, 21.98146404421016], [80.34167237725181, 21.98145241346463], [80.34165987844919, 21.98416260967927], [80.33875400506975, 21.984150925903947], [80.33874144916015, 21.986861119630284], [80.33583552256091, 21.98684938281128], [80.33582290952724, 21.989559574042126], [80.3358102945369, 21.992269764371343]], [[80.37650682854586, 21.98971922857781], [80.37941283681603, 21.989730246486513], [80.38231884691449, 21.98974121292959], [80.38230711489872, 21.99245142792556], [80.37940104961314, 21.992440459993222], [80.37649498615602, 21.99242944058828], [80.37650682854586, 21.98971922857781]], [[80.38521318200418, 21.992462344385153], [80.38811925092097, 21.992473209371877], [80.3881076274771, 21.995183426424703], [80.38520150336433, 21.995172559962644], [80.38521318200418, 21.992462344385153]]], [[[80.33862835829595, 22.01125282259061], [80.341534783738, 22.01126452223837], [80.34444121112094, 22.011276170366383], [80.3473476404362, 22.01128776697451], [80.35025407167521, 22.011299312062604], [80.35316050482942, 22.01131080563053], [80.35314820570122, 22.01402099820612], [80.35605469601623, 22.014032441806354], [80.35896118822947, 22.01404383387914], [80.35897337684915, 22.011333638205315], [80.35606693989025, 22.011322247678144], [80.3560791818662, 22.00861205264803], [80.35317280205098, 22.008600612152968], [80.35026642414223, 22.008589120144585], [80.34736004814849, 22.008577576623022], [80.34445367407835, 22.008565981588426], [80.34154730194038, 22.008554335040927], [80.33864093174311, 22.008542636980675], [80.33862835829595, 22.01125282259061]]], [[[80.33572193480335, 22.011241071423246], [80.33570930415354, 22.01395125453636], [80.33861578289934, 22.01396300729828], [80.33862835829595, 22.01125282259061], [80.33572193480335, 22.011241071423246]]], [[[80.35024377648972, 22.01355780463857], [80.34733729920642, 22.013546258244986], [80.344430823847, 22.013534660325547], [80.34441835734687, 22.0162448474495], [80.34732488796709, 22.016256446942563], [80.35023142051139, 22.01626799490279], [80.35024377648972, 22.01355780463857]]], [[[80.35973745736533, 21.840589496289827], [80.35972538747012, 21.843299748607976], [80.36262841723824, 21.843310992329762], [80.3626164001883, 21.846021245286686], [80.36551948655246, 21.846032439448837], [80.36553144887739, 21.843322184963753], [80.36554340933981, 21.84061192958242], [80.36264043241712, 21.840600738476535], [80.36265244572515, 21.837890483727076], [80.35974952538116, 21.837879243075395], [80.35976159151774, 21.835168988964774], [80.3568587277521, 21.83515769878132], [80.35395586587406, 21.835146357531272], [80.35394369033938, 21.837856608551036], [80.35684660691639, 21.837867951350002], [80.35683448419293, 21.840578203022435], [80.35973745736533, 21.840589496289827]]], [[[80.34521026699323, 21.843242763686906], [80.34519792159666, 21.845953007328397], [80.34810099660585, 21.84596450805711], [80.35100407352884, 21.845975957691746], [80.35101630947717, 21.843265710917215], [80.34811328727838, 21.843254262845612], [80.34521026699323, 21.843242763686906]]], [[[80.35391933358106, 21.843277107901564], [80.3539071523571, 21.845987356232158], [80.3568102330821, 21.84599870367821], [80.35682235958156, 21.843288453798536], [80.35391933358106, 21.843277107901564]]], [[[80.35099183567522, 21.84868620356965], [80.35389496923638, 21.848697603666178], [80.3539071523571, 21.845987356232158], [80.35100407352884, 21.845975957691746], [80.35099183567522, 21.84868620356965]]], [[[80.35387059730401, 21.85411809584416], [80.3567738422537, 21.85412944793781], [80.35678597441834, 21.851419200747934], [80.35679810469442, 21.848708952661372], [80.35389496923638, 21.848697603666178], [80.35388278421873, 21.851407850203543], [80.35387059730401, 21.85411809584416]]], [[[80.35355307111958, 21.92458416745142], [80.35354083292285, 21.92729438884633], [80.35644555934886, 21.927305782791294], [80.35935028766792, 21.927317125432385], [80.35936241590359, 21.924606900942887], [80.35645774256513, 21.924595559845596], [80.35355307111958, 21.92458416745142]]], [[[80.35053769420368, 21.948964669912943], [80.35055000266635, 21.946254457272588], [80.35345511229205, 21.94626591342726], [80.35346736380335, 21.943555698328833], [80.35056230921775, 21.943544243732326], [80.34765725654324, 21.943532737790346], [80.34475220578841, 21.943521180503005], [80.34473978915729, 21.946231390905975], [80.3476448949519, 21.94624294976545], [80.34763253144074, 21.948953160840592], [80.35053769420368, 21.948964669912943]]], [[[80.35637242029152, 21.943567101579713], [80.35636022382049, 21.94627731822932], [80.35926533724312, 21.946288671678644], [80.3592774786737, 21.943578453484825], [80.35637242029152, 21.943567101579713]]], [[[80.35633582519576, 21.951697748829087], [80.35634802545529, 21.94898753397915], [80.35636022382049, 21.94627731822932], [80.35345511229205, 21.94626591342726], [80.35344285887804, 21.948976127625844], [80.35053769420368, 21.948964669912943], [80.35052538382956, 21.9516748816533], [80.35051307154384, 21.95438509249357], [80.35050075734637, 21.957095302433665], [80.35340608721799, 21.95710676482159], [80.35341834634116, 21.95439655332309], [80.35343060356112, 21.951686340924482], [80.35633582519576, 21.951697748829087]]], [[[80.34471495010978, 21.951651809011757], [80.34470252769304, 21.954362016714388], [80.34760779865829, 21.95437358029062], [80.34762016600959, 21.951663371015673], [80.34471495010978, 21.951651809011757]]], [[[80.35609142194427, 22.005901856716083], [80.3560791818662, 22.00861205264803], [80.35898556357934, 22.00862344162963], [80.35897337684915, 22.011333638205315], [80.36187981569755, 22.011344977211902], [80.36189194718179, 22.00863477909764], [80.36190407678527, 22.005924580081672], [80.36481040703096, 22.005935864504423], [80.36482247952488, 22.003225663055353], [80.36772875641348, 22.003236894446733], [80.36774077181494, 22.000526690571757], [80.37064699534615, 22.000537868945685], [80.37065895367228, 21.997827662651993], [80.36775278535322, 21.997816485795443], [80.36484661889716, 21.99780525745285], [80.36483455014688, 22.00051546070479], [80.36192833035055, 22.000504179344926], [80.36191620450813, 22.003214380164067], [80.35900993137186, 22.00320304577304], [80.35899774842018, 22.00591324415218], [80.35609142194427, 22.005901856716083]]], [[[80.35699193239887, 21.805344861399114], [80.3569798323179, 21.80805512382062], [80.35988214956068, 21.808066398587748], [80.35989419503618, 21.80535613462492], [80.35699193239887, 21.805344861399114]]], [[[80.36562708043958, 21.82164011682539], [80.36563902600759, 21.818929854277215], [80.36565096971447, 21.816219590833583], [80.36566291156043, 21.813509326494586], [80.3656748515456, 21.810799061260308], [80.36568678967016, 21.80808879513085], [80.36569872593427, 21.805378528106285], [80.36279645955082, 21.805367356860692], [80.36278446868093, 21.80807762235787], [80.35988214956068, 21.808066398587748], [80.3598701022077, 21.810776661655368], [80.35985805297706, 21.813486923827686], [80.35984600186862, 21.816197185104617], [80.35983394888223, 21.818907445486065], [80.3627364865101, 21.81891867539415], [80.36272448629377, 21.821628936414672], [80.36562708043958, 21.82164011682539]]], [[[80.36860099417801, 21.80538964836158], [80.36858911251986, 21.808099916906546], [80.37149143722151, 21.80811098768483], [80.37150326427356, 21.805400717626423], [80.36860099417801, 21.80538964836158]]], [[[80.36850588904932, 21.827071771655135], [80.371408596232, 21.82708285302902], [80.37142043619143, 21.824372589237402], [80.37143227430649, 21.821662324550257], [80.37144411057731, 21.81895205896768], [80.37434665563254, 21.81896308477483], [80.37433487401053, 21.82167335186415], [80.37432309055279, 21.824383618058082], [80.37722574675003, 21.824394595839255], [80.37723747555027, 21.82168432814549], [80.3772492025233, 21.818974059556407], [80.37726092766931, 21.816263790072085], [80.37435843541898, 21.816252816790225], [80.37437021337004, 21.813542547910423], [80.37438198948587, 21.810832278135504], [80.3743937637666, 21.808122007465567], [80.37149143722151, 21.80811098768483], [80.37147960832601, 21.810821256848246], [80.37146777758691, 21.81353152511659], [80.37145594500407, 21.816241792489766], [80.36855345643306, 21.81623071717084], [80.36854156736615, 21.818940982135096], [80.36852967644667, 21.82165124620396], [80.36851778367445, 21.824361509377336], [80.36561513301035, 21.824350378478023], [80.36560318371971, 21.82706063923502], [80.36559123256748, 21.8297708990963], [80.36849399257116, 21.829782033037265], [80.36850588904932, 21.827071771655135]]], [[[80.35693141313247, 21.81889616455308], [80.35691930361993, 21.821606422497368], [80.35690719222059, 21.824316679545937], [80.35980983727491, 21.824327963562183], [80.36271248420768, 21.82433919653959], [80.36272448629377, 21.821628936414672], [80.35982189401771, 21.821617704971953], [80.35983394888223, 21.818907445486065], [80.35693141313247, 21.81889616455308]]], [[[80.3568950789343, 21.827026935698704], [80.3568829637609, 21.829737190955587], [80.35978571815384, 21.829748478055325], [80.35979777865367, 21.827038221256668], [80.3568950789343, 21.827026935698704]]], [[[80.36268847442555, 21.829759714102273], [80.3626764667292, 21.832469971539865], [80.36557927955356, 21.832481158061764], [80.36559123256748, 21.8297708990963], [80.36268847442555, 21.829759714102273]]], [[[80.36847019405505, 21.835202553114172], [80.37137306528588, 21.83521363902986], [80.37138491077938, 21.832503377925338], [80.37139675442803, 21.829793115925032], [80.36849399257116, 21.829782033037265], [80.36848209423978, 21.83249229352364], [80.36847019405505, 21.835202553114172]]], [[[80.35977365577524, 21.832458733958052], [80.35976159151774, 21.835168988964774], [80.36266445716247, 21.83518022808149], [80.3626764667292, 21.832469971539865], [80.35977365577524, 21.832458733958052]]], [[[80.36845829201678, 21.83791281180877], [80.36847019405505, 21.835202553114172], [80.36556732467773, 21.835191416131337], [80.36555536793986, 21.83790167330491], [80.36554340933981, 21.84061192958242], [80.36844638812484, 21.840623069607343], [80.36845829201678, 21.83791281180877]]], [[[80.37132566486027, 21.846054674488283], [80.37133751773472, 21.843344416967806], [80.3713493687637, 21.840634158551183], [80.36844638812484, 21.840623069607343], [80.36843448237906, 21.84333332650981], [80.36842257477929, 21.846043582516078], [80.37132566486027, 21.846054674488283]]], [[[80.3568102330821, 21.84599870367821], [80.35679810469442, 21.848708952661372], [80.35970124204086, 21.848720250555093], [80.35971331569536, 21.846010000029764], [80.3568102330821, 21.84599870367821]]], [[[80.36549555631443, 21.851452945729882], [80.36839875401712, 21.85146409183966], [80.36838684085443, 21.8541743451568], [80.37129009516248, 21.854185441671966], [80.37130195357429, 21.851475186840453], [80.37131381014018, 21.848764931112534], [80.36841066532536, 21.84875383762606], [80.36842257477929, 21.846043582516078], [80.36551948655246, 21.846032439448837], [80.36550752236485, 21.848742693037575], [80.36549555631443, 21.851452945729882]]], [[[80.35968916650651, 21.85143050018388], [80.35967708909213, 21.854140748916034], [80.36258033781073, 21.854151998778704], [80.36259236047471, 21.85144174851124], [80.35968916650651, 21.85143050018388]]], [[[80.3567738422537, 21.85412944793781], [80.35676170820037, 21.85683969423091], [80.35966500979755, 21.856850996751465], [80.35967708909213, 21.854140748916034], [80.3567738422537, 21.85412944793781]]], [[[80.36258033781073, 21.854151998778704], [80.36256831327509, 21.856862248149493], [80.36547161862444, 21.85687344842484], [80.36548358840102, 21.85416319752567], [80.36258033781073, 21.854151998778704]]], [[[80.35966500979755, 21.856850996751465], [80.35965292862262, 21.859561243690088], [80.3625562868676, 21.859572496623528], [80.36256831327509, 21.856862248149493], [80.35966500979755, 21.856850996751465]]], [[[80.37126637280038, 21.859605948645402], [80.37416973848218, 21.859616997059437], [80.37415792930818, 21.862327250708752], [80.37706135160462, 21.862338249493185], [80.37704959537788, 21.865048503746436], [80.37703783732148, 21.86775875710294], [80.37994137102685, 21.867769707737473], [80.3799296659431, 21.87047996169092], [80.37991795903788, 21.8731902147475], [80.37990625031108, 21.875900466907122], [80.37989453976249, 21.878610718169703], [80.37988282739198, 21.881320968535157], [80.3798711131994, 21.884031218003383], [80.38277497766991, 21.88404212640813], [80.38278663701719, 21.881331875452837], [80.38279829455094, 21.878621623600374], [80.38280995027128, 21.875911370850822], [80.38282160417839, 21.873201117204296], [80.38283325627242, 21.87049086266086], [80.38284490655352, 21.867780607220606], [80.38285655502183, 21.865070350883638], [80.37995307428929, 21.86505945288724], [80.37996477573058, 21.862349197140325], [80.37997647535087, 21.8596389404968], [80.37707310600184, 21.859627994343285], [80.3770848585697, 21.85691773829681], [80.37418154581826, 21.8569067425135], [80.37419335131662, 21.854196487071032], [80.37129009516248, 21.854185441671966], [80.37127823490457, 21.856895695606983], [80.37126637280038, 21.859605948645402]]], [[[80.36253222843652, 21.864992990880978], [80.36543569811428, 21.865004195741818], [80.36544767348124, 21.862293947533004], [80.36835109023797, 21.86230509972853], [80.368363008965, 21.85959484910132], [80.36545964698458, 21.85958369842731], [80.3625562868676, 21.859572496623528], [80.36254425858814, 21.86228274420072], [80.36253222843652, 21.864992990880978]]], [[[80.36835109023797, 21.86230509972853], [80.36833916965584, 21.865015349458915], [80.37124264305264, 21.86502645203214], [80.37125450884979, 21.86231620078716], [80.36835109023797, 21.86230509972853]]], [[[80.36543569811428, 21.865004195741818], [80.36542372088357, 21.86771444305366], [80.36832724721845, 21.867725598292388], [80.36833916965584, 21.865015349458915], [80.36543569811428, 21.865004195741818]]], [[[80.37402790704911, 21.892139981648818], [80.37403973645016, 21.88942973786819], [80.37405156401162, 21.88671949318998], [80.37114765018003, 21.886708429697805], [80.3711357677567, 21.8894186728679], [80.37112388348523, 21.892128915140354], [80.37402790704911, 21.892139981648818]]], [[[80.3739568920023, 21.908401425478026], [80.37686124680864, 21.90841244978088], [80.37687303232883, 21.905702209886186], [80.37396873244427, 21.90569118708485], [80.37398057104569, 21.902980947793555], [80.37107632791478, 21.902969875251845], [80.37106443440024, 21.905680113034695], [80.37105253903663, 21.90839034991937], [80.3739568920023, 21.908401425478026]]], [[[80.37393320559607, 21.91382189956963], [80.37394504971961, 21.91111166297298], [80.37104064182378, 21.91110058590576], [80.37105253903663, 21.90839034991937], [80.3681481879202, 21.908379223105033], [80.36813623577734, 21.911089457575887], [80.36523183158884, 21.911078277983503], [80.36521982264965, 21.91378851003336], [80.36520781184383, 21.916498741184657], [80.36811232591766, 21.916509923822257], [80.36812428177655, 21.913799691148323], [80.37102874276154, 21.913810820993795], [80.37393320559607, 21.91382189956963]]], [[[80.36229123200886, 21.91919773599369], [80.36227916250544, 21.921907963817873], [80.36518378463165, 21.9219192007912], [80.36808840862497, 21.921930386474244], [80.36810036820052, 21.919220155597593], [80.36519579917122, 21.919208971437307], [80.36520781184383, 21.916498741184657], [80.36230329963678, 21.916487507270716], [80.36229123200886, 21.91919773599369]]], [[[80.36811232591766, 21.916509923822257], [80.36810036820052, 21.919220155597593], [80.37100493908822, 21.91923128847442], [80.37101684184974, 21.916521055183374], [80.36811232591766, 21.916509923822257]]], [[[80.35937454225488, 21.921896675554358], [80.35936241590359, 21.924606900942887], [80.36226709112638, 21.924618190743164], [80.36227916250544, 21.921907963817873], [80.35937454225488, 21.921896675554358]]], [[[80.37388581069023, 21.924662836971375], [80.37679049520665, 21.924673870284533], [80.37680229172216, 21.92196363578014], [80.37681408640472, 21.91925340037715], [80.37390951182581, 21.91924237006765], [80.37389766217876, 21.921952603968844], [80.37099303447685, 21.92194152086683], [80.37098112801546, 21.924651752360532], [80.37096921970387, 21.92736198295542], [80.37387395736006, 21.92737306907517], [80.37388581069023, 21.924662836971375]]], [[[80.36226709112638, 21.924618190743164], [80.3622550178715, 21.92732841676949], [80.36515974995105, 21.927339656802456], [80.36517176822498, 21.92462942924629], [80.36226709112638, 21.924618190743164]]], [[[80.3680525187463, 21.930061073711208], [80.36514772980969, 21.93004988345961], [80.36513570780076, 21.93276010921767], [80.36804055173553, 21.93277130099224], [80.37094539752952, 21.932782441448442], [80.37095730954195, 21.930072212651424], [80.37096921970387, 21.92736198295542], [80.36806448389801, 21.92735084553114], [80.3680525187463, 21.930061073711208]]], [[[80.36801661213626, 21.938191752856838], [80.37092156795256, 21.93820289634517], [80.37382652561985, 21.93821398850103], [80.37673148512954, 21.938225029324276], [80.37963644647311, 21.938236018814777], [80.38254140964202, 21.938246956972396], [80.38544637462772, 21.93825784379701], [80.38835134142165, 21.938268679288473], [80.3912563100153, 21.93827946344667], [80.39416128040008, 21.938290196271456], [80.39414980303263, 21.941000434248785], [80.3970548302254, 21.941011117193337], [80.3970434061091, 21.943721355725117], [80.39994849011013, 21.94373198877538], [80.3999371192621, 21.946442227854643], [80.40284226007172, 21.946452810996572], [80.40283094250903, 21.949163050616352], [80.40573614012752, 21.94917358383591], [80.40572487586726, 21.951883823989238], [80.40863013029492, 21.951894307272376], [80.40861891935423, 21.95460454795228], [80.41152423059135, 21.954614981284955], [80.4144295435607, 21.954625363241416], [80.41444064436354, 21.95191511973123], [80.41734590398741, 21.951925448906685], [80.42025116532623, 21.951935726712666], [80.42026215428422, 21.949225479501344], [80.42027314153593, 21.946515231391334], [80.42028412708149, 21.94380498238272], [80.42318922496972, 21.94381520464732], [80.42317829446793, 21.946525455046473], [80.42316736226856, 21.949235704547082], [80.42315642837148, 21.951945953149043], [80.42314549277653, 21.954656200852266], [80.42605081258922, 21.954666377302622], [80.4260399303744, 21.957376625490788], [80.42602904646996, 21.960086872780096], [80.42893447813725, 21.96009700060721], [80.42892364763844, 21.96280724837445], [80.43182913608244, 21.962817326180517], [80.43181835900639, 21.96552757441871], [80.4347239042274, 21.96553760218969], [80.43762945111277, 21.96554757855553], [80.43764011798027, 21.962837327598425], [80.43473462619923, 21.96282735258855], [80.43474534650683, 21.960117102088528], [80.43183991148572, 21.960107077043396], [80.43185068521635, 21.95739682700743], [80.42894530695484, 21.957386751941087], [80.4289561340914, 21.95467650237614], [80.42896695954703, 21.951966251912488], [80.4260616931146, 21.951956128215688], [80.42607257195066, 21.94924587823007], [80.42608344909752, 21.946535627345863], [80.42609432455536, 21.94382537556315], [80.42610519832434, 21.941115122882017], [80.42611607040453, 21.93840486930256], [80.42321108088112, 21.938394701153683], [80.42030609305486, 21.93838448167001], [80.41740110693428, 21.938374210851656], [80.41449612252795, 21.93836388869875], [80.41159113984439, 21.938353515211414], [80.40868615889217, 21.938343090389772], [80.4057811796798, 21.93833261423395], [80.40287620221588, 21.93832208674408], [80.39997122650891, 21.938311507920293], [80.39998259205997, 21.93560126614465], [80.39707767313548, 21.93559063743332], [80.3970890919296, 21.93288039620526], [80.3941842297873, 21.932869717620445], [80.39419570180739, 21.93015947694694], [80.39129089644698, 21.93014874850267], [80.39130242167595, 21.927438508390686], [80.38839767309712, 21.927427730101016], [80.38840925151788, 21.92471749055752], [80.38550455972033, 21.924706662436474], [80.38551619131582, 21.921996423468418], [80.38261155629922, 21.92198554553006], [80.38259986973024, 21.92469578301721], [80.38258818134524, 21.927406019605776], [80.38549292631737, 21.927416900505996], [80.38548129110677, 21.9301271376769], [80.38838609287727, 21.930137968745946], [80.38837451085817, 21.932848206492228], [80.39127936942731, 21.932858987716052], [80.39126784061679, 21.935569226030754], [80.38836292703968, 21.93555844333977], [80.38545801526212, 21.935547609322498], [80.38546965408841, 21.9328373739491], [80.38256479912658, 21.93282649008679], [80.37965994598125, 21.932815554905435], [80.37675509466092, 21.93280456840517], [80.37674329081209, 21.935514799314248], [80.37383838631814, 21.93550375999313], [80.37093348366645, 21.93549266934639], [80.36802858286558, 21.93548152737415], [80.36512368392407, 21.93547033407656], [80.36511165817947, 21.938180558036162], [80.36220670609075, 21.93816931188328], [80.36219462345444, 21.940879533413412], [80.36509963056682, 21.94089078109641], [80.36800463954744, 21.940901977440223], [80.36801661213626, 21.938191752856838]], [[80.4115353864632, 21.951904739186414], [80.41154654060298, 21.94919449618894], [80.41445174344288, 21.949204875322152], [80.41444064436354, 21.95191511973123], [80.4115353864632, 21.951904739186414]], [[80.408641339495, 21.949184065693487], [80.40865254695463, 21.946473823215683], [80.41155769301083, 21.94648425229261], [80.41154654060298, 21.94919449618894], [80.408641339495, 21.949184065693487]], [[80.40574740263874, 21.94646334278363], [80.40575866340109, 21.943753100832488], [80.40285357587699, 21.943742570477877], [80.40286488992498, 21.941032329060352], [80.40576992241473, 21.941042857982563], [80.40867495665306, 21.941053335563744], [80.41157999263139, 21.94106376180376], [80.41156884368692, 21.94377400749752], [80.40866375267393, 21.94376357983908], [80.40865254695463, 21.946473823215683], [80.40574740263874, 21.94646334278363]], [[80.41737903089927, 21.94379470876947], [80.41447393643156, 21.943784383807692], [80.41448503034121, 21.941074136702493], [80.41739006977396, 21.9410844602598], [80.4202951109211, 21.941094732475584], [80.42028412708149, 21.94380498238272], [80.41737903089927, 21.94379470876947]]], [[[80.35928961821881, 21.940868234391356], [80.3592774786737, 21.943578453484825], [80.36218253894137, 21.94358975404404], [80.36219462345444, 21.940879533413412], [80.35928961821881, 21.940868234391356]]], [[[80.36796871062225, 21.949032645793682], [80.37087388658574, 21.949043795346956], [80.37377906440084, 21.949054893539817], [80.37668424405896, 21.949065940372133], [80.37669605707796, 21.94635571395918], [80.37960118352052, 21.946366707935447], [80.38250631178889, 21.94637765055788], [80.3824946088702, 21.94908787995458], [80.3853997940062, 21.949098772704442], [80.38830498095106, 21.949109614093224], [80.39121016969624, 21.949120404120798], [80.39122170746325, 21.94641017030087], [80.39412684294933, 21.946420907506656], [80.39413832388243, 21.943710671327217], [80.39123324343868, 21.943699935581822], [80.38832816478636, 21.943689148489046], [80.38833975400394, 21.940978914338263], [80.38543473218509, 21.940968077372546], [80.38252971217464, 21.940957189066708], [80.37962469398111, 21.94094624942087], [80.37671967761311, 21.940935258435168], [80.37381466307912, 21.94092421610973], [80.3738027986958, 21.94363444281916], [80.37379093246977, 21.94634466862922], [80.37088580970446, 21.946333571945686], [80.37089773097173, 21.943623347644916], [80.36799266509892, 21.943612201124225], [80.36798068879058, 21.946322423908732], [80.36796871062225, 21.949032645793682]], [[80.38831657376879, 21.946399381740726], [80.38541144187448, 21.946388541826355], [80.38542308793406, 21.94367831004903], [80.38832816478636, 21.943689148489046], [80.38831657376879, 21.946399381740726]]], [[[80.36217045255137, 21.94629997377507], [80.36215836428428, 21.949010192606426], [80.36506353651892, 21.949021444880128], [80.3650755697367, 21.94631122451848], [80.36217045255137, 21.94629997377507]]], [[[80.36506353651892, 21.949021444880128], [80.36505150143243, 21.951731664342052], [80.36795673059378, 21.95174286677897], [80.36796871062225, 21.949032645793682], [80.36506353651892, 21.949021444880128]]], [[[80.36502742565276, 21.95715210056641], [80.3650394644771, 21.954441882904177], [80.36505150143243, 21.951731664342052], [80.36214627413996, 21.95172041053801], [80.35924104872488, 21.951709105366977], [80.3592289016369, 21.95441932086131], [80.36213418211823, 21.954430627569735], [80.36212208821891, 21.957140843701506], [80.36502742565276, 21.95715210056641]]], [[[80.37085003479336, 21.954464239450587], [80.37083810611936, 21.95717446015278], [80.37374344913508, 21.957185562873974], [80.37375532273363, 21.954475340662285], [80.37085003479336, 21.954464239450587]]], [[[80.36793276495574, 21.957163306050216], [80.36792077934588, 21.95987352433599], [80.37082617559331, 21.9598846799551], [80.37083810611936, 21.95717446015278], [80.36793276495574, 21.957163306050216]]], [[[80.3735651238458, 21.99783878802236], [80.3735770251137, 21.995128579317136], [80.3735889245359, 21.99241836971086], [80.37068286476135, 21.992407247361104], [80.37067091014396, 21.9951174554571], [80.37065895367228, 21.997827662651993], [80.3735651238458, 21.99783878802236]]], [[[80.37064699534615, 22.000537868945685], [80.37063503516542, 22.003248074338103], [80.37354131577213, 22.003259202729296], [80.37355322073198, 22.00054899582644], [80.37064699534615, 22.000537868945685]]], [[[80.37061110923953, 22.00866848241872], [80.37059914349405, 22.011378685106756], [80.37350558981478, 22.011389818029627], [80.3735175003137, 22.008679613830978], [80.37061110923953, 22.00866848241872]]], [[[80.37059914349405, 22.011378685106756], [80.36769269902857, 22.011367500662757], [80.36768267998187, 22.013626000948825], [80.3647761914648, 22.013614763713793], [80.36476411179385, 22.01632496170636], [80.3676706557026, 22.01633620046659], [80.36768167812328, 22.01385184058823], [80.36768067617285, 22.014077700931495], [80.37058717589333, 22.01408888689316], [80.37059914349405, 22.011378685106756]]], [[[80.3744055362124, 21.805411735900687], [80.3743937637666, 21.808122007465567], [80.37729609214664, 21.80813297624862], [80.37730780998602, 21.805422703184252], [80.3744055362124, 21.805411735900687]]], [[[80.37728437248082, 21.810843248418102], [80.37727265098843, 21.813553519692626], [80.38017509043353, 21.81356444046307], [80.38018675730233, 21.810854167695922], [80.37728437248082, 21.810843248418102]]], [[[80.371408596232, 21.82708285302902], [80.37139675442803, 21.829793115925032], [80.37429951812962, 21.82980414775947], [80.37431130525921, 21.82709388335655], [80.371408596232, 21.82708285302902]]], [[[80.37132566486027, 21.846054674488283], [80.37131381014018, 21.848764931112534], [80.37421695680078, 21.848775973496846], [80.37422875678686, 21.84606571536531], [80.37132566486027, 21.846054674488283]]], [[[80.37421695680078, 21.848775973496846], [80.37420515497742, 21.851486230732114], [80.37419335131662, 21.854196487071032], [80.37709660930834, 21.85420748135386], [80.37710835821794, 21.85149722351452], [80.37712010529863, 21.84878696477888], [80.37421695680078, 21.848775973496846]]], [[[80.37709660930834, 21.85420748135386], [80.3770848585697, 21.85691773829681], [80.37998817315034, 21.856928682956774], [80.37999986912912, 21.85421842452032], [80.37709660930834, 21.85420748135386]]], [[[80.37998817315034, 21.856928682956774], [80.37997647535087, 21.8596389404968], [80.38287984652075, 21.859649835519875], [80.38289148955167, 21.85693957649326], [80.37998817315034, 21.856928682956774]]], [[[80.38286820167752, 21.86236009365003], [80.38285655502183, 21.865070350883638], [80.38576003756701, 21.86508119773549], [80.38577162943695, 21.862370939022167], [80.38286820167752, 21.86236009365003]]], [[[80.38569044845593, 21.881342731184112], [80.38567884395411, 21.8840529836195], [80.38858271204347, 21.884063789637352], [80.39148658192948, 21.88407454446156], [80.39149807673998, 21.881364289086918], [80.38859426169972, 21.881353535728852], [80.38860580955946, 21.87864328092329], [80.38861735562288, 21.875933025220746], [80.38862889989012, 21.873222768621332], [80.38864044236134, 21.87051251112512], [80.38865198303667, 21.867802252732204], [80.38574844389296, 21.86779145555223], [80.38573684841468, 21.870501712472304], [80.38572525113197, 21.87321196849561], [80.38571365204471, 21.87592222362208], [80.38570205115276, 21.878632477851607], [80.38569044845593, 21.881342731184112]]], [[[80.39150956976249, 21.87865403281527], [80.39149807673998, 21.881364289086918], [80.39440189356817, 21.881374991258188], [80.39730571217581, 21.881385642242527], [80.39731709552343, 21.878675383059655], [80.39441333175333, 21.878664733527437], [80.39150956976249, 21.87865403281527]]], [[[80.39145208676881, 21.892205305202552], [80.39146358694406, 21.889495052519464], [80.39436756833558, 21.889505759068356], [80.39437901185946, 21.886795504028733], [80.39728294016774, 21.886806157917484], [80.40018687024721, 21.886816760605225], [80.40019820228204, 21.88410650177098], [80.40310207926929, 21.8841170518193], [80.40600595801051, 21.88412755067332], [80.4089098384972, 21.88413799833292], [80.4118137207208, 21.88414839479798], [80.41471760467277, 21.884158740068365], [80.41762149034462, 21.884169034143948], [80.42052537772778, 21.884179277024604], [80.4205144296803, 21.886889545780196], [80.42341837362218, 21.886899738855227], [80.42632231925846, 21.88690988072811], [80.42633315759397, 21.884199609200657], [80.42342926681376, 21.884189468710215], [80.42344015831105, 21.88147919766869], [80.42634399424375, 21.881489336776742], [80.42635482920794, 21.878779063456438], [80.42345104811425, 21.87876892573073], [80.42054726871453, 21.8787587368238], [80.42053632407249, 21.88146900737245], [80.41763249153655, 21.881458765888134], [80.4147286607118, 21.881448473215872], [80.41182483160676, 21.881438129355796], [80.40892100422998, 21.881427734308026], [80.40601717858995, 21.881417288072686], [80.40311335469522, 21.88140679064991], [80.40020953255434, 21.88139624203981], [80.39730571217581, 21.881385642242527], [80.3972943270573, 21.8840959005285], [80.3943904536036, 21.88408524809198], [80.39148658192948, 21.88407454446156], [80.3914750853309, 21.886784798939104], [80.3885711605906, 21.886774042648707], [80.38855960734094, 21.88948429476283], [80.38565562953477, 21.889473485798586], [80.38566723764711, 21.88676323515769], [80.38567884395411, 21.8840529836195], [80.38277497766991, 21.88404212640813], [80.38276331650891, 21.886752376466173], [80.38275165353407, 21.88946262562687], [80.38273998874521, 21.892172873890132], [80.38564401961696, 21.89218373554211], [80.38563240789354, 21.89489398438815], [80.38853649545064, 21.894904796299002], [80.38854805229433, 21.89219454597962], [80.39145208676881, 21.892205305202552]]], [[[80.37687303232883, 21.905702209886186], [80.37977733404541, 21.905713181438557], [80.37978906282017, 21.9030029391513], [80.37980078977164, 21.90029269596611], [80.37981251489992, 21.89758245188308], [80.37982423820522, 21.894872206902296], [80.37983595968765, 21.892161961023845], [80.37984767934739, 21.889451714247812], [80.37694370698324, 21.889440751661542], [80.37693193245276, 21.892150996943357], [80.37402790704911, 21.892139981648818], [80.3740160758083, 21.89485022453175], [80.37400424272755, 21.89756046651691], [80.37399240780674, 21.900270707604207], [80.37398057104569, 21.902980947793555], [80.37688481601701, 21.902991969093417], [80.37687303232883, 21.905702209886186]]], [[[80.39435612303183, 21.89221601321077], [80.39434467594805, 21.894926266455876], [80.3972487688713, 21.894936924701632], [80.39726016107488, 21.892226670004145], [80.39435612303183, 21.89221601321077]]], [[[80.39144058480498, 21.894915556988284], [80.39142908105245, 21.89762580787656], [80.39433322708409, 21.897636518803573], [80.39434467594805, 21.894926266455876], [80.39144058480498, 21.894915556988284]]], [[[80.38852493680969, 21.89761504572088], [80.38851337637134, 21.900325294245167], [80.39141757551106, 21.90033605786731], [80.39142908105245, 21.89762580787656], [80.38852493680969, 21.89761504572088]]], [[[80.39433322708409, 21.897636518803573], [80.3943217764398, 21.900346770253798], [80.39722597914901, 21.9003574314045], [80.39723737489605, 21.897647178501778], [80.39433322708409, 21.897636518803573]]], [[[80.38555107525899, 21.913865701173957], [80.38553944908499, 21.916575942837078], [80.38844397598724, 21.916586766536504], [80.3884324029628, 21.919297008775175], [80.38842082813973, 21.922007250115534], [80.39132546676242, 21.922018025471274], [80.39133698662023, 21.91930778266402], [80.39424157206774, 21.919318505268343], [80.3942530351786, 21.916608260102997], [80.39426449650806, 21.91389801403954], [80.39427595605629, 21.911187767078072], [80.39137153545376, 21.911177048853137], [80.39138304815215, 21.908466802453425], [80.3942874138234, 21.90847751921867], [80.3942988698096, 21.905767270461432], [80.39431032401502, 21.903057020806447], [80.3943217764398, 21.900346770253798], [80.39141757551106, 21.90033605786731], [80.39140606818063, 21.903046306960427], [80.39139455906104, 21.90575655515583], [80.38849025010182, 21.90574578860061], [80.38850181413542, 21.90303554187177], [80.38559756188792, 21.903024725540615], [80.38558594294044, 21.905734970795898], [80.38557432218656, 21.908445215153286], [80.38556269962612, 21.911155458612665], [80.38555107525899, 21.913865701173957]], [[80.38845554721321, 21.91387652339962], [80.39136002096573, 21.91388729435486], [80.39134850468795, 21.91659753895852], [80.38844397598724, 21.916586766536504], [80.38845554721321, 21.91387652339962]]], [[[80.38262324105234, 21.919275307144424], [80.38263492398976, 21.916565067860365], [80.38264660511163, 21.913854827677994], [80.38265828441808, 21.91114458659739], [80.37975387102531, 21.91113366331893], [80.37974213677967, 21.91384390291186], [80.37683767027163, 21.913832926875696], [80.37682587925448, 21.916543164075637], [80.37681408640472, 21.91925340037715], [80.3797186628164, 21.919264379402787], [80.37970692309848, 21.92197461630059], [80.38261155629922, 21.92198554553006], [80.38262324105234, 21.919275307144424]]], [[[80.39424157206774, 21.919318505268343], [80.39423010717535, 21.922028749535503], [80.39713474936997, 21.922039422308096], [80.39714615929681, 21.919329176588015], [80.39424157206774, 21.919318505268343]]], [[[80.39132546676242, 21.922018025471274], [80.39131394511438, 21.924728267380193], [80.39421864050126, 21.92473899290438], [80.39423010717535, 21.922028749535503], [80.39132546676242, 21.922018025471274]]], [[[80.38257649114408, 21.930116255295665], [80.38258818134524, 21.927406019605776], [80.37968343818929, 21.92739508740047], [80.37969518155616, 21.92468485229985], [80.37679049520665, 21.924673870284533], [80.37677869685805, 21.927384103890223], [80.37387395736006, 21.92737306907517], [80.3738621021881, 21.93008330028011], [80.37385024517417, 21.932793530586125], [80.37675509466092, 21.93280456840517], [80.3767668966762, 21.93009433659713], [80.3796716929977, 21.930105321602362], [80.38257649114408, 21.930116255295665]]], [[[80.39421864050126, 21.92473899290438], [80.39420717204531, 21.92744923537489], [80.3971119241967, 21.927459911053493], [80.39712333766998, 21.92474966712995], [80.39421864050126, 21.92473899290438]]], [[[80.39412684294933, 21.946420907506656], [80.39411536023316, 21.949131142787028], [80.3970205525533, 21.94914183009178], [80.39703198021846, 21.94643159335796], [80.39412684294933, 21.946420907506656]]], [[[80.3940579199011, 21.962682305699595], [80.39696338760453, 21.962693000272424], [80.39986885708338, 21.962703643448734], [80.39985747387044, 21.965413876233345], [80.40276300021878, 21.96542446945279], [80.40566852832556, 21.965435011268465], [80.4056572535681, 21.968145246026207], [80.40564597706056, 21.97085547988438], [80.40855161714876, 21.97086597314797], [80.40856283853627, 21.96815573786386], [80.40857405818228, 21.965445501680232], [80.41147958978036, 21.965455940687967], [80.41149075258194, 21.962745702186062], [80.40858527608692, 21.962735264597168], [80.40859649225037, 21.960025026614765], [80.40569107259094, 21.960014539054605], [80.40278565468113, 21.960004000104515], [80.40279697927497, 21.957293764081296], [80.39989161820881, 21.957283175181104], [80.39990299612161, 21.954572939698252], [80.39699769189885, 21.954562300861998], [80.39700912311348, 21.95185206592649], [80.39410387573378, 21.95184137716823], [80.39411536023316, 21.949131142787028], [80.39121016969624, 21.949120404120798], [80.39119863013744, 21.951830637041503], [80.38829338633303, 21.951819845546456], [80.38828178991452, 21.95453007610031], [80.39118708878675, 21.9545408690629], [80.39117554564397, 21.957251100184898], [80.39408090138478, 21.957261843232775], [80.39406941153486, 21.959972074915942], [80.3940579199011, 21.962682305699595]]], [[[80.3970205525533, 21.94914183009178], [80.39700912311348, 21.95185206592649], [80.39991437226799, 21.95186270331617], [80.39992574664811, 21.94915246603493], [80.3970205525533, 21.94914183009178]]], [[[80.37376719448885, 21.95176511755087], [80.37375532273363, 21.954475340662285], [80.37666061251727, 21.95448639049946], [80.37667242920546, 21.951776165885583], [80.37376719448885, 21.95176511755087]]], [[[80.38807274632735, 22.003314072178167], [80.38808437518045, 22.000603857827937], [80.38517814065004, 22.00059298841505], [80.38227190793144, 22.00058206750833], [80.37936567703318, 22.000571095107897], [80.37935388251557, 22.00328130501067], [80.38226016863517, 22.003292278900577], [80.38516645657529, 22.003303201289786], [80.38807274632735, 22.003314072178167]]], [[[80.37644759822503, 22.0032702796202], [80.3764357466486, 22.005980487125253], [80.37934208616889, 22.005991514012248], [80.37935388251557, 22.00328130501067], [80.37644759822503, 22.0032702796202]]], [[[80.4025928674641, 22.00607787482508], [80.40258151120032, 22.008788094646302], [80.40548792211509, 22.008798659394213], [80.40839433478213, 22.008809172626407], [80.4113007491929, 22.008819634342743], [80.41131193973712, 22.006109410241514], [80.40840558056634, 22.00609894994485], [80.40549922313915, 22.00608843813933], [80.40551052241105, 22.00337821598364], [80.40841682460696, 22.00338872636254], [80.41132312854631, 22.003399185239576], [80.41133431562062, 22.000688959337023], [80.40842806690415, 22.000678501879563], [80.40552181993097, 22.000667992927223], [80.40261557470963, 22.00065743248014], [80.40260422196715, 22.003367654103], [80.3996979232838, 22.00335704072074], [80.39679162636959, 22.003346375836998], [80.39388533123307, 22.0033356594519], [80.3909790378828, 22.003324891565583], [80.38807274632735, 22.003314072178167], [80.3880611156709, 22.00602428562736], [80.39096746245671, 22.006035106483335], [80.39387381103751, 22.006045875831223], [80.39678016140472, 22.0060565936709], [80.39968651354977, 22.00606726000223], [80.4025928674641, 22.00607787482508]]], [[[80.37352940896609, 22.00596940873084], [80.3735175003137, 22.008679613830978], [80.37642389323436, 22.008690693728955], [80.3764357466486, 22.005980487125253], [80.37352940896609, 22.00596940873084]]], [[[80.38804948321088, 22.008734498175418], [80.3880611156709, 22.00602428562736], [80.3851547706886, 22.00601341326344], [80.38224842751842, 22.006002489391683], [80.38223668458099, 22.00871269898154], [80.38514308298981, 22.008723624335882], [80.38804948321088, 22.008734498175418]]], [[[80.37933028799297, 22.008701722112523], [80.37931848798769, 22.01141192931142], [80.38222493982273, 22.01142290767008], [80.38223668458099, 22.00871269898154], [80.37933028799297, 22.008701722112523]]], [[[80.38804948321088, 22.008734498175418], [80.38803784894719, 22.011444709822264], [80.39094430621945, 22.01145553361552], [80.39095588523566, 22.008745320500005], [80.38804948321088, 22.008734498175418]]], [[[80.37641203798218, 22.011400899431223], [80.37350558981478, 22.011389818029627], [80.37349467010088, 22.013874185563814], [80.37348374910378, 22.016358523385467], [80.3763902985791, 22.016369607543854], [80.37640018076397, 22.014111104231482], [80.3764001808919, 22.01411110423197], [80.37930668615286, 22.014122135608847], [80.37931848798769, 22.01141192931142], [80.37641203798218, 22.011400899431223]], [[80.3764011690217, 22.0138852449308], [80.37640116903793, 22.01388524122175], [80.3764001808919, 22.01411110423197], [80.3764011690217, 22.0138852449308]]], [[[80.40630830148743, 21.810950145959204], [80.40629712623776, 21.813660431846298], [80.40628594924645, 21.816370716838872], [80.40627477051342, 21.819081000936833], [80.40626359003846, 21.82179128414009], [80.40336097060994, 21.82178081819139], [80.40334973373395, 21.82449109906977], [80.40333849510725, 21.827201379053218], [80.40332725472969, 21.82991165814164], [80.40331601260112, 21.832621936334956], [80.40041317623665, 21.83261141360384], [80.40040187766401, 21.835321689464685], [80.40039057733154, 21.83803196443019], [80.4003792752391, 21.84074223850027], [80.40328227570788, 21.840752765543368], [80.40327102657379, 21.843463040155356], [80.4061740835128, 21.84347351754625], [80.40616288735411, 21.846183792693203], [80.40615168945205, 21.848894066944563], [80.40905485759738, 21.84890449609281], [80.40904371269613, 21.85161477087213], [80.41194693732096, 21.851625150333202], [80.41485016367241, 21.851635478683324], [80.41775339174197, 21.85164575592238], [80.42065662152112, 21.851655982050243], [80.42355985300132, 21.85166615706678], [80.42646308617405, 21.851676280971883], [80.4293663210308, 21.851686353765423], [80.42935555766849, 21.854396637419534], [80.43225884895475, 21.854406660469266], [80.43516214190811, 21.85441663240022], [80.43515148639538, 21.857126917887772], [80.43805483577016, 21.8571368400538], [80.44095818679513, 21.857146711093822], [80.4409476391665, 21.859856998387013], [80.44385104660478, 21.85986681964099], [80.44675445567634, 21.859876589761758], [80.44674401596635, 21.862586878832797], [80.4496474814431, 21.862596599146396], [80.44963709489714, 21.865306888648234], [80.45254061677937, 21.86531655914065], [80.45253028341452, 21.868026849066318], [80.45543386170249, 21.868036469723517], [80.4554235815358, 21.87074676006605], [80.45832721622978, 21.870756330874016], [80.46123085251497, 21.870765850520257], [80.46413449038283, 21.87077531900468], [80.46703812982484, 21.870784736327153], [80.46994177083249, 21.87079410248758], [80.46993176314213, 21.87350439839194], [80.47283546052248, 21.87351371466073], [80.4757391594515, 21.873522979760253], [80.4786428599207, 21.87353219369041], [80.48154656192153, 21.87354135645108], [80.48445026544547, 21.87355046804215], [80.48444053031992, 21.876260769334266], [80.48734429018323, 21.87626983099132], [80.49024805155271, 21.876278841471585], [80.49023842457922, 21.878989144332948], [80.49314224227993, 21.878998104858084], [80.49604606146988, 21.87900701419923], [80.49603654268296, 21.88171731860202], [80.498940418196, 21.88172617796694], [80.49893095277912, 21.88443648268239], [80.50183488461546, 21.88444529205704], [80.50473881791572, 21.884454050233433], [80.50472946074564, 21.887164356448565], [80.50763345036106, 21.88717306461359], [80.50762414660382, 21.889883371120497], [80.51052819253464, 21.88989202926013], [80.51051894220731, 21.892602336051826], [80.51293902732525, 21.89260950946842], [80.51293902731317, 21.892609513025597], [80.51292982128518, 21.895319819900056], [80.5158339796098, 21.89532838648463], [80.51584313075202, 21.892618078442812], [80.51585228047124, 21.889907769505683], [80.51586142876755, 21.887197459673345], [80.51587057564109, 21.88448714894589], [80.51587972109195, 21.881776837323393], [80.51588886512029, 21.87906652480595], [80.5158980077262, 21.87635621139364], [80.51590714890982, 21.873645897086575], [80.51591628867126, 21.87093558188481], [80.51592542701064, 21.868225265788464], [80.51593456392808, 21.86551494879761], [80.51594369942373, 21.862804630912333], [80.51595283349766, 21.860094312132727], [80.51596196615003, 21.857383992458885], [80.51597109738096, 21.854673671890883], [80.51598022719052, 21.851963350428818], [80.5154963469075, 21.851961925776592], [80.5155054844088, 21.849251607164426], [80.51551462049956, 21.846541284108458], [80.51552375516792, 21.84383096015868], [80.51553288841399, 21.841120635315185], [80.51554202023793, 21.838410309578055], [80.51555115063984, 21.83569998294739], [80.51556027961985, 21.83298965542328], [80.51556940717806, 21.830279327005787], [80.51557853331461, 21.827568997695032], [80.5155876580296, 21.824858667491085], [80.51559678132317, 21.82214833639404], [80.51560590319544, 21.81943800440398], [80.51561502364653, 21.816727671521004], [80.51562414267653, 21.814017337745188], [80.51563326028561, 21.81130700307664], [80.51564237647386, 21.808596667515424], [80.51564845298522, 21.806789776644937], [80.5156484531434, 21.806789776645402], [80.51564997211354, 21.806338053786877], [80.5156514912414, 21.80588633106164], [80.51565149108322, 21.805886331061174], [80.51565756696387, 21.80407943959662], [80.51323897062389, 21.804072326423956], [80.51082037616386, 21.80406518492576], [80.50791806359425, 21.804056564134353], [80.50501575246786, 21.804047892351424], [80.50211344279315, 21.80403916957706], [80.49921113457867, 21.804030395811363], [80.49630882783293, 21.80402157105445], [80.49340652256444, 21.804012695306426], [80.49050421878168, 21.8040037685674], [80.4876019164932, 21.803994790837475], [80.48469961570748, 21.803985762116767], [80.48179731643307, 21.803976682405377], [80.47889501867844, 21.803967551703426], [80.47599272245213, 21.80395837001101], [80.47309042776261, 21.80394913732825], [80.47018813461845, 21.803939853655258], [80.46728584302812, 21.803930518992146], [80.46438355300013, 21.80392113333902], [80.46148126454301, 21.803911696696005], [80.45857897766527, 21.803902209063203], [80.45567669237539, 21.80389267044074], [80.4527744086819, 21.803883080828726], [80.44987212659332, 21.80387344022728], [80.44696984611817, 21.803863748636516], [80.44406756726491, 21.80385400605655], [80.44116529004211, 21.8038442124875], [80.43826301445824, 21.803834367929493], [80.43536074052183, 21.80382447238264], [80.43245846824136, 21.803814525847063], [80.4295561976254, 21.80380452832288], [80.42665392868241, 21.80379447981022], [80.42375166142091, 21.8037843803092], [80.42084939584942, 21.803774229819936], [80.41794713197643, 21.803764028342567], [80.41504486981049, 21.803753775877194], [80.41214260936006, 21.80374347242396], [80.40924035063368, 21.803733117982983], [80.40633809363986, 21.80372271255439], [80.40632878471051, 21.805981308170757], [80.40631947499566, 21.80823985917767], [80.40630830148743, 21.810950145959204]], [[80.50210407397702, 21.806749501119054], [80.50210407397704, 21.806749501119054], [80.50209782755933, 21.80855638831859], [80.50210407397702, 21.806749501119054]], [[80.5142866460844, 21.85195836414569], [80.51356082612315, 21.851956227168717], [80.51356082613036, 21.851956225038773], [80.5142866460844, 21.85195836414569]]], [[[80.40023218781201, 21.87597571988701], [80.40022086106428, 21.878685981411788], [80.40312462836734, 21.878696528583717], [80.4060283974241, 21.878707024575306], [80.40893216822599, 21.878717469386437], [80.41183594076452, 21.87872786301698], [80.41473971503113, 21.878738205466803], [80.4176434910173, 21.87874849673578], [80.42054726871453, 21.8787587368238], [80.42055821165405, 21.87604846537876], [80.41765448878702, 21.87603822668699], [80.41475076763088, 21.876027936821227], [80.41184704819416, 21.876017595781608], [80.40894333048537, 21.876007203568246], [80.40603961451308, 21.875996760181277], [80.40313590028578, 21.875986265620817], [80.40023218781201, 21.87597571988701]]], [[[80.40597228579891, 21.892258333093896], [80.40306824246696, 21.892247829945834], [80.40307952315528, 21.889537571467347], [80.40017553644974, 21.889527018542434], [80.39727155150699, 21.889516414409393], [80.39726016107488, 21.892226670004145], [80.40016420088945, 21.892237275582538], [80.40015286356618, 21.89494753172544], [80.40305696002419, 21.894958087527165], [80.40596105823677, 21.894968592106682], [80.4088651581954, 21.894979045463856], [80.41176925989153, 21.89498944759857], [80.41467336331664, 21.894999798510682], [80.41757746846218, 21.895010098200093], [80.42048157531964, 21.89502034666665], [80.42049252847637, 21.892310080601305], [80.42050347992988, 21.889599813639126], [80.41759948282663, 21.88958956796562], [80.41758847650028, 21.892299833531297], [80.41468442623597, 21.89228953524542], [80.41178037769194, 21.892279185743817], [80.41179149376353, 21.88956892299208], [80.41469548743501, 21.889579271083228], [80.41470654691389, 21.886869006024174], [80.41180260810641, 21.88685865934344], [80.40889867102749, 21.886848261461044], [80.40599473568562, 21.88683781237713], [80.40598351161513, 21.889548073184013], [80.40888750182071, 21.889558523692298], [80.40887633087674, 21.8922687850266], [80.40597228579891, 21.892258333093896]]], [[[80.3972487688713, 21.894936924701632], [80.39723737489605, 21.897647178501778], [80.40014152447982, 21.897657786971052], [80.40015286356618, 21.89494753172544], [80.3972487688713, 21.894936924701632]]], [[[80.39720318233896, 21.905777934517285], [80.39719178127562, 21.908488184727183], [80.3971803784399, 21.91119843403929], [80.39716897383161, 21.913908682453528], [80.40007345292787, 21.91391929959669], [80.40006210149552, 21.9166295485588], [80.40005074829887, 21.919339796622907], [80.40295533906539, 21.91935036537288], [80.40294403907014, 21.922060613977862], [80.40584868655858, 21.922071132874773], [80.40875333579457, 21.92208160047953], [80.4087421439925, 21.924791851043462], [80.41164684994233, 21.924802268774013], [80.41455155762274, 21.924812635205175], [80.41745626702522, 21.924822950336818], [80.41746729390229, 21.922112695539646], [80.42037195004296, 21.922122957974537], [80.42327660788847, 21.922133169116655], [80.42328752311856, 21.919422910634477], [80.4232984366525, 21.916712651254628], [80.42620298626873, 21.91672280833769], [80.42621384315673, 21.914012546677256], [80.42622469835742, 21.91130228411938], [80.42623555187093, 21.90859202066415], [80.42333116707894, 21.90858186772992], [80.42334207382979, 21.905871604760268], [80.42043774565754, 21.905861401957875], [80.42044870562864, 21.90315113948077], [80.41754443407585, 21.903140886824243], [80.41755544725011, 21.900430624846653], [80.41465123231652, 21.90042032235003], [80.41466229867687, 21.89771006087891], [80.41175814036214, 21.89769970855624], [80.40885398377655, 21.89768930500398], [80.4059498289286, 21.89767885022228], [80.40593859787424, 21.90038910744061], [80.40303438987478, 21.90037859999803], [80.4001301836302, 21.900368041319286], [80.40011884101715, 21.903078294770058], [80.40010749664054, 21.905788547323265], [80.39720318233896, 21.905777934517285]]], [[[80.39713474936997, 21.922039422308096], [80.39712333766998, 21.92474966712995], [80.40002803661201, 21.924760290056778], [80.40003939333775, 21.922050043788925], [80.39713474936997, 21.922039422308096]]], [[[80.40002803661201, 21.924760290056778], [80.40001667812152, 21.927470535426366], [80.40292143381126, 21.927481108493367], [80.4029327373188, 21.92477086168472], [80.40002803661201, 21.924760290056778]]], [[[80.3971119241967, 21.927459911053493], [80.39710050894995, 21.930170154078624], [80.40000531786612, 21.93018077989759], [80.40001667812152, 21.927470535426366], [80.3971119241967, 21.927459911053493]]], [[[80.40292143381126, 21.927481108493367], [80.40291012854733, 21.930191354403718], [80.4058149409851, 21.93020187759687], [80.40871975517081, 21.930212349476918], [80.4087309504513, 21.927502100709294], [80.40582619125736, 21.92749163025439], [80.40292143381126, 21.927481108493367]]], [[[80.40000531786612, 21.93018077989759], [80.39999395584564, 21.932891023470383], [80.4028988215269, 21.932901599415683], [80.40291012854733, 21.930191354403718], [80.40000531786612, 21.93018077989759]]], [[[80.41741214238036, 21.93566396054512], [80.42031707348293, 21.935674229966107], [80.42032805220545, 21.932963977363944], [80.41742317611235, 21.932953709340286], [80.41743420813039, 21.930243457237225], [80.42033902922257, 21.93025372386362], [80.42324385202001, 21.930263939176285], [80.42325477233935, 21.927553683387654], [80.42035000453444, 21.92754346946522], [80.41744523843462, 21.927533204236045], [80.41454047404847, 21.92752288770025], [80.414529388752, 21.93023313929723], [80.41162457109597, 21.930222770043756], [80.40871975517081, 21.930212349476918], [80.40870855815089, 21.932922597346273], [80.40580368896482, 21.93291212404102], [80.40579243519646, 21.935622369586746], [80.40869735939138, 21.935632844317254], [80.41160228532604, 21.93564326772057], [80.41450721299188, 21.935653639796577], [80.41741214238036, 21.93566396054512]]], [[[80.39991437226799, 21.95186270331617], [80.39990299612161, 21.954572939698252], [80.40280830211081, 21.954583527158803], [80.40281962318878, 21.951873289337126], [80.39991437226799, 21.95186270331617]]], [[[80.40280830211081, 21.954583527158803], [80.40279697927497, 21.957293764081296], [80.40570234209913, 21.957304301598672], [80.40571360985786, 21.95459406324352], [80.40280830211081, 21.954583527158803]]], [[[80.41150191365088, 21.960035462784862], [80.41149075258194, 21.962745702186062], [80.4143962308096, 21.962756088377787], [80.41440733678388, 21.960045847564786], [80.41150191365088, 21.960035462784862]]], [[[80.41729065816635, 21.965476664490843], [80.41438512311122, 21.965466328291544], [80.41147958978036, 21.965455940687967], [80.41146842524596, 21.968166178290495], [80.4114572589786, 21.97087641499355], [80.41144609097816, 21.97358665079705], [80.41435178966998, 21.97359704263651], [80.4143406750737, 21.976307278952433], [80.4143295587526, 21.979017514368675], [80.41142374977737, 21.979007119705027], [80.41141257657674, 21.981717352809326], [80.41140140164241, 21.98442758501372], [80.41139022497423, 21.987137816318118], [80.41429619943875, 21.987148215218422], [80.41430732093528, 21.984437982501756], [80.4143184407065, 21.98172774888514], [80.41722430656141, 21.98173809351475], [80.41721324195342, 21.984448328536594], [80.42011916468829, 21.984458623118112], [80.4201301741329, 21.98174838669803], [80.42014118186947, 21.97903814937818], [80.42015218789817, 21.97632791115867], [80.42016319221915, 21.973617672039587], [80.42017419483254, 21.970907432021], [80.41726854782905, 21.970897144430197], [80.41436290254155, 21.970886805421], [80.41437401368859, 21.96817656730598], [80.41727960385562, 21.9681869049102], [80.41729065816635, 21.965476664490843]]], [[[80.40560085352682, 21.981696406319582], [80.40558956826673, 21.98440663567856], [80.40849548408337, 21.98441713607261], [80.40850671418065, 21.98170690528743], [80.40560085352682, 21.981696406319582]]], [[[80.40268365420107, 21.984396083831697], [80.40267231201882, 21.98710631085734], [80.4055782812557, 21.987116864137445], [80.40558956826673, 21.98440663567856], [80.40268365420107, 21.984396083831697]]], [[[80.3997663445416, 21.987095706117557], [80.39975494542007, 21.98980593080268], [80.40266096807692, 21.989816536982744], [80.40267231201882, 21.98710631085734], [80.3997663445416, 21.987095706117557]]], [[[80.4084842522437, 21.987127365957747], [80.40847301866148, 21.98983759494274], [80.41137904657208, 21.98984804672242], [80.41139022497423, 21.987137816318118], [80.4084842522437, 21.987127365957747]]], [[[80.40266096807692, 21.989816536982744], [80.4026496223752, 21.99252676220781], [80.40555570198018, 21.992537318354547], [80.40846178333655, 21.992547823027504], [80.40847301866148, 21.98983759494274], [80.40556699249358, 21.989827091696135], [80.40266096807692, 21.989816536982744]]], [[[80.41137904657208, 21.98984804672242], [80.41136786643578, 21.992558276226553], [80.4142739512693, 21.992568677951567], [80.41428507621683, 21.989858447035058], [80.41137904657208, 21.98984804672242]]], [[[80.40846178333655, 21.992547823027504], [80.4084505462688, 21.995258050211955], [80.41135668456522, 21.99526850483042], [80.41136786643578, 21.992558276226553], [80.40846178333655, 21.992547823027504]]], [[[80.41715789315971, 21.997999490145638], [80.42006409183993, 21.998009791719152], [80.42007510982681, 21.995299559799157], [80.42298125500959, 21.995309808492767], [80.42299221608994, 21.992599574281112], [80.42300317547024, 21.989889339169412], [80.42590921196593, 21.989899533612604], [80.42592011446555, 21.98718929621655], [80.42593101527397, 21.98447905792068], [80.42594191439136, 21.98176881872507], [80.42595281181782, 21.979058578629804], [80.42885862933242, 21.979068716096105], [80.42884778706122, 21.981778957568594], [80.42883694310767, 21.98448919814149], [80.42882609747161, 21.98719943781469], [80.43173208216034, 21.987209527952015], [80.43174287262384, 21.984499286908473], [80.43175366141342, 21.98178904496529], [80.43176444852922, 21.97907880212256], [80.43177523397136, 21.976368558380365], [80.43178601774001, 21.97365831373879], [80.43179679983531, 21.97094806819793], [80.43470245529042, 21.970958098694965], [80.4376081124102, 21.970968077772884], [80.43761878258948, 21.96825782861371], [80.43471318059116, 21.968247850891856], [80.43180758025737, 21.96823782175787], [80.43181835900639, 21.96552757441871], [80.42891281545829, 21.9655174952427], [80.42890198159665, 21.968227741211873], [80.4288911460534, 21.970937986281893], [80.42888030882837, 21.973648230452667], [80.42597460159864, 21.97363809574067], [80.42598549395328, 21.97092785294698], [80.42599638461758, 21.968217609253983], [80.4260072735917, 21.965507364661782], [80.42601816087578, 21.96279711917046], [80.42311267580301, 21.96278693856867], [80.42312361649245, 21.960076693562165], [80.42021818821321, 21.960066462953563], [80.42020719242869, 21.962776706569212], [80.42019619493718, 21.965486949285733], [80.42310173341512, 21.965497182676085], [80.42309078932867, 21.96820742588433], [80.42307984354346, 21.970917668193305], [80.42306889605938, 21.973627909602936], [80.42305794687627, 21.97633815011313], [80.42304699599399, 21.979048389723793], [80.42303604341238, 21.98175862843484], [80.42302508913133, 21.984468866246182], [80.42301413315067, 21.987179103157736], [80.42010815353554, 21.98716885863836], [80.42009714067447, 21.989879093258676], [80.42008612610495, 21.992589326978973], [80.41718003782854, 21.992579028202414], [80.41716896635279, 21.99528925962415], [80.41426282459605, 21.99527890796786], [80.41425169619696, 21.997989137083866], [80.41134550096021, 21.997978732533944], [80.41133431562062, 22.000688959337023], [80.41424056607183, 22.00069936529948], [80.41714681824921, 22.000709719766796], [80.41715789315971, 21.997999490145638]]], [[[80.41713574162107, 22.00341994848753], [80.41422943422053, 22.003409592614613], [80.41132312854631, 22.003399185239576], [80.41131193973712, 22.006109410241514], [80.41421830064293, 22.00611981902919], [80.4171246632752, 22.00613017630775], [80.41713574162107, 22.00341994848753]]], [[[80.43215167115736, 21.881509461427783], [80.42924783186203, 21.881499424696482], [80.42634399424375, 21.881489336776742], [80.42633315759397, 21.884199609200657], [80.42923705005991, 21.88420969849581], [80.43214094420306, 21.88421973659554], [80.43215167115736, 21.881509461427783]]], [[[80.43210875332763, 21.892350556720256], [80.43209801969783, 21.895060828302007], [80.4350021349868, 21.89507082065251], [80.43499145457838, 21.897781092699237], [80.43789562641881, 21.89779103518088], [80.43790625193647, 21.895080761779436], [80.43791687580195, 21.892370487481358], [80.43501281373452, 21.892360547709107], [80.43502349082166, 21.889650273869112], [80.43211948528835, 21.889640284241867], [80.43213021558012, 21.886930010866937], [80.42922626658061, 21.88691997139872], [80.42632231925846, 21.88690988072811], [80.42631147923707, 21.889620151359], [80.42921548142397, 21.889630243405122], [80.42920469458986, 21.89234051451492], [80.43210875332763, 21.892350556720256]]], [[[80.42339658215568, 21.892320276455326], [80.42338568388045, 21.895030543910252], [80.42628979413612, 21.895040689930752], [80.42630063752969, 21.892330421093252], [80.42339658215568, 21.892320276455326]]], [[[80.42048157531964, 21.89502034666665], [80.42047062045954, 21.897730611835065], [80.42337478391042, 21.897740810468285], [80.42338568388045, 21.895030543910252], [80.42048157531964, 21.89502034666665]]], [[[80.42628979413612, 21.895040689930752], [80.42627894905627, 21.897750957871434], [80.42918311588858, 21.89776105404439], [80.4291939060781, 21.895050784728046], [80.42628979413612, 21.895040689930752]]], [[[80.42337478391042, 21.897740810468285], [80.42336388224537, 21.90045107612936], [80.42626810228997, 21.9004612249152], [80.42627894905627, 21.897750957871434], [80.42337478391042, 21.897740810468285]]], [[[80.42626810228997, 21.9004612249152], [80.42625725383708, 21.903171491061975], [80.42916153047565, 21.903181589986406], [80.42917232402115, 21.900471322463876], [80.42626810228997, 21.9004612249152]]], [[[80.42618126743027, 21.922143328965866], [80.4261704054795, 21.92485358793344], [80.42907512168473, 21.9248636978658], [80.42908592865979, 21.922153437522056], [80.42618126743027, 21.922143328965866]]], [[[80.42326569096213, 21.924843426701077], [80.42325477233935, 21.927553683387654], [80.42615954184083, 21.927563846003213], [80.4261704054795, 21.92485358793344], [80.42326569096213, 21.924843426701077]]], [[[80.42615954184083, 21.927563846003213], [80.42614867651416, 21.930274103175094], [80.42905350269648, 21.930284215859942], [80.42906431303034, 21.92757395731179], [80.42615954184083, 21.927563846003213]]], [[[80.42324385202001, 21.930263939176285], [80.42323293000395, 21.932974194066897], [80.42613780949931, 21.93298435944901], [80.42614867651416, 21.930274103175094], [80.42324385202001, 21.930263939176285]]], [[[80.4144295435607, 21.954625363241416], [80.4144184410342, 21.957335605852627], [80.41732381080492, 21.95734593783747], [80.41731276164084, 21.960056180954393], [80.42021818821321, 21.960066462953563], [80.42022918229088, 21.95735621843886], [80.42024017466184, 21.954645973025197], [80.41733485825371, 21.954635693821537], [80.4144295435607, 21.954625363241416]]], [[[80.41429619943875, 21.987148215218422], [80.41428507621683, 21.989858447035058], [80.41719110758713, 21.989868795880515], [80.41720217562872, 21.987158562658543], [80.41429619943875, 21.987148215218422]]], [[[80.42590921196593, 21.989899533612604], [80.42589830777499, 21.992609770108725], [80.42880440115151, 21.992619914461667], [80.42881525015295, 21.989909676588113], [80.42590921196593, 21.989899533612604]]], [[[80.42298125500959, 21.995309808492767], [80.42297029222904, 21.99802004180427], [80.42587649431849, 21.998030240400865], [80.42588740189254, 21.99532000570484], [80.42298125500959, 21.995309808492767]]], [[[80.42006409183993, 21.998009791719152], [80.42005307214417, 22.00072002273886], [80.42295932774817, 22.000730274215538], [80.42297029222904, 21.99802004180427], [80.42006409183993, 21.998009791719152]]], [[[80.41714681824921, 22.000709719766796], [80.41713574162107, 22.00341994848753], [80.42004205073937, 22.003430252858198], [80.42005307214417, 22.00072002273886], [80.41714681824921, 22.000709719766796]]], [[[80.43214094420306, 21.88421973659554], [80.43213021558012, 21.886930010866937], [80.43503416624841, 21.88693999913263], [80.43504484001488, 21.884229723499736], [80.43214094420306, 21.88421973659554]]], [[[80.43503416624841, 21.88693999913263], [80.43502349082166, 21.889650273869112], [80.43792749801541, 21.88966021228675], [80.437938118577, 21.886949936195688], [80.43503416624841, 21.88693999913263]]], [[[80.43792749801541, 21.88966021228675], [80.43791687580195, 21.892370487481358], [80.44082093952142, 21.892380376036893], [80.44083150686104, 21.889670099494637], [80.43792749801541, 21.88966021228675]]], [[[80.44079979991155, 21.897800926431852], [80.44370397504807, 21.89781076645202], [80.44371449078376, 21.89510049036207], [80.44372500488437, 21.89239021337559], [80.44082093952142, 21.892380376036893], [80.4408103705383, 21.89509065168266], [80.44079979991155, 21.897800926431852]]], [[[80.42918311588858, 21.89776105404439], [80.42917232402115, 21.900471322463876], [80.43207654743038, 21.90048136877525], [80.43208728439879, 21.897771098987032], [80.42918311588858, 21.89776105404439]]], [[[80.44074692211846, 21.91135228672609], [80.44365137183824, 21.9113621334508], [80.44655582319395, 21.911371928909688], [80.44656629217334, 21.908661655969667], [80.44947069022243, 21.908671398835573], [80.44948110264912, 21.90596112367163], [80.4465767595255, 21.905951382132727], [80.443672418029, 21.90594158934184], [80.4436829386708, 21.903231315941998], [80.44658722525052, 21.903241107398955], [80.44949151345722, 21.90325084761092], [80.44950192264687, 21.90054057065351], [80.44659768934858, 21.90053083176844], [80.4466081518198, 21.897820555241275], [80.44370397504807, 21.89781076645202], [80.44369345767711, 21.900521041645362], [80.44078922764103, 21.90051120028438], [80.44079979991155, 21.897800926431852], [80.43789562641881, 21.89779103518088], [80.43788499924887, 21.900501307685623], [80.43787437042646, 21.903211579293558], [80.44077865372661, 21.903221473240162], [80.44076807816813, 21.90593174529909], [80.44075750096546, 21.908642016461098], [80.44074692211846, 21.91135228672609]]], [[[80.42909673395563, 21.919443176280662], [80.42908592865979, 21.922153437522056], [80.4319905915685, 21.922163494785096], [80.43197983956932, 21.924873756498016], [80.4348845591247, 21.924883763829982], [80.43489525614788, 21.922173500754862], [80.43490595150894, 21.919463236782185], [80.43200134189703, 21.91945323217457], [80.43201209055505, 21.91674296866652], [80.4320228375427, 21.914032704261036], [80.4349273372453, 21.914042706144496], [80.43491664520803, 21.91675297191203], [80.43782120152284, 21.916762923878117], [80.43783183860958, 21.914052656755516], [80.43784247404317, 21.911342388735672], [80.43785310782374, 21.908632119818673], [80.4349487163349, 21.908622171917642], [80.43493802762087, 21.911332439479672], [80.43203358286013, 21.911322438958212], [80.43204432650747, 21.908612172758133], [80.43205506848486, 21.905901905660887], [80.43495940338752, 21.905911903458495], [80.4349700887789, 21.90320163410232], [80.43206580879244, 21.90319163766656], [80.42916153047565, 21.903181589986406], [80.42915073525198, 21.905891856611895], [80.42913993834996, 21.908602122340255], [80.42912913976946, 21.911312387171407], [80.42911833951034, 21.91402265110525], [80.42910753757245, 21.916732914141697], [80.42909673395563, 21.919443176280662]]], [[[80.44071517571012, 21.919483092138066], [80.44070459028441, 21.9221933588141], [80.44360925982448, 21.92220321090333], [80.44361979028231, 21.919492942886098], [80.44071517571012, 21.919483092138066]]], [[[80.43779992238936, 21.922183455431238], [80.43778928034233, 21.924893719861576], [80.44069400321368, 21.924903624592673], [80.44070459028441, 21.9221933588141], [80.43779992238936, 21.922183455431238]]], [[[80.42907512168473, 21.9248636978658], [80.42906431303034, 21.92757395731179], [80.43196908589934, 21.92758401731324], [80.43197983956932, 21.924873756498016], [80.42907512168473, 21.9248636978658]]], [[[80.4348845591247, 21.924883763829982], [80.43487386043927, 21.92759402600746], [80.4377786366416, 21.927603983394324], [80.43778928034233, 21.924893719861576], [80.4348845591247, 21.924883763829982]]], [[[80.44069400321368, 21.924903624592673], [80.44068341449777, 21.927613889473708], [80.44358819399925, 21.92762374424549], [80.44359872773019, 21.92491347802316], [80.44069400321368, 21.924903624592673]]], [[[80.42903187698973, 21.93570473026238], [80.42902106161655, 21.938414986116502], [80.42901024456332, 21.94112524107243], [80.42899942582991, 21.94383549513008], [80.42898860541614, 21.94654574828937], [80.4289777833219, 21.949256000550196], [80.43188299637377, 21.949266071507335], [80.43189376341525, 21.946555817876867], [80.43479892308628, 21.946565836108242], [80.43478821109774, 21.949276091101364], [80.43477749744565, 21.951986345196037], [80.43768276889475, 21.951996314782548], [80.43769342748521, 21.949286059332156], [80.43770408442072, 21.946575802983375], [80.43771473970136, 21.943865545736287], [80.43480963341145, 21.943855580216773], [80.43482034207338, 21.941145323427033], [80.4348310490722, 21.938435065739117], [80.43773604529872, 21.938445028547548], [80.4377466956157, 21.935734768606082], [80.43775734427842, 21.93302450776666], [80.4406622321299, 21.93303441654276], [80.44067282413656, 21.93032415345709], [80.44068341449777, 21.927613889473708], [80.4377786366416, 21.927603983394324], [80.437767991287, 21.93031424602938], [80.43486316009144, 21.9303042872872], [80.43195833055843, 21.930294277230676], [80.43194757354642, 21.933004536250237], [80.4348524580811, 21.933014547669114], [80.43484175440804, 21.935724807153115], [80.4319368148632, 21.935714794371847], [80.42903187698973, 21.93570473026238]]], [[[80.45232327822949, 21.922232459408033], [80.4523129110653, 21.924942730509716], [80.44940818166455, 21.9249330309818], [80.44939775790398, 21.92764329986578], [80.44938733252374, 21.930353567852276], [80.44648249476346, 21.93034381436866], [80.44647201276106, 21.933054080130145], [80.44356712162696, 21.933044273997293], [80.44355658298531, 21.9357545375266], [80.44065163847765, 21.935744678730615], [80.44064104317967, 21.93845494002057], [80.44063044623583, 21.94116520041253], [80.44061984764598, 21.943875459906415], [80.44060924740997, 21.94658571850213], [80.44351441204552, 21.946595582664408], [80.44350386521656, 21.949305841703566], [80.44640908654333, 21.949315655843943], [80.44639859313853, 21.95202591531957], [80.4493038711568, 21.95203567942401], [80.452209150796, 21.952045392157633], [80.45511443204754, 21.952055053520322], [80.45801971490293, 21.952064663511962], [80.46092499935357, 21.95207422213243], [80.46093521744616, 21.94936395608779], [80.46384044842068, 21.949373462044136], [80.4638506098724, 21.94666319380869], [80.46675578737052, 21.946672647114802], [80.46676589219842, 21.94396237669573], [80.46967101621986, 21.94397177736552], [80.46968106444109, 21.941261504769983], [80.46969111110178, 21.93855123127684], [80.47259612661723, 21.93856057805251], [80.47260611669701, 21.935850302390207], [80.47551107874368, 21.93585959656439], [80.47552101225963, 21.93314931874008], [80.47553094423253, 21.930439040018545], [80.47554087466251, 21.927728760399848], [80.47555080354972, 21.92501847988409], [80.47264606150017, 21.925009190768137], [80.47265604382264, 21.922298910619844], [80.46975135830208, 21.922289571473414], [80.46976139404272, 21.919579291699566], [80.46685676505089, 21.919569902536693], [80.46395213762707, 21.919560462086118], [80.46104751177982, 21.91955097034795], [80.45814288751767, 21.91954142732231], [80.45813263190136, 21.922251701940827], [80.45522795426426, 21.922242106321544], [80.45232327822949, 21.922232459408033]]], [[[80.43187222766024, 21.95197632423931], [80.43186145727447, 21.954686576072696], [80.43476678212991, 21.954696598392182], [80.43477749744565, 21.951986345196037], [80.43187222766024, 21.95197632423931]]], [[[80.43768276889475, 21.951996314782548], [80.43767210864915, 21.95470656933446], [80.44057743682366, 21.95471648889941], [80.44058804199895, 21.95200623299872], [80.43768276889475, 21.951996314782548]]], [[[80.43476678212991, 21.954696598392182], [80.43475606515035, 21.957406850689708], [80.43766144674831, 21.9574168229878], [80.43767210864915, 21.95470656933446], [80.43476678212991, 21.954696598392182]]], [[[80.44056683000167, 21.957426743901582], [80.44347221490187, 21.957436613430932], [80.44637760144037, 21.957446431575736], [80.44638809810426, 21.954736173896862], [80.44348276664488, 21.954726357086916], [80.44057743682366, 21.95471648889941], [80.44056683000167, 21.957426743901582]]], [[[80.43766144674831, 21.9574168229878], [80.43765078319205, 21.96012707574248], [80.44055622153282, 21.960136998005144], [80.44056683000167, 21.957426743901582], [80.43766144674831, 21.9574168229878]]], [[[80.43762945111277, 21.96554757855553], [80.43761878258948, 21.96825782861371], [80.44052438624375, 21.968267754923307], [80.44342999154544, 21.968277629820523], [80.44341943160954, 21.97098788167086], [80.44632509367199, 21.970997706490685], [80.44631458722753, 21.973707958777176], [80.44630407915251, 21.97641821016463], [80.44629356944675, 21.97912846065296], [80.44919939855706, 21.979138238037823], [80.44918894237671, 21.98184848895524], [80.4491784845739, 21.984558738973405], [80.44916802514855, 21.987268988092232], [80.45207402137602, 21.98727871800052], [80.45206361551, 21.989988967541382], [80.45496966853383, 21.989998647302382], [80.45498001921764, 21.98728839644704], [80.45499036829587, 21.98457814469236], [80.45208442562787, 21.98456846756028], [80.45209482826571, 21.981858216220736], [80.45210522928967, 21.979147963981998], [80.45211562869989, 21.976437710844127], [80.44920985311511, 21.97642798622123], [80.449220306051, 21.973717733505563], [80.44923075736486, 21.971007479890904], [80.44924120705683, 21.96829722537735], [80.44633559848599, 21.96828745330524], [80.44634610166969, 21.965577199220938], [80.44344054984248, 21.96556737707127], [80.44053499965399, 21.965557503516095], [80.43762945111277, 21.96554757855553]]], [[[80.4376081124102, 21.970968077772884], [80.43759744057483, 21.97367832603296], [80.4405031544809, 21.97368825504076], [80.44340887003463, 21.9736981326222], [80.44341943160954, 21.97098788167086], [80.44051377118609, 21.970978005431554], [80.4376081124102, 21.970968077772884]]], [[[80.45821463221742, 21.90056947987942], [80.45820438775377, 21.90327976077564], [80.45530009471737, 21.90327017429938], [80.45239580328234, 21.90326053657777], [80.44949151345722, 21.90325084761092], [80.44948110264912, 21.90596112367163], [80.45238544739131, 21.905970813958447], [80.45528979374355, 21.905980452993045], [80.45819414169728, 21.90599004077531], [80.46109849124397, 21.905999577305124], [80.46400284237511, 21.906009062582378], [80.46690719508211, 21.90601849660695], [80.46981154935646, 21.906027879378733], [80.47271590518965, 21.906037210897612], [80.4756202625731, 21.906046491163465], [80.47563017912273, 21.90333620347439], [80.47272587665742, 21.903326924472644], [80.46982157574226, 21.90331759422487], [80.46691727638577, 21.903308212731165], [80.46692735612221, 21.900597927958966], [80.46983160056936, 21.90060730817464], [80.47273584657505, 21.900616637151366], [80.47564009413075, 21.900625914889037], [80.4756500075973, 21.897915625407506], [80.47274581494267, 21.89790634893386], [80.46984162383792, 21.897897021228136], [80.46693743429157, 21.897887642290442], [80.46403324631218, 21.897878212120908], [80.46402311324215, 21.900588496504465], [80.46111887193771, 21.900579013811242], [80.46112905990829, 21.89786873071963], [80.45822487508839, 21.89785919808674], [80.45532069186108, 21.897849614222338], [80.45241651023484, 21.897839979126548], [80.44951233021824, 21.897830292799487], [80.44950192264687, 21.90054057065351], [80.45240615756347, 21.900550258300438], [80.45531039408984, 21.900559894709115], [80.45821463221742, 21.90056947987942]]], [[[80.45526918699123, 21.91140100769023], [80.45817364480527, 21.911410598084643], [80.45816339396947, 21.914120875394133], [80.46106790831983, 21.9141304158213], [80.46397242425502, 21.914139904974956], [80.4668769417665, 21.91414934285499], [80.46686685419263, 21.91685962314427], [80.4697714282239, 21.91686901102883], [80.4726760038145, 21.916878347632554], [80.47266602459403, 21.919588629574626], [80.47557065669628, 21.919597916161752], [80.47556073089426, 21.922308198471367], [80.4784654195084, 21.92231743502786], [80.47847529034091, 21.919607151460834], [80.47848515963956, 21.916896866997053], [80.47558058095589, 21.916887632955333], [80.47559050367326, 21.91417734885221], [80.4756004248485, 21.911467063852466], [80.47269595760315, 21.91145778105824], [80.47268598148415, 21.914168064793728], [80.46978146084572, 21.91415872946129], [80.46979149190834, 21.911448446997035], [80.46980152141188, 21.90873816363615], [80.4668971122111, 21.908728779586244], [80.4639927045778, 21.908719344276566], [80.46108829852054, 21.908709857707226], [80.45818389404782, 21.908700319878335], [80.4552794911682, 21.908690730790017], [80.45526918699123, 21.91140100769023]]], [[[80.44946027617704, 21.911381673102632], [80.44944986051279, 21.914091946472734], [80.45235437005742, 21.91410164071974], [80.45236473077898, 21.911391366029523], [80.44946027617704, 21.911381673102632]]], [[[80.44654535258715, 21.914082200952702], [80.44653488035283, 21.916792472098617], [80.44943944322956, 21.916802218945797], [80.44944986051279, 21.914091946472734], [80.44654535258715, 21.914082200952702]]], [[[80.45235437005742, 21.91410164071974], [80.4523440077254, 21.91681191451295], [80.45524857383184, 21.916821558799963], [80.45815314154032, 21.916831151806722], [80.45816339396947, 21.914120875394133], [80.45525888121249, 21.91411128369357], [80.45235437005742, 21.91410164071974]]], [[[80.44363031910379, 21.916782673971532], [80.44361979028231, 21.919492942886098], [80.44652440649087, 21.919502742347348], [80.44653488035283, 21.916792472098617], [80.44363031910379, 21.916782673971532]]], [[[80.44943944322956, 21.916802218945797], [80.4494290243272, 21.919512490521722], [80.45233364378281, 21.919522187409076], [80.4523440077254, 21.91681191451295], [80.44943944322956, 21.916802218945797]]], [[[80.44652440649087, 21.919502742347348], [80.44651393100106, 21.922213011698805], [80.44941860380557, 21.922222761200413], [80.4494290243272, 21.919512490521722], [80.44652440649087, 21.919502742347348]]], [[[80.44360925982448, 21.92220321090333], [80.44359872773019, 21.92491347802316], [80.44650345388332, 21.924923280152903], [80.44651393100106, 21.922213011698805], [80.44360925982448, 21.92220321090333]]], [[[80.44346166152056, 21.960146868876386], [80.44345110650082, 21.9628571234232], [80.44635660322322, 21.96286694423786], [80.44926210157567, 21.962876713653884], [80.44927254640282, 21.960166456444146], [80.45217799128022, 21.960176173140425], [80.45508343777043, 21.96018583844481], [80.45798888586484, 21.96019545235719], [80.46089433555494, 21.96020501487744], [80.4609045584081, 21.957494751527346], [80.45799916380636, 21.95748519030707], [80.45509377080018, 21.95747557770165], [80.45218837939808, 21.95746591371121], [80.44928298960863, 21.95745619833587], [80.44637760144037, 21.957446431575736], [80.44636710314674, 21.960156688356097], [80.44346166152056, 21.960146868876386]]], [[[80.46083296510163, 21.976466576109477], [80.46084319747956, 21.973756318150834], [80.4608534282697, 21.971046059293396], [80.46086365747217, 21.968335799537254], [80.46087388508711, 21.965625538882488], [80.45796832519461, 21.96561597376214], [80.45506276689808, 21.9656063572357], [80.45505242905521, 21.96831661528324], [80.45504208960772, 21.971026872432066], [80.45503174855546, 21.973737128682092], [80.45502140589826, 21.976447384033214], [80.45501106163603, 21.97915763848536], [80.45791689558757, 21.97916726154782], [80.46082273113575, 21.979176833169234], [80.46083296510163, 21.976466576109477]]], [[[80.44627254514253, 21.984548958931878], [80.44628305811014, 21.98183871024207], [80.44629356944675, 21.97912846065296], [80.4433877419673, 21.979118631827532], [80.44337717547457, 21.98182888008134], [80.44336660734228, 21.9845391274358], [80.44627254514253, 21.984548958931878]]], [[[80.44626203054378, 21.987259206722293], [80.44625151431376, 21.989969453613227], [80.44915756410045, 21.989979236311626], [80.44916802514855, 21.987268988092232], [80.44626203054378, 21.987259206722293]]], [[[80.45204279893494, 21.995409463924606], [80.45205320802968, 21.99269921618277], [80.45206361551, 21.989988967541382], [80.44915756410045, 21.989979236311626], [80.44914710142952, 21.992689483631498], [80.44913663713557, 21.995399730051766], [80.45204279893494, 21.995409463924606]]], [[[80.45496966853383, 21.989998647302382], [80.4549593162443, 21.992708897258296], [80.45786542606477, 21.99271852685796], [80.45787572316343, 21.9900082755945], [80.45496966853383, 21.989998647302382]]], [[[80.45204279893494, 21.995409463924606], [80.45203238822562, 21.998119710766794], [80.45493860684746, 21.998129394471523], [80.45494896234888, 21.995419146314713], [80.45204279893494, 21.995409463924606]]], [[[80.46669512544192, 21.962934250771934], [80.46670523968795, 21.96022398574111], [80.46961069411377, 21.96023339408429], [80.46962075170102, 21.957523126876186], [80.46671535236396, 21.95751371981202], [80.4667254634701, 21.954803452984756], [80.46963080772692, 21.954812858769955], [80.46964086219162, 21.952102589765683], [80.46965091509527, 21.94939231986346], [80.46674568097323, 21.94938291663606], [80.46673557300647, 21.952093185259404], [80.46383028539094, 21.952083729381616], [80.46382012078303, 21.954793995821056], [80.46091477967427, 21.954784487278975], [80.4609045584081, 21.957494751527346], [80.46380995459681, 21.957504261362367], [80.46379978683215, 21.960214526005455], [80.46378961748893, 21.962924789750232], [80.46669512544192, 21.962934250771934]]], [[[80.46088411111465, 21.962915277329188], [80.46087388508711, 21.965625538882488], [80.463779446567, 21.965635052596618], [80.46378961748893, 21.962924789750232], [80.46088411111465, 21.962915277329188]]], [[[80.47242605771888, 21.984635126927987], [80.47533201144535, 21.984644443873364], [80.47823796671737, 21.98465370936304], [80.47822805903324, 21.98736397138156], [80.48113407101711, 21.987373186666954], [80.48112421697925, 21.99008344903809], [80.48403028567525, 21.990092614105155], [80.48693635589134, 21.9901017277022], [80.48692661070916, 21.992811991656616], [80.4898327376292, 21.992821055014193], [80.48982304613624, 21.995531319300316], [80.49272922976049, 21.99554033240437], [80.49563541487943, 21.99554929402411], [80.49854160148452, 21.995558204159405], [80.50144778956718, 21.995567062810164], [80.50145726025518, 21.99285679367115], [80.5043633946053, 21.992865599641508], [80.50437280863139, 21.990155328408015], [80.50727888924874, 21.99016408171189], [80.50728824663005, 21.987453808391088], [80.50729760255986, 21.98474353417177], [80.50730695703824, 21.98203325905404], [80.50731631006538, 21.979322983037978], [80.50732566164135, 21.97661270612367], [80.50441985686123, 21.976603958762713], [80.50442926212794, 21.973893682138705], [80.50152351394907, 21.97388488453736], [80.50153297288942, 21.971174608210635], [80.49862728131153, 21.971165760382945], [80.49572159121006, 21.971156861133604], [80.49573115893122, 21.968446586320482], [80.49282552543892, 21.96843763686593], [80.4928351467908, 21.965727362371013], [80.48992956990742, 21.965718362725276], [80.48702399452588, 21.965709311672203], [80.48703372459816, 21.96299903873268], [80.48412820583371, 21.962989937509562], [80.48122268858809, 21.962980784886305], [80.4812325273462, 21.960270513530027], [80.47832706672581, 21.96026131075787], [80.47542160764125, 21.960252056592786], [80.47541165868759, 21.962962325439843], [80.47250614604981, 21.962953018616858], [80.46960063496506, 21.962943660394185], [80.46959057425475, 21.96565392580577], [80.46668500962572, 21.965644514904422], [80.46667489223925, 21.96835477813846], [80.46666477328235, 21.971065040473977], [80.46665465275488, 21.973775301910877], [80.46664453065674, 21.976485562449078], [80.46663440698777, 21.979195822088485], [80.46954024727448, 21.979205239386093], [80.46953017719176, 21.98191549940602], [80.47243607419823, 21.981924866534534], [80.47242605771888, 21.984635126927987]]], [[[80.46952010554651, 21.98462575852702], [80.4666141549368, 21.98461633867058], [80.46662428174784, 21.981906080829017], [80.46371838787499, 21.98189661080364], [80.463728568272, 21.979186353349494], [80.46082273113575, 21.979176833169234], [80.4608124955818, 21.981887089330016], [80.45790660487681, 21.98187751640824], [80.4578963125693, 21.984587770369554], [80.46080225843964, 21.98459734459173], [80.46370820589833, 21.984606867358778], [80.4636980223419, 21.987317123014815], [80.46660402655456, 21.987326595613087], [80.46951003233859, 21.98733601674902], [80.46952010554651, 21.98462575852702]]], [[[80.46659389660095, 21.990036851656455], [80.46658376507584, 21.992747106800593], [80.46948988123421, 21.992756530495633], [80.46949995756786, 21.990046274071922], [80.46659389660095, 21.990036851656455]]], [[[80.45786542606477, 21.99271852685796], [80.45785512736883, 21.995428777221953], [80.46076129398622, 21.995438356646233], [80.46077153748257, 21.992728104981637], [80.45786542606477, 21.99271852685796]]], [[[80.46946972387758, 21.99817704064516], [80.46656349731063, 21.998167614390816], [80.46657363197912, 21.99545736104541], [80.4636674621925, 21.995447884587417], [80.46076129398622, 21.995438356646233], [80.460751048901, 21.998148607411323], [80.46365727231559, 21.998158136646165], [80.4636470808582, 22.000868387805365], [80.46655336107024, 22.000877866836728], [80.46945964285432, 22.00088729437079], [80.46946972387758, 21.99817704064516]]], [[[80.45784482707545, 21.998139026686403], [80.45783452518445, 22.000849275251205], [80.46074080222675, 22.000858857276814], [80.460751048901, 21.998148607411323], [80.45784482707545, 21.998139026686403]]], [[[80.46074080222675, 22.000858857276814], [80.46073055396333, 22.003569106242644], [80.46363688782021, 22.003578638064933], [80.4636470808582, 22.000868387805365], [80.46074080222675, 22.000858857276814]]], [[[80.46654322325782, 22.003588118383057], [80.46653308387324, 22.006298369029718], [80.46943947611727, 22.006307799123366], [80.46944956026759, 22.00359754719689], [80.46654322325782, 22.003588118383057]]], [[[80.47564009413075, 21.900625914889037], [80.47563017912273, 21.90333620347439], [80.47853448312964, 21.903345431229976], [80.48143878866962, 21.9033546077393], [80.48144859385805, 21.90064431664676], [80.47854434322792, 21.90063514138754], [80.47564009413075, 21.900625914889037]]], [[[80.4756202625731, 21.906046491163465], [80.47561034448174, 21.908756777956185], [80.47851475833373, 21.90876600822609], [80.48141917371905, 21.90877518723577], [80.48142898195667, 21.906064897935668], [80.47852462149828, 21.906055720176187], [80.4756202625731, 21.906046491163465]]], [[[80.4813013558969, 21.941298588896213], [80.48420643259809, 21.94130773156771], [80.48421620411217, 21.938597451785903], [80.48131118244058, 21.93858831035817], [80.48132100745802, 21.935878030922808], [80.4842259741086, 21.93588717110682], [80.48713094227669, 21.935896259960558], [80.48714065574296, 21.9331859771476], [80.48715036770034, 21.930475693437582], [80.48716007814897, 21.92776540883059], [80.48716978708902, 21.92505512332673], [80.4842650389201, 21.925046039419474], [80.48425527499309, 21.927756323686786], [80.48135047335434, 21.927747187233653], [80.48136029226822, 21.925036904209875], [80.48137010965652, 21.922326620289212], [80.4784654195084, 21.92231743502786], [80.4784555471419, 21.92502771769804], [80.47844567324131, 21.927737999471304], [80.47843579780647, 21.930448280347544], [80.47842592083725, 21.93315856032668], [80.47841604233354, 21.935868839408627], [80.47840616229519, 21.93857911759329], [80.47839628072205, 21.941289394880577], [80.4813013558969, 21.941298588896213]]], [[[80.47549120708211, 21.941280149520924], [80.47548126893624, 21.943990424652977], [80.47838639761405, 21.943999671270415], [80.47839628072205, 21.941289394880577], [80.47549120708211, 21.941280149520924]]], [[[80.472576141802, 21.943981126684637], [80.47256614706625, 21.946691399654295], [80.47547132924677, 21.946700698887433], [80.47548126893624, 21.943990424652977], [80.472576141802, 21.943981126684637]]], [[[80.47838639761405, 21.943999671270415], [80.478376512971, 21.946709946762702], [80.48128169823039, 21.94671914327997], [80.48129152782688, 21.94400886653684], [80.47838639761405, 21.943999671270415]]], [[[80.46966096643797, 21.946682049063373], [80.46965091509527, 21.94939231986346], [80.47255615077825, 21.94940167172622], [80.47256614706625, 21.946691399654295], [80.46966096643797, 21.946682049063373]]], [[[80.478376512971, 21.946709946762702], [80.47547132924677, 21.946700698887433], [80.47546138801361, 21.949410972224225], [80.47255615077825, 21.94940167172622], [80.47254615293787, 21.95211194290033], [80.4754514452366, 21.952121244663232], [80.47835673907932, 21.95213049505429], [80.48126203445746, 21.952139694073374], [80.4812718671073, 21.949429419125515], [80.47836662679279, 21.949420221357357], [80.478376512971, 21.946709946762702]]], [[[80.4725261525994, 21.95753248255475], [80.47543155505056, 21.95754178684761], [80.47833695904595, 21.957551039754634], [80.48124236457703, 21.957560241275726], [80.48414777163524, 21.957569391410765], [80.48705318021202, 21.957578490159644], [80.48706290575383, 21.954868214526307], [80.48415755225805, 21.95485911701448], [80.48125220028075, 21.954849968123476], [80.47834684983042, 21.954840767853405], [80.47544150091562, 21.954831516204397], [80.47253615354495, 21.954822213176538], [80.46963080772692, 21.954812858769955], [80.46962075170102, 21.957523126876186], [80.4725261525994, 21.95753248255475]]], [[[80.46951003233859, 21.98733601674902], [80.46949995756786, 21.990046274071922], [80.47240602009771, 21.99005564501792], [80.47241603968541, 21.98734538642248], [80.46951003233859, 21.98733601674902]]], [[[80.48111436141272, 21.99279371051023], [80.47820823905346, 21.99278449272164], [80.47821814981197, 21.99007423250112], [80.47531208418194, 21.990064964494362], [80.47240602009771, 21.99005564501792], [80.47239599895565, 21.99276590271423], [80.47530211823158, 21.99277522345627], [80.47529215073527, 21.995485481518998], [80.47528218169289, 21.998195738682462], [80.47818841292414, 21.998205010465192], [80.47819832675756, 21.99549475204303], [80.48110450431736, 21.995503971083288], [80.48111436141272, 21.99279371051023]]], [[[80.46948988123421, 21.992756530495633], [80.46947980333749, 21.99546678602007], [80.47238597625906, 21.99547615951131], [80.47239599895565, 21.99276590271423], [80.46948988123421, 21.992756530495633]]], [[[80.47818841292414, 21.998205010465192], [80.47817849755309, 22.00091526798805], [80.48108478553965, 22.000924489531783], [80.48109464569305, 21.99821423075717], [80.47818841292414, 21.998205010465192]]], [[[80.47816858064425, 22.003625524611518], [80.47526223896938, 22.003616250311232], [80.47527221110431, 22.000905994946567], [80.47236592620186, 22.000896670407446], [80.46945964285432, 22.00088729437079], [80.46944956026759, 22.00359754719689], [80.47235589884096, 22.00360692450632], [80.47234586992504, 22.006317177705622], [80.47525226528796, 22.006326504776364], [80.4781586621975, 22.006335780335494], [80.47816858064425, 22.003625524611518]]], [[[80.46943947611727, 22.006307799123366], [80.4694293904032, 22.009018050150125], [80.47233583945393, 22.00902743000525], [80.47234586992504, 22.006317177705622], [80.46943947611727, 22.006307799123366]]], [[[80.47813882068975, 22.011756289084637], [80.4781288976285, 22.014466542109638], [80.48103546183184, 22.01447576991287], [80.48394202745918, 22.014484946182943], [80.48393384928615, 22.016743491764288], [80.48684046259781, 22.016752617533474], [80.48974707742234, 22.016761691763794], [80.48975678069434, 22.01405143452249], [80.48685022113783, 22.01404236152323], [80.48394366309405, 22.014033236992088], [80.48394284529522, 22.01425908645123], [80.4839518401052, 22.011774690661287], [80.48685835209895, 22.011783814160754], [80.48976486560532, 22.011792886134174], [80.49267138061573, 22.011801906581432], [80.49266173385818, 22.014512165796468], [80.4955683056252, 22.014521135934498], [80.49847487887924, 22.014530054539144], [80.49848441511438, 22.011819792897032], [80.50139093458549, 22.01182865876516], [80.50429745552637, 22.011837473106684], [80.50720397792847, 22.011846235921517], [80.51011050178319, 22.01185494720954], [80.51011981552796, 22.009144679897926], [80.51254187381153, 22.009151895386054], [80.5125418737993, 22.00915189896409], [80.51278407955367, 22.00915261693461], [80.51302628557346, 22.009153338483994], [80.51302628558568, 22.009153334905953], [80.51544834504153, 22.009160514616813], [80.51545755606021, 22.006450244257216], [80.51546676565077, 22.003739972998623], [80.51256040488968, 22.003731359684195], [80.51255114007506, 22.006441626196118], [80.51012912782879, 22.006434411687152], [80.50722271447188, 22.00642570276315], [80.50721334692643, 22.009135969791934], [80.50430687977742, 22.00912720816613], [80.50140041408946, 22.009118395020618], [80.49849394987116, 22.00910953035549], [80.49558748713109, 22.009100614170876], [80.49268102587777, 22.00909164646688], [80.48977456611982, 22.0090826272436], [80.48686810786576, 22.00907355650115], [80.48396165112419, 22.00906443423964], [80.48397146062213, 22.006354176918432], [80.48106506064508, 22.00634500438289], [80.4781586621975, 22.006335780335494], [80.47814874221271, 22.009046035159898], [80.48105519590365, 22.00905526045919], [80.48104532963262, 22.011765515635876], [80.47813882068975, 22.011756289084637]]], [[[80.47233583945393, 22.00902743000525], [80.47232580742752, 22.011737681405137], [80.4752323132852, 22.011747011007685], [80.47813882068975, 22.011756289084637], [80.47814874221271, 22.009046035159898], [80.47524229005995, 22.00903675834188], [80.47233583945393, 22.00902743000525]]], [[[80.48143878866962, 21.9033546077393], [80.48142898195667, 21.906064897935668], [80.48433334393971, 21.906074024441786], [80.48434309573415, 21.903363733002248], [80.48143878866962, 21.9033546077393]]], [[[80.48433334393971, 21.906074024441786], [80.48432359062917, 21.908784314985105], [80.48722800905553, 21.908793391473996], [80.48723770743888, 21.906083099694442], [80.48433334393971, 21.906074024441786]]], [[[80.48141917371905, 21.90877518723577], [80.48140936395666, 21.911485475639516], [80.48431383580238, 21.91149460463212], [80.48432359062917, 21.908784314985105], [80.48141917371905, 21.90877518723577]]], [[[80.48722800905553, 21.908793391473996], [80.48721830916448, 21.911503682357292], [80.49012278403443, 21.911512708814925], [80.49013242898963, 21.908802416702336], [80.48722800905553, 21.908793391473996]]], [[[80.48431383580238, 21.91149460463212], [80.4843040794592, 21.914204893382735], [80.48720860776558, 21.914213972344232], [80.48721830916448, 21.911503682357292], [80.48431383580238, 21.91149460463212]]], [[[80.49012278403443, 21.911512708814925], [80.49011313757994, 21.914223000031207], [80.49301766889373, 21.914231976443556], [80.49302726040368, 21.911521684004907], [80.49012278403443, 21.911512708814925]]], [[[80.49009384017255, 21.919643579774508], [80.49010348962602, 21.916933290351103], [80.49011313757994, 21.914223000031207], [80.48720860776558, 21.914213972344232], [80.48719890485872, 21.916924261434737], [80.48718920044375, 21.91963454962871], [80.49009384017255, 21.919643579774508]]], [[[80.48137992551939, 21.919616335471762], [80.48137010965652, 21.922326620289212], [80.48427480133009, 21.92233575425532], [80.4842845622232, 21.919625468194425], [80.48137992551939, 21.919616335471762]]], [[[80.48999726313401, 21.946746424682697], [80.49000692759009, 21.944036144228956], [80.49291206385756, 21.944045134090235], [80.49292167177427, 21.94133485151628], [80.49293127819884, 21.93862456804509], [80.49294088313138, 21.93591428367676], [80.492950486572, 21.933203998411376], [80.49296008852085, 21.93049371224902], [80.49296968897805, 21.927783425189784], [80.49297928794373, 21.92507313723377], [80.492988885418, 21.922362848381045], [80.49299848140102, 21.91965255863171], [80.49009384017255, 21.919643579774508], [80.49008418921937, 21.922353868301347], [80.4900745367664, 21.925064155931526], [80.49006488281347, 21.927774442664965], [80.4900552273605, 21.93048472850156], [80.4900455704073, 21.93319501344124], [80.49003591195381, 21.93590529748391], [80.49002625199986, 21.93861558062947], [80.49001659054532, 21.94132586287785], [80.48711151081707, 21.941316822894958], [80.48710179282345, 21.944027103016225], [80.48709207332044, 21.946737382240077], [80.48999726313401, 21.946746424682697]]], [[[80.49580764725549, 21.946764355492505], [80.49290245444855, 21.946755415766873], [80.48999726313401, 21.946746424682697], [80.48998759717698, 21.949456704238983], [80.49289284354712, 21.949465696546103], [80.49579809140981, 21.9494746374877], [80.49580764725549, 21.946764355492505]]], [[[80.48707262978577, 21.95215793799521], [80.48706290575383, 21.954868214526307], [80.48996826075951, 21.95487726065885], [80.48997792971886, 21.95216698289773], [80.48707262978577, 21.95215793799521]]], [[[80.48996826075951, 21.95487726065885], [80.48995859029883, 21.95758753752225], [80.48705318021202, 21.957578490159644], [80.48704345316017, 21.960288764895132], [80.48994891833667, 21.96029781348784], [80.49285438501477, 21.960306810687197], [80.49286400188711, 21.957596533498478], [80.49287361726654, 21.954886255412], [80.48996826075951, 21.95487726065885]]], [[[80.48978426513041, 22.00637236745355], [80.4926906696445, 22.00638138545289], [80.4955970756538, 22.00639035193995], [80.49850348314976, 22.006399266914613], [80.5014098921238, 22.006408130376773], [80.50141936868862, 22.00369786483372], [80.50142884378404, 22.000987598391536], [80.50433514376452, 22.00099640794928], [80.50724144520574, 22.00100516600828], [80.50725080839439, 21.998294896282385], [80.504344562172, 21.99828613941223], [80.50143831741018, 21.99827733105033], [80.4985320741175, 21.998268471196788], [80.4985225452728, 22.00097873733517], [80.4956162482394, 22.000969824780274], [80.49270995269241, 22.000960860726966], [80.49271959197387, 21.99825059701521], [80.48981335314001, 21.998241582687402], [80.48690711580953, 21.998232516868384], [80.48691686401526, 21.995522254712043], [80.48401068340611, 21.995513138639662], [80.48110450431736, 21.995503971083288], [80.48109464569305, 21.99821423075717], [80.48400087999103, 21.99822339955827], [80.48399107505543, 22.000933659577655], [80.48398126859918, 22.003643918697737], [80.48688761486208, 22.003653038483463], [80.48689736609185, 22.000942778125545], [80.48980365864037, 22.000951845175354], [80.48979396263722, 22.003662106764104], [80.48978426513041, 22.00637236745355]]], [[[80.49590312412063, 21.91966148620021], [80.49591266365074, 21.91695119433888], [80.4959222016984, 21.914240901581156], [80.49301766889373, 21.914231976443556], [80.49300807589287, 21.916942267985853], [80.49299848140102, 21.91965255863171], [80.49590312412063, 21.91966148620021]]], [[[80.49589358310791, 21.922371777165058], [80.49588404061245, 21.925082067233337], [80.49587449663414, 21.92779235640496], [80.49586495117285, 21.930502644679834], [80.49585540422846, 21.93321293205788], [80.49584585580084, 21.935923218539], [80.49583630588985, 21.93863350412311], [80.49582675449538, 21.941343788810126], [80.49873183870011, 21.941352674759294], [80.49874133506435, 21.938642388863435], [80.49875082995366, 21.935932102070527], [80.49876032336816, 21.933221814380655], [80.49876981530797, 21.9305115257939], [80.49877930577323, 21.927801236310362], [80.49878879476404, 21.925090945930123], [80.49879828228053, 21.92238065465327], [80.49880776832285, 21.91967036247989], [80.49590312412063, 21.91966148620021], [80.49589358310791, 21.922371777165058]]], [[[80.49580764725549, 21.946764355492505], [80.4987128415463, 21.94677324385949], [80.4987223408608, 21.944062959758007], [80.4958172016173, 21.944054072599954], [80.49580764725549, 21.946764355492505]]], [[[80.49870334075648, 21.94948352706365], [80.50160859157859, 21.94949236527385], [80.5045138438676, 21.949501152118202], [80.5045232345453, 21.94679086651705], [80.50161803731241, 21.946782080867695], [80.4987128415463, 21.94677324385949], [80.49870334075648, 21.94948352706365]]], [[[80.49578853408013, 21.952184918585438], [80.49869383849122, 21.952193809370414], [80.49870334075648, 21.94948352706365], [80.49579809140981, 21.9494746374877], [80.49578853408013, 21.952184918585438]]], [[[80.50158969571015, 21.95491293139398], [80.50158024557528, 21.957623213107784], [80.50448566308393, 21.9576320035374], [80.5073910820513, 21.9576407425801], [80.50740042202251, 21.954930458483016], [80.50449505813704, 21.954921720628466], [80.50450445173155, 21.95221143682204], [80.50159914437788, 21.952202648782645], [80.49869383849122, 21.952193809370414], [80.4986843347504, 21.95490409077967], [80.50158969571015, 21.95491293139398]]], [[[80.49575985318592, 21.960315756493074], [80.49866532284155, 21.96032465090536], [80.49867482953388, 21.957614371291356], [80.49576941496831, 21.95760547808821], [80.49575985318592, 21.960315756493074]]], [[[80.49284476664937, 21.963017086978077], [80.495750289919, 21.963026034000126], [80.49575985318592, 21.960315756493074], [80.49285438501477, 21.960306810687197], [80.49284476664937, 21.963017086978077]]], [[[80.495750289919, 21.963026034000126], [80.4957407251675, 21.965736310609298], [80.49864630502893, 21.965745207440023], [80.50155188636656, 21.965754052863083], [80.5015613409036, 21.963043773842422], [80.50157079397313, 21.96033349392396], [80.49866532284155, 21.96032465090536], [80.49865581467327, 21.963034929621614], [80.495750289919, 21.963026034000126]]], [[[80.50154243036187, 21.96846433098585], [80.50444806828312, 21.968473126196443], [80.50445746917184, 21.965762846878366], [80.50155188636656, 21.965754052863083], [80.50154243036187, 21.96846433098585]]], [[[80.51010196290589, 22.014339344763307], [80.51010118659435, 22.014565213621893], [80.5125233369739, 22.01457243106846], [80.51252333696166, 22.014572434647466], [80.51276555186297, 22.01457315281267], [80.51300776715503, 22.014573874558085], [80.51300776716725, 22.01457387097907], [80.51542991871929, 22.014581052638654], [80.5154391325946, 22.011870784077324], [80.51277481631418, 22.01186288532292], [80.51011050178319, 22.01185494720954], [80.51010273912561, 22.014113502615317], [80.50719616932051, 22.014104790342543], [80.50428960086765, 22.014096026536826], [80.50138303387611, 22.014087211198582], [80.50137355167745, 22.01679747329418], [80.50428017393764, 22.016806289828516], [80.50718679765929, 22.016815054823336], [80.51009342283378, 22.016823768278527], [80.51010196290589, 22.014339344763307]]], [[[80.50450445173155, 21.95221143682204], [80.5074097605437, 21.952220173488488], [80.50741909761494, 21.949509887596587], [80.5045138438676, 21.949501152118202], [80.50450445173155, 21.95221143682204]]], [[[80.5073910820513, 21.9576407425801], [80.50738174062992, 21.960351025779648], [80.51028721613802, 21.960359714616523], [80.51027792836548, 21.963069998099687], [80.51269920498545, 21.963077196946948], [80.51269920497327, 21.963077200516732], [80.51294133249903, 21.96307791683123], [80.51318346041455, 21.963078636716713], [80.51318346042672, 21.96307863314692], [80.51560473821738, 21.96308579629942], [80.51561392497455, 21.960375510668776], [80.51319269310001, 21.96036834848998], [80.51320192432797, 21.957658066504315], [80.51295980581439, 21.957657346815196], [80.51562311030565, 21.957665224140634], [80.51563229421083, 21.95495493671507], [80.51321115414717, 21.954947776483564], [80.51322038250916, 21.952237492702114], [80.51031507080575, 21.95222885878188], [80.5074097605437, 21.952220173488488], [80.50740042202251, 21.954930458483016], [80.51030578735804, 21.954939144957528], [80.51296904045219, 21.954947060461336], [80.51272692623913, 21.954946344437573], [80.51271768726387, 21.957656627125964], [80.51029650246883, 21.957649430235776], [80.5073910820513, 21.9576407425801]]], [[[80.50445746917184, 21.965762846878366], [80.5073630534362, 21.965771589485765], [80.50737239775827, 21.963061308081567], [80.50446686860145, 21.96305256666244], [80.50445746917184, 21.965762846878366]]], [[[80.51024076285553, 21.97391112305476], [80.51023146787249, 21.976621402048686], [80.51289512530518, 21.97662932616476], [80.51265297416735, 21.976628609361452], [80.51264372370063, 21.97933888843652], [80.51263447179845, 21.982049166613418], [80.51262521846068, 21.984759443892074], [80.51261596368722, 21.987469720272383], [80.51260670749012, 21.99017999217963], [80.51018497131771, 21.990172783544885], [80.51017566767798, 21.992883057148823], [80.51016636259506, 21.99559332985412], [80.51283037361196, 21.995601261506152], [80.51258819075134, 21.995600544022402], [80.51257893024604, 21.99831081323238], [80.5101570560688, 21.998303601660687], [80.51014774809909, 22.001013872568443], [80.513054052436, 22.001022527629654], [80.51306330518666, 21.99831225554703], [80.51282111797579, 21.998311534390478], [80.51548518054803, 21.998319427784775], [80.51549438585495, 21.995609153829704], [80.51307255651464, 21.995601978990027], [80.51308180638343, 21.992891708685566], [80.51308180639562, 21.992891705110434], [80.51550358973425, 21.992898878975986], [80.51551279218603, 21.990188603223704], [80.51552199321041, 21.98747832657295], [80.51553119280753, 21.984768049023817], [80.51554039097749, 21.982057770576386], [80.51554958772044, 21.979347491230733], [80.51555878303648, 21.976637210986972], [80.51313727555828, 21.976630042965446], [80.51314651538712, 21.973919766369256], [80.51315575379436, 21.971209485302868], [80.51025005639623, 21.971200843162812], [80.51025934849471, 21.968490562372917], [80.51026863915108, 21.965780280685188], [80.5073630534362, 21.965771589485765], [80.5073537076636, 21.968481869992164], [80.50444806828312, 21.968473126196443], [80.50443866593521, 21.971183404616585], [80.50734436044033, 21.97119214960068], [80.50733501176629, 21.973902428311206], [80.51024076285553, 21.97391112305476]]], [[[80.50725080839439, 21.998294896282385], [80.5101570560688, 21.998303601660687], [80.51016636259506, 21.99559332985412], [80.50726017013102, 21.995584625657628], [80.50725080839439, 21.998294896282385]]], [[[80.50723208056493, 22.00371543483523], [80.5101384386858, 22.003724142577294], [80.51014774809909, 22.001013872568443], [80.50724144520574, 22.00100516600828], [80.50723208056493, 22.00371543483523]]]]}, "properties": {"confidence_band": "Low", "site_id": "balaghat", "cell_count": 4129}}, {"type": "Feature", "geometry": {"type": "MultiPolygon", "coordinates": [[[[80.1914445770741, 21.82629928488917], [80.19142934579372, 21.82900944073879], [80.19433197902092, 21.829023637602315], [80.19434715563797, 21.826313479813482], [80.1914445770741, 21.82629928488917]]], [[[80.20884518044865, 21.82909385625642], [80.20886008374622, 21.82638368887609], [80.20595749344777, 21.826369749138657], [80.2030549054792, 21.826355758363515], [80.20303989285327, 21.829065921928162], [80.20594253548592, 21.82907991461463], [80.20884518044865, 21.82909385625642]]], [[[80.18562408646581, 21.828980893880424], [80.18560874346974, 21.83169104493094], [80.18851142661454, 21.83170534583519], [80.18852671493917, 21.828995192831435], [80.18562408646581, 21.828980893880424]]], [[[80.21173297678685, 21.831817915231944], [80.2146356810574, 21.831831756674333], [80.21465047733031, 21.82912158640525], [80.21174782773295, 21.82910774685335], [80.21173297678685, 21.831817915231944]]], [[[80.18269066264918, 21.83438684116664], [80.18559339808381, 21.83440119508162], [80.18560874346974, 21.83169104493094], [80.18270606271484, 21.83167669297623], [80.18269066264918, 21.83438684116664]]], [[[80.18269066264918, 21.83438684116664], [80.18027171820557, 21.834374837021883], [80.17785277559254, 21.834362804514512], [80.17783728198165, 21.83707294852219], [80.1797724724932, 21.837082575842544], [80.17977247246083, 21.837082581517492], [80.18025626982165, 21.837084982671144], [80.1807400681018, 21.837087389504475], [80.18074006813413, 21.837087383829516], [80.18267526018491, 21.837096988457056], [80.18269066264918, 21.83438684116664]]], [[[80.18554734758466, 21.842531640133746], [80.18845024950028, 21.84254594885163], [80.1884655473516, 21.839835799447485], [80.18556270014147, 21.839821492683118], [80.18554734758466, 21.842531640133746]]], [[[80.17780628752067, 21.842493233836816], [80.17779078667017, 21.845203375143598], [80.18069373690514, 21.845217822042216], [80.18070918304217, 21.84250767876325], [80.17780628752067, 21.842493233836816]]], [[[80.18262903839846, 21.84522742492739], [80.18553199263717, 21.845241786684184], [80.18554734758466, 21.842531640133746], [80.18264444805975, 21.842517280337514], [80.18262903839846, 21.84522742492739]]], [[[80.20001662972773, 21.85073313898222], [80.20291970763961, 21.850747198062134], [80.20293473897985, 21.84803704169459], [80.20003171580002, 21.848022984533543], [80.20001662972773, 21.85073313898222]]], [[[80.21153970391062, 21.86705002229345], [80.21444311970802, 21.86706388831836], [80.21445794595768, 21.864353729745034], [80.21447276990025, 21.861643570271493], [80.21156946366224, 21.861629708029273], [80.21155458494422, 21.864339865611505], [80.21153970391062, 21.86705002229345]]], [[[80.20574786987268, 21.86431198393755], [80.20284451583163, 21.86429796639747], [80.20282947044731, 21.86700811736343], [80.20281442272162, 21.869718267428812], [80.20571788633794, 21.86973228879358], [80.20573287927174, 21.867022136815816], [80.20574786987268, 21.86431198393755]]], [[[80.17763564538272, 21.872304738670366], [80.17762011797122, 21.87501487006697], [80.18003974503294, 21.875026927230746], [80.1795558194669, 21.875024521483194], [80.17954032618333, 21.87773465329448], [80.18244393525038, 21.877749089752438], [80.18245937371807, 21.875038955972755], [80.18052367064904, 21.875029332978546], [80.18053914322088, 21.872319205294776], [80.17763564538272, 21.872304738670366]]], [[[80.18244393525038, 21.877749089752438], [80.18242849438082, 21.880459222630687], [80.18533216067432, 21.880473609881292], [80.1853475467193, 21.877763475041544], [80.18244393525038, 21.877749089752438]]], [[[80.18045143329617, 21.88767661580258], [80.18045143302801, 21.887676615801244], [80.18046175612395, 21.88586986312789], [80.17755798416451, 21.885855386637886], [80.17754503465545, 21.888113813791353], [80.177532083667, 21.890372264284164], [80.17946799208342, 21.890381917467614], [80.17946282360558, 21.89128529882656], [80.18236670687986, 21.891299745127586], [80.18238215735892, 21.888589615855953], [80.1804462715134, 21.88857998629994], [80.1804488522321, 21.888128307806884], [80.18045143329617, 21.88767661580258]]], [[[80.18235125399794, 21.89400987349734], [80.18525519454235, 21.894024270556486], [80.18527059255703, 21.89131414022488], [80.18236670687986, 21.891299745127586], [80.18235125399794, 21.89400987349734]]], [[[80.21139076617308, 21.89415153957799], [80.2142947302791, 21.894165424520484], [80.21430957961029, 21.891455274954158], [80.21140567037354, 21.891441391903733], [80.21139076617308, 21.89415153957799]]], [[[80.18523979413311, 21.89673439998619], [80.18814379194805, 21.896748747789385], [80.1881591374813, 21.894038616404735], [80.18525519454235, 21.894024270556486], [80.18523979413311, 21.89673439998619]]], [[[80.20847184298904, 21.89684774829693], [80.21137585965486, 21.89686168635098], [80.21139076617308, 21.89415153957799], [80.20848680438483, 21.89413760342306], [80.2055828449229, 21.894123616055875], [80.20556782864972, 21.89683375902365], [80.20847184298904, 21.89684774829693]]], [[[80.20555281004152, 21.899543901089935], [80.20556782864972, 21.89683375902365], [80.20266381664544, 21.896819718531283], [80.19975980698472, 21.896805626820026], [80.19685579967607, 21.89679148389003], [80.19395179472806, 21.89677728974148], [80.1910477921492, 21.896763044374545], [80.19103249911443, 21.89947317680532], [80.1939365565782, 21.899487424113318], [80.19684061641132, 21.899501620195952], [80.19974467860527, 21.899515765053046], [80.20264874315153, 21.899529858684428], [80.20555281004152, 21.899543901089935]]], [[[80.2170506255057, 21.921280723188055], [80.2170654429833, 21.918570580751883], [80.21708025815843, 21.915860437413787], [80.2170950710313, 21.913150293173846], [80.21710988160208, 21.910440148032166], [80.21420558579103, 21.91042630299027], [80.21419072029106, 21.913136446246376], [80.21417585248048, 21.915846588600665], [80.21416098235909, 21.918556730053055], [80.2141461099267, 21.921266870603443], [80.2170506255057, 21.921280723188055]]], [[[80.17912109572939, 21.950907871138057], [80.18202618805037, 21.95092236076999], [80.18204169143999, 21.948212251360328], [80.17913665416536, 21.94819776369873], [80.17912109572939, 21.950907871138057]]], [[[80.19072613879236, 21.95367563589642], [80.19074147942344, 21.95096552152125], [80.18783637990595, 21.950951185961767], [80.18493128277875, 21.950936799044623], [80.18491583203684, 21.95364690951388], [80.18782098421936, 21.953661298387473], [80.19072613879236, 21.95367563589642]]], [[[80.19072613879236, 21.95367563589642], [80.19071079577932, 21.956385749367886], [80.19361600779854, 21.956400037454568], [80.19363129574731, 21.953689922040553], [80.19072613879236, 21.95367563589642]]], [[[80.19360071747617, 21.959110151964843], [80.19650598694199, 21.959124390615194], [80.19652122219135, 21.956414274169276], [80.19361600779854, 21.956400037454568], [80.19360071747617, 21.959110151964843]]], [[[80.19649074932738, 21.961834506157366], [80.19939607624022, 21.961848695357315], [80.19941125877305, 21.959138577886417], [80.19650598694199, 21.959124390615194], [80.19649074932738, 21.961834506157366]]], [[[80.19938089135047, 21.964558811924437], [80.19936570410363, 21.967268927587703], [80.20227114356294, 21.96728306924506], [80.20228627571072, 21.96457295165991], [80.19938089135047, 21.964558811924437]]], [[[80.2022105914823, 21.978123530545975], [80.20219544758874, 21.98083364361084], [80.20510116502142, 21.98084774344332], [80.20511625377293, 21.978137628463205], [80.20513134018344, 21.97542751257893], [80.20514642425316, 21.972717395790575], [80.20516150598228, 21.970007278098226], [80.2022560090664, 21.96999318592633], [80.20224087222091, 21.972703301703632], [80.20222573302628, 21.975413416576874], [80.2022105914823, 21.978123530545975]]], [[[80.21380340569263, 21.98359985410681], [80.21670918759015, 21.98361375008353], [80.21672405807854, 21.980903628416247], [80.2138183313324, 21.980889734326908], [80.21380340569263, 21.98359985410681]]], [[[80.19925932735994, 21.98623971191497], [80.20216515275219, 21.986253867027504], [80.20218030134544, 21.983543755771375], [80.19927453111214, 21.98352960258123], [80.19925932735994, 21.98623971191497]]], [[[80.21088264299561, 21.986296023668416], [80.21378847773714, 21.986309972982593], [80.21380340569263, 21.98359985410681], [80.21089762611085, 21.983585906687075], [80.21088264299561, 21.986296023668416]]], [[[80.20796176997077, 21.98899213707996], [80.2108676575559, 21.989006139745474], [80.21088264299561, 21.986296023668416], [80.20797681057859, 21.9862820229044], [80.20796176997077, 21.98899213707996]]], [[[80.20504078660136, 21.991688194320353], [80.20794672702971, 21.99170225035107], [80.20796176997077, 21.98899213707996], [80.20505588471886, 21.988978082957793], [80.20504078660136, 21.991688194320353]]], [[[80.19051111976077, 21.991617142218015], [80.19049574337922, 21.994327243028074], [80.19340172719599, 21.994341558318023], [80.19341704839354, 21.99163145556441], [80.19051111976077, 21.991617142218015]]], [[[80.21374367997429, 21.994440324184232], [80.21664968256287, 21.994454227711145], [80.21666456228115, 21.99174410966065], [80.21375861487816, 21.991730208021387], [80.21374367997429, 21.994440324184232]]], [[[80.20502568614185, 21.994398304778308], [80.20211969287068, 21.99438419536851], [80.2021045348756, 21.99709430300609], [80.20208937452958, 21.99980440973881], [80.20499547819603, 21.999818522980036], [80.20501058334014, 21.99710841433157], [80.20502568614185, 21.994398304778308]]], [[[80.2108076925482, 21.999846595008975], [80.21371380321676, 21.999860553796356], [80.21372874275389, 21.997150439442585], [80.21082268728783, 21.997136482549983], [80.2108076925482, 21.999846595008975]]], [[[80.202013537528, 22.013354929826434], [80.20491991733255, 22.01336905264744], [80.20493503419164, 22.01065894852425], [80.20202870963185, 22.01064482761934], [80.202013537528, 22.013354929826434]]], [[[80.21074769033285, 22.0106870357967], [80.21073268396384, 22.01339714373112], [80.21363907077347, 22.013411111993452], [80.21365402189714, 22.0107010021639], [80.21074769033285, 22.0106870357967]]], [[[80.21362411733189, 22.016121220917885], [80.21653056171353, 22.016135139548535], [80.216545459901, 22.013425028735888], [80.21363907077347, 22.013411111993452], [80.21362411733189, 22.016121220917885]]], [[[80.21462088247978, 21.834541926044267], [80.217523643737, 21.83455571831807], [80.2175383876327, 21.83184554706455], [80.2146356810574, 21.831831756674333], [80.21462088247978, 21.834541926044267]]], [[[80.25235695550785, 21.83471724293068], [80.25525974595412, 21.834730371420697], [80.25527377896746, 21.83202017631522], [80.25237104320557, 21.83200704961812], [80.25235695550785, 21.83471724293068]]], [[[80.24944002267111, 21.837414253993625], [80.25234286561589, 21.837427435344885], [80.25235695550785, 21.83471724293068], [80.24945416725578, 21.83470406337939], [80.24944002267111, 21.837414253993625]]], [[[80.21749414905614, 21.83997605812754], [80.22039702199952, 21.839989803095445], [80.2204117157891, 21.837279631763593], [80.21750889754486, 21.83726588867243], [80.21749414905614, 21.83997605812754]]], [[[80.24071719619816, 21.840084587805844], [80.24362008720932, 21.840097924181794], [80.24363434339881, 21.83738773808705], [80.24073150708836, 21.83737440353205], [80.24071719619816, 21.840084587805844]]], [[[80.23491142087035, 21.840057761830398], [80.2348969983337, 21.84276794154243], [80.23779993958782, 21.842781381902313], [80.23781430741566, 21.84007120035532], [80.23491142087035, 21.840057761830398]]], [[[80.25520359204191, 21.84557114285889], [80.25521763379916, 21.84286095134708], [80.25231467924861, 21.842847817477878], [80.24941172689283, 21.842834632526493], [80.24939757569885, 21.845544820444943], [80.2523005827729, 21.845558007196498], [80.25520359204191, 21.84557114285889]]], [[[80.23197957982575, 21.845464627072328], [80.23196509807147, 21.848174803144154], [80.23486814652253, 21.848188298269342], [80.23488257355115, 21.84547812035544], [80.23197957982575, 21.845464627072328]]], [[[80.2464803627042, 21.84824176781686], [80.24938342230138, 21.848255007464616], [80.24939757569885, 21.845544820444943], [80.24649457082828, 21.84553158260439], [80.2464803627042, 21.84824176781686]]], [[[80.22033822395642, 21.850830479429288], [80.21743513213127, 21.850816726953738], [80.21742037215658, 21.853526891911276], [80.21740560988414, 21.856237055969032], [80.22030881120129, 21.856250812198823], [80.22032351872349, 21.853540646263916], [80.22033822395642, 21.850830479429288]]], [[[80.23189265547445, 21.861725670012557], [80.23190714850458, 21.859015498437934], [80.23192163927915, 21.8563053259637], [80.23193612779836, 21.85359515258993], [80.2319506140624, 21.850884978316717], [80.22904751313214, 21.850871430247413], [80.22903297212558, 21.85358160267144], [80.22901842885534, 21.856291774195956], [80.22900388332121, 21.859001944820868], [80.22898933552301, 21.861712114546098], [80.23189265547445, 21.861725670012557]]], [[[80.24645193981931, 21.85366213554492], [80.24935510889527, 21.85367537880728], [80.24936926670026, 21.850965193585427], [80.24646615236794, 21.850951952130398], [80.24645193981931, 21.85366213554492]]], [[[80.21448759153594, 21.85893340989784], [80.21739084531372, 21.85894721912691], [80.21740560988414, 21.856237055969032], [80.21450241086495, 21.856223248624147], [80.21448759153594, 21.85893340989784]]], [[[80.23184916284889, 21.869856179337784], [80.23475264941203, 21.869869689202], [80.2347670944161, 21.867159518484172], [80.23478153717258, 21.86444934686652], [80.23187816018859, 21.86443584068746], [80.2318636626468, 21.867146010462555], [80.23184916284889, 21.869856179337784]]], [[[80.2144282911511, 21.86977404599139], [80.21733176404845, 21.869787862757946], [80.21734653781269, 21.86707770320044], [80.21444311970802, 21.86706388831836], [80.2144282911511, 21.86977404599139]]], [[[80.22604219650009, 21.869829006157094], [80.22602758484167, 21.87253917042604], [80.22893112168565, 21.872552784448335], [80.22894567854206, 21.869842618322757], [80.22604219650009, 21.869829006157094]]], [[[80.22019106858735, 21.877932107277655], [80.22020579443056, 21.875221948543672], [80.223109381529, 21.875235666751358], [80.22312405027128, 21.872525505246298], [80.22022051798297, 21.87251178890927], [80.21731698798526, 21.87249802141513], [80.21730220962293, 21.875208179171896], [80.21728742896127, 21.877918336028173], [80.22019106858735, 21.877932107277655]]], [[[80.21716910086846, 21.89959955844975], [80.21718389993184, 21.896889408800668], [80.21719869669433, 21.89417925825038], [80.2142947302791, 21.894165424520484], [80.21427987863864, 21.89687557318561], [80.21426502468876, 21.899585720949464], [80.21716910086846, 21.89959955844975]]], [[[80.23168951611275, 21.899667977546958], [80.23459360597103, 21.8996815076844], [80.2346080757113, 21.89697134687049], [80.2317040407407, 21.89695781857641], [80.23168951611275, 21.899667977546958]]], [[[80.217154299504, 21.90230970719753], [80.22005843288004, 21.902323495349407], [80.22007317934927, 21.899613344723306], [80.21716910086846, 21.89959955844975], [80.217154299504, 21.90230970719753]]], [[[80.22877084673054, 21.902364552401156], [80.23167498922639, 21.902378135616548], [80.23168951611275, 21.899667977546958], [80.22878542851292, 21.89965439618197], [80.22877084673054, 21.902364552401156]]], [[[80.21712468987101, 21.907730001988828], [80.22002893306312, 21.90774379389755], [80.22004368411805, 21.905033645074184], [80.21713949583825, 21.905019855043914], [80.21712468987101, 21.907730001988828]]], [[[80.22875626268102, 21.905074707719216], [80.22874167636415, 21.90778486213608], [80.23164592867762, 21.90779844905248], [80.23166046008141, 21.90508829278508], [80.22875626268102, 21.905074707719216]]], [[[80.23160232091148, 21.915928912446965], [80.23450674027497, 21.915942453645957], [80.23452122351746, 21.913232298238743], [80.23161685909284, 21.91321875888351], [80.23160232091148, 21.915928912446965]]], [[[80.21703580572546, 21.92399086472221], [80.21702098364234, 21.926701005354268], [80.2199256114596, 21.926714810414126], [80.21994037857064, 21.924004667903127], [80.21703580572546, 21.92399086472221]]], [[[80.21989607035377, 21.93213509272965], [80.22280081043569, 21.93214885023693], [80.22281552714661, 21.92943870765818], [80.21991084205403, 21.929424952022988], [80.21989607035377, 21.93213509272965]]], [[[80.22569088880478, 21.93487269997508], [80.22859568844913, 21.93488635671875], [80.22861029745005, 21.93217621131885], [80.22570555280396, 21.932162556433386], [80.22569088880478, 21.93487269997508]]], [[[80.22859568844913, 21.93488635671875], [80.22858107717875, 21.93759650121646], [80.2314859340996, 21.93761010849327], [80.23150049036296, 21.934899962144275], [80.22859568844913, 21.93488635671875]]], [[[80.2343762897728, 21.940333811735957], [80.23728120622327, 21.94034731819941], [80.23729565471608, 21.937637169070868], [80.23439079328155, 21.937623664444793], [80.2343762897728, 21.940333811735957]]], [[[80.2401717292056, 21.943070923387136], [80.24307670516083, 21.94308432900872], [80.24309104584832, 21.940374177128376], [80.24018612491795, 21.940360773330273], [80.2401717292056, 21.943070923387136]]], [[[80.24596739546219, 21.94580783608521], [80.2488724308973, 21.94582114083641], [80.24888666374471, 21.943110986232018], [80.24598168334337, 21.943097683290404], [80.24596739546219, 21.94580783608521]]], [[[80.25176328852751, 21.948544549745385], [80.25466838341762, 21.948557753597687], [80.25757348050125, 21.94857090609547], [80.26047857976982, 21.948584007238576], [80.26049259465644, 21.94587384636747], [80.25758755043094, 21.945860747006087], [80.25468250839022, 21.945847596297003], [80.25177746854281, 21.945834394240393], [80.25176328852751, 21.948544549745385]]], [[[80.24002764907812, 21.970172374320953], [80.24293317575211, 21.970185798181117], [80.24583870465533, 21.970199170631524], [80.24874423577921, 21.970212491672015], [80.24875848852714, 21.967502345189477], [80.245853012514, 21.96748902595917], [80.24294753872132, 21.967475655325934], [80.24004206715767, 21.96746223328993], [80.23713659783162, 21.967448759851326], [80.23423113075168, 21.96743523501028], [80.23421660245197, 21.970145372372027], [80.23712212464189, 21.970158899051203], [80.24002764907812, 21.970172374320953]]], [[[80.22840556484535, 21.970118164786054], [80.2283909240543, 21.972828297547238], [80.23129649684404, 21.972841928896944], [80.23131108251695, 21.970131794283592], [80.22840556484535, 21.970118164786054]]], [[[80.25163556927461, 21.972935908685372], [80.25454115993384, 21.972949128701835], [80.25455530465476, 21.970238979522613], [80.2516497691152, 21.970225761302434], [80.25163556927461, 21.972935908685372]]], [[[80.22547065534701, 21.97552474478014], [80.22837628099107, 21.97553842940499], [80.2283909240543, 21.972828297547238], [80.22548535353673, 21.972814614781615], [80.22547065534701, 21.97552474478014]]], [[[80.21965941091021, 21.975497221262398], [80.21964460017004, 21.9782073466178], [80.22255027637836, 21.97822113596122], [80.22256503198388, 21.975511008732557], [80.21965941091021, 21.975497221262398]]], [[[80.21672405807854, 21.980903628416247], [80.21962978713165, 21.980917471069382], [80.21964460017004, 21.9782073466178], [80.21673892625995, 21.978193505844988], [80.21672405807854, 21.980903628416247]]], [[[80.22249123105767, 21.989061635837498], [80.22539713018065, 21.989075381217162], [80.22541183977694, 21.986365255737475], [80.22250599582306, 21.98635151222436], [80.22249123105767, 21.989061635837498]]], [[[80.21667943969166, 21.989033990705824], [80.21666456228115, 21.99174410966065], [80.2195705119919, 21.99175795983575], [80.21958533422516, 21.989047839000328], [80.21667943969166, 21.989033990705824]]], [[[80.25438542307965, 22.002760710066937], [80.25729162281709, 22.002773898352615], [80.25730573648148, 22.000063757319378], [80.25439959195802, 22.000050570823724], [80.25438542307965, 22.002760710066937]]], [[[80.25438542307965, 22.002760710066937], [80.25147922553946, 22.00274747028702], [80.25146499924149, 22.005457606829342], [80.25145077073752, 22.008167742467712], [80.25435707873098, 22.00818098584184], [80.25437125200402, 22.005470848406343], [80.25438542307965, 22.002760710066937]]], [[[80.239840010337, 22.005404125512214], [80.23982556091127, 22.008114253892117], [80.24273186002857, 22.00812770329755], [80.24274625422416, 22.005417573092544], [80.239840010337, 22.005404125512214]]], [[[80.25434290326028, 22.01089112237337], [80.25724926869103, 22.010904316029496], [80.25726338892206, 22.00819417770776], [80.25435707873098, 22.00818098584184], [80.25434290326028, 22.01089112237337]]], [[[80.25819049306662, 21.829323054168288], [80.25817651691484, 21.832033251957863], [80.26107925703924, 21.832046276545906], [80.26109317851477, 21.829336076977413], [80.25819049306662, 21.829323054168288]]], [[[80.27559299001808, 21.832110633661507], [80.27560663810965, 21.829400425303014], [80.27270394190516, 21.829387657734415], [80.26980124783492, 21.829374839117403], [80.26978749038923, 21.832085043980815], [80.27269023913645, 21.832097864348857], [80.27559299001808, 21.832110633661507]]], [[[80.27849574302562, 21.832123351918618], [80.27848214749399, 21.834833561116508], [80.28138495730495, 21.834846230048093], [80.28139849815052, 21.832136019120032], [80.27849574302562, 21.832123351918618]]], [[[80.28427428096505, 21.837569059670464], [80.28717714968047, 21.83758162819253], [80.28719058324546, 21.83487141472263], [80.28428776922495, 21.834858847916852], [80.28427428096505, 21.837569059670464]]], [[[80.25521763379916, 21.84286095134708], [80.25812059053595, 21.84287403413395], [80.25813457539681, 21.840163839937443], [80.25523167337015, 21.840150758936733], [80.25521763379916, 21.84286095134708]]], [[[80.26102354945048, 21.842887065838315], [80.26392651053423, 21.842900046460024], [80.2639403859743, 21.84018984871213], [80.26103747960104, 21.84017686986262], [80.26102354945048, 21.842887065838315]]], [[[80.28715027627375, 21.84300205243923], [80.29005325649709, 21.84301457331001], [80.29006663953452, 21.8403043599261], [80.2871637140233, 21.84029184076477], [80.28715027627375, 21.84300205243923]]], [[[80.27259425998163, 21.851069285506256], [80.27549739384185, 21.851082067029065], [80.27551105681849, 21.848371864956672], [80.27260797769506, 21.84835908517836], [80.27259425998163, 21.851069285506256]]], [[[80.27834607568228, 21.861935603703245], [80.28124943282211, 21.861948289940017], [80.2812629947662, 21.859238087993056], [80.27835969239761, 21.859225403487084], [80.27834607568228, 21.861935603703245]]], [[[80.28124943282211, 21.861948289940017], [80.28123586876718, 21.86465849098838], [80.28413928279777, 21.864671127816464], [80.28415279207276, 21.86196092504421], [80.28124943282211, 21.861948289940017]]], [[[80.25799462876795, 21.86726574145984], [80.26089808045872, 21.86727878917973], [80.26091203013884, 21.864568601293076], [80.25800863323506, 21.864555555352943], [80.25799462876795, 21.86726574145984]]], [[[80.26669114808502, 21.870014921709224], [80.26959466105892, 21.87002781775124], [80.2696084485222, 21.867317625466175], [80.2667049903444, 21.867304731183058], [80.26669114808502, 21.870014921709224]]], [[[80.28694845882575, 21.883655119764246], [80.28693498757417, 21.886365317062413], [80.28983884435053, 21.886377865292705], [80.28985226075358, 21.883667666284104], [80.28694845882575, 21.883655119764246]]], [[[80.26078640485086, 21.888960259893363], [80.26369029731704, 21.888973270652457], [80.26370420951389, 21.886263088188805], [80.26080037190313, 21.886250079203016], [80.26078640485086, 21.888960259893363]]], [[[80.28401760468938, 21.889062912317854], [80.28692151422722, 21.8890755134613], [80.28693498757417, 21.886365317062413], [80.2840311328932, 21.886352717636445], [80.28401760468938, 21.889062912317854]]], [[[80.27820979193454, 21.889037556423627], [80.2753058887346, 21.88902480167315], [80.27240198766434, 21.88901199572064], [80.2694980887323, 21.88899913856625], [80.26659419194702, 21.88898623021014], [80.26369029731704, 21.888973270652457], [80.26367638295636, 21.89168345221624], [80.2636624664317, 21.89439363288006], [80.2665664707985, 21.894406595970583], [80.26658033245049, 21.891696413540316], [80.26948428410009, 21.891709323655842], [80.27238823789662, 21.891722182562663], [80.27529219383155, 21.89173499026063], [80.27819615189635, 21.891747746749584], [80.2811001120825, 21.89176045202937], [80.28111369725565, 21.889050259971913], [80.27820979193454, 21.889037556423627]]], [[[80.2665664707985, 21.894406595970583], [80.26655260699083, 21.89711677750087], [80.26945666839465, 21.89712969113542], [80.26947047732092, 21.894419507845594], [80.2665664707985, 21.894406595970583]]], [[[80.27233321743986, 21.902562920932162], [80.27234697576229, 21.899852737689756], [80.27236073194577, 21.897142553547308], [80.26945666839465, 21.89712969113542], [80.26944285732107, 21.899839873525238], [80.26942904410002, 21.902550055014952], [80.27233321743986, 21.902562920932162]]], [[[80.272278162757, 21.913403644899628], [80.27226439373709, 21.916113823640504], [80.27225062257713, 21.918824001480818], [80.27515512762824, 21.91883682663687], [80.27516884383816, 21.91612664705046], [80.27518255791658, 21.913416466563547], [80.27519626986367, 21.910706285176218], [80.27520997967963, 21.907996102888553], [80.27522368736462, 21.905285919700646], [80.2723194569783, 21.905273103274443], [80.27230569437742, 21.907983284716504], [80.27229192963705, 21.910693465258262], [80.272278162757, 21.913403644899628]]], [[[80.26067459021272, 21.91064167301085], [80.2635789218294, 21.91065469795873], [80.26359285134194, 21.907944522696564], [80.26068857464894, 21.90793149952251], [80.26067459021272, 21.91064167301085]]], [[[80.26356499015158, 21.9133648723203], [80.26066060360267, 21.913351845598534], [80.26064661481861, 21.916062017285476], [80.26063262386037, 21.918772188071593], [80.26353712029933, 21.918785218341334], [80.26355105630829, 21.916075045781202], [80.26356499015158, 21.9133648723203]]], [[[80.27514140928665, 21.92154700532268], [80.27512768881317, 21.9242571831078], [80.278032305922, 21.924269960463466], [80.27804597142817, 21.921559780939095], [80.27805963481102, 21.918849600514108], [80.27515512762824, 21.91883682663687], [80.27514140928665, 21.92154700532268]]], [[[80.26350924178374, 21.924205560758953], [80.26641385031314, 21.92421854328478], [80.26642773568739, 21.921508370759277], [80.26352318212454, 21.921495390000615], [80.26350924178374, 21.924205560758953]]], [[[80.25768597877544, 21.92688960813289], [80.2605906379386, 21.926902695024058], [80.26060463542056, 21.92419252694097], [80.25770003123212, 21.924179441830994], [80.25768597877544, 21.92688960813289]]], [[[80.27800496853895, 21.929690316809975], [80.2751002414699, 21.929677535975635], [80.27508651459975, 21.93238771105817], [80.27507278559702, 21.93509788523966], [80.27797762266043, 21.93511066955293], [80.27799129666171, 21.932400493631942], [80.27800496853895, 21.929690316809975]]], [[[80.27214037623419, 21.94050539177203], [80.27504532119303, 21.940518230899162], [80.27505905446151, 21.937808058520016], [80.27215416452104, 21.9377952211395], [80.27214037623419, 21.94050539177203]]], [[[80.26922158796181, 21.943202669287892], [80.27212658580568, 21.94321556150319], [80.27214037623419, 21.94050539177203], [80.26923543341707, 21.940492501310384], [80.26922158796181, 21.943202669287892]]], [[[80.2663026896276, 21.94589989104652], [80.26920774035615, 21.945912836363867], [80.26922158796181, 21.943202669287892], [80.26631659226834, 21.943189725731248], [80.26341159873382, 21.94317673083341], [80.26339764105818, 21.945886894381], [80.2663026896276, 21.94589989104652]]], [[[80.25452701301772, 21.975659276978213], [80.25743266100054, 21.975672447366648], [80.25744675278824, 21.972962297300906], [80.25454115993384, 21.972949128701835], [80.25452701301772, 21.975659276978213]]], [[[80.257418567026, 21.978382596529553], [80.26032427233277, 21.9783957172759], [80.26033831117017, 21.975685566330565], [80.25743266100054, 21.975672447366648], [80.257418567026, 21.978382596529553]]], [[[80.26023999355424, 21.994656603984428], [80.26314603204312, 21.9946696839532], [80.2631600287654, 21.9919595366506], [80.26317402331684, 21.989249388444755], [80.26318801569764, 21.986539239335734], [80.26320200590798, 21.98382908932364], [80.26321599394804, 21.98111893840856], [80.26031023131692, 21.981105867318362], [80.26029618812241, 21.983816016457858], [80.26028214274908, 21.986526164694308], [80.26026809519672, 21.989236312027607], [80.26025404546517, 21.991946458457676], [80.26023999355424, 21.994656603984428]]], [[[80.25730573648148, 22.000063757319378], [80.26021188319345, 22.000076892327616], [80.26022593946372, 21.997366748607774], [80.25731984795736, 21.997353615382504], [80.25730573648148, 22.000063757319378]]], [[[80.28635373915698, 22.00290294899084], [80.28925996249916, 22.002915570829373], [80.2892734687976, 22.000205410567194], [80.28636730067143, 22.000192790441808], [80.28635373915698, 22.00290294899084]]], [[[80.28344751791788, 22.00289027565634], [80.28343389907599, 22.00560043158209], [80.28634017553945, 22.005613106636783], [80.28635373915698, 22.00290294899084], [80.28344751791788, 22.00289027565634]]], [[[80.27758015184835, 22.013705378936997], [80.28048658980305, 22.01371816220005], [80.28050027023083, 22.011008010711688], [80.27759388752582, 22.010995229182996], [80.27758015184835, 22.013705378936997]]], [[[80.25722102166102, 22.01632458996087], [80.26012749978644, 22.016337735668277], [80.26014156913917, 22.013627597371283], [80.25723514627074, 22.01361445344724], [80.25722102166102, 22.01632458996087]]], [[[80.27465992295808, 22.016402691259408], [80.27756641404137, 22.016415527787352], [80.27758015184835, 22.013705378936997], [80.27467371602313, 22.01369254415047], [80.27465992295808, 22.016402691259408]]], [[[80.3076407346926, 21.80785565037181], [80.31054301871603, 21.807867792066688], [80.31055599246226, 21.805157555254425], [80.30765376304147, 21.805145415219382], [80.3076407346926, 21.80785565037181]]], [[[80.31051706515693, 21.813288263002505], [80.31341946043369, 21.813300357008682], [80.31343238360458, 21.810590120335934], [80.31053004294765, 21.810578027982736], [80.31051706515693, 21.813288263002505]]], [[[80.31340653524884, 21.816010592785116], [80.31630898716813, 21.81602263742867], [80.31632185772446, 21.813312400006172], [80.31341946043369, 21.813300357008682], [80.31340653524884, 21.816010592785116]]], [[[80.31630898716813, 21.81602263742867], [80.31629611460615, 21.818732873954822], [80.3191986231683, 21.818744869221725], [80.31921144109307, 21.816034631056414], [80.31630898716813, 21.81602263742867]]], [[[80.31918580324623, 21.82145510649066], [80.32208836845157, 21.821467052366884], [80.32210113372776, 21.818756813465704], [80.3191986231683, 21.818744869221725], [80.31918580324623, 21.82145510649066]]], [[[80.32207560118643, 21.824177290371658], [80.3249782230353, 21.82418918684317], [80.32499093564589, 21.82147894721307], [80.32208836845157, 21.821467052366884], [80.32207560118643, 21.824177290371658]]], [[[80.3249782230353, 21.82418918684317], [80.32496550844411, 21.826899425576837], [80.32786818693688, 21.826911272629612], [80.32788084686483, 21.824201032277525], [80.3249782230353, 21.82418918684317]]], [[[80.32785552503667, 21.829621512085236], [80.33075826017365, 21.829633309705233], [80.33077086740192, 21.826923068638106], [80.32786818693688, 21.826911272629612], [80.32785552503667, 21.829621512085236]]], [[[80.33366099727455, 21.82964505627384], [80.33075826017365, 21.829633309705233], [80.33074565098147, 21.832343549875866], [80.33364844276298, 21.83235529804907], [80.33655123650007, 21.832366995163756], [80.33656373633085, 21.82965675179091], [80.33366099727455, 21.82964505627384]]], [[[80.33359820515938, 21.843196256183795], [80.3336107674942, 21.840486017995214], [80.33070781161972, 21.8404742650079], [80.32780485770982, 21.840462460941293], [80.32779218594577, 21.843172695913243], [80.3306951945702, 21.843184501591654], [80.33359820515938, 21.843196256183795]]], [[[80.29005325649709, 21.84301457331001], [80.29003987137563, 21.84572478579613], [80.29002648416999, 21.848434997384373], [80.29292957592749, 21.848447470576065], [80.2929429084038, 21.84573725728523], [80.29295623880445, 21.843027043096583], [80.29005325649709, 21.84301457331001]]], [[[80.32487645083438, 21.84587107160485], [80.32777951220842, 21.845882929988203], [80.32779218594577, 21.843172695913243], [80.3248891792946, 21.843160839148723], [80.32487645083438, 21.84587107160485]]], [[[80.3219606062689, 21.84856939206165], [80.32486372039222, 21.848581303163822], [80.32487645083438, 21.84587107160485], [80.32197339144231, 21.845859162128534], [80.3219606062689, 21.84856939206165]]], [[[80.31903180832963, 21.853977883768074], [80.32193502994998, 21.85398984923589], [80.32194781910485, 21.851279621097465], [80.3219606062689, 21.84856939206165], [80.31905749413625, 21.848557429859692], [80.3190446522326, 21.8512676572626], [80.31903180832963, 21.853977883768074]]], [[[80.29290290474711, 21.853867894463917], [80.28999970350536, 21.853855417866857], [80.28998631004603, 21.856565626760933], [80.28997291450179, 21.85927583475677], [80.29287622526186, 21.859288314759443], [80.29288956604267, 21.856578105060763], [80.29290290474711, 21.853867894463917]]], [[[80.31608988070718, 21.862096536397342], [80.31899326462297, 21.86210855789891], [80.31900611452498, 21.859398334086315], [80.3161027853827, 21.85938631422486], [80.31608988070718, 21.862096536397342]]], [[[80.2899461171579, 21.864696248053395], [80.29284953747039, 21.864708731461928], [80.29286288240449, 21.86199852355986], [80.28995951687247, 21.86198604185429], [80.2899461171579, 21.864696248053395]]], [[[80.29283619045935, 21.86741893846555], [80.29282284137125, 21.87012914457065], [80.29280949020585, 21.872839349777138], [80.29279613696302, 21.87554955408491], [80.29569977856026, 21.87556199313785], [80.29571307698835, 21.872851787133843], [80.29572637334752, 21.870141580231184], [80.29573966763793, 21.867431372429976], [80.29283619045935, 21.86741893846555]]], [[[80.31895470291613, 21.870239223949547], [80.32185825320413, 21.87025119921638], [80.32187105430745, 21.867540976464138], [80.31896755881871, 21.86752900283062], [80.31895470291613, 21.870239223949547]]], [[[80.32183264502129, 21.875671642026763], [80.32473630692569, 21.875683569390873], [80.32474905719673, 21.872973346808276], [80.32184545010878, 21.87296142107062], [80.32183264502129, 21.875671642026763]]], [[[80.32472355467087, 21.87839379107535], [80.32762727338425, 21.87840566888932], [80.32763997081392, 21.875695445585297], [80.32473630692569, 21.875683569390873], [80.32472355467087, 21.87839379107535]]], [[[80.28986567506996, 21.88095746637638], [80.29276942424433, 21.880969960003995], [80.29278278164257, 21.878259757493893], [80.28987908729985, 21.878247265569616], [80.28986567506996, 21.88095746637638]]], [[[80.32762727338425, 21.87840566888932], [80.32761457397913, 21.881115891295178], [80.33051834950184, 21.88112771954496], [80.33053099407309, 21.878417495526477], [80.32762727338425, 21.87840566888932]]], [[[80.33049305445792, 21.88654816488729], [80.33339694164138, 21.88655994516461], [80.33340953529587, 21.883849721336816], [80.33050570296352, 21.883837942665263], [80.33049305445792, 21.88654816488729]]], [[[80.33627574732603, 21.89199212240222], [80.33628829003014, 21.88928189877222], [80.33630083078374, 21.886571674243896], [80.33339694164138, 21.88655994516461], [80.333384346028, 21.88927016809409], [80.33337174845556, 21.89198039012518], [80.3333591489239, 21.894690611257797], [80.33626320267122, 21.894702345133787], [80.33627574732603, 21.89199212240222]]], [[[80.33044244075967, 21.897389044790863], [80.33334654743284, 21.897400831491826], [80.3333591489239, 21.894690611257797], [80.33045509713595, 21.89467882616283], [80.33044244075967, 21.897389044790863]]], [[[80.32752562281664, 21.900087422980384], [80.32751290760187, 21.902797638197804], [80.33041712210267, 21.902809479350697], [80.33042978241531, 21.900099262520186], [80.32752562281664, 21.900087422980384]]], [[[80.32454481470862, 21.916336800304975], [80.32744930187029, 21.916348700798768], [80.32746202697155, 21.913638490077016], [80.32747475009516, 21.910928278455952], [80.3274874712413, 21.908218065935674], [80.32750019041016, 21.90550785251626], [80.32459592297583, 21.905495958503604], [80.32458314888794, 21.908206170302822], [80.32457037281422, 21.91091638120285], [80.32455759475451, 21.913626591203595], [80.32454481470862, 21.916336800304975]]], [[[80.32742384573423, 21.921769119543974], [80.33032844478895, 21.921780971990202], [80.33034111888408, 21.91907076145384], [80.32743657479125, 21.919058910621118], [80.32742384573423, 21.921769119543974]]], [[[80.33032844478895, 21.921780971990202], [80.33031576872422, 21.924491181627054], [80.33322042471914, 21.924502984391246], [80.33323304581327, 21.921792773147804], [80.33032844478895, 21.921780971990202]]], [[[80.33320780166379, 21.927213194735135], [80.33611251459925, 21.927224947803232], [80.3361250826753, 21.92451473585967], [80.33322042471914, 21.924502984391246], [80.33320780166379, 21.927213194735135]]], [[[80.33296759075735, 21.97870702023708], [80.33587334992353, 21.978718803709953], [80.33588595513216, 21.976008608873524], [80.33298025110771, 21.975996827001442], [80.33296759075735, 21.97870702023708]]], [[[80.33006183355575, 21.97869518532876], [80.33004911609069, 21.98140537605525], [80.33295492844242, 21.9814172125714], [80.33296759075735, 21.97870702023708], [80.33006183355575, 21.97869518532876]]], [[[80.33002367524054, 21.986825754803736], [80.33003639665235, 21.98411556588027], [80.33004911609069, 21.98140537605525], [80.32714330571226, 21.981393488096806], [80.3271305311154, 21.984103676306955], [80.32711775453653, 21.98681386361549], [80.33002367524054, 21.986825754803736]]], [[[80.30096455842573, 21.986704527412986], [80.30095128329171, 21.989414698970414], [80.30385724102204, 21.989427054936435], [80.30387046098198, 21.986716881701117], [80.30096455842573, 21.986704527412986]]], [[[80.31838706026488, 21.989488062834464], [80.32129303017179, 21.98950011002663], [80.3213059190836, 21.986789926870745], [80.31840000435182, 21.98677788131455], [80.31838706026488, 21.989488062834464]]], [[[80.29512598645964, 21.992099999931384], [80.29803199524491, 21.992112460512757], [80.29804532762078, 21.989402291542604], [80.29513937401778, 21.98938983265316], [80.29512598645964, 21.992099999931384]]], [[[80.32709219543204, 21.99223423552735], [80.32710497597546, 21.989524050022318], [80.32419900207816, 21.989512105755953], [80.32129303017179, 21.98950011002663], [80.3212801392605, 21.992210292280586], [80.32418616635074, 21.99222228963895], [80.32709219543204, 21.99223423552735]]], [[[80.29220653492554, 21.99479765255824], [80.29511259682481, 21.99481016630706], [80.29512598645964, 21.992099999931384], [80.29221997975102, 21.992087487881538], [80.29220653492554, 21.99479765255824]]], [[[80.2892734687976, 22.000205410567194], [80.29217963901812, 22.000217979203445], [80.29219308801463, 21.997507816332238], [80.28928697300172, 21.997495249402082], [80.2892734687976, 22.000205410567194]]], [[[80.33864093174311, 22.008542636980675], [80.33573456349514, 22.008530887407804], [80.33282819720502, 22.008519086322465], [80.33284087917484, 22.00580890300623], [80.32993457008685, 22.00579705201697], [80.3299218328813, 22.008507233724796], [80.32990909370076, 22.011217414530265], [80.32989635254508, 22.013927594433298], [80.33280282736594, 22.01393945024798], [80.33281551326877, 22.011229268736415], [80.33572193480335, 22.011241071423246], [80.33862835829595, 22.01125282259061], [80.33864093174311, 22.008542636980675]]], [[[80.35988214956068, 21.808066398587748], [80.36278446868093, 21.80807762235787], [80.36279645955082, 21.805367356860692], [80.35989419503618, 21.80535613462492], [80.35988214956068, 21.808066398587748]]], [[[80.35983394888223, 21.818907445486065], [80.35982189401771, 21.821617704971953], [80.36272448629377, 21.821628936414672], [80.3627364865101, 21.81891867539415], [80.35983394888223, 21.818907445486065]]], [[[80.3568950789343, 21.827026935698704], [80.35979777865367, 21.827038221256668], [80.35980983727491, 21.824327963562183], [80.35690719222059, 21.824316679545937], [80.3568950789343, 21.827026935698704]]], [[[80.35398021125522, 21.8297258528032], [80.3568829637609, 21.829737190955587], [80.3568950789343, 21.827026935698704], [80.35399238110203, 21.82701559909506], [80.35398021125522, 21.8297258528032]]], [[[80.34816243083378, 21.832413273034593], [80.35106523422095, 21.83242471485462], [80.35107746064533, 21.829714463598293], [80.34817471193976, 21.82970302334101], [80.34816243083378, 21.832413273034593]]], [[[80.35101630947717, 21.843265710917215], [80.35102854352039, 21.84055546324615], [80.34812557603728, 21.840544016737528], [80.34522261046764, 21.84053251914877], [80.34521026699323, 21.843242763686906], [80.34811328727838, 21.843254262845612], [80.35101630947717, 21.843265710917215]]], [[[80.35100407352884, 21.845975957691746], [80.3539071523571, 21.845987356232158], [80.35391933358106, 21.843277107901564], [80.35101630947717, 21.843265710917215], [80.35100407352884, 21.845975957691746]]], [[[80.3539071523571, 21.845987356232158], [80.35389496923638, 21.848697603666178], [80.35679810469442, 21.848708952661372], [80.3568102330821, 21.84599870367821], [80.3539071523571, 21.845987356232158]]], [[[80.35678597441834, 21.851419200747934], [80.35968916650651, 21.85143050018388], [80.35970124204086, 21.848720250555093], [80.35679810469442, 21.848708952661372], [80.35678597441834, 21.851419200747934]]], [[[80.35966500979755, 21.856850996751465], [80.36256831327509, 21.856862248149493], [80.36258033781073, 21.854151998778704], [80.35967708909213, 21.854140748916034], [80.35966500979755, 21.856850996751465]]], [[[80.36256831327509, 21.856862248149493], [80.3625562868676, 21.859572496623528], [80.36545964698458, 21.85958369842731], [80.36547161862444, 21.85687344842484], [80.36256831327509, 21.856862248149493]]], [[[80.36543569811428, 21.865004195741818], [80.36833916965584, 21.865015349458915], [80.36835109023797, 21.86230509972853], [80.36544767348124, 21.862293947533004], [80.36543569811428, 21.865004195741818]]], [[[80.36832724721845, 21.867725598292388], [80.37123077540875, 21.86773670238027], [80.37124264305264, 21.86502645203214], [80.36833916965584, 21.865015349458915], [80.36832724721845, 21.867725598292388]]], [[[80.37121890591798, 21.87044695183146], [80.37120703458018, 21.873157200385617], [80.37411067423025, 21.87316825633803], [80.37412249075734, 21.87045800627608], [80.37121890591798, 21.87044695183146]]], [[[80.36244796494182, 21.883964692521232], [80.36535181835099, 21.883975908083492], [80.3653638067677, 21.881265666155308], [80.36246000820292, 21.88125445212199], [80.36244796494182, 21.883964692521232]]], [[[80.37407521361632, 21.8812990011411], [80.37117140948294, 21.881287940665004], [80.3711595307554, 21.88399818563014], [80.37114765018003, 21.886708429697805], [80.37405156401162, 21.88671949318998], [80.37406338973362, 21.884009247614248], [80.37407521361632, 21.8812990011411]]], [[[80.342108614911, 21.886594978807807], [80.34501250987883, 21.886606554292158], [80.34502488412728, 21.88389632411109], [80.3421210440112, 21.8838847502046], [80.342108614911, 21.886594978807807]]], [[[80.34500013370561, 21.88931678357514], [80.34498775560746, 21.892027011959964], [80.34789176222951, 21.89203853938763], [80.34790408545867, 21.889328309431814], [80.34791640677143, 21.886618078577904], [80.34501250987883, 21.886606554292158], [80.34500013370561, 21.88931678357514]]], [[[80.36242387279925, 21.88938517062671], [80.36532783592271, 21.889396389247025], [80.36533982806937, 21.8866861491141], [80.36243591980733, 21.88667493202284], [80.36242387279925, 21.88938517062671]]], [[[80.37402790704911, 21.892139981648818], [80.37693193245276, 21.892150996943357], [80.37694370698324, 21.889440751661542], [80.37695547968264, 21.886730505482188], [80.37405156401162, 21.88671949318998], [80.37403973645016, 21.88942973786819], [80.37402790704911, 21.892139981648818]]], [[[80.37398057104569, 21.902980947793555], [80.37396873244427, 21.90569118708485], [80.37687303232883, 21.905702209886186], [80.37688481601701, 21.902991969093417], [80.37398057104569, 21.902980947793555]]], [[[80.37104064182378, 21.91110058590576], [80.37394504971961, 21.91111166297298], [80.3739568920023, 21.908401425478026], [80.37105253903663, 21.90839034991937], [80.37104064182378, 21.91110058590576]]], [[[80.36811232591766, 21.916509923822257], [80.37101684184974, 21.916521055183374], [80.37102874276154, 21.913810820993795], [80.36812428177655, 21.913799691148323], [80.36811232591766, 21.916509923822257]]], [[[80.36520781184383, 21.916498741184657], [80.36519579917122, 21.919208971437307], [80.36810036820052, 21.919220155597593], [80.36811232591766, 21.916509923822257], [80.36520781184383, 21.916498741184657]]], [[[80.36226709112638, 21.924618190743164], [80.36517176822498, 21.92462942924629], [80.36518378463165, 21.9219192007912], [80.36227916250544, 21.921907963817873], [80.36226709112638, 21.924618190743164]]], [[[80.35935028766792, 21.927317125432385], [80.3622550178715, 21.92732841676949], [80.36226709112638, 21.924618190743164], [80.35936241590359, 21.924606900942887], [80.35935028766792, 21.927317125432385]]], [[[80.34190948626748, 21.929958514253105], [80.34192194632017, 21.92724830003063], [80.33901722948757, 21.92723664956845], [80.33611251459925, 21.927224947803232], [80.33609994457036, 21.92993515884721], [80.33900471444669, 21.92994686220516], [80.34190948626748, 21.929958514253105]]], [[[80.35933815754778, 21.93002734902277], [80.35935028766792, 21.927317125432385], [80.35644555934886, 21.927305782791294], [80.35354083292285, 21.92729438884633], [80.35352859282453, 21.930004609342006], [80.35643337423954, 21.930016004837807], [80.35933815754778, 21.93002734902277]]], [[[80.37089773097173, 21.943623347644916], [80.37088580970446, 21.946333571945686], [80.37379093246977, 21.94634466862922], [80.3738027986958, 21.94363444281916], [80.37089773097173, 21.943623347644916]]], [[[80.36506353651892, 21.949021444880128], [80.36796871062225, 21.949032645793682], [80.36798068879058, 21.946322423908732], [80.3650755697367, 21.94631122451848], [80.36506353651892, 21.949021444880128]]], [[[80.36214627413996, 21.95172041053801], [80.36505150143243, 21.951731664342052], [80.36506353651892, 21.949021444880128], [80.36215836428428, 21.949010192606426], [80.36214627413996, 21.95172041053801]]], [[[80.3592289016369, 21.95441932086131], [80.35921675266282, 21.957129535455646], [80.36212208821891, 21.957140843701506], [80.36213418211823, 21.954430627569735], [80.3592289016369, 21.95441932086131]]], [[[80.3533570316899, 21.967947601812615], [80.35336929842755, 21.96523739391548], [80.35046380328173, 21.96522592685201], [80.34755831004831, 21.96521440838719], [80.34754593309381, 21.967924613160083], [80.35045148143557, 21.967936133190527], [80.3533570316899, 21.967947601812615]]], [[[80.3446279526808, 21.970623244020995], [80.34753355421816, 21.970634817032312], [80.34754593309381, 21.967924613160083], [80.34464038667318, 21.967913041721424], [80.34173484218223, 21.967901418874696], [80.3417223530733, 21.970611619594624], [80.3446279526808, 21.970623244020995]]], [[[80.36787281829696, 21.97071438847812], [80.37077843496517, 21.970725550163948], [80.37079037290111, 21.96801533396198], [80.36788481135092, 21.968004173792917], [80.36787281829696, 21.97071438847812]]], [[[80.33880420923188, 21.973310141985685], [80.34170986202594, 21.973321819413666], [80.3417223530733, 21.970611619594624], [80.33881675540418, 21.97059994375333], [80.33880420923188, 21.973310141985685]]], [[[80.37076649517637, 21.97343576546561], [80.37367216882419, 21.973446877244978], [80.37368405348626, 21.970736660433477], [80.37077843496517, 21.970725550163948], [80.37076649517637, 21.97343576546561]]], [[[80.33588595513216, 21.976008608873524], [80.33879166111244, 21.97602033931701], [80.33880420923188, 21.973310141985685], [80.33589855838493, 21.97329841313594], [80.33588595513216, 21.976008608873524]]], [[[80.37364839396652, 21.978867308166844], [80.37655417973825, 21.978878371528644], [80.3765660129454, 21.976168155014967], [80.37366028231767, 21.976157093156125], [80.37364839396652, 21.978867308166844]]], [[[80.3735651238458, 21.99783878802236], [80.37647129586517, 21.997849861906403], [80.37648314192917, 21.995139651697844], [80.37649498615602, 21.99242944058828], [80.3735889245359, 21.99241836971086], [80.3735770251137, 21.995128579317136], [80.3735651238458, 21.99783878802236]]], [[[80.37064699534615, 22.000537868945685], [80.37355322073198, 22.00054899582644], [80.3735651238458, 21.99783878802236], [80.37065895367228, 21.997827662651993], [80.37064699534615, 22.000537868945685]]], [[[80.36774077181494, 22.000526690571757], [80.36772875641348, 22.003236894446733], [80.37063503516542, 22.003248074338103], [80.37064699534615, 22.000537868945685], [80.36774077181494, 22.000526690571757]]], [[[80.36481040703096, 22.005935864504423], [80.3677167391487, 22.00594709742029], [80.36772875641348, 22.003236894446733], [80.36482247952488, 22.003225663055353], [80.36481040703096, 22.005935864504423]]], [[[80.36189194718179, 22.00863477909764], [80.36479833266502, 22.008646065051916], [80.36481040703096, 22.005935864504423], [80.36190407678527, 22.005924580081672], [80.36189194718179, 22.00863477909764]]], [[[80.3560791818662, 22.00861205264803], [80.35606693989025, 22.011322247678144], [80.35897337684915, 22.011333638205315], [80.35898556357934, 22.00862344162963], [80.3560791818662, 22.00861205264803]]], [[[80.3473476404362, 22.01128776697451], [80.34444121112094, 22.011276170366383], [80.341534783738, 22.01126452223837], [80.33862835829595, 22.01125282259061], [80.33861578289934, 22.01396300729828], [80.34152226359473, 22.013974708533603], [80.3444287462312, 22.013986358242196], [80.34733523080014, 22.013997956423903], [80.350241717293, 22.01400950307859], [80.35314820570122, 22.01402099820612], [80.35316050482942, 22.01131080563053], [80.35025407167521, 22.011299312062604], [80.3473476404362, 22.01128776697451]]], [[[80.40306824246696, 21.892247829945834], [80.40597228579891, 21.892258333093896], [80.40598351161513, 21.889548073184013], [80.40307952315528, 21.889537571467347], [80.40306824246696, 21.892247829945834]]], [[[80.41468442623597, 21.89228953524542], [80.41758847650028, 21.892299833531297], [80.41759948282663, 21.88958956796562], [80.41469548743501, 21.889579271083228], [80.41179149376353, 21.88956892299208], [80.41178037769194, 21.892279185743817], [80.41468442623597, 21.89228953524542]]], [[[80.3972487688713, 21.894936924701632], [80.40015286356618, 21.89494753172544], [80.40016420088945, 21.892237275582538], [80.39726016107488, 21.892226670004145], [80.3972487688713, 21.894936924701632]]], [[[80.42049252847637, 21.892310080601305], [80.42048157531964, 21.89502034666665], [80.42338568388045, 21.895030543910252], [80.42339658215568, 21.892320276455326], [80.42049252847637, 21.892310080601305]]], [[[80.42337478391042, 21.897740810468285], [80.42627894905627, 21.897750957871434], [80.42628979413612, 21.895040689930752], [80.42338568388045, 21.895030543910252], [80.42337478391042, 21.897740810468285]]], [[[80.39141757551106, 21.90033605786731], [80.3943217764398, 21.900346770253798], [80.39433322708409, 21.897636518803573], [80.39142908105245, 21.89762580787656], [80.39141757551106, 21.90033605786731]]], [[[80.42627894905627, 21.897750957871434], [80.42626810228997, 21.9004612249152], [80.42917232402115, 21.900471322463876], [80.42918311588858, 21.89776105404439], [80.42627894905627, 21.897750957871434]]], [[[80.39141757551106, 21.90033605786731], [80.38851337637134, 21.900325294245167], [80.38850181413542, 21.90303554187177], [80.38849025010182, 21.90574578860061], [80.39139455906104, 21.90575655515583], [80.39140606818063, 21.903046306960427], [80.39141757551106, 21.90033605786731]]], [[[80.42916153047565, 21.903181589986406], [80.43206580879244, 21.90319163766656], [80.43207654743038, 21.90048136877525], [80.42917232402115, 21.900471322463876], [80.42916153047565, 21.903181589986406]]], [[[80.38844397598724, 21.916586766536504], [80.39134850468795, 21.91659753895852], [80.39136002096573, 21.91388729435486], [80.38845554721321, 21.91387652339962], [80.38844397598724, 21.916586766536504]]], [[[80.39132546676242, 21.922018025471274], [80.39423010717535, 21.922028749535503], [80.39424157206774, 21.919318505268343], [80.39133698662023, 21.91930778266402], [80.39132546676242, 21.922018025471274]]], [[[80.39421864050126, 21.92473899290438], [80.39712333766998, 21.92474966712995], [80.39713474936997, 21.922039422308096], [80.39423010717535, 21.922028749535503], [80.39421864050126, 21.92473899290438]]], [[[80.42908592865979, 21.922153437522056], [80.42907512168473, 21.9248636978658], [80.43197983956932, 21.924873756498016], [80.4319905915685, 21.922163494785096], [80.42908592865979, 21.922153437522056]]], [[[80.40000531786612, 21.93018077989759], [80.40291012854733, 21.930191354403718], [80.40292143381126, 21.927481108493367], [80.40001667812152, 21.927470535426366], [80.40000531786612, 21.93018077989759]]], [[[80.42324385202001, 21.930263939176285], [80.42614867651416, 21.930274103175094], [80.42615954184083, 21.927563846003213], [80.42325477233935, 21.927553683387654], [80.42324385202001, 21.930263939176285]]], [[[80.40580368896482, 21.93291212404102], [80.40870855815089, 21.932922597346273], [80.40871975517081, 21.930212349476918], [80.4058149409851, 21.93020187759687], [80.40291012854733, 21.930191354403718], [80.4028988215269, 21.932901599415683], [80.40580368896482, 21.93291212404102]]], [[[80.42033902922257, 21.93025372386362], [80.41743420813039, 21.930243457237225], [80.41742317611235, 21.932953709340286], [80.42032805220545, 21.932963977363944], [80.42323293000395, 21.932974194066897], [80.42324385202001, 21.930263939176285], [80.42033902922257, 21.93025372386362]]], [[[80.4319368148632, 21.935714794371847], [80.43484175440804, 21.935724807153115], [80.4348524580811, 21.933014547669114], [80.43194757354642, 21.933004536250237], [80.4319368148632, 21.935714794371847]]], [[[80.38541144187448, 21.946388541826355], [80.38831657376879, 21.946399381740726], [80.38832816478636, 21.943689148489046], [80.38542308793406, 21.94367831004903], [80.38541144187448, 21.946388541826355]]], [[[80.39121016969624, 21.949120404120798], [80.39411536023316, 21.949131142787028], [80.39412684294933, 21.946420907506656], [80.39122170746325, 21.94641017030087], [80.39121016969624, 21.949120404120798]]], [[[80.43189376341525, 21.946555817876867], [80.43188299637377, 21.949266071507335], [80.43187222766024, 21.95197632423931], [80.43477749744565, 21.951986345196037], [80.43478821109774, 21.949276091101364], [80.43479892308628, 21.946565836108242], [80.43189376341525, 21.946555817876867]]], [[[80.39410387573378, 21.95184137716823], [80.39700912311348, 21.95185206592649], [80.3970205525533, 21.94914183009178], [80.39411536023316, 21.949131142787028], [80.39410387573378, 21.95184137716823]]], [[[80.37667242920546, 21.951776165885583], [80.37666061251727, 21.95448639049946], [80.37956590413575, 21.954497388961986], [80.37957766575673, 21.95178716285264], [80.37667242920546, 21.951776165885583]]], [[[80.38537649284291, 21.954519231762543], [80.38828178991452, 21.95453007610031], [80.38829338633303, 21.951819845546456], [80.38538814432906, 21.951809002683202], [80.38537649284291, 21.954519231762543]]], [[[80.39699769189885, 21.954562300861998], [80.39990299612161, 21.954572939698252], [80.39991437226799, 21.95186270331617], [80.39700912311348, 21.95185206592649], [80.39699769189885, 21.954562300861998]]], [[[80.38828178991452, 21.95453007610031], [80.38827019169541, 21.957240305754723], [80.39117554564397, 21.957251100184898], [80.39118708878675, 21.9545408690629], [80.38828178991452, 21.95453007610031]]], [[[80.39989161820881, 21.957283175181104], [80.40279697927497, 21.957293764081296], [80.40280830211081, 21.954583527158803], [80.39990299612161, 21.954572939698252], [80.39989161820881, 21.957283175181104]]], [[[80.391164000709, 21.959961330407417], [80.39406941153486, 21.959972074915942], [80.39408090138478, 21.957261843232775], [80.39117554564397, 21.957251100184898], [80.391164000709, 21.959961330407417]]], [[[80.40569107259094, 21.960014539054605], [80.40859649225037, 21.960025026614765], [80.40860770667277, 21.95731478773311], [80.40570234209913, 21.957304301598672], [80.40279697927497, 21.957293764081296], [80.40278565468113, 21.960004000104515], [80.40569107259094, 21.960014539054605]]], [[[80.40858527608692, 21.962735264597168], [80.41149075258194, 21.962745702186062], [80.41150191365088, 21.960035462784862], [80.40859649225037, 21.960025026614765], [80.40858527608692, 21.962735264597168]]], [[[80.39695194928913, 21.965403231610253], [80.39985747387044, 21.965413876233345], [80.39986885708338, 21.962703643448734], [80.39696338760453, 21.962693000272424], [80.39695194928913, 21.965403231610253]]], [[[80.41147958978036, 21.965455940687967], [80.41438512311122, 21.965466328291544], [80.4143962308096, 21.962756088377787], [80.41149075258194, 21.962745702186062], [80.41147958978036, 21.965455940687967]]], [[[80.40275167034999, 21.968134702777665], [80.4056572535681, 21.968145246026207], [80.40566852832556, 21.965435011268465], [80.40276300021878, 21.96542446945279], [80.40275167034999, 21.968134702777665]]], [[[80.41436290254155, 21.970886805421], [80.41726854782905, 21.970897144430197], [80.41727960385562, 21.9681869049102], [80.41437401368859, 21.96817656730598], [80.41436290254155, 21.970886805421]]], [[[80.40564597706056, 21.97085547988438], [80.40563469880281, 21.9735657128429], [80.40854039401958, 21.97357620753247], [80.40855161714876, 21.97086597314797], [80.40564597706056, 21.97085547988438]]], [[[80.37654234469488, 21.981588587141854], [80.37944818745555, 21.98159960056215], [80.37945996734621, 21.978889383452913], [80.37655417973825, 21.978878371528644], [80.37654234469488, 21.981588587141854]]], [[[80.40560085352682, 21.981696406319582], [80.40850671418065, 21.98170690528743], [80.40851794253568, 21.97899667360229], [80.4056121370361, 21.97898617606058], [80.40560085352682, 21.981696406319582]]], [[[80.37944818745555, 21.98159960056215], [80.37943640573707, 21.98430981677088], [80.38234230548701, 21.984320780235617], [80.38235403204406, 21.98161056253779], [80.37944818745555, 21.98159960056215]]], [[[80.41722430656141, 21.98173809351475], [80.4143184407065, 21.98172774888514], [80.41430732093528, 21.984437982501756], [80.41429619943875, 21.987148215218422], [80.41720217562872, 21.987158562658543], [80.41721324195342, 21.984448328536594], [80.41722430656141, 21.98173809351475]]], [[[80.38815411043657, 21.98434255280963], [80.38524820705636, 21.984331692248574], [80.38523653385003, 21.98704191052803], [80.38814249240055, 21.987052772564255], [80.39104845275352, 21.987063583141442], [80.3910600156191, 21.984353361918643], [80.38815411043657, 21.98434255280963]]], [[[80.39395441490039, 21.987074342259483], [80.39394290542008, 21.98978456404308], [80.39684892453161, 21.98979527315608], [80.39975494542007, 21.98980593080268], [80.3997663445416, 21.987095706117557], [80.39686037883261, 21.987085049918225], [80.39395441490039, 21.987074342259483]]], [[[80.41137904657208, 21.98984804672242], [80.41428507621683, 21.989858447035058], [80.41429619943875, 21.987148215218422], [80.41139022497423, 21.987137816318118], [80.41137904657208, 21.98984804672242]]], [[[80.38230711489872, 21.99245142792556], [80.38231884691449, 21.98974121292959], [80.37941283681603, 21.989730246486513], [80.37650682854586, 21.98971922857781], [80.37649498615602, 21.99242944058828], [80.37940104961314, 21.992440459993222], [80.38230711489872, 21.99245142792556]]], [[[80.40847301866148, 21.98983759494274], [80.40846178333655, 21.992547823027504], [80.41136786643578, 21.992558276226553], [80.41137904657208, 21.98984804672242], [80.40847301866148, 21.98983759494274]]], [[[80.38520150336433, 21.995172559962644], [80.3881076274771, 21.995183426424703], [80.38811925092097, 21.992473209371877], [80.38521318200418, 21.992462344385153], [80.38520150336433, 21.995172559962644]]], [[[80.4026496223752, 21.99252676220781], [80.4026382749135, 21.995236986532454], [80.40554440971538, 21.995247544112594], [80.4084505462688, 21.995258050211955], [80.40846178333655, 21.992547823027504], [80.40555570198018, 21.992537318354547], [80.4026496223752, 21.99252676220781]]], [[[80.39972073744464, 21.997936599455375], [80.39973214187174, 21.995226377471678], [80.39682601059867, 21.995215716930378], [80.39391988110283, 21.995205004908698], [80.39390836626558, 21.997915223990557], [80.39681455096641, 21.99792593746665], [80.39972073744464, 21.997936599455375]]], [[[80.43203358286013, 21.911322438958212], [80.43493802762087, 21.911332439479672], [80.4349487163349, 21.908622171917642], [80.43495940338752, 21.905911903458495], [80.43205506848486, 21.905901905660887], [80.43204432650747, 21.908612172758133], [80.43203358286013, 21.911322438958212]]], [[[80.45236473077898, 21.911391366029523], [80.45235437005742, 21.91410164071974], [80.45525888121249, 21.91411128369357], [80.45816339396947, 21.914120875394133], [80.45817364480527, 21.911410598084643], [80.45526918699123, 21.91140100769023], [80.45236473077898, 21.911391366029523]]], [[[80.46978146084572, 21.91415872946129], [80.47268598148415, 21.914168064793728], [80.47269595760315, 21.91145778105824], [80.46979149190834, 21.911448446997035], [80.46978146084572, 21.91415872946129]]], [[[80.44943944322956, 21.916802218945797], [80.4523440077254, 21.91681191451295], [80.45235437005742, 21.91410164071974], [80.44944986051279, 21.914091946472734], [80.44943944322956, 21.916802218945797]]], [[[80.47558058095589, 21.916887632955333], [80.47848515963956, 21.916896866997053], [80.47849502740449, 21.914186581636606], [80.47559050367326, 21.91417734885221], [80.47558058095589, 21.916887632955333]]], [[[80.43201209055505, 21.91674296866652], [80.43200134189703, 21.91945323217457], [80.43490595150894, 21.919463236782185], [80.43491664520803, 21.91675297191203], [80.43201209055505, 21.91674296866652]]], [[[80.44652440649087, 21.919502742347348], [80.4494290243272, 21.919512490521722], [80.44943944322956, 21.916802218945797], [80.44653488035283, 21.916792472098617], [80.44652440649087, 21.919502742347348]]], [[[80.48138973985694, 21.916906049757603], [80.47848515963956, 21.916896866997053], [80.47847529034091, 21.919607151460834], [80.4784654195084, 21.92231743502786], [80.48137010965652, 21.922326620289212], [80.48137992551939, 21.919616335471762], [80.48138973985694, 21.916906049757603]]], [[[80.44361979028231, 21.919492942886098], [80.44360925982448, 21.92220321090333], [80.44651393100106, 21.922213011698805], [80.44652440649087, 21.919502742347348], [80.44361979028231, 21.919492942886098]]], [[[80.44069400321368, 21.924903624592673], [80.44359872773019, 21.92491347802316], [80.44360925982448, 21.92220321090333], [80.44070459028441, 21.9221933588141], [80.44069400321368, 21.924903624592673]]], [[[80.48135047335434, 21.927747187233653], [80.48425527499309, 21.927756323686786], [80.4842650389201, 21.925046039419474], [80.48427480133009, 21.92233575425532], [80.48137010965652, 21.922326620289212], [80.48136029226822, 21.925036904209875], [80.48135047335434, 21.927747187233653]]], [[[80.4377786366416, 21.927603983394324], [80.44068341449777, 21.927613889473708], [80.44069400321368, 21.924903624592673], [80.43778928034233, 21.924893719861576], [80.4377786366416, 21.927603983394324]]], [[[80.43486316009144, 21.9303042872872], [80.437767991287, 21.93031424602938], [80.4377786366416, 21.927603983394324], [80.43487386043927, 21.92759402600746], [80.43486316009144, 21.9303042872872]]], [[[80.48131118244058, 21.93858831035817], [80.48421620411217, 21.938597451785903], [80.4842259741086, 21.93588717110682], [80.48132100745802, 21.935878030922808], [80.48131118244058, 21.93858831035817]]], [[[80.47838639761405, 21.943999671270415], [80.48129152782688, 21.94400886653684], [80.4813013558969, 21.941298588896213], [80.47839628072205, 21.941289394880577], [80.47838639761405, 21.943999671270415]]], [[[80.47547132924677, 21.946700698887433], [80.478376512971, 21.946709946762702], [80.47838639761405, 21.943999671270415], [80.47548126893624, 21.943990424652977], [80.47547132924677, 21.946700698887433]]], [[[80.47256614706625, 21.946691399654295], [80.47255615077825, 21.94940167172622], [80.47546138801361, 21.949410972224225], [80.47547132924677, 21.946700698887433], [80.47256614706625, 21.946691399654295]]], [[[80.43476678212991, 21.954696598392182], [80.43767210864915, 21.95470656933446], [80.43768276889475, 21.951996314782548], [80.43477749744565, 21.951986345196037], [80.43476678212991, 21.954696598392182]]], [[[80.48415755225805, 21.95485911701448], [80.48706290575383, 21.954868214526307], [80.48707262978577, 21.95215793799521], [80.48416733136244, 21.95214884172039], [80.48126203445746, 21.952139694073374], [80.47835673907932, 21.95213049505429], [80.4754514452366, 21.952121244663232], [80.47254615293787, 21.95211194290033], [80.46964086219162, 21.952102589765683], [80.46963080772692, 21.954812858769955], [80.47253615354495, 21.954822213176538], [80.47544150091562, 21.954831516204397], [80.47834684983042, 21.954840767853405], [80.48125220028075, 21.954849968123476], [80.48415755225805, 21.95485911701448]]], [[[80.43766144674831, 21.9574168229878], [80.44056683000167, 21.957426743901582], [80.44057743682366, 21.95471648889941], [80.43767210864915, 21.95470656933446], [80.43766144674831, 21.9574168229878]]], [[[80.46671535236396, 21.95751371981202], [80.46962075170102, 21.957523126876186], [80.46963080772692, 21.954812858769955], [80.4667254634701, 21.954803452984756], [80.46671535236396, 21.95751371981202]]], [[[80.48705318021202, 21.957578490159644], [80.48995859029883, 21.95758753752225], [80.48996826075951, 21.95487726065885], [80.48706290575383, 21.954868214526307], [80.48705318021202, 21.957578490159644]]], [[[80.44636710314674, 21.960156688356097], [80.44637760144037, 21.957446431575736], [80.44347221490187, 21.957436613430932], [80.44056683000167, 21.957426743901582], [80.44055622153282, 21.960136998005144], [80.44346166152056, 21.960146868876386], [80.44636710314674, 21.960156688356097]]], [[[80.4609045584081, 21.957494751527346], [80.46089433555494, 21.96020501487744], [80.46379978683215, 21.960214526005455], [80.46380995459681, 21.957504261362367], [80.4609045584081, 21.957494751527346]]], [[[80.49285438501477, 21.960306810687197], [80.49575985318592, 21.960315756493074], [80.49576941496831, 21.95760547808821], [80.49286400188711, 21.957596533498478], [80.49285438501477, 21.960306810687197]]], [[[80.46087388508711, 21.965625538882488], [80.46088411111465, 21.962915277329188], [80.46089433555494, 21.96020501487744], [80.45798888586484, 21.96019545235719], [80.45508343777043, 21.96018583844481], [80.45217799128022, 21.960176173140425], [80.44927254640282, 21.960166456444146], [80.44926210157567, 21.962876713653884], [80.45216760154959, 21.962886431671144], [80.45507310313644, 21.962896098289526], [80.45797860632764, 21.962905713508917], [80.45796832519461, 21.96561597376214], [80.46087388508711, 21.965625538882488]]], [[[80.49575985318592, 21.960315756493074], [80.495750289919, 21.963026034000126], [80.49865581467327, 21.963034929621614], [80.49866532284155, 21.96032465090536], [80.49575985318592, 21.960315756493074]]], [[[80.50155188636656, 21.965754052863083], [80.50445746917184, 21.965762846878366], [80.50446686860145, 21.96305256666244], [80.5015613409036, 21.963043773842422], [80.50155188636656, 21.965754052863083]]], [[[80.50444806828312, 21.968473126196443], [80.5073537076636, 21.968481869992164], [80.5073630534362, 21.965771589485765], [80.50445746917184, 21.965762846878366], [80.50444806828312, 21.968473126196443]]], [[[80.51315575380653, 21.971209481731627], [80.51316499076793, 21.96849920333859], [80.51025934849471, 21.968490562372917], [80.51025005639623, 21.971200843162812], [80.5129136124411, 21.971208765124818], [80.51267147079488, 21.971208048517177], [80.51266222319873, 21.973918329388304], [80.51265297416735, 21.976628609361452], [80.51555878303648, 21.976637210986972], [80.51556797692574, 21.973926929845174], [80.51557716938834, 21.971216647805427], [80.51315575380653, 21.971209481731627]]], [[[80.45791689558757, 21.97916726154782], [80.45790660487681, 21.98187751640824], [80.4608124955818, 21.981887089330016], [80.46082273113575, 21.979176833169234], [80.45791689558757, 21.97916726154782]]], [[[80.46079201970915, 21.987307598954303], [80.4636980223419, 21.987317123014815], [80.46370820589833, 21.984606867358778], [80.46080225843964, 21.98459734459173], [80.46079201970915, 21.987307598954303]]], [[[80.46368783720553, 21.990027377771657], [80.46659389660095, 21.990036851656455], [80.46660402655456, 21.987326595613087], [80.4636980223419, 21.987317123014815], [80.46368783720553, 21.990027377771657]]], [[[80.46949995756786, 21.990046274071922], [80.46948988123421, 21.992756530495633], [80.47239599895565, 21.99276590271423], [80.47240602009771, 21.99005564501792], [80.46949995756786, 21.990046274071922]]], [[[80.47238597625906, 21.99547615951131], [80.47529215073527, 21.995485481518998], [80.47530211823158, 21.99277522345627], [80.47239599895565, 21.99276590271423], [80.47238597625906, 21.99547615951131]]], [[[80.51307255650244, 21.99560198256564], [80.51283037361196, 21.995601261506152], [80.51549438585495, 21.995609153829704], [80.51550358973425, 21.992898878975986], [80.51259744983267, 21.992890270337632], [80.51258819076357, 21.99560054044679], [80.51016636259506, 21.99559332985412], [80.5101570560688, 21.998303601660687], [80.51306330518666, 21.99831225554703], [80.51307255650244, 21.99560198256564]]], [[[80.47819832675756, 21.99549475204303], [80.47818841292414, 21.998205010465192], [80.48109464569305, 21.99821423075717], [80.48110450431736, 21.995503971083288], [80.47819832675756, 21.99549475204303]]], [[[80.48108478553965, 22.000924489531783], [80.48399107505543, 22.000933659577655], [80.48400087999103, 21.99822339955827], [80.48109464569305, 21.99821423075717], [80.48108478553965, 22.000924489531783]]], [[[80.50724144520574, 22.00100516600828], [80.51014774809909, 22.001013872568443], [80.5101570560688, 21.998303601660687], [80.50725080839439, 21.998294896282385], [80.50724144520574, 22.00100516600828]]], [[[80.48688761486208, 22.003653038483463], [80.48979396263722, 22.003662106764104], [80.48980365864037, 22.000951845175354], [80.48689736609185, 22.000942778125545], [80.48688761486208, 22.003653038483463]]], [[[80.50723208056493, 22.00371543483523], [80.50724144520574, 22.00100516600828], [80.50433514376452, 22.00099640794928], [80.50142884378404, 22.000987598391536], [80.50141936868862, 22.00369786483372], [80.50432572389637, 22.00370667558734], [80.50723208056493, 22.00371543483523]]]]}, "properties": {"confidence_band": "High", "site_id": "balaghat", "cell_count": 413}}, {"type": "Feature", "geometry": {"type": "MultiPolygon", "coordinates": [[[[80.18264444805975, 21.842517280337514], [80.17974155093405, 21.8425028694631], [80.17972608659156, 21.84521300640817], [80.17779078667017, 21.845203375143598], [80.17777528340606, 21.847913515549898], [80.17775977772814, 21.85062365505563], [80.1777442696362, 21.85333379366071], [80.17772875913, 21.856043931365047], [80.1777132462094, 21.858754068168544], [80.17769773087416, 21.861464204071115], [80.17768221312407, 21.864174339072672], [80.17766669295895, 21.866884473173126], [80.17765117037857, 21.869594606372388], [80.17763564538272, 21.872304738670366], [80.17957131037276, 21.872314383085467], [80.17957131034028, 21.87231438877049], [80.1795558194669, 21.875024521483194], [80.18245937371807, 21.875038955972755], [80.18244393525038, 21.877749089752438], [80.1853475467193, 21.877763475041544], [80.18533216067432, 21.880473609881292], [80.18823582936136, 21.88048794595589], [80.19113950043341, 21.88050223085431], [80.1911547768286, 21.877792092112514], [80.19405839545193, 21.87780632389403], [80.19696201644301, 21.877820504505998], [80.19697718082836, 21.87511036098898], [80.1998807493616, 21.875124488504696], [80.19989585657937, 21.87241434216023], [80.20279937265434, 21.872428416593536], [80.20281442272162, 21.869718267428812], [80.20282947044731, 21.86700811736343], [80.20284451583163, 21.86429796639747], [80.20285955887478, 21.86158781453102], [80.20287459957694, 21.858877661764172], [80.20577784407683, 21.85889167547985], [80.20579282768043, 21.856181519900602], [80.20580780895197, 21.8534713634212], [80.20290467395917, 21.853457353529638], [80.20291970763961, 21.850747198062134], [80.20001662972773, 21.85073313898222], [80.20003171580002, 21.848022984533543], [80.20004679952382, 21.84531282918483], [80.19714383341581, 21.845298722856395], [80.1971589695061, 21.842588568533444], [80.19425606046951, 21.84257441305165], [80.19427124890927, 21.83986425976139], [80.1913683969437, 21.8398500551403], [80.1884655473516, 21.839835799447485], [80.18845024950028, 21.84254594885163], [80.18554734758466, 21.842531640133746], [80.18553199263717, 21.845241786684184], [80.18262903839846, 21.84522742492739], [80.18264444805975, 21.842517280337514]], [[80.18017899374308, 21.850635697423012], [80.1801789938889, 21.850635697423737], [80.18017899379547, 21.850635697423275], [80.18017899359727, 21.850635697422288], [80.18017899374308, 21.850635697423012]]], [[[80.21363907077347, 22.013411111993452], [80.216545459901, 22.013425028735888], [80.21653056171353, 22.016135139548535], [80.2194370084047, 22.01614900665212], [80.22234345739686, 22.01616282222848], [80.2252499086814, 22.01617658627745], [80.22815636224982, 22.01619029879886], [80.2310628180935, 22.016203959792545], [80.23396927620391, 22.016217569258334], [80.23687573657246, 22.01623112719607], [80.23689024797577, 22.01352100336167], [80.23979665533824, 22.013534507938893], [80.23981110924507, 22.010824381367712], [80.2427174636011, 22.010837832598302], [80.24273186002857, 22.00812770329755], [80.23982556091127, 22.008114253892117], [80.239840010337, 22.005404125512214], [80.23985445752248, 22.00269399622808], [80.24276064618805, 22.002707441983375], [80.24277503592043, 21.999997309970137], [80.24278942342151, 21.99728717705291], [80.23988334517348, 21.99727373494747], [80.23989778563934, 21.99456360295119], [80.23699176482671, 21.9945501111981], [80.23700625824026, 21.991839980129694], [80.23410029486263, 21.99182643874304], [80.23411484120673, 21.989116308609447], [80.23120893526374, 21.989102717603302], [80.22830303158554, 21.989089075139145], [80.22831768601253, 21.986378947799896], [80.22541183977694, 21.986365255737475], [80.22539713018065, 21.989075381217162], [80.22249123105767, 21.989061635837498], [80.21958533422516, 21.989047839000328], [80.2195705119919, 21.99175795983575], [80.21666456228115, 21.99174410966065], [80.21664968256287, 21.994454227711145], [80.21374367997429, 21.994440324184232], [80.21372874275389, 21.997150439442585], [80.21371380321676, 21.999860553796356], [80.2108076925482, 21.999846595008975], [80.21079269548306, 22.00255670656324], [80.21077769609226, 22.005266817212664], [80.2107626943756, 22.007976926957184], [80.21074769033285, 22.0106870357967], [80.21365402189714, 22.0107010021639], [80.21363907077347, 22.013411111993452]]], [[[80.22871249692761, 21.913205168265826], [80.23161685909284, 21.91321875888351], [80.23452122351746, 21.913232298238743], [80.23450674027497, 21.915942453645957], [80.23449225478144, 21.918652608151742], [80.2373967313436, 21.91866609991799], [80.23738229855498, 21.92137625535917], [80.24028683231614, 21.92138969767861], [80.24027245224953, 21.924099854048254], [80.24317704321011, 21.924113246906828], [80.24608163639668, 21.924126588474373], [80.24606736404293, 21.92683674758165], [80.24897201442096, 21.926850039667123], [80.25187666700808, 21.92686328045426], [80.25478132179575, 21.926876469942904], [80.25768597877544, 21.92688960813289], [80.25770003123212, 21.924179441830994], [80.26060463542056, 21.92419252694097], [80.26350924178374, 21.924205560758953], [80.26352318212454, 21.921495390000615], [80.26642773568739, 21.921508370759277], [80.26644161890415, 21.918798197332894], [80.26353712029933, 21.918785218341334], [80.26063262386037, 21.918772188071593], [80.26064661481861, 21.916062017285476], [80.26066060360267, 21.913351845598534], [80.26356499015158, 21.9133648723203], [80.2635789218294, 21.91065469795873], [80.26067459021272, 21.91064167301085], [80.26068857464894, 21.90793149952251], [80.25778430012957, 21.90791842509835], [80.2548800277924, 21.907905299424247], [80.25489411988471, 21.905195128603804], [80.25198990465283, 21.905181953474614], [80.25200404946068, 21.902471783548204], [80.24909989133374, 21.902458558977973], [80.2461957354142, 21.902445283172234], [80.24620998781766, 21.89973511595532], [80.24330588901104, 21.899721790729735], [80.24040179242868, 21.89970841427595], [80.23749769807918, 21.89969498659411], [80.23459360597103, 21.8996815076844], [80.23168951611275, 21.899667977546958], [80.23167498922639, 21.902378135616548], [80.23166046008141, 21.90508829278508], [80.23164592867762, 21.90779844905248], [80.22874167636415, 21.90778486213608], [80.22872708777975, 21.910495015651644], [80.22871249692761, 21.913205168265826]]], [[[80.24646615236794, 21.850951952130398], [80.24936926670026, 21.850965193585427], [80.24935510889527, 21.85367537880728], [80.24934094888626, 21.856385563130097], [80.24932678667301, 21.85909574655377], [80.25223006746626, 21.85910894230714], [80.252215957818, 21.861819126632167], [80.25511929557672, 21.861832273055086], [80.2551052385105, 21.864542458274514], [80.25800863323506, 21.864555555352943], [80.26091203013884, 21.864568601293076], [80.26089808045872, 21.86727878917973], [80.26380153432038, 21.86729178575419], [80.2637876372651, 21.870001974514476], [80.26669114808502, 21.870014921709224], [80.2667049903444, 21.867304731183058], [80.2696084485222, 21.867317625466175], [80.26959466105892, 21.87002781775124], [80.27249817617832, 21.870040662640374], [80.27540169343466, 21.87005345637647], [80.27541537130524, 21.86734326059455], [80.27831883589337, 21.867356001439482], [80.28122230260124, 21.867368691138047], [80.28123586876718, 21.86465849098838], [80.28124943282211, 21.861948289940017], [80.27834607568228, 21.861935603703245], [80.27835969239761, 21.859225403487084], [80.2812629947662, 21.859238087993056], [80.28127655459963, 21.85652788514758], [80.2812901123226, 21.85381768140369], [80.2783869194709, 21.853805000359138], [80.27840052982921, 21.851094797447523], [80.27549739384185, 21.851082067029065], [80.27259425998163, 21.851069285506256], [80.27260797769506, 21.84835908517836], [80.26970490070713, 21.848346254302815], [80.26971867101315, 21.845636054827985], [80.26681565089713, 21.845623174613745], [80.26682947377869, 21.84291297599891], [80.26392651053423, 21.842900046460024], [80.26102354945048, 21.842887065838315], [80.26103747960104, 21.84017686986262], [80.25813457539681, 21.840163839937443], [80.25812059053595, 21.84287403413395], [80.25521763379916, 21.84286095134708], [80.25520359204191, 21.84557114285889], [80.2523005827729, 21.845558007196498], [80.24939757569885, 21.845544820444943], [80.24938342230138, 21.848255007464616], [80.2464803627042, 21.84824176781686], [80.24646615236794, 21.850951952130398]]], [[[80.34501250987883, 21.886606554292158], [80.34791640677143, 21.886618078577904], [80.34790408545867, 21.889328309431814], [80.34789176222951, 21.89203853938763], [80.34498775560746, 21.892027011959964], [80.34497537558423, 21.894737239446542], [80.34787943708378, 21.89474876844525], [80.35078350050007, 21.894760246224283], [80.35368756582453, 21.894771672783502], [80.35659163304867, 21.894783048122775], [80.35949570216391, 21.894794372241954], [80.36239977316174, 21.894805645140913], [80.36241182391745, 21.892095408332764], [80.36531584191086, 21.892106628482196], [80.36532783592271, 21.889396389247025], [80.36242387279925, 21.88938517062671], [80.36243591980733, 21.88667493202284], [80.36244796494182, 21.883964692521232], [80.36246000820292, 21.88125445212199], [80.36247204959074, 21.878544210825183], [80.35956830773486, 21.87853294714226], [80.35666456776062, 21.878521632280986], [80.35376082967655, 21.8785102662415], [80.35085709349114, 21.878498849023934], [80.35084483276162, 21.8812090841354], [80.34794104364842, 21.881197614176116], [80.34503725645112, 21.881186093032053], [80.34502488412728, 21.88389632411109], [80.34501250987883, 21.886606554292158]]], [[[80.37374344913508, 21.957185562873974], [80.37083810611936, 21.95717446015278], [80.37082617559331, 21.9598846799551], [80.36792077934588, 21.95987352433599], [80.36790879187522, 21.96258374172176], [80.36789680254361, 21.965293958207436], [80.36788481135092, 21.968004173792917], [80.37079037290111, 21.96801533396198], [80.37077843496517, 21.970725550163948], [80.37368405348626, 21.970736660433477], [80.37367216882419, 21.973446877244978], [80.37366028231767, 21.976157093156125], [80.3765660129454, 21.976168155014967], [80.37655417973825, 21.978878371528644], [80.37945996734621, 21.978889383452913], [80.37944818745555, 21.98159960056215], [80.38235403204406, 21.98161056253779], [80.38234230548701, 21.984320780235617], [80.38524820705636, 21.984331692248574], [80.38815411043657, 21.98434255280963], [80.3910600156191, 21.984353361918643], [80.39104845275352, 21.987063583141442], [80.39395441490039, 21.987074342259483], [80.39686037883261, 21.987085049918225], [80.3997663445416, 21.987095706117557], [80.40267231201882, 21.98710631085734], [80.40268365420107, 21.984396083831697], [80.40558956826673, 21.98440663567856], [80.40560085352682, 21.981696406319582], [80.4056121370361, 21.97898617606058], [80.40851794253568, 21.97899667360229], [80.40852916914861, 21.976286441017265], [80.40854039401958, 21.97357620753247], [80.40563469880281, 21.9735657128429], [80.40564597706056, 21.97085547988438], [80.4056572535681, 21.968145246026207], [80.40275167034999, 21.968134702777665], [80.40276300021878, 21.96542446945279], [80.39985747387044, 21.965413876233345], [80.39695194928913, 21.965403231610253], [80.39696338760453, 21.962693000272424], [80.3940579199011, 21.962682305699595], [80.39406941153486, 21.959972074915942], [80.391164000709, 21.959961330407417], [80.39117554564397, 21.957251100184898], [80.38827019169541, 21.957240305754723], [80.38828178991452, 21.95453007610031], [80.38537649284291, 21.954519231762543], [80.38538814432906, 21.951809002683202], [80.38248290413411, 21.95179810845189], [80.37957766575673, 21.95178716285264], [80.37956590413575, 21.954497388961986], [80.37666061251727, 21.95448639049946], [80.37375532273363, 21.954475340662285], [80.37374344913508, 21.957185562873974]]]]}, "properties": {"confidence_band": "Very High", "site_id": "balaghat", "cell_count": 510}}, {"type": "Feature", "geometry": {"type": "MultiPolygon", "coordinates": [[[[80.19434715563797, 21.826313479813482], [80.19433197902092, 21.829023637602315], [80.19723461461224, 21.829037783421832], [80.19724973656581, 21.82632762370075], [80.19434715563797, 21.826313479813482]]], [[[80.26107925703924, 21.832046276545906], [80.26398199933212, 21.83205925007918], [80.26399586613121, 21.829349048738738], [80.26109317851477, 21.829336076977413], [80.26107925703924, 21.832046276545906]]], [[[80.21460608159722, 21.83725209451499], [80.21750889754486, 21.83726588867243], [80.217523643737, 21.83455571831807], [80.21462088247978, 21.834541926044267], [80.21460608159722, 21.83725209451499]]], [[[80.29002648416999, 21.848434997384373], [80.29001309487994, 21.851145208074644], [80.29291624137531, 21.85115768296898], [80.29292957592749, 21.848447470576065], [80.29002648416999, 21.848434997384373]]], [[[80.21156946366224, 21.861629708029273], [80.21447276990025, 21.861643570271493], [80.21448759153594, 21.85893340989784], [80.21158434006486, 21.858919549546858], [80.21156946366224, 21.861629708029273]]], [[[80.23475264941203, 21.869869689202], [80.23765613822295, 21.869883147915267], [80.237670528433, 21.86717297536179], [80.2347670944161, 21.867159518484172], [80.23475264941203, 21.869869689202]]], [[[80.26078640485086, 21.888960259893363], [80.26077243562624, 21.891670439683775], [80.26367638295636, 21.89168345221624], [80.26369029731704, 21.888973270652457], [80.26078640485086, 21.888960259893363]]], [[[80.22255027637836, 21.97822113596122], [80.22545595487635, 21.97823487387508], [80.22547065534701, 21.97552474478014], [80.22256503198388, 21.975511008732557], [80.22255027637836, 21.97822113596122]]], [[[80.25740447086443, 21.98109274478951], [80.26031023131692, 21.981105867318362], [80.26032427233277, 21.9783957172759], [80.257418567026, 21.978382596529553], [80.25740447086443, 21.98109274478951]]], [[[80.19343236721485, 21.98892135190591], [80.19341704839354, 21.99163145556441], [80.19632297940254, 21.991645717448012], [80.19633824304822, 21.988935611853016], [80.19343236721485, 21.98892135190591]]], [[[80.29803199524491, 21.992112460512757], [80.30093800609832, 21.992124869625503], [80.30095128329171, 21.989414698970414], [80.29804532762078, 21.989402291542604], [80.29803199524491, 21.992112460512757]]], [[[80.29219308801463, 21.997507816332238], [80.29509920511312, 21.997520331780102], [80.29511259682481, 21.99481016630706], [80.29220653492554, 21.99479765255824], [80.29219308801463, 21.997507816332238]]], [[[80.28051394853786, 22.008297858319835], [80.28050027023083, 22.011008010711688], [80.28340665505657, 22.011020740723747], [80.28342027812228, 22.008310586604587], [80.28051394853786, 22.008297858319835]]], [[[80.3567738422537, 21.85412944793781], [80.35967708909213, 21.854140748916034], [80.35968916650651, 21.85143050018388], [80.35678597441834, 21.851419200747934], [80.3567738422537, 21.85412944793781]]], [[[80.32184545010878, 21.87296142107062], [80.32474905719673, 21.872973346808276], [80.3247618054841, 21.87026312332763], [80.32185825320413, 21.87025119921638], [80.32184545010878, 21.87296142107062]]], [[[80.40598351161513, 21.889548073184013], [80.40597228579891, 21.892258333093896], [80.40887633087674, 21.8922687850266], [80.40888750182071, 21.889558523692298], [80.40598351161513, 21.889548073184013]]], [[[80.39433322708409, 21.897636518803573], [80.39723737489605, 21.897647178501778], [80.3972487688713, 21.894936924701632], [80.39434467594805, 21.894926266455876], [80.39433322708409, 21.897636518803573]]], [[[80.43201209055505, 21.91674296866652], [80.43491664520803, 21.91675297191203], [80.4349273372453, 21.914042706144496], [80.4320228375427, 21.914032704261036], [80.43201209055505, 21.91674296866652]]], [[[80.39712333766998, 21.92474966712995], [80.3971119241967, 21.927459911053493], [80.40001667812152, 21.927470535426366], [80.40002803661201, 21.924760290056778], [80.39712333766998, 21.92474966712995]]], [[[80.42615954184083, 21.927563846003213], [80.42906431303034, 21.92757395731179], [80.42907512168473, 21.9248636978658], [80.4261704054795, 21.92485358793344], [80.42615954184083, 21.927563846003213]]], [[[80.46964086219162, 21.952102589765683], [80.47254615293787, 21.95211194290033], [80.47255615077825, 21.94940167172622], [80.46965091509527, 21.94939231986346], [80.46964086219162, 21.952102589765683]]], [[[80.46088411111465, 21.962915277329188], [80.46378961748893, 21.962924789750232], [80.46379978683215, 21.960214526005455], [80.46089433555494, 21.96020501487744], [80.46088411111465, 21.962915277329188]]], [[[80.46659389660095, 21.990036851656455], [80.46949995756786, 21.990046274071922], [80.46951003233859, 21.98733601674902], [80.46660402655456, 21.987326595613087], [80.46659389660095, 21.990036851656455]]], [[[80.3241733286322, 21.99493247262], [80.3270794129061, 21.994944420130505], [80.32709219543204, 21.99223423552735], [80.32418616635074, 21.99222228963895], [80.3241733286322, 21.99493247262]]], [[[80.32697921451046, 22.01617416830922], [80.32988573340644, 22.016186076996384], [80.3298984762082, 22.013475897845463], [80.32699201257203, 22.01346399077387], [80.32697921451046, 22.01617416830922]]]]}, "properties": {"confidence_band": "Moderate", "site_id": "balaghat", "cell_count": 25}}]}