equipment_id,site_id,down_start,down_end,duration_hours,reason
eq_bal_01,balaghat,2025-01-06 03:10:19,2025-01-06 20:04:26,16.9,weather delay
eq_bal_01,balaghat,2025-01-13 16:18:58,2025-01-15 00:17:46,31.98,mechanical failure
eq_bal_01,balaghat,2025-01-20 11:21:01,2025-01-20 17:54:28,6.56,operator shift gap
eq_bal_01,balaghat,2025-01-27 21:03:32,2025-01-29 21:08:33,48.08,mechanical failure
eq_bal_01,balaghat,2025-02-02 02:21:54,2025-02-02 05:55:13,3.56,scheduled maintenance
eq_bal_01,balaghat,2025-02-16 13:45:23,2025-02-17 13:40:10,23.91,mechanical failure
eq_bal_01,balaghat,2025-03-03 17:48:36,2025-03-03 22:53:42,5.09,scheduled maintenance
eq_bal_01,balaghat,2025-03-11 17:47:23,2025-03-13 14:14:31,44.45,weather delay
eq_bal_01,balaghat,2025-04-03 06:36:42,2025-04-05 07:31:12,48.91,spare parts unavailable
eq_bal_01,balaghat,2025-04-06 00:42:40,2025-04-06 08:35:12,7.88,scheduled maintenance
eq_bal_01,balaghat,2025-04-13 21:12:09,2025-04-14 15:01:15,17.82,weather delay
eq_bal_01,balaghat,2025-04-17 23:27:19,2025-04-18 07:57:10,8.5,electrical fault
eq_bal_01,balaghat,2025-05-01 11:43:40,2025-05-01 15:32:33,3.81,scheduled maintenance
eq_bal_01,balaghat,2025-05-06 02:52:06,2025-05-08 06:07:09,51.25,spare parts unavailable
eq_bal_01,balaghat,2025-05-08 06:07:09,2025-05-08 23:06:05,16.98,electrical fault
eq_bal_01,balaghat,2025-05-11 11:52:09,2025-05-13 12:23:17,48.52,spare parts unavailable
eq_bal_01,balaghat,2025-05-20 02:26:00,2025-05-22 21:32:39,67.11,mechanical failure
eq_bal_01,balaghat,2025-06-05 03:31:28,2025-06-05 10:05:30,6.57,scheduled maintenance
eq_bal_01,balaghat,2025-06-11 18:39:53,2025-06-12 06:17:13,11.62,electrical fault
eq_bal_01,balaghat,2025-06-22 07:01:51,2025-06-22 13:52:27,6.84,operator shift gap
eq_bal_01,balaghat,2025-07-04 10:56:34,2025-07-06 04:07:31,41.18,weather delay
eq_bal_01,balaghat,2025-07-08 06:09:02,2025-07-08 10:05:09,3.94,scheduled maintenance
eq_bal_01,balaghat,2025-07-14 16:19:41,2025-07-15 02:59:06,10.66,electrical fault
eq_bal_01,balaghat,2025-07-17 11:30:33,2025-07-19 08:22:07,44.86,mechanical failure
eq_bal_01,balaghat,2025-07-20 08:19:48,2025-07-20 15:27:11,7.12,operator shift gap
eq_bal_01,balaghat,2025-07-23 23:40:34,2025-07-24 01:54:53,2.24,operator shift gap
eq_bal_01,balaghat,2025-07-26 17:32:33,2025-07-30 14:03:38,92.52,spare parts unavailable
eq_bal_01,balaghat,2025-07-30 14:03:38,2025-07-30 23:29:08,9.43,mechanical failure
eq_bal_01,balaghat,2025-08-04 11:28:45,2025-08-07 02:24:51,62.93,mechanical failure
eq_bal_01,balaghat,2025-08-07 09:53:19,2025-08-07 12:37:19,2.73,scheduled maintenance
eq_bal_01,balaghat,2025-08-07 12:37:19,2025-08-07 20:48:59,8.19,hydraulic leak
eq_bal_01,balaghat,2025-08-31 13:36:58,2025-09-03 08:43:20,67.11,spare parts unavailable
eq_bal_01,balaghat,2025-09-04 04:52:21,2025-09-04 09:12:22,4.33,scheduled maintenance
eq_bal_01,balaghat,2025-09-07 15:44:26,2025-09-09 11:25:45,43.69,mechanical failure
eq_bal_01,balaghat,2025-09-15 17:53:13,2025-09-16 16:14:40,22.36,hydraulic leak
eq_bal_01,balaghat,2025-09-29 21:05:51,2025-09-30 05:03:19,7.96,weather delay
eq_bal_01,balaghat,2025-10-03 03:24:56,2025-10-03 07:58:43,4.56,scheduled maintenance
eq_bal_01,balaghat,2025-10-08 08:11:48,2025-10-09 11:47:01,27.59,hydraulic leak
eq_bal_01,balaghat,2025-10-09 22:22:31,2025-10-11 03:30:41,29.14,mechanical failure
eq_bal_01,balaghat,2025-10-11 03:30:41,2025-10-13 16:33:32,61.05,mechanical failure
eq_bal_01,balaghat,2025-10-15 12:21:11,2025-10-17 12:25:41,48.08,mechanical failure
eq_bal_01,balaghat,2025-10-28 01:29:05,2025-10-30 20:09:36,66.68,mechanical failure
eq_bal_01,balaghat,2025-11-01 18:38:31,2025-11-02 01:27:40,6.82,scheduled maintenance
eq_bal_01,balaghat,2025-11-15 06:58:13,2025-11-17 00:13:10,41.25,weather delay
eq_bal_01,balaghat,2025-11-17 00:13:10,2025-11-17 04:16:42,4.06,operator shift gap
eq_bal_01,balaghat,2025-11-24 10:38:06,2025-11-25 05:46:48,19.15,electrical fault
eq_bal_01,balaghat,2025-12-06 01:18:20,2025-12-06 07:48:00,6.49,scheduled maintenance
eq_bal_01,balaghat,2025-12-21 08:13:22,2025-12-26 03:00:03,114.78,spare parts unavailable
eq_bal_01,balaghat,2025-12-26 21:42:29,2025-12-28 09:30:05,35.79,weather delay
eq_bal_01,balaghat,2026-01-02 21:31:13,2026-01-04 13:28:02,39.95,mechanical failure
eq_bal_01,balaghat,2026-01-05 19:38:53,2026-01-05 23:59:54,4.35,scheduled maintenance
eq_bal_01,balaghat,2026-01-21 14:42:12,2026-01-23 00:21:23,33.65,mechanical failure
eq_bal_01,balaghat,2026-01-31 14:16:46,2026-01-31 20:40:38,6.4,scheduled maintenance
eq_bal_01,balaghat,2026-02-03 16:41:51,2026-02-07 06:07:04,85.42,spare parts unavailable
eq_bal_01,balaghat,2026-02-07 14:43:35,2026-02-07 17:34:48,2.85,operator shift gap
eq_bal_01,balaghat,2026-03-01 05:02:59,2026-03-01 07:39:02,2.6,scheduled maintenance
eq_bal_01,balaghat,2026-03-14 09:48:23,2026-03-15 18:09:29,32.35,spare parts unavailable
eq_bal_01,balaghat,2026-03-15 18:09:29,2026-03-16 12:27:38,18.3,electrical fault
eq_bal_01,balaghat,2026-03-19 12:52:57,2026-03-21 12:09:14,47.27,spare parts unavailable
eq_bal_01,balaghat,2026-03-24 08:04:01,2026-03-24 22:27:50,14.4,hydraulic leak
eq_bal_01,balaghat,2026-03-30 14:02:40,2026-03-30 19:42:02,5.66,scheduled maintenance
eq_bal_01,balaghat,2026-04-01 07:03:34,2026-04-01 12:52:34,5.82,mechanical failure
eq_bal_01,balaghat,2026-04-13 06:31:10,2026-04-14 19:13:37,36.71,mechanical failure
eq_bal_01,balaghat,2026-04-23 04:15:13,2026-04-24 15:01:57,34.78,weather delay
eq_bal_01,balaghat,2026-04-26 09:30:37,2026-04-29 06:04:46,68.57,mechanical failure
eq_bal_01,balaghat,2026-04-29 20:25:59,2026-04-29 22:26:58,2.02,operator shift gap
eq_bal_01,balaghat,2026-05-02 19:22:32,2026-05-02 23:25:29,4.05,scheduled maintenance
eq_bal_01,balaghat,2026-05-24 08:09:43,2026-05-24 11:35:45,3.43,electrical fault
eq_bal_01,balaghat,2026-05-25 08:52:05,2026-05-25 13:00:43,4.14,operator shift gap
eq_bal_01,balaghat,2026-05-28 13:07:47,2026-05-28 16:40:44,3.55,scheduled maintenance
eq_bal_01,balaghat,2026-06-09 07:37:08,2026-06-09 14:58:46,7.36,operator shift gap
eq_bal_01,balaghat,2026-06-14 21:36:40,2026-06-15 07:15:07,9.64,mechanical failure
eq_bal_01,balaghat,2026-06-19 18:09:07,2026-06-20 07:50:58,13.7,mechanical failure
eq_bal_01,balaghat,2026-06-23 17:58:36,2026-06-24 23:17:55,29.32,hydraulic leak
eq_bal_01,balaghat,2026-06-28 04:29:56,2026-06-28 07:09:53,2.67,scheduled maintenance
eq_bal_01,balaghat,2026-07-05 11:29:33,2026-07-06 17:24:37,29.92,weather delay
eq_bal_01,balaghat,2026-07-24 15:46:51,2026-07-24 21:43:31,5.94,scheduled maintenance
eq_bal_01,balaghat,2026-08-01 14:22:22,2026-08-02 09:46:20,19.4,mechanical failure
eq_bal_01,balaghat,2026-08-12 19:06:04,2026-08-13 17:29:56,22.4,hydraulic leak
eq_bal_01,balaghat,2026-08-21 21:58:06,2026-08-22 02:00:33,4.04,scheduled maintenance
eq_bal_01,balaghat,2026-08-29 05:38:27,2026-08-30 17:11:26,35.55,mechanical failure
eq_bal_01,balaghat,2026-09-14 17:46:02,2026-09-14 20:39:12,2.89,electrical fault
eq_bal_01,balaghat,2026-09-15 18:03:15,2026-09-15 23:44:51,5.69,electrical fault
eq_bal_02,balaghat,2025-01-08 09:38:22,2025-01-08 13:14:00,3.59,scheduled maintenance
eq_bal_02,balaghat,2025-01-08 13:14:00,2025-01-13 06:01:46,112.8,spare parts unavailable
eq_bal_02,balaghat,2025-01-13 06:01:46,2025-01-13 08:36:20,2.58,operator shift gap
eq_bal_02,balaghat,2025-01-13 16:56:22,2025-01-14 11:18:12,18.36,electrical fault
eq_bal_02,balaghat,2025-01-20 00:36:32,2025-01-21 06:50:10,30.23,hydraulic leak
eq_bal_02,balaghat,2025-01-21 06:50:10,2025-01-23 00:15:11,41.42,mechanical failure
eq_bal_02,balaghat,2025-01-26 09:29:00,2025-01-27 16:09:38,30.68,spare parts unavailable
eq_bal_02,balaghat,2025-02-01 00:32:07,2025-02-05 09:03:04,104.52,spare parts unavailable
eq_bal_02,balaghat,2025-02-09 04:30:06,2025-02-09 11:48:00,7.3,scheduled maintenance
eq_bal_02,balaghat,2025-02-25 05:48:14,2025-02-26 15:04:23,33.27,mechanical failure
eq_bal_02,balaghat,2025-03-04 18:26:44,2025-03-06 08:48:19,38.36,mechanical failure
eq_bal_02,balaghat,2025-03-06 17:21:36,2025-03-07 00:30:04,7.14,weather delay
eq_bal_02,balaghat,2025-03-10 14:55:54,2025-03-10 20:49:51,5.9,scheduled maintenance
eq_bal_02,balaghat,2025-03-21 06:13:54,2025-03-22 22:10:46,39.95,mechanical failure
eq_bal_02,balaghat,2025-04-03 00:05:35,2025-04-04 00:05:52,24.0,spare parts unavailable
eq_bal_02,balaghat,2025-04-09 01:22:02,2025-04-09 09:19:45,7.96,scheduled maintenance
eq_bal_02,balaghat,2025-04-14 19:47:17,2025-04-17 08:15:43,60.47,mechanical failure
eq_bal_02,balaghat,2025-05-01 15:34:25,2025-05-03 07:27:21,39.88,mechanical failure
eq_bal_02,balaghat,2025-05-04 10:54:57,2025-05-05 06:08:50,19.23,hydraulic leak
eq_bal_02,balaghat,2025-05-06 04:06:27,2025-05-08 03:09:32,47.05,weather delay
eq_bal_02,balaghat,2025-05-11 04:25:31,2025-05-11 08:12:06,3.78,scheduled maintenance
eq_bal_02,balaghat,2025-05-19 22:40:15,2025-05-21 15:33:08,40.88,mechanical failure
eq_bal_02,balaghat,2025-05-26 06:09:13,2025-05-27 15:47:59,33.65,mechanical failure
eq_bal_02,balaghat,2025-06-05 09:21:05,2025-06-07 16:49:15,55.47,mechanical failure
eq_bal_02,balaghat,2025-06-08 19:56:25,2025-06-09 00:20:51,4.41,scheduled maintenance
eq_bal_02,balaghat,2025-06-09 00:20:51,2025-06-10 03:57:55,27.62,weather delay
eq_bal_02,balaghat,2025-06-10 03:57:55,2025-06-10 10:07:04,6.15,mechanical failure
eq_bal_02,balaghat,2025-06-17 10:46:50,2025-06-18 22:15:01,35.47,mechanical failure
eq_bal_02,balaghat,2025-06-18 22:15:01,2025-06-19 04:12:14,5.95,operator shift gap
eq_bal_02,balaghat,2025-06-20 03:58:29,2025-06-20 08:14:44,4.27,operator shift gap
eq_bal_02,balaghat,2025-06-27 23:17:29,2025-06-29 13:34:50,38.29,weather delay
eq_bal_02,balaghat,2025-07-09 23:47:51,2025-07-10 03:00:12,3.21,scheduled maintenance
eq_bal_02,balaghat,2025-07-22 10:04:15,2025-07-24 04:42:36,42.64,mechanical failure
eq_bal_02,balaghat,2025-08-03 19:11:00,2025-08-04 19:27:40,24.28,hydraulic leak
eq_bal_02,balaghat,2025-08-12 18:06:57,2025-08-13 15:28:48,21.36,electrical fault
eq_bal_02,balaghat,2025-08-13 19:21:35,2025-08-13 22:05:21,2.73,scheduled maintenance
eq_bal_02,balaghat,2025-08-16 16:04:32,2025-08-16 21:13:19,5.15,operator shift gap
eq_bal_02,balaghat,2025-08-21 21:09:19,2025-08-21 23:19:23,2.17,operator shift gap
eq_bal_02,balaghat,2025-08-30 10:48:42,2025-08-30 16:59:31,6.18,weather delay
eq_bal_02,balaghat,2025-09-06 20:07:42,2025-09-08 21:30:21,49.38,spare parts unavailable
eq_bal_02,balaghat,2025-09-12 12:30:13,2025-09-12 18:32:01,6.03,scheduled maintenance
eq_bal_02,balaghat,2025-09-20 21:19:02,2025-09-21 19:12:50,21.9,electrical fault
eq_bal_02,balaghat,2025-09-23 22:25:23,2025-09-25 07:25:43,33.01,weather delay
eq_bal_02,balaghat,2025-10-03 03:24:38,2025-10-05 06:22:57,50.97,mechanical failure
eq_bal_02,balaghat,2025-10-05 06:22:57,2025-10-06 08:12:18,25.82,weather delay
eq_bal_02,balaghat,2025-10-10 06:49:27,2025-10-10 13:11:32,6.37,scheduled maintenance
eq_bal_02,balaghat,2025-10-18 17:12:27,2025-10-19 00:07:58,6.93,operator shift gap
eq_bal_02,balaghat,2025-10-19 20:25:44,2025-10-20 01:45:25,5.33,electrical fault
eq_bal_02,balaghat,2025-10-20 02:56:36,2025-10-20 07:49:19,4.88,operator shift gap
eq_bal_02,balaghat,2025-10-31 12:26:11,2025-10-31 15:20:09,2.9,operator shift gap
eq_bal_02,balaghat,2025-11-12 11:53:09,2025-11-12 16:05:25,4.2,electrical fault
eq_bal_02,balaghat,2025-11-14 05:55:32,2025-11-14 13:48:50,7.89,scheduled maintenance
eq_bal_02,balaghat,2025-11-20 16:39:58,2025-11-22 17:53:47,49.23,mechanical failure
eq_bal_02,balaghat,2025-12-14 23:54:08,2025-12-15 17:56:31,18.04,electrical fault
eq_bal_02,balaghat,2025-12-16 02:39:38,2025-12-16 06:28:14,3.81,scheduled maintenance
eq_bal_02,balaghat,2025-12-20 08:09:19,2025-12-22 03:30:05,43.35,mechanical failure
eq_bal_02,balaghat,2025-12-23 11:47:36,2025-12-23 14:58:49,3.19,operator shift gap
eq_bal_02,balaghat,2026-01-10 19:27:57,2026-01-13 01:44:04,54.27,mechanical failure
eq_bal_02,balaghat,2026-01-14 00:52:22,2026-01-14 08:47:27,7.92,scheduled maintenance
eq_bal_02,balaghat,2026-02-16 22:05:55,2026-02-17 02:57:30,4.86,scheduled maintenance
eq_bal_02,balaghat,2026-03-07 01:12:29,2026-03-08 03:25:23,26.22,mechanical failure
eq_bal_02,balaghat,2026-03-16 13:13:48,2026-03-16 16:34:23,3.34,operator shift gap
eq_bal_02,balaghat,2026-03-16 18:26:08,2026-03-17 00:28:47,6.04,scheduled maintenance
eq_bal_02,balaghat,2026-03-18 11:48:14,2026-03-19 06:11:26,18.39,mechanical failure
eq_bal_02,balaghat,2026-03-21 16:08:56,2026-03-22 17:43:52,25.58,weather delay
eq_bal_02,balaghat,2026-04-12 00:33:41,2026-04-16 09:48:43,105.25,spare parts unavailable
eq_bal_02,balaghat,2026-04-16 09:48:43,2026-04-16 17:44:09,7.92,electrical fault
eq_bal_02,balaghat,2026-04-20 16:48:14,2026-04-20 20:53:38,4.09,scheduled maintenance
eq_bal_02,balaghat,2026-04-30 23:44:17,2026-05-01 05:12:27,5.47,operator shift gap
eq_bal_02,balaghat,2026-05-01 11:07:41,2026-05-03 20:16:18,57.14,spare parts unavailable
eq_bal_02,balaghat,2026-05-09 07:10:18,2026-05-10 01:39:09,18.48,weather delay
eq_bal_02,balaghat,2026-05-24 17:39:51,2026-05-24 21:41:19,4.02,scheduled maintenance
eq_bal_02,balaghat,2026-05-24 21:41:19,2026-05-28 10:53:40,85.21,spare parts unavailable
eq_bal_02,balaghat,2026-05-28 10:53:40,2026-05-30 11:05:10,48.19,mechanical failure
eq_bal_02,balaghat,2026-06-06 14:32:41,2026-06-09 16:02:45,73.5,spare parts unavailable
eq_bal_02,balaghat,2026-06-13 13:49:08,2026-06-14 06:06:43,16.29,hydraulic leak
eq_bal_02,balaghat,2026-06-27 01:13:53,2026-06-27 06:12:12,4.97,scheduled maintenance
eq_bal_02,balaghat,2026-06-27 06:12:12,2026-06-28 14:41:09,32.48,spare parts unavailable
eq_bal_02,balaghat,2026-07-05 21:28:19,2026-07-06 13:42:08,16.23,electrical fault
eq_bal_02,balaghat,2026-07-14 02:01:47,2026-07-14 17:39:44,15.63,hydraulic leak
eq_bal_02,balaghat,2026-07-26 13:37:46,2026-07-27 10:52:32,21.25,mechanical failure
eq_bal_02,balaghat,2026-07-30 02:06:01,2026-07-30 05:29:07,3.39,operator shift gap
eq_bal_02,balaghat,2026-09-03 03:20:19,2026-09-05 11:38:50,56.31,mechanical failure
eq_bal_02,balaghat,2026-09-16 13:08:19,2026-09-16 19:04:15,5.93,operator shift gap
eq_bal_03,balaghat,2025-01-01 17:43:53,2025-01-01 22:52:27,5.14,scheduled maintenance
eq_bal_03,balaghat,2025-01-27 12:20:18,2025-01-27 20:18:18,7.97,scheduled maintenance
eq_bal_03,balaghat,2025-02-17 19:37:15,2025-02-19 06:20:45,34.72,weather delay
eq_bal_03,balaghat,2025-03-03 07:41:10,2025-03-03 11:02:25,3.35,scheduled maintenance
eq_bal_03,balaghat,2025-03-04 16:31:02,2025-03-04 20:36:10,4.09,operator shift gap
eq_bal_03,balaghat,2025-03-16 16:17:36,2025-03-17 01:41:43,9.4,mechanical failure
eq_bal_03,balaghat,2025-03-29 06:49:37,2025-03-29 09:01:25,2.2,scheduled maintenance
eq_bal_03,balaghat,2025-03-30 19:52:46,2025-03-30 21:45:30,1.88,operator shift gap
eq_bal_03,balaghat,2025-04-08 00:45:23,2025-04-12 17:44:16,112.98,spare parts unavailable
eq_bal_03,balaghat,2025-04-17 04:28:02,2025-04-18 17:27:50,37.0,weather delay
eq_bal_03,balaghat,2025-04-30 07:27:27,2025-04-30 13:09:07,5.69,scheduled maintenance
eq_bal_03,balaghat,2025-05-12 19:14:44,2025-05-14 00:18:24,29.06,mechanical failure
eq_bal_03,balaghat,2025-05-22 02:36:05,2025-05-24 05:38:11,51.04,mechanical failure
eq_bal_03,balaghat,2025-05-25 12:03:56,2025-05-25 16:02:35,3.98,scheduled maintenance
eq_bal_03,balaghat,2025-05-27 14:26:59,2025-05-27 23:20:13,8.89,mechanical failure
eq_bal_03,balaghat,2025-06-28 13:47:57,2025-06-28 17:12:39,3.41,scheduled maintenance
eq_bal_03,balaghat,2025-07-07 22:09:44,2025-07-12 21:19:42,119.17,spare parts unavailable
eq_bal_03,balaghat,2025-07-29 02:03:30,2025-07-29 05:02:41,2.99,scheduled maintenance
eq_bal_03,balaghat,2025-08-10 01:30:41,2025-08-10 17:50:12,16.33,electrical fault
eq_bal_03,balaghat,2025-08-23 18:12:39,2025-08-28 15:30:57,117.31,spare parts unavailable
eq_bal_03,balaghat,2025-08-28 15:30:57,2025-08-28 22:24:55,6.9,mechanical failure
eq_bal_03,balaghat,2025-08-31 03:19:47,2025-08-31 06:39:27,3.33,scheduled maintenance
eq_bal_03,balaghat,2025-09-07 18:27:41,2025-09-07 19:46:52,1.32,operator shift gap
eq_bal_03,balaghat,2025-09-09 06:43:52,2025-09-12 02:09:36,67.43,mechanical failure
eq_bal_03,balaghat,2025-10-03 12:13:26,2025-10-03 16:46:01,4.54,scheduled maintenance
eq_bal_03,balaghat,2025-10-28 23:55:47,2025-10-29 05:47:25,5.86,scheduled maintenance
eq_bal_03,balaghat,2025-11-01 21:05:02,2025-11-03 05:17:11,32.2,weather delay
eq_bal_03,balaghat,2025-11-28 17:42:59,2025-11-29 00:05:30,6.38,scheduled maintenance
eq_bal_03,balaghat,2025-12-29 08:44:43,2025-12-29 14:36:33,5.86,scheduled maintenance
eq_bal_03,balaghat,2025-12-31 03:31:13,2026-01-02 05:10:40,49.66,mechanical failure
eq_bal_03,balaghat,2026-01-05 11:47:56,2026-01-09 02:55:54,87.13,spare parts unavailable
eq_bal_03,balaghat,2026-01-29 12:33:04,2026-01-29 16:21:07,3.8,scheduled maintenance
eq_bal_03,balaghat,2026-02-01 18:47:51,2026-02-03 11:38:27,40.84,mechanical failure
eq_bal_03,balaghat,2026-02-03 11:38:27,2026-02-04 01:07:22,13.48,hydraulic leak
eq_bal_03,balaghat,2026-02-11 05:38:58,2026-02-11 14:44:50,9.1,weather delay
eq_bal_03,balaghat,2026-02-18 12:24:02,2026-02-18 15:38:35,3.24,operator shift gap
eq_bal_03,balaghat,2026-02-26 18:28:14,2026-02-28 03:38:30,33.17,mechanical failure
eq_bal_03,balaghat,2026-03-03 13:56:53,2026-03-03 21:40:52,7.73,scheduled maintenance
eq_bal_03,balaghat,2026-03-30 11:26:45,2026-03-30 19:05:53,7.65,scheduled maintenance
eq_bal_03,balaghat,2026-03-30 19:05:53,2026-04-01 11:16:07,40.17,mechanical failure
eq_bal_03,balaghat,2026-04-10 06:17:09,2026-04-12 01:54:41,43.63,hydraulic leak
eq_bal_03,balaghat,2026-04-12 19:49:14,2026-04-15 22:51:08,75.03,spare parts unavailable
eq_bal_03,balaghat,2026-04-15 22:51:08,2026-04-18 05:19:19,54.47,mechanical failure
eq_bal_03,balaghat,2026-04-18 21:47:02,2026-04-18 23:17:29,1.51,operator shift gap
eq_bal_03,balaghat,2026-04-21 16:52:37,2026-04-23 11:00:05,42.12,weather delay
eq_bal_03,balaghat,2026-04-24 03:23:20,2026-04-27 09:34:29,78.19,spare parts unavailable
eq_bal_03,balaghat,2026-04-27 09:34:29,2026-04-30 16:59:29,79.42,spare parts unavailable
eq_bal_03,balaghat,2026-04-30 23:51:40,2026-05-01 01:57:54,2.1,scheduled maintenance
eq_bal_03,balaghat,2026-05-01 01:57:54,2026-05-04 00:43:11,70.75,mechanical failure
eq_bal_03,balaghat,2026-05-04 07:48:09,2026-05-06 21:42:58,61.91,mechanical failure
eq_bal_03,balaghat,2026-05-23 12:24:47,2026-05-24 06:42:58,18.3,electrical fault
eq_bal_03,balaghat,2026-05-30 02:03:37,2026-05-30 06:45:27,4.7,scheduled maintenance
eq_bal_03,balaghat,2026-05-30 06:45:27,2026-05-31 06:02:40,23.29,electrical fault
eq_bal_03,balaghat,2026-06-04 03:05:11,2026-06-04 05:27:45,2.38,operator shift gap
eq_bal_03,balaghat,2026-06-07 13:05:57,2026-06-09 09:49:26,44.72,weather delay
eq_bal_03,balaghat,2026-06-14 01:11:50,2026-06-16 09:55:49,56.73,mechanical failure
eq_bal_03,balaghat,2026-06-16 23:58:32,2026-06-17 12:13:10,12.24,mechanical failure
eq_bal_03,balaghat,2026-07-01 01:40:14,2026-07-01 07:46:24,6.1,operator shift gap
eq_bal_03,balaghat,2026-07-02 18:00:58,2026-07-03 00:44:42,6.73,scheduled maintenance
eq_bal_03,balaghat,2026-07-11 09:33:08,2026-07-13 04:44:12,43.18,weather delay
eq_bal_03,balaghat,2026-08-03 16:13:10,2026-08-03 22:17:34,6.07,scheduled maintenance
eq_bal_03,balaghat,2026-08-13 10:13:38,2026-08-17 01:30:58,87.29,spare parts unavailable
eq_bal_03,balaghat,2026-08-27 02:52:51,2026-08-30 00:15:38,69.38,mechanical failure
eq_bal_03,balaghat,2026-09-02 09:05:36,2026-09-02 11:17:32,2.2,scheduled maintenance
eq_bal_04,balaghat,2025-01-06 10:20:18,2025-01-06 17:15:43,6.92,scheduled maintenance
eq_bal_04,balaghat,2025-01-11 03:43:33,2025-01-13 00:17:54,44.57,weather delay
eq_bal_04,balaghat,2025-02-09 00:05:47,2025-02-09 04:26:02,4.34,scheduled maintenance
eq_bal_04,balaghat,2025-02-14 11:10:56,2025-02-14 23:30:43,12.33,weather delay
eq_bal_04,balaghat,2025-02-24 21:16:23,2025-02-25 01:57:45,4.69,operator shift gap
eq_bal_04,balaghat,2025-02-25 01:57:45,2025-03-01 21:28:09,115.51,spare parts unavailable
eq_bal_04,balaghat,2025-03-01 22:29:21,2025-03-03 18:44:49,44.26,hydraulic leak
eq_bal_04,balaghat,2025-03-08 01:17:08,2025-03-08 04:56:12,3.65,scheduled maintenance
eq_bal_04,balaghat,2025-03-10 16:58:42,2025-03-11 02:55:27,9.95,mechanical failure
eq_bal_04,balaghat,2025-03-20 12:27:27,2025-03-21 20:40:22,32.22,mechanical failure
eq_bal_04,balaghat,2025-03-25 00:15:45,2025-03-25 08:53:28,8.63,weather delay
eq_bal_04,balaghat,2025-04-05 18:35:48,2025-04-06 01:23:12,6.79,scheduled maintenance
eq_bal_04,balaghat,2025-04-07 02:49:23,2025-04-10 12:00:59,81.19,spare parts unavailable
eq_bal_04,balaghat,2025-05-09 20:14:21,2025-05-09 22:26:11,2.2,scheduled maintenance
eq_bal_04,balaghat,2025-05-15 15:24:02,2025-05-15 17:12:43,1.81,operator shift gap
eq_bal_04,balaghat,2025-05-16 02:26:45,2025-05-17 23:47:43,45.35,spare parts unavailable
eq_bal_04,balaghat,2025-06-08 21:44:58,2025-06-09 04:55:23,7.17,scheduled maintenance
eq_bal_04,balaghat,2025-06-30 09:08:30,2025-07-02 05:31:13,44.38,hydraulic leak
eq_bal_04,balaghat,2025-07-12 03:53:49,2025-07-12 06:41:57,2.8,scheduled maintenance
eq_bal_04,balaghat,2025-07-13 16:29:36,2025-07-14 10:46:12,18.28,electrical fault
eq_bal_04,balaghat,2025-07-21 09:03:48,2025-07-21 12:55:55,3.87,operator shift gap
eq_bal_04,balaghat,2025-07-31 08:37:48,2025-08-01 10:57:12,26.32,weather delay
eq_bal_04,balaghat,2025-08-10 13:47:52,2025-08-12 21:33:36,55.76,mechanical failure
eq_bal_04,balaghat,2025-08-12 21:33:36,2025-08-13 08:14:46,10.69,weather delay
eq_bal_04,balaghat,2025-08-16 02:14:40,2025-08-16 06:33:38,4.32,scheduled maintenance
eq_bal_04,balaghat,2025-08-20 14:20:06,2025-08-23 21:33:20,79.22,spare parts unavailable
eq_bal_04,balaghat,2025-09-02 13:24:57,2025-09-03 19:32:00,30.12,spare parts unavailable
eq_bal_04,balaghat,2025-09-03 19:32:00,2025-09-04 02:17:27,6.76,electrical fault
eq_bal_04,balaghat,2025-09-14 00:40:22,2025-09-14 05:54:29,5.24,scheduled maintenance
eq_bal_04,balaghat,2025-10-04 06:35:20,2025-10-04 15:55:42,9.34,electrical fault
eq_bal_04,balaghat,2025-10-07 06:52:59,2025-10-10 06:26:02,71.55,spare parts unavailable
eq_bal_04,balaghat,2025-10-13 03:52:43,2025-10-13 05:59:54,2.12,scheduled maintenance
eq_bal_04,balaghat,2025-10-19 00:33:50,2025-10-21 11:24:50,58.85,mechanical failure
eq_bal_04,balaghat,2025-11-15 03:49:24,2025-11-15 10:07:42,6.31,scheduled maintenance
eq_bal_04,balaghat,2025-11-28 08:54:19,2025-11-30 04:34:50,43.68,spare parts unavailable
eq_bal_04,balaghat,2025-12-02 21:34:54,2025-12-03 05:20:30,7.76,electrical fault
eq_bal_04,balaghat,2025-12-10 09:38:44,2025-12-10 12:27:00,2.8,scheduled maintenance
eq_bal_04,balaghat,2026-01-07 18:51:20,2026-01-10 11:13:30,64.37,mechanical failure
eq_bal_04,balaghat,2026-01-12 04:25:27,2026-01-12 09:32:01,5.11,scheduled maintenance
eq_bal_04,balaghat,2026-01-13 23:40:13,2026-01-14 13:24:45,13.74,hydraulic leak
eq_bal_04,balaghat,2026-02-05 15:56:15,2026-02-08 12:49:09,68.88,mechanical failure
eq_bal_04,balaghat,2026-02-15 12:13:50,2026-02-15 17:34:45,5.35,scheduled maintenance
eq_bal_04,balaghat,2026-02-15 17:34:45,2026-02-16 14:16:18,20.69,electrical fault
eq_bal_04,balaghat,2026-02-16 19:18:35,2026-02-19 10:10:07,62.86,mechanical failure
eq_bal_04,balaghat,2026-02-23 16:01:12,2026-02-24 12:26:17,20.42,mechanical failure
eq_bal_04,balaghat,2026-02-28 23:19:47,2026-03-02 23:22:52,48.05,mechanical failure
eq_bal_04,balaghat,2026-03-06 23:58:16,2026-03-07 06:14:00,6.26,mechanical failure
eq_bal_04,balaghat,2026-03-09 22:39:21,2026-03-11 07:50:38,33.19,spare parts unavailable
eq_bal_04,balaghat,2026-03-12 08:56:33,2026-03-13 11:06:19,26.16,mechanical failure
eq_bal_04,balaghat,2026-03-18 08:32:19,2026-03-18 12:23:26,3.85,scheduled maintenance
eq_bal_04,balaghat,2026-04-01 07:40:16,2026-04-02 20:40:13,37.0,mechanical failure
eq_bal_04,balaghat,2026-04-06 03:49:56,2026-04-09 17:05:24,85.26,spare parts unavailable
eq_bal_04,balaghat,2026-04-09 17:05:24,2026-04-12 19:41:47,74.61,spare parts unavailable
eq_bal_04,balaghat,2026-04-12 19:41:47,2026-04-13 02:27:18,6.76,operator shift gap
eq_bal_04,balaghat,2026-04-14 16:22:18,2026-04-16 01:45:49,33.39,spare parts unavailable
eq_bal_04,balaghat,2026-04-17 15:20:14,2026-04-18 03:31:13,12.18,mechanical failure
eq_bal_04,balaghat,2026-04-19 08:05:03,2026-04-19 14:01:32,5.94,scheduled maintenance
eq_bal_04,balaghat,2026-04-27 13:53:19,2026-04-28 01:57:36,12.07,electrical fault
eq_bal_04,balaghat,2026-04-29 07:28:35,2026-04-29 12:46:32,5.3,mechanical failure
eq_bal_04,balaghat,2026-05-20 02:27:44,2026-05-20 08:07:36,5.66,scheduled maintenance
eq_bal_04,balaghat,2026-05-20 08:07:36,2026-05-24 14:14:01,102.11,spare parts unavailable
eq_bal_04,balaghat,2026-05-27 04:45:58,2026-05-29 20:49:28,64.06,mechanical failure
eq_bal_04,balaghat,2026-05-29 20:49:28,2026-05-30 03:55:24,7.1,operator shift gap
eq_bal_04,balaghat,2026-06-08 19:28:34,2026-06-09 19:27:49,23.99,mechanical failure
eq_bal_04,balaghat,2026-06-15 12:11:27,2026-06-15 14:36:39,2.42,scheduled maintenance
eq_bal_04,balaghat,2026-07-03 02:59:24,2026-07-03 05:54:16,2.91,operator shift gap
eq_bal_04,balaghat,2026-07-09 15:53:19,2026-07-14 06:32:35,110.65,spare parts unavailable
eq_bal_04,balaghat,2026-07-14 06:32:35,2026-07-14 20:50:00,14.29,electrical fault
eq_bal_04,balaghat,2026-07-17 10:08:07,2026-07-17 16:51:12,6.72,scheduled maintenance
eq_bal_04,balaghat,2026-07-18 15:27:45,2026-07-23 09:13:47,113.77,spare parts unavailable
eq_bal_04,balaghat,2026-07-23 09:13:47,2026-07-25 15:14:57,54.02,mechanical failure
eq_bal_04,balaghat,2026-08-02 22:09:52,2026-08-06 13:54:12,87.74,spare parts unavailable
eq_bal_04,balaghat,2026-08-06 16:59:40,2026-08-07 01:04:48,8.09,mechanical failure
eq_bal_04,balaghat,2026-08-14 21:30:31,2026-08-15 00:05:30,2.58,scheduled maintenance
eq_bal_04,balaghat,2026-08-18 04:32:19,2026-08-20 04:50:44,48.31,mechanical failure
eq_bal_04,balaghat,2026-09-08 22:34:30,2026-09-09 04:18:45,5.74,scheduled maintenance
eq_bal_05,balaghat,2025-01-22 16:26:48,2025-01-22 20:27:33,4.01,scheduled maintenance
eq_bal_05,balaghat,2025-01-22 20:27:33,2025-01-27 18:34:17,118.11,spare parts unavailable
eq_bal_05,balaghat,2025-02-17 13:35:21,2025-02-17 20:24:44,6.82,scheduled maintenance
eq_bal_05,balaghat,2025-03-21 13:40:15,2025-03-21 21:13:43,7.56,scheduled maintenance
eq_bal_05,balaghat,2025-04-09 11:56:03,2025-04-11 00:49:37,36.89,hydraulic leak
eq_bal_05,balaghat,2025-04-13 06:12:18,2025-04-13 08:32:53,2.34,operator shift gap
eq_bal_05,balaghat,2025-04-14 01:33:02,2025-04-15 20:46:49,43.23,mechanical failure
eq_bal_05,balaghat,2025-04-16 15:21:20,2025-04-16 21:16:30,5.92,scheduled maintenance
eq_bal_05,balaghat,2025-04-17 07:40:52,2025-04-19 17:14:21,57.56,mechanical failure
eq_bal_05,balaghat,2025-04-21 07:27:47,2025-04-22 23:33:10,40.09,hydraulic leak
eq_bal_05,balaghat,2025-04-23 21:28:10,2025-04-24 19:36:50,22.14,electrical fault
eq_bal_05,balaghat,2025-05-12 07:44:21,2025-05-12 10:34:49,2.84,scheduled maintenance
eq_bal_05,balaghat,2025-05-31 22:04:57,2025-06-02 06:27:45,32.38,hydraulic leak
eq_bal_05,balaghat,2025-06-08 03:42:03,2025-06-08 08:29:14,4.79,scheduled maintenance
eq_bal_05,balaghat,2025-06-08 08:29:14,2025-06-10 07:17:41,46.81,mechanical failure
eq_bal_05,balaghat,2025-06-17 10:41:35,2025-06-18 05:59:57,19.31,mechanical failure
eq_bal_05,balaghat,2025-07-09 15:35:59,2025-07-09 21:01:28,5.42,scheduled maintenance
eq_bal_05,balaghat,2025-07-16 05:45:26,2025-07-16 07:25:31,1.67,operator shift gap
eq_bal_05,balaghat,2025-08-10 12:06:52,2025-08-10 18:35:55,6.48,scheduled maintenance
eq_bal_05,balaghat,2025-08-12 09:48:41,2025-08-17 01:59:35,112.18,spare parts unavailable
eq_bal_05,balaghat,2025-08-24 13:04:43,2025-08-25 15:23:47,26.32,mechanical failure
eq_bal_05,balaghat,2025-09-06 05:08:30,2025-09-06 10:42:50,5.57,scheduled maintenance
eq_bal_05,balaghat,2025-09-07 03:51:04,2025-09-07 09:07:33,5.27,mechanical failure
eq_bal_05,balaghat,2025-09-12 13:02:12,2025-09-12 14:26:30,1.4,operator shift gap
eq_bal_05,balaghat,2025-09-17 10:28:56,2025-09-18 05:21:14,18.87,hydraulic leak
eq_bal_05,balaghat,2025-09-22 13:17:33,2025-09-23 02:38:10,13.34,electrical fault
eq_bal_05,balaghat,2025-09-23 06:25:23,2025-09-25 03:39:08,45.23,spare parts unavailable
eq_bal_05,balaghat,2025-09-28 03:51:28,2025-09-28 05:53:11,2.03,operator shift gap
eq_bal_05,balaghat,2025-10-07 05:16:01,2025-10-07 11:35:12,6.32,scheduled maintenance
eq_bal_05,balaghat,2025-10-26 19:55:31,2025-10-29 00:13:19,52.3,mechanical failure
eq_bal_05,balaghat,2025-11-10 13:35:15,2025-11-10 17:07:37,3.54,scheduled maintenance
eq_bal_05,balaghat,2025-11-24 05:26:06,2025-11-24 09:52:24,4.44,operator shift gap
eq_bal_05,balaghat,2025-12-12 07:02:29,2025-12-12 12:10:49,5.14,scheduled maintenance
eq_bal_05,balaghat,2026-01-08 17:04:52,2026-01-08 22:50:42,5.76,electrical fault
eq_bal_05,balaghat,2026-01-16 04:10:30,2026-01-16 09:18:37,5.14,scheduled maintenance
eq_bal_05,balaghat,2026-01-26 04:35:26,2026-01-26 13:53:18,9.3,weather delay
eq_bal_05,balaghat,2026-02-18 20:13:33,2026-02-18 22:29:19,2.26,scheduled maintenance
eq_bal_05,balaghat,2026-02-20 01:44:56,2026-02-20 18:26:25,16.69,electrical fault
eq_bal_05,balaghat,2026-02-21 07:50:51,2026-02-23 07:31:11,47.67,mechanical failure
eq_bal_05,balaghat,2026-03-12 23:28:08,2026-03-15 13:58:26,62.51,mechanical failure
eq_bal_05,balaghat,2026-03-18 17:56:06,2026-03-18 20:33:27,2.62,scheduled maintenance
eq_bal_05,balaghat,2026-04-01 00:14:34,2026-04-01 15:44:16,15.5,electrical fault
eq_bal_05,balaghat,2026-04-09 22:43:44,2026-04-11 07:31:12,32.79,mechanical failure
eq_bal_05,balaghat,2026-04-15 00:17:37,2026-04-15 04:47:48,4.5,scheduled maintenance
eq_bal_05,balaghat,2026-04-19 08:47:39,2026-04-19 15:58:20,7.18,electrical fault
eq_bal_05,balaghat,2026-05-06 15:50:34,2026-05-07 16:00:37,24.17,weather delay
eq_bal_05,balaghat,2026-05-10 12:14:13,2026-05-10 20:09:03,7.91,mechanical failure
eq_bal_05,balaghat,2026-05-15 15:09:13,2026-05-17 08:13:33,41.07,spare parts unavailable
eq_bal_05,balaghat,2026-05-18 11:52:57,2026-05-18 16:28:12,4.59,scheduled maintenance
eq_bal_05,balaghat,2026-05-18 16:28:12,2026-05-21 12:42:36,68.24,mechanical failure
eq_bal_05,balaghat,2026-06-13 02:35:16,2026-06-13 19:41:33,17.1,mechanical failure
eq_bal_05,balaghat,2026-06-13 22:22:24,2026-06-14 15:41:30,17.32,weather delay
eq_bal_05,balaghat,2026-06-18 23:21:08,2026-06-19 04:01:24,4.67,scheduled maintenance
eq_bal_05,balaghat,2026-06-26 05:21:58,2026-06-26 10:48:54,5.45,electrical fault
eq_bal_05,balaghat,2026-07-19 22:19:21,2026-07-20 02:16:38,3.95,scheduled maintenance
eq_bal_05,balaghat,2026-07-20 21:25:36,2026-07-22 14:43:36,41.3,mechanical failure
eq_bal_05,balaghat,2026-08-01 10:45:43,2026-08-03 07:44:00,44.97,spare parts unavailable
eq_bal_05,balaghat,2026-08-05 17:11:36,2026-08-06 16:36:26,23.41,weather delay
eq_bal_05,balaghat,2026-08-10 06:20:08,2026-08-12 02:28:49,44.14,mechanical failure
eq_bal_05,balaghat,2026-08-22 19:51:33,2026-08-23 00:41:07,4.83,scheduled maintenance
eq_bal_05,balaghat,2026-08-23 19:33:05,2026-08-25 10:51:29,39.31,weather delay
eq_bal_05,balaghat,2026-09-18 05:42:50,2026-09-18 08:16:13,2.56,scheduled maintenance
eq_bhd_01,bhandara,2025-01-03 18:11:55,2025-01-04 02:40:54,8.48,weather delay
eq_bhd_01,bhandara,2025-01-21 00:25:29,2025-01-21 07:07:13,6.7,scheduled maintenance
eq_bhd_01,bhandara,2025-02-16 06:52:43,2025-02-16 11:51:41,4.98,scheduled maintenance
eq_bhd_01,bhandara,2025-03-05 02:13:21,2025-03-05 22:34:12,20.35,mechanical failure
eq_bhd_01,bhandara,2025-03-16 10:59:23,2025-03-17 02:01:22,15.03,electrical fault
eq_bhd_01,bhandara,2025-03-18 20:19:40,2025-03-19 03:49:11,7.49,scheduled maintenance
eq_bhd_01,bhandara,2025-03-24 20:24:02,2025-03-25 13:52:36,17.48,weather delay
eq_bhd_01,bhandara,2025-03-25 13:52:36,2025-03-26 03:31:47,13.65,weather delay
eq_bhd_01,bhandara,2025-04-07 20:11:17,2025-04-11 04:57:42,80.77,spare parts unavailable
eq_bhd_01,bhandara,2025-04-17 06:43:37,2025-04-17 14:32:39,7.82,scheduled maintenance
eq_bhd_01,bhandara,2025-04-17 22:57:57,2025-04-18 20:54:29,21.94,electrical fault
eq_bhd_01,bhandara,2025-04-19 09:56:51,2025-04-21 11:20:44,49.4,mechanical failure
eq_bhd_01,bhandara,2025-04-22 02:18:53,2025-04-24 14:37:11,60.3,spare parts unavailable
eq_bhd_01,bhandara,2025-05-15 03:04:06,2025-05-15 08:05:59,5.03,scheduled maintenance
eq_bhd_01,bhandara,2025-05-15 22:25:55,2025-05-17 21:05:58,46.67,weather delay
eq_bhd_01,bhandara,2025-06-05 16:42:46,2025-06-05 22:21:55,5.65,mechanical failure
eq_bhd_01,bhandara,2025-06-05 22:21:55,2025-06-07 10:02:32,35.68,hydraulic leak
eq_bhd_01,bhandara,2025-06-16 00:12:02,2025-06-16 03:59:20,3.79,scheduled maintenance
eq_bhd_01,bhandara,2025-06-24 00:26:07,2025-06-25 03:36:35,27.17,weather delay
eq_bhd_01,bhandara,2025-06-25 03:36:35,2025-06-26 03:09:56,23.56,electrical fault
eq_bhd_01,bhandara,2025-06-30 03:36:18,2025-06-30 06:52:04,3.26,operator shift gap
eq_bhd_01,bhandara,2025-07-10 15:13:03,2025-07-10 21:48:25,6.59,electrical fault
eq_bhd_01,bhandara,2025-07-14 17:55:44,2025-07-14 23:05:46,5.17,scheduled maintenance
eq_bhd_01,bhandara,2025-07-16 07:10:57,2025-07-16 20:02:26,12.86,hydraulic leak
eq_bhd_01,bhandara,2025-07-21 09:15:26,2025-07-21 12:02:57,2.79,electrical fault
eq_bhd_01,bhandara,2025-07-25 10:33:24,2025-07-26 01:58:00,15.41,weather delay
eq_bhd_01,bhandara,2025-07-31 06:14:55,2025-07-31 15:07:51,8.88,electrical fault
eq_bhd_01,bhandara,2025-08-01 20:34:44,2025-08-02 20:21:25,23.78,weather delay
eq_bhd_01,bhandara,2025-08-02 20:46:43,2025-08-05 11:46:09,62.99,mechanical failure
eq_bhd_01,bhandara,2025-08-05 11:46:09,2025-08-07 05:07:31,41.36,weather delay
eq_bhd_01,bhandara,2025-08-07 05:07:31,2025-08-08 03:21:50,22.24,mechanical failure
eq_bhd_01,bhandara,2025-08-15 09:05:42,2025-08-15 12:51:06,3.76,scheduled maintenance
eq_bhd_01,bhandara,2025-08-24 09:56:06,2025-08-26 08:36:45,46.68,spare parts unavailable
eq_bhd_01,bhandara,2025-09-09 15:15:07,2025-09-10 00:38:23,9.39,mechanical failure
eq_bhd_01,bhandara,2025-09-17 08:51:03,2025-09-17 14:36:51,5.76,scheduled maintenance
eq_bhd_01,bhandara,2025-09-24 07:05:16,2025-09-27 16:13:54,81.14,spare parts unavailable
eq_bhd_01,bhandara,2025-10-05 02:06:26,2025-10-06 06:06:55,28.01,mechanical failure
eq_bhd_01,bhandara,2025-10-10 07:07:19,2025-10-10 13:35:08,6.46,weather delay
eq_bhd_01,bhandara,2025-10-14 07:33:19,2025-10-14 18:19:18,10.77,electrical fault
eq_bhd_01,bhandara,2025-10-19 01:12:06,2025-10-19 04:42:49,3.51,scheduled maintenance
eq_bhd_01,bhandara,2025-11-11 13:45:01,2025-11-12 01:33:20,11.81,weather delay
eq_bhd_01,bhandara,2025-11-19 08:54:51,2025-11-19 15:58:49,7.07,scheduled maintenance
eq_bhd_01,bhandara,2025-11-25 04:47:07,2025-11-25 12:40:25,7.89,operator shift gap
eq_bhd_01,bhandara,2025-12-05 00:45:40,2025-12-07 13:47:55,61.04,mechanical failure
eq_bhd_01,bhandara,2025-12-07 13:47:55,2025-12-09 03:47:43,38.0,hydraulic leak
eq_bhd_01,bhandara,2025-12-12 21:10:43,2025-12-15 15:17:20,66.11,mechanical failure
eq_bhd_01,bhandara,2025-12-19 09:38:31,2025-12-19 16:16:24,6.63,operator shift gap
eq_bhd_01,bhandara,2025-12-21 05:36:27,2025-12-21 12:52:33,7.27,scheduled maintenance
eq_bhd_01,bhandara,2026-01-03 21:08:09,2026-01-06 20:10:54,71.05,mechanical failure
eq_bhd_01,bhandara,2026-01-13 22:41:44,2026-01-15 22:22:16,47.68,mechanical failure
eq_bhd_01,bhandara,2026-01-20 20:54:54,2026-01-21 00:11:23,3.27,scheduled maintenance
eq_bhd_01,bhandara,2026-01-23 11:36:52,2026-01-23 17:06:33,5.49,operator shift gap
eq_bhd_01,bhandara,2026-01-23 17:06:33,2026-01-25 14:10:31,45.07,mechanical failure
eq_bhd_01,bhandara,2026-02-20 16:51:27,2026-02-20 21:34:12,4.71,scheduled maintenance
eq_bhd_01,bhandara,2026-02-26 01:06:33,2026-02-26 08:48:18,7.7,operator shift gap
eq_bhd_01,bhandara,2026-02-28 23:23:22,2026-03-01 11:51:54,12.48,electrical fault
eq_bhd_01,bhandara,2026-03-03 02:43:47,2026-03-06 16:03:25,85.33,spare parts unavailable
eq_bhd_01,bhandara,2026-03-06 16:03:25,2026-03-09 09:15:55,65.21,mechanical failure
eq_bhd_01,bhandara,2026-03-11 18:43:40,2026-03-12 01:40:56,6.95,electrical fault
eq_bhd_01,bhandara,2026-03-15 19:31:28,2026-03-16 02:20:47,6.82,electrical fault
eq_bhd_01,bhandara,2026-03-19 08:12:23,2026-03-19 10:11:37,1.99,operator shift gap
eq_bhd_01,bhandara,2026-03-23 05:17:45,2026-03-23 11:14:49,5.95,operator shift gap
eq_bhd_01,bhandara,2026-03-25 19:04:04,2026-03-25 22:46:58,3.72,scheduled maintenance
eq_bhd_01,bhandara,2026-04-02 12:54:50,2026-04-04 02:15:43,37.35,weather delay
eq_bhd_01,bhandara,2026-04-15 12:32:10,2026-04-16 11:23:05,22.85,weather delay
eq_bhd_01,bhandara,2026-04-28 09:31:57,2026-04-28 16:46:21,7.24,scheduled maintenance
eq_bhd_01,bhandara,2026-05-03 04:45:18,2026-05-03 12:27:25,7.7,electrical fault
eq_bhd_01,bhandara,2026-05-07 14:45:41,2026-05-09 03:56:00,37.17,weather delay
eq_bhd_01,bhandara,2026-05-15 01:50:43,2026-05-15 07:51:07,6.01,hydraulic leak
eq_bhd_01,bhandara,2026-05-17 13:23:00,2026-05-20 00:27:33,59.08,spare parts unavailable
eq_bhd_01,bhandara,2026-05-20 00:27:33,2026-05-21 16:44:07,40.28,weather delay
eq_bhd_01,bhandara,2026-05-21 16:44:07,2026-05-22 05:58:23,13.24,electrical fault
eq_bhd_01,bhandara,2026-05-27 19:38:59,2026-05-27 22:58:33,3.33,scheduled maintenance
eq_bhd_01,bhandara,2026-06-14 01:34:32,2026-06-14 15:28:56,13.91,mechanical failure
eq_bhd_01,bhandara,2026-06-23 20:13:11,2026-06-23 23:50:16,3.62,scheduled maintenance
eq_bhd_01,bhandara,2026-07-13 11:31:15,2026-07-15 15:48:25,52.29,mechanical failure
eq_bhd_01,bhandara,2026-07-21 13:40:41,2026-07-23 08:08:40,42.47,weather delay
eq_bhd_01,bhandara,2026-07-23 08:08:40,2026-07-24 06:41:25,22.55,weather delay
eq_bhd_01,bhandara,2026-07-26 16:59:13,2026-07-26 19:46:43,2.79,scheduled maintenance
eq_bhd_01,bhandara,2026-07-29 04:55:38,2026-07-29 06:59:16,2.06,operator shift gap
eq_bhd_01,bhandara,2026-08-11 10:27:43,2026-08-12 22:50:55,36.39,mechanical failure
eq_bhd_01,bhandara,2026-08-14 13:54:54,2026-08-15 16:18:41,26.4,mechanical failure
eq_bhd_01,bhandara,2026-08-15 16:18:41,2026-08-15 23:45:29,7.45,operator shift gap
eq_bhd_01,bhandara,2026-08-28 13:48:21,2026-08-28 19:56:06,6.13,scheduled maintenance
eq_bhd_01,bhandara,2026-09-15 02:45:08,2026-09-15 05:02:55,2.3,operator shift gap
eq_bhd_01,bhandara,2026-09-16 17:18:54,2026-09-18 12:30:30,43.19,mechanical failure
eq_bhd_02,bhandara,2025-01-02 17:43:02,2025-01-05 11:12:44,65.5,mechanical failure
eq_bhd_02,bhandara,2025-01-05 11:12:44,2025-01-05 18:33:55,7.35,operator shift gap
eq_bhd_02,bhandara,2025-01-10 11:46:54,2025-01-10 20:31:53,8.75,electrical fault
eq_bhd_02,bhandara,2025-01-17 08:22:15,2025-01-20 04:04:42,67.71,spare parts unavailable
eq_bhd_02,bhandara,2025-01-25 06:20:41,2025-01-26 20:32:43,38.2,spare parts unavailable
eq_bhd_02,bhandara,2025-02-03 07:38:33,2025-02-03 12:55:48,5.29,scheduled maintenance
eq_bhd_02,bhandara,2025-02-28 12:29:46,2025-02-28 16:41:19,4.19,scheduled maintenance
eq_bhd_02,bhandara,2025-03-11 07:09:23,2025-03-11 09:47:02,2.63,electrical fault
eq_bhd_02,bhandara,2025-03-25 14:33:21,2025-03-25 21:22:23,6.82,scheduled maintenance
eq_bhd_02,bhandara,2025-04-05 15:54:52,2025-04-08 06:37:03,62.7,mechanical failure
eq_bhd_02,bhandara,2025-04-13 00:08:29,2025-04-16 10:41:44,82.55,spare parts unavailable
eq_bhd_02,bhandara,2025-04-16 10:41:44,2025-04-16 20:37:42,9.93,weather delay
eq_bhd_02,bhandara,2025-04-22 04:39:41,2025-04-22 08:46:36,4.12,scheduled maintenance
eq_bhd_02,bhandara,2025-05-02 16:12:20,2025-05-03 01:46:19,9.57,hydraulic leak
eq_bhd_02,bhandara,2025-05-05 05:02:05,2025-05-06 23:16:00,42.23,hydraulic leak
eq_bhd_02,bhandara,2025-05-25 07:46:46,2025-05-25 11:44:01,3.95,scheduled maintenance
eq_bhd_02,bhandara,2025-06-10 06:52:40,2025-06-11 05:17:28,22.41,electrical fault
eq_bhd_02,bhandara,2025-06-25 03:59:21,2025-06-25 10:34:39,6.59,scheduled maintenance
eq_bhd_02,bhandara,2025-07-06 22:16:50,2025-07-07 03:02:00,4.75,hydraulic leak
eq_bhd_02,bhandara,2025-07-10 17:24:19,2025-07-12 16:50:45,47.44,mechanical failure
eq_bhd_02,bhandara,2025-07-27 10:08:24,2025-07-27 17:37:02,7.48,scheduled maintenance
eq_bhd_02,bhandara,2025-08-15 17:18:05,2025-08-18 09:38:39,64.34,mechanical failure
eq_bhd_02,bhandara,2025-08-18 09:38:39,2025-08-23 04:02:44,114.4,spare parts unavailable
eq_bhd_02,bhandara,2025-08-26 01:05:58,2025-08-26 04:21:29,3.26,scheduled maintenance
eq_bhd_02,bhandara,2025-09-05 13:12:22,2025-09-09 09:34:13,92.36,spare parts unavailable
eq_bhd_02,bhandara,2025-09-09 09:34:13,2025-09-11 08:07:27,46.55,mechanical failure
eq_bhd_02,bhandara,2025-09-21 17:37:26,2025-09-21 22:28:05,4.84,scheduled maintenance
eq_bhd_02,bhandara,2025-09-21 22:28:05,2025-09-23 23:18:08,48.83,mechanical failure
eq_bhd_02,bhandara,2025-10-04 08:43:05,2025-10-05 02:02:26,17.32,weather delay
eq_bhd_02,bhandara,2025-10-22 16:24:15,2025-10-22 23:23:29,6.99,scheduled maintenance
eq_bhd_02,bhandara,2025-10-27 13:26:31,2025-10-28 10:31:32,21.08,electrical fault
eq_bhd_02,bhandara,2025-10-31 05:22:48,2025-11-02 17:55:20,60.54,mechanical failure
eq_bhd_02,bhandara,2025-11-12 17:37:32,2025-11-15 12:51:21,67.23,mechanical failure
eq_bhd_02,bhandara,2025-11-16 11:31:02,2025-11-17 03:24:01,15.88,hydraulic leak
eq_bhd_02,bhandara,2025-11-19 18:51:36,2025-11-19 21:49:04,2.96,scheduled maintenance
eq_bhd_02,bhandara,2025-11-28 17:18:34,2025-12-01 12:30:45,67.2,spare parts unavailable
eq_bhd_02,bhandara,2025-12-03 11:41:16,2025-12-08 02:54:12,111.22,spare parts unavailable
eq_bhd_02,bhandara,2025-12-18 03:52:32,2025-12-18 06:24:46,2.54,scheduled maintenance
eq_bhd_02,bhandara,2025-12-20 01:20:08,2025-12-24 14:58:52,109.65,spare parts unavailable
eq_bhd_02,bhandara,2026-01-03 05:51:14,2026-01-03 09:31:14,3.67,operator shift gap
eq_bhd_02,bhandara,2026-01-19 10:36:13,2026-01-19 13:27:00,2.85,scheduled maintenance
eq_bhd_02,bhandara,2026-01-25 13:12:20,2026-01-26 12:54:28,23.7,weather delay
eq_bhd_02,bhandara,2026-01-26 12:54:28,2026-01-28 01:16:15,36.36,weather delay
eq_bhd_02,bhandara,2026-01-28 01:16:15,2026-01-28 20:26:52,19.18,mechanical failure
eq_bhd_02,bhandara,2026-02-02 06:39:04,2026-02-03 02:26:09,19.78,electrical fault
eq_bhd_02,bhandara,2026-02-19 17:08:16,2026-02-20 01:06:50,7.98,scheduled maintenance
eq_bhd_02,bhandara,2026-02-20 01:06:50,2026-02-21 15:49:04,38.7,mechanical failure
eq_bhd_02,bhandara,2026-03-13 03:29:18,2026-03-14 20:07:21,40.63,hydraulic leak
eq_bhd_02,bhandara,2026-03-19 22:33:25,2026-03-20 04:02:54,5.49,hydraulic leak
eq_bhd_02,bhandara,2026-03-21 20:19:50,2026-03-21 23:33:24,3.23,scheduled maintenance
eq_bhd_02,bhandara,2026-03-21 23:33:24,2026-03-23 20:50:30,45.29,spare parts unavailable
eq_bhd_02,bhandara,2026-04-01 04:03:34,2026-04-01 12:10:27,8.11,electrical fault
eq_bhd_02,bhandara,2026-04-23 01:18:38,2026-04-23 20:07:52,18.82,electrical fault
eq_bhd_02,bhandara,2026-04-24 03:07:01,2026-04-24 10:27:59,7.35,scheduled maintenance
eq_bhd_02,bhandara,2026-05-11 07:56:35,2026-05-11 13:05:14,5.14,operator shift gap
eq_bhd_02,bhandara,2026-05-11 16:01:05,2026-05-12 10:57:09,18.93,electrical fault
eq_bhd_02,bhandara,2026-05-17 15:41:46,2026-05-19 08:49:27,41.13,hydraulic leak
eq_bhd_02,bhandara,2026-05-25 03:32:55,2026-05-25 07:18:33,3.76,scheduled maintenance
eq_bhd_02,bhandara,2026-06-03 12:10:28,2026-06-04 09:59:50,21.82,mechanical failure
eq_bhd_02,bhandara,2026-06-11 19:02:40,2026-06-13 21:50:25,50.8,mechanical failure
eq_bhd_02,bhandara,2026-06-27 15:06:10,2026-06-27 22:59:45,7.89,scheduled maintenance
eq_bhd_02,bhandara,2026-06-27 22:59:45,2026-06-28 21:37:14,22.62,mechanical failure
eq_bhd_02,bhandara,2026-06-29 17:22:30,2026-06-30 11:58:37,18.6,mechanical failure
eq_bhd_02,bhandara,2026-07-02 07:51:45,2026-07-03 05:18:02,21.44,mechanical failure
eq_bhd_02,bhandara,2026-07-06 04:54:49,2026-07-06 21:43:23,16.81,hydraulic leak
eq_bhd_02,bhandara,2026-07-22 11:49:45,2026-07-26 23:47:40,107.97,spare parts unavailable
eq_bhd_02,bhandara,2026-07-30 07:23:32,2026-07-30 15:05:21,7.7,scheduled maintenance
eq_bhd_02,bhandara,2026-07-30 17:30:01,2026-07-31 02:08:10,8.64,electrical fault
eq_bhd_02,bhandara,2026-07-31 06:40:26,2026-08-03 03:16:06,68.59,spare parts unavailable
eq_bhd_02,bhandara,2026-08-03 03:16:06,2026-08-04 12:13:02,32.95,mechanical failure
eq_bhd_02,bhandara,2026-08-07 01:21:59,2026-08-08 06:37:04,29.25,mechanical failure
eq_bhd_02,bhandara,2026-08-21 12:03:21,2026-08-21 22:30:53,10.46,weather delay
eq_bhd_02,bhandara,2026-08-26 06:55:19,2026-08-26 09:49:25,2.9,scheduled maintenance
eq_bhd_02,bhandara,2026-09-18 22:07:17,2026-09-19 20:14:38,22.12,weather delay
eq_bhd_03,bhandara,2025-01-12 08:48:25,2025-01-13 18:29:29,33.68,spare parts unavailable
eq_bhd_03,bhandara,2025-01-14 08:30:15,2025-01-14 15:15:07,6.75,scheduled maintenance
eq_bhd_03,bhandara,2025-01-17 07:25:57,2025-01-17 17:09:12,9.72,mechanical failure
eq_bhd_03,bhandara,2025-01-18 06:12:06,2025-01-19 05:10:56,22.98,electrical fault
eq_bhd_03,bhandara,2025-02-13 18:55:08,2025-02-13 22:14:32,3.32,scheduled maintenance
eq_bhd_03,bhandara,2025-02-17 11:56:00,2025-02-18 05:32:48,17.61,hydraulic leak
eq_bhd_03,bhandara,2025-03-01 08:27:55,2025-03-02 01:06:53,16.65,electrical fault
eq_bhd_03,bhandara,2025-03-16 09:11:47,2025-03-16 14:55:46,5.73,scheduled maintenance
eq_bhd_03,bhandara,2025-03-23 02:55:57,2025-03-23 07:16:59,4.35,electrical fault
eq_bhd_03,bhandara,2025-04-01 03:58:35,2025-04-01 16:53:17,12.91,mechanical failure
eq_bhd_03,bhandara,2025-04-05 03:54:54,2025-04-06 02:56:56,23.03,mechanical failure
eq_bhd_03,bhandara,2025-04-11 07:11:51,2025-04-11 10:33:21,3.36,scheduled maintenance
eq_bhd_03,bhandara,2025-04-13 09:48:48,2025-04-15 10:09:53,48.35,mechanical failure
eq_bhd_03,bhandara,2025-04-18 06:31:14,2025-04-20 05:20:28,46.82,mechanical failure
eq_bhd_03,bhandara,2025-04-20 05:20:28,2025-04-21 22:49:46,41.49,weather delay
eq_bhd_03,bhandara,2025-05-01 01:00:23,2025-05-01 15:35:01,14.58,hydraulic leak
eq_bhd_03,bhandara,2025-05-11 10:33:23,2025-05-11 14:04:48,3.52,scheduled maintenance
eq_bhd_03,bhandara,2025-05-13 01:21:25,2025-05-15 20:05:59,66.74,spare parts unavailable
eq_bhd_03,bhandara,2025-06-05 23:09:55,2025-06-06 02:22:53,3.22,operator shift gap
eq_bhd_03,bhandara,2025-06-08 09:16:36,2025-06-09 03:32:33,18.27,mechanical failure
eq_bhd_03,bhandara,2025-06-15 02:24:25,2025-06-15 08:06:24,5.7,scheduled maintenance
eq_bhd_03,bhandara,2025-07-04 08:39:07,2025-07-04 10:46:45,2.13,operator shift gap
eq_bhd_03,bhandara,2025-07-07 17:13:35,2025-07-09 09:47:45,40.57,spare parts unavailable
eq_bhd_03,bhandara,2025-07-11 00:13:47,2025-07-11 06:00:12,5.77,scheduled maintenance
eq_bhd_03,bhandara,2025-07-13 00:33:29,2025-07-13 15:18:09,14.74,hydraulic leak
eq_bhd_03,bhandara,2025-08-09 15:20:37,2025-08-09 19:58:41,4.63,scheduled maintenance
eq_bhd_03,bhandara,2025-09-05 03:28:09,2025-09-05 05:37:35,2.16,scheduled maintenance
eq_bhd_03,bhandara,2025-09-08 23:37:22,2025-09-09 12:40:08,13.05,electrical fault
eq_bhd_03,bhandara,2025-10-02 13:44:00,2025-10-02 21:18:19,7.57,scheduled maintenance
eq_bhd_03,bhandara,2025-10-06 00:57:45,2025-10-06 08:54:27,7.94,operator shift gap
eq_bhd_03,bhandara,2025-10-25 00:55:13,2025-10-29 21:13:37,116.31,spare parts unavailable
eq_bhd_03,bhandara,2025-10-29 21:13:37,2025-11-01 14:30:09,65.28,mechanical failure
eq_bhd_03,bhandara,2025-11-04 08:46:34,2025-11-04 12:10:38,3.4,scheduled maintenance
eq_bhd_03,bhandara,2025-11-20 08:56:22,2025-11-22 02:03:45,41.12,spare parts unavailable
eq_bhd_03,bhandara,2025-11-30 11:13:21,2025-12-03 02:35:23,63.37,mechanical failure
eq_bhd_03,bhandara,2025-12-03 04:23:33,2025-12-03 07:40:05,3.28,scheduled maintenance
eq_bhd_03,bhandara,2025-12-06 22:00:05,2025-12-08 09:06:25,35.11,weather delay
eq_bhd_03,bhandara,2025-12-11 20:52:06,2025-12-14 06:55:36,58.06,mechanical failure
eq_bhd_03,bhandara,2025-12-31 03:13:32,2025-12-31 07:04:18,3.85,scheduled maintenance
eq_bhd_03,bhandara,2026-01-07 15:56:10,2026-01-09 03:59:41,36.06,weather delay
eq_bhd_03,bhandara,2026-01-14 05:11:04,2026-01-15 16:33:21,35.37,mechanical failure
eq_bhd_03,bhandara,2026-01-31 19:12:18,2026-02-01 13:45:15,18.55,electrical fault
eq_bhd_03,bhandara,2026-02-02 07:00:00,2026-02-02 09:51:50,2.86,scheduled maintenance
eq_bhd_03,bhandara,2026-02-03 12:50:24,2026-02-05 08:15:12,43.41,mechanical failure
eq_bhd_03,bhandara,2026-02-24 06:29:00,2026-02-25 14:11:01,31.7,mechanical failure
eq_bhd_03,bhandara,2026-03-07 02:50:45,2026-03-07 10:21:11,7.51,scheduled maintenance
eq_bhd_03,bhandara,2026-03-10 14:02:20,2026-03-10 15:19:24,1.28,operator shift gap
eq_bhd_03,bhandara,2026-03-21 21:24:48,2026-03-22 04:21:58,6.95,mechanical failure
eq_bhd_03,bhandara,2026-03-30 21:01:04,2026-04-03 13:27:36,88.44,spare parts unavailable
eq_bhd_03,bhandara,2026-04-06 06:53:03,2026-04-06 14:50:55,7.96,scheduled maintenance
eq_bhd_03,bhandara,2026-05-02 15:18:49,2026-05-02 20:23:49,5.08,scheduled maintenance
eq_bhd_03,bhandara,2026-05-10 04:46:08,2026-05-10 14:41:57,9.93,electrical fault
eq_bhd_03,bhandara,2026-05-17 16:39:23,2026-05-21 18:21:26,97.7,spare parts unavailable
eq_bhd_03,bhandara,2026-05-27 19:04:51,2026-05-29 16:57:49,45.88,spare parts unavailable
eq_bhd_03,bhandara,2026-05-29 16:57:49,2026-05-29 23:00:39,6.05,operator shift gap
eq_bhd_03,bhandara,2026-06-01 20:06:09,2026-06-03 17:11:02,45.08,hydraulic leak
eq_bhd_03,bhandara,2026-06-03 18:20:05,2026-06-03 21:53:34,3.56,scheduled maintenance
eq_bhd_03,bhandara,2026-06-29 17:28:08,2026-07-01 17:35:22,48.12,spare parts unavailable
eq_bhd_03,bhandara,2026-07-06 08:34:08,2026-07-06 15:36:17,7.04,scheduled maintenance
eq_bhd_03,bhandara,2026-07-09 09:02:13,2026-07-09 16:05:37,7.06,operator shift gap
eq_bhd_03,bhandara,2026-07-31 20:30:05,2026-08-02 05:37:01,33.12,mechanical failure
eq_bhd_03,bhandara,2026-08-22 18:55:02,2026-08-23 00:10:11,5.25,electrical fault
eq_bhd_03,bhandara,2026-09-07 13:27:13,2026-09-07 22:06:03,8.65,electrical fault
eq_bhd_03,bhandara,2026-09-10 17:39:06,2026-09-12 04:32:24,34.89,weather delay
eq_bhd_04,bhandara,2025-01-01 14:43:43,2025-01-02 14:47:59,24.07,mechanical failure
eq_bhd_04,bhandara,2025-01-08 05:40:20,2025-01-08 10:09:20,4.48,scheduled maintenance
eq_bhd_04,bhandara,2025-01-08 23:11:10,2025-01-09 21:57:25,22.77,hydraulic leak
eq_bhd_04,bhandara,2025-01-14 12:57:18,2025-01-17 19:26:10,78.48,spare parts unavailable
eq_bhd_04,bhandara,2025-02-02 15:16:57,2025-02-02 19:15:10,3.97,scheduled maintenance
eq_bhd_04,bhandara,2025-02-03 19:24:24,2025-02-04 00:42:00,5.29,hydraulic leak
eq_bhd_04,bhandara,2025-02-12 08:24:51,2025-02-13 05:31:10,21.11,electrical fault
eq_bhd_04,bhandara,2025-02-19 09:25:34,2025-02-19 15:44:19,6.31,electrical fault
eq_bhd_04,bhandara,2025-02-21 17:52:42,2025-02-22 05:19:10,11.44,electrical fault
eq_bhd_04,bhandara,2025-02-27 19:35:55,2025-02-28 01:56:52,6.35,scheduled maintenance
eq_bhd_04,bhandara,2025-02-28 01:56:52,2025-03-02 09:23:47,55.45,spare parts unavailable
eq_bhd_04,bhandara,2025-03-02 09:23:47,2025-03-03 10:33:08,25.16,mechanical failure
eq_bhd_04,bhandara,2025-03-05 06:24:52,2025-03-05 21:56:29,15.53,hydraulic leak
eq_bhd_04,bhandara,2025-03-11 15:06:47,2025-03-11 19:25:13,4.31,electrical fault
eq_bhd_04,bhandara,2025-03-20 02:10:26,2025-03-21 10:46:36,32.6,weather delay
eq_bhd_04,bhandara,2025-03-31 20:49:39,2025-03-31 23:06:59,2.29,scheduled maintenance
eq_bhd_04,bhandara,2025-04-03 04:00:11,2025-04-04 11:15:51,31.26,spare parts unavailable
eq_bhd_04,bhandara,2025-04-28 18:47:29,2025-05-01 16:36:42,69.82,mechanical failure
eq_bhd_04,bhandara,2025-05-01 16:36:42,2025-05-03 15:18:01,46.69,weather delay
eq_bhd_04,bhandara,2025-05-05 18:05:05,2025-05-05 20:32:16,2.45,scheduled maintenance
eq_bhd_04,bhandara,2025-05-16 04:06:16,2025-05-18 03:33:22,47.45,weather delay
eq_bhd_04,bhandara,2025-05-21 17:07:44,2025-05-24 15:27:55,70.34,mechanical failure
eq_bhd_04,bhandara,2025-05-24 15:27:55,2025-05-24 21:48:30,6.34,mechanical failure
eq_bhd_04,bhandara,2025-06-01 15:14:48,2025-06-01 22:59:40,7.75,scheduled maintenance
eq_bhd_04,bhandara,2025-06-02 02:05:38,2025-06-02 03:20:59,1.26,operator shift gap
eq_bhd_04,bhandara,2025-06-24 19:51:27,2025-06-25 12:22:47,16.52,hydraulic leak
eq_bhd_04,bhandara,2025-07-01 20:52:31,2025-07-02 01:52:59,5.01,scheduled maintenance
eq_bhd_04,bhandara,2025-07-08 13:27:39,2025-07-10 00:41:10,35.23,mechanical failure
eq_bhd_04,bhandara,2025-07-10 20:35:11,2025-07-11 22:48:11,26.22,weather delay
eq_bhd_04,bhandara,2025-07-24 08:44:13,2025-07-26 03:06:42,42.37,spare parts unavailable
eq_bhd_04,bhandara,2025-07-26 03:06:42,2025-07-27 01:27:04,22.34,electrical fault
eq_bhd_04,bhandara,2025-07-27 03:46:45,2025-07-28 21:51:28,42.08,mechanical failure
eq_bhd_04,bhandara,2025-07-30 15:53:12,2025-07-31 03:43:54,11.84,electrical fault
eq_bhd_04,bhandara,2025-08-02 11:59:22,2025-08-02 18:48:00,6.81,scheduled maintenance
eq_bhd_04,bhandara,2025-08-10 20:48:39,2025-08-11 19:03:48,22.25,electrical fault
eq_bhd_04,bhandara,2025-08-12 01:40:19,2025-08-12 22:15:33,20.59,weather delay
eq_bhd_04,bhandara,2025-08-27 23:44:00,2025-08-31 07:33:19,79.82,spare parts unavailable
eq_bhd_04,bhandara,2025-09-06 02:17:55,2025-09-06 06:04:16,3.77,scheduled maintenance
eq_bhd_04,bhandara,2025-09-12 15:14:47,2025-09-13 10:54:34,19.66,mechanical failure
eq_bhd_04,bhandara,2025-09-19 20:34:58,2025-09-21 03:42:47,31.13,hydraulic leak
eq_bhd_04,bhandara,2025-10-03 04:29:43,2025-10-03 10:59:13,6.49,scheduled maintenance
eq_bhd_04,bhandara,2025-10-10 21:55:54,2025-10-12 20:14:41,46.31,spare parts unavailable
eq_bhd_04,bhandara,2025-10-19 18:09:05,2025-10-20 13:13:51,19.08,electrical fault
eq_bhd_04,bhandara,2025-10-28 12:38:48,2025-10-28 15:09:07,2.51,scheduled maintenance
eq_bhd_04,bhandara,2025-11-07 16:01:00,2025-11-10 03:45:50,59.75,mechanical failure
eq_bhd_04,bhandara,2025-11-14 09:24:00,2025-11-15 23:05:57,37.7,mechanical failure
eq_bhd_04,bhandara,2025-11-24 16:48:47,2025-11-24 19:19:53,2.52,scheduled maintenance
eq_bhd_04,bhandara,2025-11-24 19:19:53,2025-11-28 10:59:46,87.66,spare parts unavailable
eq_bhd_04,bhandara,2025-11-28 10:59:46,2025-11-29 15:16:05,28.27,weather delay
eq_bhd_04,bhandara,2025-11-30 16:55:24,2025-12-01 07:59:37,15.07,weather delay
eq_bhd_04,bhandara,2025-12-07 08:22:06,2025-12-10 02:41:04,66.32,mechanical failure
eq_bhd_04,bhandara,2025-12-10 13:22:18,2025-12-11 19:44:03,30.36,mechanical failure
eq_bhd_04,bhandara,2025-12-21 21:38:05,2025-12-23 03:07:29,29.49,hydraulic leak
eq_bhd_04,bhandara,2025-12-23 03:07:29,2025-12-24 16:42:12,37.58,weather delay
eq_bhd_04,bhandara,2025-12-24 18:55:40,2025-12-27 11:48:48,64.89,mechanical failure
eq_bhd_04,bhandara,2025-12-27 11:48:48,2025-12-28 01:07:01,13.3,weather delay
eq_bhd_04,bhandara,2025-12-29 07:37:08,2025-12-29 11:14:03,3.62,scheduled maintenance
eq_bhd_04,bhandara,2026-01-18 08:21:51,2026-01-18 18:39:38,10.3,electrical fault
eq_bhd_04,bhandara,2026-01-25 16:53:34,2026-01-26 18:05:17,25.2,mechanical failure
eq_bhd_04,bhandara,2026-01-28 10:09:41,2026-01-29 10:47:09,24.62,mechanical failure
eq_bhd_04,bhandara,2026-01-29 16:12:17,2026-01-29 21:49:32,5.62,scheduled maintenance
eq_bhd_04,bhandara,2026-02-14 03:08:56,2026-02-14 21:55:44,18.78,electrical fault
eq_bhd_04,bhandara,2026-02-16 08:41:52,2026-02-17 04:46:40,20.08,electrical fault
eq_bhd_04,bhandara,2026-02-25 13:58:33,2026-02-25 19:18:26,5.33,scheduled maintenance
eq_bhd_04,bhandara,2026-02-27 23:02:37,2026-02-28 19:14:06,20.19,electrical fault
eq_bhd_04,bhandara,2026-03-09 05:16:29,2026-03-14 02:01:16,116.75,spare parts unavailable
eq_bhd_04,bhandara,2026-03-26 09:24:09,2026-03-26 16:30:23,7.1,scheduled maintenance
eq_bhd_04,bhandara,2026-03-29 19:50:16,2026-03-30 11:37:45,15.79,mechanical failure
eq_bhd_04,bhandara,2026-04-03 09:45:27,2026-04-04 15:52:12,30.11,spare parts unavailable
eq_bhd_04,bhandara,2026-04-06 01:06:15,2026-04-07 02:26:43,25.34,spare parts unavailable
eq_bhd_04,bhandara,2026-04-08 08:42:05,2026-04-08 22:18:58,13.61,electrical fault
eq_bhd_04,bhandara,2026-04-09 10:13:23,2026-04-10 21:21:08,35.13,mechanical failure
eq_bhd_04,bhandara,2026-04-12 07:10:14,2026-04-15 03:23:49,68.23,mechanical failure
eq_bhd_04,bhandara,2026-04-15 03:23:49,2026-04-15 14:47:43,11.4,weather delay
eq_bhd_04,bhandara,2026-04-21 13:38:50,2026-04-21 21:26:25,7.79,scheduled maintenance
eq_bhd_04,bhandara,2026-04-24 16:54:57,2026-04-25 11:22:08,18.45,electrical fault
eq_bhd_04,bhandara,2026-04-27 03:32:32,2026-04-28 18:07:32,38.58,hydraulic leak
eq_bhd_04,bhandara,2026-04-28 18:07:32,2026-05-02 07:37:12,85.49,spare parts unavailable
eq_bhd_04,bhandara,2026-05-02 22:26:24,2026-05-03 14:28:02,16.03,electrical fault
eq_bhd_04,bhandara,2026-05-15 03:36:46,2026-05-18 21:08:39,89.53,spare parts unavailable
eq_bhd_04,bhandara,2026-05-18 21:08:39,2026-05-20 01:44:12,28.59,mechanical failure
eq_bhd_04,bhandara,2026-05-23 02:00:59,2026-05-23 07:14:04,5.22,scheduled maintenance
eq_bhd_04,bhandara,2026-05-25 06:49:18,2026-05-28 00:49:46,66.01,mechanical failure
eq_bhd_04,bhandara,2026-05-28 00:49:46,2026-05-28 07:09:59,6.34,mechanical failure
eq_bhd_04,bhandara,2026-06-09 12:50:19,2026-06-10 05:02:30,16.2,hydraulic leak
eq_bhd_04,bhandara,2026-06-17 16:05:46,2026-06-17 20:46:02,4.67,scheduled maintenance
eq_bhd_04,bhandara,2026-06-20 22:58:44,2026-06-21 02:48:22,3.83,electrical fault
eq_bhd_04,bhandara,2026-06-25 21:14:37,2026-06-26 05:20:38,8.1,electrical fault
eq_bhd_04,bhandara,2026-06-29 20:42:10,2026-06-29 22:52:39,2.17,electrical fault
eq_bhd_04,bhandara,2026-07-11 18:32:36,2026-07-14 04:33:10,58.01,mechanical failure
eq_bhd_04,bhandara,2026-07-14 16:28:36,2026-07-14 20:59:46,4.52,scheduled maintenance
eq_bhd_04,bhandara,2026-07-26 06:46:04,2026-07-26 12:05:56,5.33,hydraulic leak
eq_bhd_04,bhandara,2026-08-19 13:19:17,2026-08-21 23:51:47,58.54,mechanical failure
eq_bhd_04,bhandara,2026-08-25 17:10:16,2026-08-25 21:55:32,4.75,mechanical failure
eq_bhd_04,bhandara,2026-08-28 07:47:47,2026-08-28 21:33:51,13.77,mechanical failure
eq_bhd_04,bhandara,2026-09-01 18:12:28,2026-09-02 19:25:57,25.22,mechanical failure
eq_bhd_04,bhandara,2026-09-08 04:57:58,2026-09-08 20:03:08,15.09,mechanical failure
eq_bhd_04,bhandara,2026-09-12 18:03:29,2026-09-13 23:45:45,29.7,spare parts unavailable
eq_bhd_04,bhandara,2026-09-16 08:44:48,2026-09-20 11:54:47,99.17,spare parts unavailable
eq_bhd_05,bhandara,2025-01-06 08:15:59,2025-01-08 12:25:17,52.16,mechanical failure
eq_bhd_05,bhandara,2025-01-09 22:24:13,2025-01-10 01:13:46,2.83,operator shift gap
eq_bhd_05,bhandara,2025-01-10 16:38:10,2025-01-10 23:26:50,6.81,scheduled maintenance
eq_bhd_05,bhandara,2025-01-27 12:28:32,2025-01-27 18:52:58,6.41,weather delay
eq_bhd_05,bhandara,2025-02-02 13:18:39,2025-02-03 20:58:24,31.66,weather delay
eq_bhd_05,bhandara,2025-02-06 09:31:15,2025-02-06 16:34:04,7.05,scheduled maintenance
eq_bhd_05,bhandara,2025-02-19 14:53:25,2025-02-19 16:56:31,2.05,operator shift gap
eq_bhd_05,bhandara,2025-03-04 16:13:39,2025-03-04 18:19:04,2.09,scheduled maintenance
eq_bhd_05,bhandara,2025-03-08 05:14:23,2025-03-08 20:08:59,14.91,weather delay
eq_bhd_05,bhandara,2025-03-20 05:57:49,2025-03-21 09:57:23,27.99,mechanical failure
eq_bhd_05,bhandara,2025-04-01 11:23:45,2025-04-01 18:40:57,7.29,scheduled maintenance
eq_bhd_05,bhandara,2025-04-15 20:01:27,2025-04-16 10:29:18,14.46,electrical fault
eq_bhd_05,bhandara,2025-04-27 02:58:59,2025-04-29 20:45:56,65.78,mechanical failure
eq_bhd_05,bhandara,2025-05-06 04:40:46,2025-05-06 12:01:29,7.35,scheduled maintenance
eq_bhd_05,bhandara,2025-05-19 06:10:10,2025-05-21 19:37:27,61.45,spare parts unavailable
eq_bhd_05,bhandara,2025-05-30 08:23:59,2025-05-31 03:44:00,19.33,electrical fault
eq_bhd_05,bhandara,2025-06-05 00:58:47,2025-06-05 09:22:08,8.39,electrical fault
eq_bhd_05,bhandara,2025-06-06 04:02:41,2025-06-06 11:41:01,7.64,scheduled maintenance
eq_bhd_05,bhandara,2025-06-08 00:03:13,2025-06-09 14:23:54,38.34,hydraulic leak
eq_bhd_05,bhandara,2025-06-15 11:53:39,2025-06-15 19:55:46,8.04,mechanical failure
eq_bhd_05,bhandara,2025-06-16 03:29:58,2025-06-16 16:36:28,13.11,mechanical failure
eq_bhd_05,bhandara,2025-06-21 08:53:10,2025-06-23 02:55:24,42.04,spare parts unavailable
eq_bhd_05,bhandara,2025-06-23 02:55:24,2025-06-23 05:30:41,2.59,operator shift gap
eq_bhd_05,bhandara,2025-06-25 22:43:37,2025-06-27 08:56:19,34.21,hydraulic leak
eq_bhd_05,bhandara,2025-07-02 09:45:21,2025-07-03 02:56:44,17.19,electrical fault
eq_bhd_05,bhandara,2025-07-03 02:56:44,2025-07-03 07:04:51,4.14,operator shift gap
eq_bhd_05,bhandara,2025-07-08 13:30:52,2025-07-08 19:41:24,6.18,scheduled maintenance
eq_bhd_05,bhandara,2025-07-18 21:34:08,2025-07-21 16:15:30,66.69,spare parts unavailable
eq_bhd_05,bhandara,2025-07-21 16:15:30,2025-07-22 05:51:33,13.6,electrical fault
eq_bhd_05,bhandara,2025-07-23 10:14:17,2025-07-25 09:20:00,47.1,weather delay
eq_bhd_05,bhandara,2025-08-02 03:21:51,2025-08-02 11:04:32,7.71,operator shift gap
eq_bhd_05,bhandara,2025-08-03 10:48:40,2025-08-03 13:52:26,3.06,scheduled maintenance
eq_bhd_05,bhandara,2025-08-15 00:22:07,2025-08-16 00:16:34,23.91,mechanical failure
eq_bhd_05,bhandara,2025-09-04 16:42:17,2025-09-04 23:18:12,6.6,scheduled maintenance
eq_bhd_05,bhandara,2025-10-04 10:53:59,2025-10-04 16:06:13,5.2,scheduled maintenance
eq_bhd_05,bhandara,2025-11-04 18:31:39,2025-11-05 02:08:15,7.61,scheduled maintenance
eq_bhd_05,bhandara,2025-11-25 17:41:39,2025-11-27 05:21:45,35.67,hydraulic leak
eq_bhd_05,bhandara,2025-12-09 02:18:42,2025-12-09 08:35:24,6.28,scheduled maintenance
eq_bhd_05,bhandara,2026-01-03 17:46:22,2026-01-03 20:43:44,2.96,scheduled maintenance
eq_bhd_05,bhandara,2026-01-12 05:47:59,2026-01-13 12:13:52,30.43,hydraulic leak
eq_bhd_05,bhandara,2026-02-01 15:17:44,2026-02-01 21:42:17,6.41,scheduled maintenance
eq_bhd_05,bhandara,2026-02-14 07:20:48,2026-02-14 20:05:11,12.74,electrical fault
eq_bhd_05,bhandara,2026-03-01 19:49:20,2026-03-01 22:50:03,3.01,scheduled maintenance
eq_bhd_05,bhandara,2026-03-05 10:42:38,2026-03-05 17:18:33,6.6,mechanical failure
eq_bhd_05,bhandara,2026-03-07 12:55:29,2026-03-08 14:00:18,25.08,mechanical failure
eq_bhd_05,bhandara,2026-03-17 04:16:41,2026-03-17 06:12:02,1.92,operator shift gap
eq_bhd_05,bhandara,2026-03-28 04:01:18,2026-03-28 09:59:44,5.97,scheduled maintenance
eq_bhd_05,bhandara,2026-04-10 16:36:18,2026-04-13 12:05:45,67.49,mechanical failure
eq_bhd_05,bhandara,2026-04-13 12:05:45,2026-04-14 23:53:54,35.8,spare parts unavailable
eq_bhd_05,bhandara,2026-04-14 23:53:54,2026-04-15 20:12:33,20.31,hydraulic leak
eq_bhd_05,bhandara,2026-04-20 23:34:42,2026-04-21 19:16:21,19.69,weather delay
eq_bhd_05,bhandara,2026-04-29 16:55:51,2026-04-29 22:35:05,5.65,scheduled maintenance
eq_bhd_05,bhandara,2026-05-01 18:55:31,2026-05-02 17:42:15,22.78,electrical fault
eq_bhd_05,bhandara,2026-05-08 21:03:30,2026-05-09 13:24:58,16.36,hydraulic leak
eq_bhd_05,bhandara,2026-05-17 14:26:51,2026-05-18 07:37:52,17.18,electrical fault
eq_bhd_05,bhandara,2026-06-03 06:55:50,2026-06-03 09:40:48,2.75,scheduled maintenance
eq_bhd_05,bhandara,2026-07-01 18:14:57,2026-07-01 23:21:18,5.11,mechanical failure
eq_bhd_05,bhandara,2026-07-04 02:32:53,2026-07-04 05:16:53,2.73,operator shift gap
eq_bhd_05,bhandara,2026-07-04 14:12:48,2026-07-04 21:40:48,7.47,scheduled maintenance
eq_bhd_05,bhandara,2026-07-05 19:48:41,2026-07-07 07:55:10,36.11,hydraulic leak
eq_bhd_05,bhandara,2026-07-13 16:09:18,2026-07-13 21:25:27,5.27,operator shift gap
eq_bhd_05,bhandara,2026-08-07 02:58:33,2026-08-07 08:54:02,5.92,scheduled maintenance
eq_bhd_05,bhandara,2026-08-22 18:07:02,2026-08-24 01:50:22,31.72,mechanical failure
eq_bhd_05,bhandara,2026-09-09 19:35:32,2026-09-09 22:29:24,2.9,scheduled maintenance
eq_bhd_05,bhandara,2026-09-15 23:32:13,2026-09-18 11:34:55,60.05,mechanical failure
eq_bhd_06,bhandara,2025-01-08 20:16:45,2025-01-10 07:35:22,35.31,mechanical failure
eq_bhd_06,bhandara,2025-01-12 15:25:36,2025-01-17 06:13:11,110.79,spare parts unavailable
eq_bhd_06,bhandara,2025-01-17 06:13:11,2025-01-18 01:55:45,19.71,electrical fault
eq_bhd_06,bhandara,2025-01-27 00:20:17,2025-01-27 07:33:10,7.21,operator shift gap
eq_bhd_06,bhandara,2025-02-03 09:31:36,2025-02-03 13:45:10,4.23,scheduled maintenance
eq_bhd_06,bhandara,2025-02-03 13:45:10,2025-02-03 15:03:43,1.31,operator shift gap
eq_bhd_06,bhandara,2025-02-10 19:38:16,2025-02-11 23:24:19,27.77,weather delay
eq_bhd_06,bhandara,2025-02-25 18:14:15,2025-02-28 00:46:00,54.53,mechanical failure
eq_bhd_06,bhandara,2025-02-28 00:46:00,2025-02-28 06:08:52,5.38,operator shift gap
eq_bhd_06,bhandara,2025-03-02 08:38:24,2025-03-02 15:17:13,6.65,scheduled maintenance
eq_bhd_06,bhandara,2025-03-06 15:24:12,2025-03-07 22:25:46,31.03,mechanical failure
eq_bhd_06,bhandara,2025-03-07 22:25:46,2025-03-08 17:15:01,18.82,electrical fault
eq_bhd_06,bhandara,2025-03-20 08:29:00,2025-03-20 11:45:59,3.28,operator shift gap
eq_bhd_06,bhandara,2025-03-25 21:49:56,2025-03-28 15:24:50,65.58,mechanical failure
eq_bhd_06,bhandara,2025-03-28 15:24:50,2025-03-31 00:55:05,57.5,mechanical failure
eq_bhd_06,bhandara,2025-03-31 00:55:05,2025-03-31 07:01:34,6.11,operator shift gap
eq_bhd_06,bhandara,2025-04-04 05:04:45,2025-04-04 09:32:51,4.47,scheduled maintenance
eq_bhd_06,bhandara,2025-04-04 09:32:51,2025-04-05 09:41:56,24.15,weather delay
eq_bhd_06,bhandara,2025-04-05 09:41:56,2025-04-07 23:26:05,61.74,mechanical failure
eq_bhd_06,bhandara,2025-05-09 03:03:32,2025-05-09 05:41:31,2.63,scheduled maintenance
eq_bhd_06,bhandara,2025-05-09 05:41:31,2025-05-11 12:52:30,55.18,mechanical failure
eq_bhd_06,bhandara,2025-05-14 21:56:29,2025-05-15 22:26:33,24.5,mechanical failure
eq_bhd_06,bhandara,2025-05-22 11:43:06,2025-05-22 16:23:22,4.67,electrical fault
eq_bhd_06,bhandara,2025-05-24 11:17:45,2025-05-26 05:39:53,42.37,mechanical failure
eq_bhd_06,bhandara,2025-05-26 05:39:53,2025-05-26 08:28:21,2.81,operator shift gap
eq_bhd_06,bhandara,2025-06-03 21:24:35,2025-06-06 05:37:09,56.21,mechanical failure
eq_bhd_06,bhandara,2025-06-06 05:37:09,2025-06-07 14:10:59,32.56,spare parts unavailable
eq_bhd_06,bhandara,2025-06-07 14:10:59,2025-06-08 02:59:32,12.81,hydraulic leak
eq_bhd_06,bhandara,2025-06-08 14:51:31,2025-06-08 20:44:20,5.88,scheduled maintenance
eq_bhd_06,bhandara,2025-06-10 08:04:47,2025-06-12 11:31:15,51.44,mechanical failure
eq_bhd_06,bhandara,2025-06-12 11:31:15,2025-06-12 23:36:30,12.09,weather delay
eq_bhd_06,bhandara,2025-06-13 08:54:45,2025-06-15 04:35:37,43.68,weather delay
eq_bhd_06,bhandara,2025-06-21 02:06:33,2025-06-21 07:59:00,5.87,mechanical failure
eq_bhd_06,bhandara,2025-06-22 13:00:36,2025-06-23 20:26:10,31.43,mechanical failure
eq_bhd_06,bhandara,2025-06-30 17:36:09,2025-07-01 09:34:29,15.97,electrical fault
eq_bhd_06,bhandara,2025-07-10 10:23:00,2025-07-10 16:35:16,6.2,scheduled maintenance
eq_bhd_06,bhandara,2025-07-11 02:48:37,2025-07-11 10:38:58,7.84,hydraulic leak
eq_bhd_06,bhandara,2025-07-13 04:15:10,2025-07-14 19:33:37,39.31,mechanical failure
eq_bhd_06,bhandara,2025-07-15 08:58:37,2025-07-18 12:17:56,75.32,spare parts unavailable
eq_bhd_06,bhandara,2025-07-22 00:40:42,2025-07-22 13:55:53,13.25,electrical fault
eq_bhd_06,bhandara,2025-07-25 02:36:49,2025-07-25 22:26:56,19.84,weather delay
eq_bhd_06,bhandara,2025-07-27 20:29:44,2025-07-28 23:36:07,27.11,mechanical failure
eq_bhd_06,bhandara,2025-08-07 08:33:43,2025-08-07 14:28:59,5.92,scheduled maintenance
eq_bhd_06,bhandara,2025-08-10 17:09:54,2025-08-11 03:19:51,10.17,hydraulic leak
eq_bhd_06,bhandara,2025-09-02 15:04:59,2025-09-02 21:27:34,6.38,scheduled maintenance
eq_bhd_06,bhandara,2025-09-14 02:08:38,2025-09-16 20:25:57,66.29,mechanical failure
eq_bhd_06,bhandara,2025-10-01 03:02:40,2025-10-02 02:14:19,23.19,mechanical failure
eq_bhd_06,bhandara,2025-10-03 05:48:02,2025-10-03 13:42:57,7.92,scheduled maintenance
eq_bhd_06,bhandara,2025-10-10 11:21:39,2025-10-10 17:26:24,6.08,operator shift gap
eq_bhd_06,bhandara,2025-10-12 15:49:48,2025-10-15 04:46:57,60.95,mechanical failure
eq_bhd_06,bhandara,2025-10-15 04:46:57,2025-10-15 22:31:11,17.74,electrical fault
eq_bhd_06,bhandara,2025-10-31 12:20:19,2025-10-31 19:51:32,7.52,scheduled maintenance
eq_bhd_06,bhandara,2025-10-31 19:51:32,2025-11-01 23:21:26,27.5,mechanical failure
eq_bhd_06,bhandara,2025-11-06 01:15:53,2025-11-07 01:05:46,23.83,mechanical failure
eq_bhd_06,bhandara,2025-11-07 06:33:54,2025-11-09 05:37:45,47.06,weather delay
eq_bhd_06,bhandara,2025-11-15 11:59:43,2025-11-15 20:14:07,8.24,weather delay
eq_bhd_06,bhandara,2025-11-16 12:13:54,2025-11-18 12:47:04,48.55,mechanical failure
eq_bhd_06,bhandara,2025-11-18 12:47:04,2025-11-18 21:58:07,9.18,weather delay
eq_bhd_06,bhandara,2025-11-22 19:11:19,2025-11-25 11:20:46,64.16,spare parts unavailable
eq_bhd_06,bhandara,2025-11-25 17:57:40,2025-11-26 05:38:28,11.68,electrical fault
eq_bhd_06,bhandara,2025-11-29 09:43:21,2025-12-01 04:27:14,42.73,weather delay
eq_bhd_06,bhandara,2025-12-01 04:27:14,2025-12-01 11:52:38,7.42,operator shift gap
eq_bhd_06,bhandara,2025-12-02 03:23:30,2025-12-02 19:09:12,15.76,electrical fault
eq_bhd_06,bhandara,2025-12-04 01:05:00,2025-12-04 05:34:16,4.49,scheduled maintenance
eq_bhd_06,bhandara,2025-12-09 14:52:45,2025-12-10 18:12:55,27.34,mechanical failure
eq_bhd_06,bhandara,2025-12-17 05:53:40,2025-12-17 11:35:34,5.7,operator shift gap
eq_bhd_06,bhandara,2025-12-21 15:57:31,2025-12-23 10:56:12,42.98,weather delay
eq_bhd_06,bhandara,2025-12-25 10:45:54,2025-12-26 02:59:03,16.22,weather delay
eq_bhd_06,bhandara,2025-12-26 07:11:22,2025-12-28 12:36:02,53.41,spare parts unavailable
eq_bhd_06,bhandara,2025-12-30 20:24:08,2026-01-01 18:07:02,45.71,hydraulic leak
eq_bhd_06,bhandara,2026-01-01 18:07:02,2026-01-01 21:22:50,3.26,operator shift gap
eq_bhd_06,bhandara,2026-01-07 23:18:41,2026-01-08 04:52:45,5.57,scheduled maintenance
eq_bhd_06,bhandara,2026-01-13 14:20:52,2026-01-15 11:54:55,45.57,mechanical failure
eq_bhd_06,bhandara,2026-01-15 14:14:03,2026-01-15 20:50:10,6.6,electrical fault
eq_bhd_06,bhandara,2026-01-17 06:32:56,2026-01-20 03:49:28,69.28,mechanical failure
eq_bhd_06,bhandara,2026-01-29 21:19:53,2026-01-31 12:28:57,39.15,weather delay
eq_bhd_06,bhandara,2026-01-31 15:02:20,2026-02-02 12:56:51,45.91,weather delay
eq_bhd_06,bhandara,2026-02-03 14:41:45,2026-02-03 21:33:17,6.86,scheduled maintenance
eq_bhd_06,bhandara,2026-02-07 06:31:07,2026-02-09 12:38:00,54.11,mechanical failure
eq_bhd_06,bhandara,2026-02-23 03:31:02,2026-02-26 03:22:31,71.86,mechanical failure
eq_bhd_06,bhandara,2026-02-26 15:45:49,2026-03-01 18:36:54,74.85,spare parts unavailable
eq_bhd_06,bhandara,2026-03-07 03:23:57,2026-03-07 11:49:13,8.42,mechanical failure
eq_bhd_06,bhandara,2026-03-07 14:49:58,2026-03-07 18:50:36,4.01,scheduled maintenance
eq_bhd_06,bhandara,2026-03-29 19:56:24,2026-03-30 11:53:00,15.94,weather delay
eq_bhd_06,bhandara,2026-04-06 00:51:10,2026-04-06 06:48:58,5.96,scheduled maintenance
eq_bhd_06,bhandara,2026-04-19 10:19:05,2026-04-20 23:35:08,37.27,weather delay
eq_bhd_06,bhandara,2026-04-23 23:06:55,2026-04-25 08:04:40,32.96,hydraulic leak
eq_bhd_06,bhandara,2026-04-27 16:31:42,2026-04-27 19:45:08,3.22,operator shift gap
eq_bhd_06,bhandara,2026-05-04 11:46:46,2026-05-04 18:31:46,6.75,scheduled maintenance
eq_bhd_06,bhandara,2026-05-04 18:31:46,2026-05-06 07:35:22,37.06,weather delay
eq_bhd_06,bhandara,2026-05-06 07:35:22,2026-05-06 10:34:20,2.98,operator shift gap
eq_bhd_06,bhandara,2026-05-15 16:48:08,2026-05-16 18:52:42,26.08,hydraulic leak
eq_bhd_06,bhandara,2026-05-16 18:52:42,2026-05-17 11:58:47,17.1,electrical fault
eq_bhd_06,bhandara,2026-05-27 10:01:31,2026-05-31 20:49:47,106.8,spare parts unavailable
eq_bhd_06,bhandara,2026-05-31 20:49:47,2026-06-01 12:30:09,15.67,weather delay
eq_bhd_06,bhandara,2026-06-01 17:10:03,2026-06-01 22:05:17,4.92,scheduled maintenance
eq_bhd_06,bhandara,2026-06-14 07:01:10,2026-06-19 00:45:29,113.74,spare parts unavailable
eq_bhd_06,bhandara,2026-06-19 00:45:29,2026-06-23 23:54:08,119.14,spare parts unavailable
eq_bhd_06,bhandara,2026-06-23 23:54:08,2026-06-25 12:03:54,36.16,spare parts unavailable
eq_bhd_06,bhandara,2026-06-26 03:56:55,2026-06-27 00:03:21,20.11,mechanical failure
eq_bhd_06,bhandara,2026-06-30 05:54:47,2026-06-30 09:12:26,3.29,electrical fault
eq_bhd_06,bhandara,2026-07-02 23:51:57,2026-07-03 02:14:48,2.38,scheduled maintenance
eq_bhd_06,bhandara,2026-07-03 03:46:43,2026-07-03 12:38:50,8.87,weather delay
eq_bhd_06,bhandara,2026-07-17 06:59:53,2026-07-17 09:14:25,2.24,operator shift gap
eq_bhd_06,bhandara,2026-07-26 23:03:13,2026-07-27 12:55:56,13.88,electrical fault
eq_bhd_06,bhandara,2026-07-29 08:29:28,2026-07-29 14:00:41,5.52,operator shift gap
eq_bhd_06,bhandara,2026-08-02 23:23:19,2026-08-03 05:46:18,6.38,scheduled maintenance
eq_bhd_06,bhandara,2026-08-04 03:41:42,2026-08-04 16:56:11,13.24,electrical fault
eq_bhd_06,bhandara,2026-08-30 11:27:04,2026-08-31 16:12:42,28.76,mechanical failure
eq_bhd_06,bhandara,2026-09-03 19:53:55,2026-09-04 02:34:58,6.68,scheduled maintenance
eq_bhd_07,bhandara,2025-01-01 11:39:48,2025-01-02 21:00:11,33.34,hydraulic leak
eq_bhd_07,bhandara,2025-01-16 04:27:54,2025-01-16 09:37:51,5.17,operator shift gap
eq_bhd_07,bhandara,2025-01-22 10:31:45,2025-01-22 16:44:37,6.21,scheduled maintenance
eq_bhd_07,bhandara,2025-01-28 17:26:12,2025-01-28 23:49:49,6.39,mechanical failure
eq_bhd_07,bhandara,2025-02-20 03:00:23,2025-02-20 08:14:05,5.23,scheduled maintenance
eq_bhd_07,bhandara,2025-02-20 08:14:05,2025-02-24 19:04:38,106.84,spare parts unavailable
eq_bhd_07,bhandara,2025-03-06 22:54:29,2025-03-08 21:38:32,46.73,weather delay
eq_bhd_07,bhandara,2025-03-18 14:36:21,2025-03-18 19:26:14,4.83,scheduled maintenance
eq_bhd_07,bhandara,2025-03-19 21:39:55,2025-03-20 21:32:56,23.88,electrical fault
eq_bhd_07,bhandara,2025-03-20 21:32:56,2025-03-22 01:14:12,27.69,weather delay
eq_bhd_07,bhandara,2025-03-23 18:35:28,2025-03-23 23:16:48,4.69,electrical fault
eq_bhd_07,bhandara,2025-04-02 07:20:50,2025-04-02 21:07:13,13.77,mechanical failure
eq_bhd_07,bhandara,2025-04-02 21:07:13,2025-04-03 15:21:59,18.25,weather delay
eq_bhd_07,bhandara,2025-04-07 07:41:16,2025-04-09 05:17:06,45.6,hydraulic leak
eq_bhd_07,bhandara,2025-04-15 18:41:14,2025-04-15 21:39:16,2.97,scheduled maintenance
eq_bhd_07,bhandara,2025-04-22 18:39:53,2025-04-24 08:55:54,38.27,mechanical failure
eq_bhd_07,bhandara,2025-05-10 02:08:30,2025-05-11 07:16:09,29.13,mechanical failure
eq_bhd_07,bhandara,2025-05-18 06:04:37,2025-05-18 12:09:27,6.08,scheduled maintenance
eq_bhd_07,bhandara,2025-06-14 02:17:17,2025-06-15 01:30:08,23.21,mechanical failure
eq_bhd_07,bhandara,2025-06-20 05:48:25,2025-06-20 10:56:39,5.14,scheduled maintenance
eq_bhd_07,bhandara,2025-07-21 01:52:13,2025-07-21 05:37:35,3.76,scheduled maintenance
eq_bhd_07,bhandara,2025-07-22 10:48:02,2025-07-23 05:11:24,18.39,mechanical failure
eq_bhd_07,bhandara,2025-08-06 22:22:27,2025-08-08 00:09:41,25.79,hydraulic leak
eq_bhd_07,bhandara,2025-08-20 02:45:44,2025-08-20 05:28:11,2.71,scheduled maintenance
eq_bhd_07,bhandara,2025-08-21 07:45:37,2025-08-23 18:26:46,58.69,mechanical failure
eq_bhd_07,bhandara,2025-09-19 14:10:41,2025-09-19 16:12:42,2.03,scheduled maintenance
eq_bhd_07,bhandara,2025-09-21 00:44:42,2025-09-21 04:14:08,3.49,electrical fault
eq_bhd_07,bhandara,2025-09-24 14:06:05,2025-09-24 16:01:19,1.92,operator shift gap
eq_bhd_07,bhandara,2025-09-29 00:35:45,2025-10-01 01:56:26,49.34,mechanical failure
eq_bhd_07,bhandara,2025-10-01 01:56:26,2025-10-04 11:00:59,81.08,spare parts unavailable
eq_bhd_07,bhandara,2025-10-04 16:54:52,2025-10-04 22:37:04,5.7,operator shift gap
eq_bhd_07,bhandara,2025-10-23 11:59:50,2025-10-23 19:57:50,7.97,scheduled maintenance
eq_bhd_07,bhandara,2025-11-07 20:30:38,2025-11-08 10:16:29,13.76,mechanical failure
eq_bhd_07,bhandara,2025-11-11 23:50:54,2025-11-13 13:31:35,37.68,mechanical failure
eq_bhd_07,bhandara,2025-11-19 22:52:53,2025-11-20 02:46:50,3.9,scheduled maintenance
eq_bhd_07,bhandara,2025-11-25 20:35:13,2025-11-28 16:58:56,68.4,mechanical failure
eq_bhd_07,bhandara,2025-12-19 15:18:55,2025-12-19 19:54:21,4.59,scheduled maintenance
eq_bhd_07,bhandara,2025-12-23 08:19:16,2025-12-26 01:09:58,64.85,mechanical failure
eq_bhd_07,bhandara,2025-12-26 01:09:58,2025-12-27 05:51:25,28.69,weather delay
eq_bhd_07,bhandara,2025-12-29 02:02:32,2026-01-02 20:30:05,114.46,spare parts unavailable
eq_bhd_07,bhandara,2026-01-18 12:27:00,2026-01-18 17:00:21,4.56,scheduled maintenance
eq_bhd_07,bhandara,2026-01-31 00:36:54,2026-01-31 14:59:17,14.37,mechanical failure
eq_bhd_07,bhandara,2026-02-12 16:38:55,2026-02-12 23:36:14,6.96,scheduled maintenance
eq_bhd_07,bhandara,2026-02-12 23:36:14,2026-02-13 06:23:59,6.8,electrical fault
eq_bhd_07,bhandara,2026-02-20 04:57:42,2026-02-20 18:28:36,13.51,electrical fault
eq_bhd_07,bhandara,2026-02-25 16:50:05,2026-02-26 00:45:26,7.92,electrical fault
eq_bhd_07,bhandara,2026-03-08 04:16:07,2026-03-08 19:35:03,15.32,electrical fault
eq_bhd_07,bhandara,2026-03-17 20:39:48,2026-03-18 01:34:56,4.92,scheduled maintenance
eq_bhd_07,bhandara,2026-04-09 12:06:18,2026-04-09 16:42:04,4.6,electrical fault
eq_bhd_07,bhandara,2026-04-16 11:14:12,2026-04-18 02:25:34,39.19,spare parts unavailable
eq_bhd_07,bhandara,2026-04-19 10:39:32,2026-04-19 12:58:05,2.31,scheduled maintenance
eq_bhd_07,bhandara,2026-05-14 00:48:27,2026-05-14 08:23:20,7.58,electrical fault
eq_bhd_07,bhandara,2026-05-16 13:13:17,2026-05-16 18:17:51,5.08,scheduled maintenance
eq_bhd_07,bhandara,2026-05-22 16:35:30,2026-05-23 04:39:26,12.07,mechanical failure
eq_bhd_07,bhandara,2026-06-18 18:53:59,2026-06-18 23:42:13,4.8,scheduled maintenance
eq_bhd_07,bhandara,2026-07-09 01:21:32,2026-07-09 10:04:49,8.72,weather delay
eq_bhd_07,bhandara,2026-07-21 01:36:10,2026-07-21 05:18:41,3.71,scheduled maintenance
eq_bhd_07,bhandara,2026-07-30 16:13:51,2026-07-31 11:11:02,18.95,electrical fault
eq_bhd_07,bhandara,2026-08-16 03:50:00,2026-08-16 19:47:51,15.96,hydraulic leak
eq_bhd_07,bhandara,2026-08-22 11:55:04,2026-08-22 16:51:32,4.94,hydraulic leak
eq_bhd_07,bhandara,2026-08-23 04:48:46,2026-08-23 08:05:55,3.29,scheduled maintenance
eq_bhd_07,bhandara,2026-08-25 16:14:12,2026-08-26 14:54:11,22.67,electrical fault
eq_bhd_07,bhandara,2026-09-20 19:19:50,2026-09-20 22:18:45,2.98,scheduled maintenance
eq_bhd_08,bhandara,2025-01-07 06:53:35,2025-01-08 06:11:53,23.31,electrical fault
eq_bhd_08,bhandara,2025-01-08 06:11:53,2025-01-09 04:27:08,22.25,mechanical failure
eq_bhd_08,bhandara,2025-01-12 22:02:32,2025-01-13 04:46:59,6.74,operator shift gap
eq_bhd_08,bhandara,2025-01-18 18:36:25,2025-01-18 22:43:39,4.12,scheduled maintenance
eq_bhd_08,bhandara,2025-01-26 11:40:13,2025-01-27 01:55:30,14.25,mechanical failure
eq_bhd_08,bhandara,2025-02-01 01:20:17,2025-02-03 09:01:25,55.69,mechanical failure
eq_bhd_08,bhandara,2025-02-12 13:56:14,2025-02-12 17:51:10,3.92,operator shift gap
eq_bhd_08,bhandara,2025-02-19 05:29:56,2025-02-19 12:51:14,7.36,scheduled maintenance
eq_bhd_08,bhandara,2025-02-23 00:07:05,2025-02-24 14:42:16,38.59,hydraulic leak
eq_bhd_08,bhandara,2025-03-17 07:15:27,2025-03-17 19:23:54,12.14,mechanical failure
eq_bhd_08,bhandara,2025-03-19 16:21:43,2025-03-19 17:41:37,1.33,operator shift gap
eq_bhd_08,bhandara,2025-03-23 19:06:08,2025-03-24 02:18:58,7.21,scheduled maintenance
eq_bhd_08,bhandara,2025-04-20 02:30:29,2025-04-20 05:14:07,2.73,scheduled maintenance
eq_bhd_08,bhandara,2025-04-21 11:39:51,2025-04-23 22:05:46,58.43,spare parts unavailable
eq_bhd_08,bhandara,2025-04-23 22:05:46,2025-04-25 18:52:03,44.77,spare parts unavailable
eq_bhd_08,bhandara,2025-04-25 22:56:31,2025-04-28 21:29:41,70.55,mechanical failure
eq_bhd_08,bhandara,2025-05-01 00:35:43,2025-05-02 07:03:33,30.46,mechanical failure
eq_bhd_08,bhandara,2025-05-14 21:28:05,2025-05-16 10:13:22,36.75,mechanical failure
eq_bhd_08,bhandara,2025-05-16 12:45:59,2025-05-16 20:08:34,7.38,scheduled maintenance
eq_bhd_08,bhandara,2025-06-01 05:25:42,2025-06-02 08:04:44,26.65,mechanical failure
eq_bhd_08,bhandara,2025-06-12 22:40:48,2025-06-13 04:53:58,6.22,scheduled maintenance
eq_bhd_08,bhandara,2025-07-09 11:50:32,2025-07-09 19:39:46,7.82,scheduled maintenance
eq_bhd_08,bhandara,2025-07-27 10:07:00,2025-07-27 19:33:08,9.44,mechanical failure
eq_bhd_08,bhandara,2025-08-09 11:55:03,2025-08-09 15:51:58,3.95,scheduled maintenance
eq_bhd_08,bhandara,2025-08-17 00:23:10,2025-08-19 12:45:36,60.37,mechanical failure
eq_bhd_08,bhandara,2025-08-28 09:04:24,2025-08-30 04:06:12,43.03,hydraulic leak
eq_bhd_08,bhandara,2025-09-10 02:16:58,2025-09-10 04:52:52,2.6,scheduled maintenance
eq_bhd_08,bhandara,2025-10-11 00:17:00,2025-10-11 06:33:27,6.27,scheduled maintenance
eq_bhd_08,bhandara,2025-10-22 02:59:25,2025-10-24 04:26:22,49.45,mechanical failure
eq_bhd_08,bhandara,2025-10-31 12:07:55,2025-10-31 18:18:39,6.18,operator shift gap
eq_bhd_08,bhandara,2025-11-11 09:41:24,2025-11-11 16:49:34,7.14,scheduled maintenance
eq_bhd_08,bhandara,2025-11-23 23:31:15,2025-11-25 09:24:09,33.88,spare parts unavailable
eq_bhd_08,bhandara,2025-12-06 12:35:19,2025-12-07 14:52:51,26.29,mechanical failure
eq_bhd_08,bhandara,2025-12-15 03:56:10,2025-12-15 11:43:55,7.8,scheduled maintenance
eq_bhd_08,bhandara,2026-01-11 00:12:03,2026-01-12 17:19:18,41.12,mechanical failure
eq_bhd_08,bhandara,2026-01-18 07:27:33,2026-01-18 14:02:20,6.58,scheduled maintenance
eq_bhd_08,bhandara,2026-01-19 01:27:12,2026-01-19 09:39:31,8.21,electrical fault
eq_bhd_08,bhandara,2026-02-16 03:59:58,2026-02-16 11:21:16,7.36,scheduled maintenance
eq_bhd_08,bhandara,2026-03-03 17:46:10,2026-03-04 11:55:39,18.16,electrical fault
eq_bhd_08,bhandara,2026-03-07 11:49:35,2026-03-11 09:32:12,93.71,spare parts unavailable
eq_bhd_08,bhandara,2026-03-14 09:04:53,2026-03-14 14:53:26,5.81,scheduled maintenance
eq_bhd_08,bhandara,2026-03-19 20:43:30,2026-03-19 23:37:34,2.9,electrical fault
eq_bhd_08,bhandara,2026-04-14 12:30:31,2026-04-14 16:44:52,4.24,scheduled maintenance
eq_bhd_08,bhandara,2026-04-15 03:10:37,2026-04-17 12:11:23,57.01,mechanical failure
eq_bhd_08,bhandara,2026-04-17 12:11:23,2026-04-19 21:53:48,57.71,mechanical failure
eq_bhd_08,bhandara,2026-05-08 07:49:28,2026-05-08 14:57:45,7.14,operator shift gap
eq_bhd_08,bhandara,2026-05-11 19:08:18,2026-05-12 02:45:37,7.62,scheduled maintenance
eq_bhd_08,bhandara,2026-05-22 09:26:24,2026-05-22 12:36:10,3.16,operator shift gap
eq_bhd_08,bhandara,2026-06-11 12:05:49,2026-06-11 20:05:08,7.99,operator shift gap
eq_bhd_08,bhandara,2026-06-15 17:31:37,2026-06-15 20:17:42,2.77,scheduled maintenance
eq_bhd_08,bhandara,2026-06-16 10:48:24,2026-06-19 09:49:28,71.02,mechanical failure
eq_bhd_08,bhandara,2026-06-19 09:49:28,2026-06-20 15:42:27,29.88,weather delay
eq_bhd_08,bhandara,2026-06-27 12:38:01,2026-06-27 18:48:57,6.18,operator shift gap
eq_bhd_08,bhandara,2026-06-28 01:09:50,2026-06-28 18:24:48,17.25,mechanical failure
eq_bhd_08,bhandara,2026-06-28 18:24:48,2026-06-28 23:54:20,5.49,operator shift gap
eq_bhd_08,bhandara,2026-07-02 14:34:33,2026-07-05 12:41:31,70.12,mechanical failure
eq_bhd_08,bhandara,2026-07-19 07:08:01,2026-07-19 11:43:19,4.59,scheduled maintenance
eq_bhd_08,bhandara,2026-07-22 09:58:42,2026-07-23 11:29:46,25.52,weather delay
eq_bhd_08,bhandara,2026-07-29 11:48:38,2026-07-31 00:47:29,36.98,mechanical failure
eq_bhd_08,bhandara,2026-08-07 07:07:46,2026-08-07 10:21:51,3.23,electrical fault
eq_bhd_08,bhandara,2026-08-21 17:36:30,2026-08-21 19:39:02,2.04,scheduled maintenance
eq_bhd_08,bhandara,2026-08-21 19:39:02,2026-08-23 14:03:31,42.41,mechanical failure
eq_bhd_08,bhandara,2026-08-24 21:41:33,2026-08-25 05:47:58,8.11,weather delay
eq_bhd_08,bhandara,2026-09-17 00:19:21,2026-09-17 03:27:18,3.13,scheduled maintenance
eq_bhd_08,bhandara,2026-09-20 04:39:20,2026-09-20 19:37:35,14.97,electrical fault
eq_bhd_09,bhandara,2025-01-04 16:29:28,2025-01-04 22:23:48,5.91,electrical fault
eq_bhd_09,bhandara,2025-01-05 03:20:30,2025-01-05 18:20:18,15.0,weather delay
eq_bhd_09,bhandara,2025-01-11 03:19:56,2025-01-12 23:35:16,44.26,mechanical failure
eq_bhd_09,bhandara,2025-01-16 17:23:01,2025-01-17 00:03:23,6.67,operator shift gap
eq_bhd_09,bhandara,2025-01-20 17:00:14,2025-01-20 19:32:54,2.54,scheduled maintenance
eq_bhd_09,bhandara,2025-01-21 06:59:33,2025-01-23 11:04:36,52.08,mechanical failure
eq_bhd_09,bhandara,2025-01-27 18:10:52,2025-01-28 08:09:02,13.97,electrical fault
eq_bhd_09,bhandara,2025-02-16 22:54:40,2025-02-18 18:08:08,43.22,weather delay
eq_bhd_09,bhandara,2025-02-20 03:00:20,2025-02-20 06:40:04,3.66,scheduled maintenance
eq_bhd_09,bhandara,2025-02-23 05:20:19,2025-02-23 06:42:02,1.36,operator shift gap
eq_bhd_09,bhandara,2025-02-25 13:42:12,2025-02-26 00:45:39,11.06,weather delay
eq_bhd_09,bhandara,2025-03-04 22:17:59,2025-03-05 23:21:53,25.07,spare parts unavailable
eq_bhd_09,bhandara,2025-03-21 06:55:58,2025-03-21 13:56:31,7.01,scheduled maintenance
eq_bhd_09,bhandara,2025-03-21 13:56:31,2025-03-25 02:32:09,84.59,spare parts unavailable
eq_bhd_09,bhandara,2025-03-25 02:32:09,2025-03-25 21:57:47,19.43,hydraulic leak
eq_bhd_09,bhandara,2025-04-08 09:29:34,2025-04-10 02:59:17,41.5,weather delay
eq_bhd_09,bhandara,2025-04-10 02:59:17,2025-04-13 00:54:08,69.91,mechanical failure
eq_bhd_09,bhandara,2025-04-21 08:53:00,2025-04-21 12:59:07,4.1,scheduled maintenance
eq_bhd_09,bhandara,2025-05-02 01:58:33,2025-05-03 07:01:00,29.04,weather delay
eq_bhd_09,bhandara,2025-05-03 07:01:00,2025-05-03 09:43:55,2.72,operator shift gap
eq_bhd_09,bhandara,2025-05-04 04:00:15,2025-05-05 17:13:48,37.23,hydraulic leak
eq_bhd_09,bhandara,2025-05-07 17:20:18,2025-05-08 16:47:35,23.45,electrical fault
eq_bhd_09,bhandara,2025-05-09 03:36:08,2025-05-10 23:34:08,43.97,hydraulic leak
eq_bhd_09,bhandara,2025-05-14 09:07:26,2025-05-14 11:53:40,2.77,electrical fault
eq_bhd_09,bhandara,2025-05-16 01:37:12,2025-05-16 21:19:08,19.7,electrical fault
eq_bhd_09,bhandara,2025-05-22 17:01:21,2025-05-22 20:24:09,3.38,scheduled maintenance
eq_bhd_09,bhandara,2025-06-03 06:43:58,2025-06-06 01:06:26,66.37,mechanical failure
eq_bhd_09,bhandara,2025-06-11 06:56:55,2025-06-12 21:57:44,39.01,spare parts unavailable
eq_bhd_09,bhandara,2025-06-21 06:44:10,2025-06-21 11:14:17,4.5,scheduled maintenance
eq_bhd_09,bhandara,2025-06-21 11:14:17,2025-06-23 13:36:14,50.37,spare parts unavailable
eq_bhd_09,bhandara,2025-06-30 02:45:52,2025-07-03 03:27:04,72.69,spare parts unavailable
eq_bhd_09,bhandara,2025-07-03 03:27:04,2025-07-03 18:18:15,14.85,mechanical failure
eq_bhd_09,bhandara,2025-07-26 00:57:34,2025-07-26 05:13:51,4.27,scheduled maintenance
eq_bhd_09,bhandara,2025-08-01 00:56:33,2025-08-01 11:22:01,10.42,electrical fault
eq_bhd_09,bhandara,2025-08-12 23:14:37,2025-08-13 14:27:00,15.21,hydraulic leak
eq_bhd_09,bhandara,2025-08-15 08:58:35,2025-08-15 17:04:49,8.1,electrical fault
eq_bhd_09,bhandara,2025-08-21 12:12:59,2025-08-21 20:02:49,7.83,scheduled maintenance
eq_bhd_09,bhandara,2025-08-31 23:25:24,2025-09-03 03:41:14,52.26,mechanical failure
eq_bhd_09,bhandara,2025-09-15 16:00:33,2025-09-15 18:39:04,2.64,scheduled maintenance
eq_bhd_09,bhandara,2025-09-25 09:34:14,2025-09-27 20:22:45,58.81,mechanical failure
eq_bhd_09,bhandara,2025-09-29 17:41:02,2025-09-30 11:34:43,17.89,hydraulic leak
eq_bhd_09,bhandara,2025-10-13 03:28:56,2025-10-13 10:45:18,7.27,scheduled maintenance
eq_bhd_09,bhandara,2025-11-08 20:51:25,2025-11-09 02:36:08,5.75,scheduled maintenance
eq_bhd_09,bhandara,2025-11-09 02:36:08,2025-11-10 12:14:33,33.64,mechanical failure
eq_bhd_09,bhandara,2025-11-11 10:46:42,2025-11-16 10:42:03,119.92,spare parts unavailable
eq_bhd_09,bhandara,2025-11-16 10:42:03,2025-11-16 13:18:03,2.6,operator shift gap
eq_bhd_09,bhandara,2025-11-22 17:15:43,2025-11-23 19:13:01,25.95,weather delay
eq_bhd_09,bhandara,2025-11-24 12:46:16,2025-11-25 01:48:52,13.04,electrical fault
eq_bhd_09,bhandara,2025-12-01 21:58:44,2025-12-02 13:55:30,15.95,weather delay
eq_bhd_09,bhandara,2025-12-05 05:26:28,2025-12-05 13:13:09,7.78,scheduled maintenance
eq_bhd_09,bhandara,2025-12-20 08:56:37,2025-12-22 02:20:51,41.4,spare parts unavailable
eq_bhd_09,bhandara,2025-12-22 02:20:51,2025-12-26 13:14:28,106.89,spare parts unavailable
eq_bhd_09,bhandara,2025-12-26 13:14:28,2025-12-28 07:36:21,42.36,mechanical failure
eq_bhd_09,bhandara,2026-01-02 11:31:29,2026-01-02 17:00:33,5.48,operator shift gap
eq_bhd_09,bhandara,2026-01-08 18:34:07,2026-01-09 02:28:37,7.91,scheduled maintenance
eq_bhd_09,bhandara,2026-01-18 07:25:19,2026-01-22 13:06:54,101.69,spare parts unavailable
eq_bhd_09,bhandara,2026-02-02 05:01:21,2026-02-02 11:16:38,6.25,operator shift gap
eq_bhd_09,bhandara,2026-02-03 12:32:51,2026-02-03 17:40:22,5.13,scheduled maintenance
eq_bhd_09,bhandara,2026-02-11 14:14:30,2026-02-12 03:25:08,13.18,weather delay
eq_bhd_09,bhandara,2026-02-15 16:18:42,2026-02-17 20:50:29,52.53,mechanical failure
eq_bhd_09,bhandara,2026-02-19 04:09:14,2026-02-22 00:15:08,68.1,mechanical failure
eq_bhd_09,bhandara,2026-03-06 19:45:45,2026-03-06 23:24:34,3.65,scheduled maintenance
eq_bhd_09,bhandara,2026-03-06 23:24:34,2026-03-07 13:19:09,13.91,hydraulic leak
eq_bhd_09,bhandara,2026-03-13 04:17:42,2026-03-13 12:10:59,7.89,mechanical failure
eq_bhd_09,bhandara,2026-03-15 06:18:08,2026-03-16 14:03:53,31.76,hydraulic leak
eq_bhd_09,bhandara,2026-03-22 16:42:48,2026-03-24 23:45:32,55.05,spare parts unavailable
eq_bhd_09,bhandara,2026-03-24 23:45:32,2026-03-26 14:02:37,38.28,weather delay
eq_bhd_09,bhandara,2026-03-27 20:41:02,2026-03-30 20:12:13,71.52,mechanical failure
eq_bhd_09,bhandara,2026-04-02 09:05:07,2026-04-02 11:35:44,2.51,scheduled maintenance
eq_bhd_09,bhandara,2026-04-02 11:35:44,2026-04-06 01:29:02,85.89,spare parts unavailable
eq_bhd_09,bhandara,2026-04-14 22:48:41,2026-04-16 21:37:30,46.81,spare parts unavailable
eq_bhd_09,bhandara,2026-05-07 06:27:22,2026-05-07 14:23:08,7.93,scheduled maintenance
eq_bhd_09,bhandara,2026-05-10 10:21:07,2026-05-11 08:43:54,22.38,electrical fault
eq_bhd_09,bhandara,2026-05-18 04:35:13,2026-05-20 12:31:52,55.94,mechanical failure
eq_bhd_09,bhandara,2026-05-20 12:31:52,2026-05-21 04:05:57,15.57,mechanical failure
eq_bhd_09,bhandara,2026-05-24 15:54:28,2026-05-24 22:12:02,6.29,mechanical failure
eq_bhd_09,bhandara,2026-06-04 23:24:39,2026-06-05 02:58:22,3.56,scheduled maintenance
eq_bhd_09,bhandara,2026-06-06 20:20:17,2026-06-07 02:48:16,6.47,operator shift gap
eq_bhd_09,bhandara,2026-06-22 21:15:17,2026-06-23 14:28:57,17.23,electrical fault
eq_bhd_09,bhandara,2026-06-25 06:44:10,2026-06-27 07:26:48,48.71,spare parts unavailable
eq_bhd_09,bhandara,2026-06-27 08:45:22,2026-06-29 13:33:05,52.8,spare parts unavailable
eq_bhd_09,bhandara,2026-07-08 16:10:12,2026-07-08 23:25:21,7.25,scheduled maintenance
eq_bhd_09,bhandara,2026-07-12 11:45:08,2026-07-13 03:25:41,15.68,electrical fault
eq_bhd_09,bhandara,2026-07-15 10:39:15,2026-07-15 15:58:13,5.32,operator shift gap
eq_bhd_09,bhandara,2026-07-20 22:35:50,2026-07-21 02:46:41,4.18,operator shift gap
eq_bhd_09,bhandara,2026-07-21 04:28:31,2026-07-21 21:10:37,16.7,hydraulic leak
eq_bhd_09,bhandara,2026-07-22 20:33:02,2026-07-24 00:16:17,27.72,mechanical failure
eq_bhd_09,bhandara,2026-07-26 03:09:20,2026-07-27 06:30:27,27.35,mechanical failure
eq_bhd_09,bhandara,2026-08-04 17:17:59,2026-08-05 02:08:20,8.84,mechanical failure
eq_bhd_09,bhandara,2026-08-12 10:00:38,2026-08-12 14:25:34,4.42,scheduled maintenance
eq_bhd_09,bhandara,2026-08-17 11:58:23,2026-08-17 22:13:07,10.25,weather delay
eq_bhd_09,bhandara,2026-08-20 03:17:04,2026-08-21 07:27:04,28.17,hydraulic leak
eq_bhd_09,bhandara,2026-08-28 17:11:49,2026-08-28 22:36:11,5.41,electrical fault
eq_bhd_09,bhandara,2026-09-01 23:01:07,2026-09-02 06:27:18,7.44,operator shift gap
eq_bhd_09,bhandara,2026-09-08 02:14:04,2026-09-08 06:57:03,4.72,scheduled maintenance
eq_bhd_09,bhandara,2026-09-13 03:45:13,2026-09-13 19:54:21,16.15,mechanical failure
eq_nag_01,nagpur,2025-01-09 13:38:06,2025-01-10 11:24:54,21.78,mechanical failure
eq_nag_01,nagpur,2025-01-15 04:03:07,2025-01-15 06:19:49,2.28,electrical fault
eq_nag_01,nagpur,2025-01-16 14:07:32,2025-01-16 20:30:09,6.38,operator shift gap
eq_nag_01,nagpur,2025-01-27 02:24:29,2025-01-27 08:47:11,6.38,scheduled maintenance
eq_nag_01,nagpur,2025-01-29 10:13:30,2025-01-29 16:54:16,6.68,operator shift gap
eq_nag_01,nagpur,2025-02-07 05:09:46,2025-02-07 08:57:47,3.8,operator shift gap
eq_nag_01,nagpur,2025-02-12 08:30:27,2025-02-12 23:24:58,14.91,mechanical failure
eq_nag_01,nagpur,2025-02-17 15:00:47,2025-02-18 17:44:42,26.73,weather delay
eq_nag_01,nagpur,2025-02-18 17:44:42,2025-02-18 23:35:35,5.85,operator shift gap
eq_nag_01,nagpur,2025-02-19 18:05:58,2025-02-20 10:38:41,16.55,electrical fault
eq_nag_01,nagpur,2025-02-25 23:29:23,2025-02-26 02:09:17,2.66,scheduled maintenance
eq_nag_01,nagpur,2025-03-11 12:30:10,2025-03-12 10:55:10,22.42,electrical fault
eq_nag_01,nagpur,2025-04-01 16:31:30,2025-04-01 19:56:51,3.42,scheduled maintenance
eq_nag_01,nagpur,2025-04-01 19:56:51,2025-04-04 03:06:27,55.16,mechanical failure
eq_nag_01,nagpur,2025-04-05 21:59:57,2025-04-06 19:27:40,21.46,electrical fault
eq_nag_01,nagpur,2025-04-19 07:42:41,2025-04-22 14:40:05,78.96,spare parts unavailable
eq_nag_01,nagpur,2025-04-28 14:52:27,2025-04-28 22:33:39,7.69,scheduled maintenance
eq_nag_01,nagpur,2025-05-19 05:50:13,2025-05-19 19:22:15,13.53,mechanical failure
eq_nag_01,nagpur,2025-05-22 18:33:10,2025-05-23 13:20:43,18.79,weather delay
eq_nag_01,nagpur,2025-05-24 05:20:30,2025-05-27 07:02:11,73.69,spare parts unavailable
eq_nag_01,nagpur,2025-06-01 10:53:45,2025-06-01 13:03:01,2.15,scheduled maintenance
eq_nag_01,nagpur,2025-06-09 19:24:41,2025-06-09 23:02:18,3.63,operator shift gap
eq_nag_01,nagpur,2025-06-25 01:59:07,2025-06-25 22:03:42,20.08,hydraulic leak
eq_nag_01,nagpur,2025-06-30 09:49:52,2025-06-30 14:23:59,4.57,scheduled maintenance
eq_nag_01,nagpur,2025-07-08 05:57:22,2025-07-09 04:00:00,22.04,mechanical failure
eq_nag_01,nagpur,2025-07-24 05:35:10,2025-07-24 22:03:40,16.47,hydraulic leak
eq_nag_01,nagpur,2025-07-26 01:49:03,2025-07-26 18:42:23,16.89,hydraulic leak
eq_nag_01,nagpur,2025-08-02 01:57:49,2025-08-02 04:16:56,2.32,scheduled maintenance
eq_nag_01,nagpur,2025-08-06 19:42:42,2025-08-07 13:56:49,18.24,electrical fault
eq_nag_01,nagpur,2025-08-10 19:24:54,2025-08-11 10:14:26,14.83,weather delay
eq_nag_01,nagpur,2025-08-12 20:39:58,2025-08-13 08:02:04,11.37,mechanical failure
eq_nag_01,nagpur,2025-08-22 18:54:43,2025-08-24 21:05:40,50.18,spare parts unavailable
eq_nag_01,nagpur,2025-09-05 17:08:47,2025-09-05 22:12:18,5.06,scheduled maintenance
eq_nag_01,nagpur,2025-09-21 04:30:21,2025-09-21 11:04:06,6.56,electrical fault
eq_nag_01,nagpur,2025-09-25 15:35:10,2025-09-27 13:03:12,45.47,weather delay
eq_nag_01,nagpur,2025-09-30 22:17:41,2025-10-01 14:56:15,16.64,electrical fault
eq_nag_01,nagpur,2025-10-04 17:33:40,2025-10-04 20:08:01,2.57,operator shift gap
eq_nag_01,nagpur,2025-10-07 21:10:07,2025-10-09 03:30:00,30.33,hydraulic leak
eq_nag_01,nagpur,2025-10-09 09:56:10,2025-10-09 15:43:40,5.79,scheduled maintenance
eq_nag_01,nagpur,2025-10-18 18:02:40,2025-10-19 03:51:20,9.81,weather delay
eq_nag_01,nagpur,2025-10-29 16:09:04,2025-10-29 23:29:35,7.34,electrical fault
eq_nag_01,nagpur,2025-10-29 23:29:35,2025-11-01 21:35:25,70.1,mechanical failure
eq_nag_01,nagpur,2025-11-08 09:03:34,2025-11-10 11:26:19,50.38,mechanical failure
eq_nag_01,nagpur,2025-11-10 15:08:07,2025-11-10 21:47:44,6.66,scheduled maintenance
eq_nag_01,nagpur,2025-11-12 21:15:22,2025-11-15 14:35:04,65.33,spare parts unavailable
eq_nag_01,nagpur,2025-11-18 06:58:13,2025-11-20 17:47:28,58.82,mechanical failure
eq_nag_01,nagpur,2025-11-22 14:14:32,2025-11-24 04:47:55,38.56,mechanical failure
eq_nag_01,nagpur,2025-11-26 00:25:40,2025-11-26 17:48:58,17.39,weather delay
eq_nag_01,nagpur,2025-11-29 12:54:36,2025-11-30 02:51:33,13.95,weather delay
eq_nag_01,nagpur,2025-11-30 02:51:33,2025-11-30 21:18:49,18.45,mechanical failure
eq_nag_01,nagpur,2025-11-30 21:18:49,2025-12-05 00:28:25,99.16,spare parts unavailable
eq_nag_01,nagpur,2025-12-05 06:05:14,2025-12-06 19:47:56,37.71,weather delay
eq_nag_01,nagpur,2025-12-08 03:57:56,2025-12-08 07:37:12,3.65,scheduled maintenance
eq_nag_01,nagpur,2025-12-11 10:06:26,2025-12-15 18:42:01,104.59,spare parts unavailable
eq_nag_01,nagpur,2025-12-15 18:42:01,2025-12-15 23:26:47,4.75,electrical fault
eq_nag_01,nagpur,2025-12-17 21:33:21,2025-12-18 05:11:50,7.64,operator shift gap
eq_nag_01,nagpur,2025-12-26 17:28:26,2025-12-28 12:33:09,43.08,mechanical failure
eq_nag_01,nagpur,2026-01-08 02:35:13,2026-01-08 05:09:31,2.57,scheduled maintenance
eq_nag_01,nagpur,2026-01-08 05:09:31,2026-01-10 12:10:06,55.01,mechanical failure
eq_nag_01,nagpur,2026-01-30 09:00:21,2026-01-31 11:27:04,26.45,weather delay
eq_nag_01,nagpur,2026-02-03 00:25:58,2026-02-03 03:47:43,3.36,scheduled maintenance
eq_nag_01,nagpur,2026-02-04 10:57:02,2026-02-05 18:59:14,32.04,mechanical failure
eq_nag_01,nagpur,2026-02-13 11:39:57,2026-02-13 17:05:15,5.42,operator shift gap
eq_nag_01,nagpur,2026-02-23 11:58:12,2026-02-27 16:18:47,100.34,spare parts unavailable
eq_nag_01,nagpur,2026-03-02 06:02:46,2026-03-02 09:26:15,3.39,scheduled maintenance
eq_nag_01,nagpur,2026-03-20 18:03:20,2026-03-21 02:05:53,8.04,mechanical failure
eq_nag_01,nagpur,2026-03-26 10:09:44,2026-03-27 02:46:40,16.62,electrical fault
eq_nag_01,nagpur,2026-03-30 20:39:04,2026-03-31 14:16:54,17.63,electrical fault
eq_nag_01,nagpur,2026-03-31 23:11:11,2026-04-01 05:23:38,6.21,scheduled maintenance
eq_nag_01,nagpur,2026-04-09 17:23:39,2026-04-09 22:33:12,5.16,operator shift gap
eq_nag_01,nagpur,2026-04-14 15:08:08,2026-04-16 21:23:27,54.26,mechanical failure
eq_nag_01,nagpur,2026-04-19 03:21:54,2026-04-21 15:16:24,59.91,spare parts unavailable
eq_nag_01,nagpur,2026-04-26 02:50:01,2026-04-26 05:35:11,2.75,scheduled maintenance
eq_nag_01,nagpur,2026-05-16 15:23:36,2026-05-18 07:18:00,39.91,mechanical failure
eq_nag_01,nagpur,2026-05-22 05:08:57,2026-05-22 11:10:08,6.02,scheduled maintenance
eq_nag_01,nagpur,2026-05-22 11:10:08,2026-05-23 14:51:43,27.69,mechanical failure
eq_nag_01,nagpur,2026-06-22 20:39:46,2026-06-23 00:33:45,3.9,scheduled maintenance
eq_nag_01,nagpur,2026-06-23 00:33:45,2026-06-24 09:26:47,32.88,spare parts unavailable
eq_nag_01,nagpur,2026-06-29 19:15:26,2026-07-01 11:52:15,40.61,hydraulic leak
eq_nag_01,nagpur,2026-07-01 23:19:27,2026-07-04 21:48:05,70.48,mechanical failure
eq_nag_01,nagpur,2026-07-05 20:48:50,2026-07-06 04:20:37,7.53,operator shift gap
eq_nag_01,nagpur,2026-07-25 08:06:09,2026-07-25 13:48:46,5.71,scheduled maintenance
eq_nag_01,nagpur,2026-07-25 13:48:46,2026-07-27 12:02:48,46.23,mechanical failure
eq_nag_01,nagpur,2026-07-27 12:02:48,2026-07-27 21:20:14,9.29,mechanical failure
eq_nag_01,nagpur,2026-07-30 10:15:16,2026-07-30 12:46:24,2.52,operator shift gap
eq_nag_01,nagpur,2026-08-06 09:26:48,2026-08-09 16:47:36,79.35,spare parts unavailable
eq_nag_01,nagpur,2026-08-15 19:26:30,2026-08-16 00:52:13,5.43,operator shift gap
eq_nag_01,nagpur,2026-08-22 16:36:02,2026-08-22 19:03:54,2.46,scheduled maintenance
eq_nag_01,nagpur,2026-09-05 04:59:05,2026-09-05 12:57:12,7.97,operator shift gap
eq_nag_01,nagpur,2026-09-18 02:48:24,2026-09-18 07:31:45,4.72,scheduled maintenance
eq_nag_02,nagpur,2025-01-21 23:52:05,2025-01-23 09:00:15,33.14,weather delay
eq_nag_02,nagpur,2025-01-23 21:14:28,2025-01-24 00:04:26,2.83,electrical fault
eq_nag_02,nagpur,2025-01-30 23:26:12,2025-01-31 06:41:56,7.26,scheduled maintenance
eq_nag_02,nagpur,2025-02-03 08:15:56,2025-02-03 13:28:49,5.21,operator shift gap
eq_nag_02,nagpur,2025-02-25 17:42:07,2025-02-26 08:01:31,14.32,weather delay
eq_nag_02,nagpur,2025-02-26 19:24:52,2025-02-26 22:17:57,2.88,scheduled maintenance
eq_nag_02,nagpur,2025-03-05 12:03:30,2025-03-08 19:54:13,79.85,spare parts unavailable
eq_nag_02,nagpur,2025-03-19 06:47:53,2025-03-20 21:24:10,38.6,spare parts unavailable
eq_nag_02,nagpur,2025-03-24 10:06:14,2025-03-24 15:45:02,5.65,scheduled maintenance
eq_nag_02,nagpur,2025-04-09 22:50:11,2025-04-12 10:46:24,59.94,spare parts unavailable
eq_nag_02,nagpur,2025-04-24 11:50:37,2025-04-24 15:35:58,3.76,scheduled maintenance
eq_nag_02,nagpur,2025-05-19 21:45:11,2025-05-20 05:10:35,7.42,scheduled maintenance
eq_nag_02,nagpur,2025-05-20 12:14:33,2025-05-23 23:05:28,82.85,spare parts unavailable
eq_nag_02,nagpur,2025-06-05 23:09:02,2025-06-07 21:19:42,46.18,mechanical failure
eq_nag_02,nagpur,2025-06-15 13:34:13,2025-06-15 17:48:48,4.24,scheduled maintenance
eq_nag_02,nagpur,2025-06-19 17:46:35,2025-06-22 15:06:20,69.33,mechanical failure
eq_nag_02,nagpur,2025-06-23 10:47:38,2025-06-24 20:26:09,33.64,hydraulic leak
eq_nag_02,nagpur,2025-06-24 20:26:09,2025-06-26 02:22:28,29.94,spare parts unavailable
eq_nag_02,nagpur,2025-06-26 19:08:57,2025-06-28 09:31:51,38.38,mechanical failure
eq_nag_02,nagpur,2025-06-29 20:40:24,2025-07-01 02:46:15,30.1,mechanical failure
eq_nag_02,nagpur,2025-07-01 04:20:17,2025-07-01 10:03:45,5.72,operator shift gap
eq_nag_02,nagpur,2025-07-05 04:29:52,2025-07-05 11:36:57,7.12,weather delay
eq_nag_02,nagpur,2025-07-06 02:57:38,2025-07-06 11:18:50,8.35,electrical fault
eq_nag_02,nagpur,2025-07-16 13:07:10,2025-07-16 16:29:33,3.37,scheduled maintenance
eq_nag_02,nagpur,2025-07-16 16:29:33,2025-07-19 14:52:05,70.38,mechanical failure
eq_nag_02,nagpur,2025-07-21 20:59:43,2025-07-24 01:40:10,52.67,mechanical failure
eq_nag_02,nagpur,2025-07-24 01:40:10,2025-07-25 06:02:53,28.38,spare parts unavailable
eq_nag_02,nagpur,2025-07-30 04:08:20,2025-07-31 13:10:18,33.03,hydraulic leak
eq_nag_02,nagpur,2025-08-03 05:42:39,2025-08-04 15:53:19,34.18,hydraulic leak
eq_nag_02,nagpur,2025-08-11 09:30:27,2025-08-11 13:30:04,3.99,scheduled maintenance
eq_nag_02,nagpur,2025-09-06 06:38:22,2025-09-06 09:56:14,3.3,scheduled maintenance
eq_nag_02,nagpur,2025-09-08 01:52:33,2025-09-08 14:15:50,12.39,hydraulic leak
eq_nag_02,nagpur,2025-10-04 23:19:16,2025-10-05 06:30:34,7.19,scheduled maintenance
eq_nag_02,nagpur,2025-10-10 14:46:07,2025-10-12 03:30:31,36.74,mechanical failure
eq_nag_02,nagpur,2025-10-19 10:39:12,2025-10-21 13:53:11,51.23,mechanical failure
eq_nag_02,nagpur,2025-11-03 18:44:27,2025-11-04 02:08:37,7.4,scheduled maintenance
eq_nag_02,nagpur,2025-11-10 01:04:52,2025-11-11 00:12:07,23.12,mechanical failure
eq_nag_02,nagpur,2025-11-13 17:22:57,2025-11-13 19:50:09,2.45,operator shift gap
eq_nag_02,nagpur,2025-11-27 06:01:12,2025-11-29 04:49:58,46.81,spare parts unavailable
eq_nag_02,nagpur,2025-12-04 05:37:15,2025-12-06 19:58:42,62.36,mechanical failure
eq_nag_02,nagpur,2025-12-08 15:22:43,2025-12-08 22:15:52,6.89,scheduled maintenance
eq_nag_02,nagpur,2026-01-03 12:03:20,2026-01-03 15:10:11,3.11,scheduled maintenance
eq_nag_02,nagpur,2026-01-10 08:28:42,2026-01-12 22:22:01,61.89,mechanical failure
eq_nag_02,nagpur,2026-01-20 10:29:24,2026-01-24 23:29:35,109.0,spare parts unavailable
eq_nag_02,nagpur,2026-01-29 07:58:31,2026-01-29 10:46:43,2.8,operator shift gap
eq_nag_02,nagpur,2026-01-30 01:06:16,2026-01-30 06:41:46,5.59,scheduled maintenance
eq_nag_02,nagpur,2026-01-31 20:26:05,2026-02-02 06:37:49,34.2,weather delay
eq_nag_02,nagpur,2026-02-12 09:19:40,2026-02-12 15:54:24,6.58,operator shift gap
eq_nag_02,nagpur,2026-03-02 18:51:12,2026-03-03 01:31:37,6.67,scheduled maintenance
eq_nag_02,nagpur,2026-04-02 15:39:09,2026-04-02 21:46:46,6.13,scheduled maintenance
eq_nag_02,nagpur,2026-04-14 16:37:40,2026-04-15 06:14:01,13.61,hydraulic leak
eq_nag_02,nagpur,2026-04-17 23:40:29,2026-04-18 15:41:08,16.01,weather delay
eq_nag_02,nagpur,2026-04-30 11:54:44,2026-04-30 15:15:13,3.34,scheduled maintenance
eq_nag_02,nagpur,2026-05-03 17:25:14,2026-05-07 21:48:27,100.39,spare parts unavailable
eq_nag_02,nagpur,2026-05-16 13:05:59,2026-05-19 05:20:17,64.24,mechanical failure
eq_nag_02,nagpur,2026-05-21 20:26:24,2026-05-24 06:07:40,57.69,mechanical failure
eq_nag_02,nagpur,2026-05-29 06:33:27,2026-05-29 12:08:22,5.58,scheduled maintenance
eq_nag_02,nagpur,2026-06-10 22:59:23,2026-06-14 10:52:43,83.89,spare parts unavailable
eq_nag_02,nagpur,2026-06-29 04:18:15,2026-06-29 08:03:30,3.75,scheduled maintenance
eq_nag_02,nagpur,2026-07-20 02:08:39,2026-07-21 04:22:13,26.23,mechanical failure
eq_nag_02,nagpur,2026-07-23 21:59:39,2026-07-26 18:57:45,68.97,mechanical failure
eq_nag_02,nagpur,2026-07-26 18:57:45,2026-07-27 00:54:24,5.94,electrical fault
eq_nag_02,nagpur,2026-07-28 18:17:30,2026-07-29 00:00:29,5.72,scheduled maintenance
eq_nag_02,nagpur,2026-08-02 02:56:23,2026-08-03 06:19:26,27.38,mechanical failure
eq_nag_02,nagpur,2026-08-22 03:48:52,2026-08-22 10:20:48,6.53,weather delay
eq_nag_02,nagpur,2026-08-22 20:00:07,2026-08-23 02:19:54,6.33,scheduled maintenance
eq_nag_02,nagpur,2026-08-23 22:11:23,2026-08-28 06:50:33,104.65,spare parts unavailable
eq_nag_02,nagpur,2026-08-28 06:50:33,2026-08-30 02:02:04,43.19,weather delay
eq_nag_02,nagpur,2026-09-04 00:02:51,2026-09-08 22:54:25,118.86,spare parts unavailable
eq_nag_02,nagpur,2026-09-18 06:15:22,2026-09-18 11:04:23,4.82,scheduled maintenance
eq_nag_03,nagpur,2025-01-13 01:40:40,2025-01-13 07:11:41,5.52,scheduled maintenance
eq_nag_03,nagpur,2025-01-18 17:41:41,2025-01-19 01:20:30,7.65,operator shift gap
eq_nag_03,nagpur,2025-01-19 01:20:30,2025-01-19 18:21:15,17.01,electrical fault
eq_nag_03,nagpur,2025-01-21 20:30:16,2025-01-21 22:33:40,2.06,operator shift gap
eq_nag_03,nagpur,2025-02-16 03:42:44,2025-02-16 06:41:10,2.97,scheduled maintenance
eq_nag_03,nagpur,2025-02-17 10:57:49,2025-02-19 12:24:13,49.44,spare parts unavailable
eq_nag_03,nagpur,2025-02-22 04:48:21,2025-02-22 06:44:26,1.93,operator shift gap
eq_nag_03,nagpur,2025-03-02 13:57:12,2025-03-04 12:10:40,46.22,mechanical failure
eq_nag_03,nagpur,2025-03-17 10:33:19,2025-03-17 15:16:19,4.72,scheduled maintenance
eq_nag_03,nagpur,2025-03-31 06:01:20,2025-04-02 21:25:58,63.41,mechanical failure
eq_nag_03,nagpur,2025-04-14 20:17:10,2025-04-15 00:42:57,4.43,scheduled maintenance
eq_nag_03,nagpur,2025-05-02 23:18:46,2025-05-04 12:34:50,37.27,weather delay
eq_nag_03,nagpur,2025-05-04 12:34:50,2025-05-05 11:22:21,22.79,weather delay
eq_nag_03,nagpur,2025-05-17 20:05:08,2025-05-18 00:37:12,4.53,scheduled maintenance
eq_nag_03,nagpur,2025-06-02 05:53:18,2025-06-03 01:15:58,19.38,electrical fault
eq_nag_03,nagpur,2025-06-03 22:29:47,2025-06-04 06:38:18,8.14,mechanical failure
eq_nag_03,nagpur,2025-06-14 15:12:26,2025-06-14 19:37:46,4.42,scheduled maintenance
eq_nag_03,nagpur,2025-07-03 12:45:22,2025-07-04 00:14:20,11.48,weather delay
eq_nag_03,nagpur,2025-07-04 04:41:57,2025-07-05 09:12:55,28.52,hydraulic leak
eq_nag_03,nagpur,2025-07-06 00:15:51,2025-07-06 01:27:45,1.2,operator shift gap
eq_nag_03,nagpur,2025-07-10 13:55:00,2025-07-12 14:40:30,48.76,mechanical failure
eq_nag_03,nagpur,2025-07-16 14:45:00,2025-07-16 22:19:35,7.58,scheduled maintenance
eq_nag_03,nagpur,2025-07-22 22:55:55,2025-07-25 10:49:05,59.89,spare parts unavailable
eq_nag_03,nagpur,2025-08-16 23:03:34,2025-08-17 05:35:59,6.54,scheduled maintenance
eq_nag_03,nagpur,2025-08-29 10:10:19,2025-08-29 16:57:09,6.78,operator shift gap
eq_nag_03,nagpur,2025-09-09 13:07:57,2025-09-10 00:09:15,11.02,electrical fault
eq_nag_03,nagpur,2025-09-13 07:58:30,2025-09-13 13:15:47,5.29,scheduled maintenance
eq_nag_03,nagpur,2025-09-29 09:07:46,2025-10-01 22:33:57,61.44,spare parts unavailable
eq_nag_03,nagpur,2025-10-01 22:33:57,2025-10-02 09:02:54,10.48,mechanical failure
eq_nag_03,nagpur,2025-10-08 09:09:42,2025-10-08 14:23:32,5.23,scheduled maintenance
eq_nag_03,nagpur,2025-10-12 15:07:56,2025-10-14 03:37:38,36.49,hydraulic leak
eq_nag_03,nagpur,2025-10-22 05:50:34,2025-10-23 00:05:26,18.25,mechanical failure
eq_nag_03,nagpur,2025-10-25 12:25:35,2025-10-27 10:19:52,45.9,weather delay
eq_nag_03,nagpur,2025-10-27 18:40:35,2025-10-29 06:57:21,36.28,spare parts unavailable
eq_nag_03,nagpur,2025-11-01 08:37:50,2025-11-02 18:37:39,34.0,weather delay
eq_nag_03,nagpur,2025-11-10 12:16:20,2025-11-10 16:39:49,4.39,operator shift gap
eq_nag_03,nagpur,2025-11-10 18:58:58,2025-11-11 02:20:47,7.36,scheduled maintenance
eq_nag_03,nagpur,2025-11-13 10:26:39,2025-11-13 12:24:51,1.97,operator shift gap
eq_nag_03,nagpur,2025-11-24 15:46:46,2025-11-25 20:35:03,28.8,weather delay
eq_nag_03,nagpur,2025-12-11 04:29:44,2025-12-11 08:17:07,3.79,scheduled maintenance
eq_nag_03,nagpur,2025-12-17 21:07:44,2025-12-17 22:31:55,1.4,operator shift gap
eq_nag_03,nagpur,2025-12-20 11:29:53,2025-12-20 16:06:36,4.61,operator shift gap
eq_nag_03,nagpur,2025-12-25 10:03:25,2025-12-27 09:28:06,47.41,hydraulic leak
eq_nag_03,nagpur,2026-01-06 14:23:43,2026-01-06 16:42:27,2.31,operator shift gap
eq_nag_03,nagpur,2026-01-11 09:18:42,2026-01-11 12:25:58,3.12,scheduled maintenance
eq_nag_03,nagpur,2026-01-12 09:52:22,2026-01-13 17:13:32,31.35,weather delay
eq_nag_03,nagpur,2026-02-07 18:11:35,2026-02-08 02:04:11,7.88,scheduled maintenance
eq_nag_03,nagpur,2026-02-10 19:18:15,2026-02-10 21:17:17,1.98,operator shift gap
eq_nag_03,nagpur,2026-03-07 10:03:25,2026-03-08 06:49:47,20.77,electrical fault
eq_nag_03,nagpur,2026-03-12 21:02:24,2026-03-13 03:03:27,6.02,scheduled maintenance
eq_nag_03,nagpur,2026-03-13 18:49:57,2026-03-14 00:39:43,5.83,mechanical failure
eq_nag_03,nagpur,2026-04-06 14:34:15,2026-04-09 10:29:30,67.92,mechanical failure
eq_nag_03,nagpur,2026-04-13 23:01:15,2026-04-14 05:38:20,6.62,scheduled maintenance
eq_nag_03,nagpur,2026-04-19 17:07:34,2026-04-20 16:12:04,23.07,weather delay
eq_nag_03,nagpur,2026-05-07 16:41:05,2026-05-07 20:19:30,3.64,electrical fault
eq_nag_03,nagpur,2026-05-11 17:10:11,2026-05-12 00:45:32,7.59,scheduled maintenance
eq_nag_03,nagpur,2026-05-17 13:45:48,2026-05-18 22:01:55,32.27,mechanical failure
eq_nag_03,nagpur,2026-05-26 10:48:41,2026-05-29 10:34:33,71.76,mechanical failure
eq_nag_03,nagpur,2026-06-05 10:59:02,2026-06-06 03:13:56,16.25,weather delay
eq_nag_03,nagpur,2026-06-07 16:53:01,2026-06-07 19:08:41,2.26,scheduled maintenance
eq_nag_03,nagpur,2026-06-25 18:32:52,2026-06-26 08:58:13,14.42,weather delay
eq_nag_03,nagpur,2026-06-26 08:58:13,2026-06-27 11:43:41,26.76,mechanical failure
eq_nag_03,nagpur,2026-07-02 14:47:13,2026-07-03 00:18:50,9.53,mechanical failure
eq_nag_03,nagpur,2026-07-06 07:40:52,2026-07-06 13:02:43,5.36,scheduled maintenance
eq_nag_03,nagpur,2026-07-14 06:32:30,2026-07-15 10:34:12,28.03,mechanical failure
eq_nag_03,nagpur,2026-07-18 02:12:48,2026-07-19 11:17:47,33.08,spare parts unavailable
eq_nag_03,nagpur,2026-07-19 19:46:09,2026-07-21 12:01:29,40.26,mechanical failure
eq_nag_03,nagpur,2026-07-31 08:50:20,2026-07-31 12:08:50,3.31,scheduled maintenance
eq_nag_03,nagpur,2026-08-03 15:33:16,2026-08-03 18:12:30,2.65,operator shift gap
eq_nag_03,nagpur,2026-08-11 10:25:05,2026-08-12 16:48:58,30.4,spare parts unavailable
eq_nag_03,nagpur,2026-08-12 16:48:58,2026-08-13 15:57:00,23.13,electrical fault
eq_nag_03,nagpur,2026-08-19 15:24:49,2026-08-19 16:45:19,1.34,operator shift gap
eq_nag_03,nagpur,2026-08-26 01:43:43,2026-08-26 13:23:18,11.66,electrical fault
eq_nag_03,nagpur,2026-08-28 12:39:27,2026-08-28 20:04:13,7.41,weather delay
eq_nag_03,nagpur,2026-09-03 11:04:32,2026-09-03 13:11:17,2.11,scheduled maintenance
eq_nag_03,nagpur,2026-09-13 17:14:39,2026-09-15 11:54:09,42.66,hydraulic leak
eq_nag_04,nagpur,2025-01-01 19:28:05,2025-01-03 13:10:58,41.71,spare parts unavailable
eq_nag_04,nagpur,2025-01-07 02:16:41,2025-01-07 17:58:15,15.69,electrical fault
eq_nag_04,nagpur,2025-01-27 20:51:54,2025-01-28 00:58:44,4.11,scheduled maintenance
eq_nag_04,nagpur,2025-02-06 22:30:07,2025-02-07 13:42:55,15.21,weather delay
eq_nag_04,nagpur,2025-02-10 13:39:52,2025-02-10 20:30:10,6.84,operator shift gap
eq_nag_04,nagpur,2025-02-11 00:15:30,2025-02-12 08:38:58,32.39,hydraulic leak
eq_nag_04,nagpur,2025-02-17 08:40:45,2025-02-17 15:51:04,7.17,mechanical failure
eq_nag_04,nagpur,2025-02-18 08:37:34,2025-02-18 15:52:46,7.25,mechanical failure
eq_nag_04,nagpur,2025-02-23 01:49:48,2025-02-23 05:36:09,3.77,scheduled maintenance
eq_nag_04,nagpur,2025-02-23 05:36:09,2025-02-27 10:21:04,100.75,spare parts unavailable
eq_nag_04,nagpur,2025-02-27 10:21:04,2025-02-28 05:49:47,19.48,hydraulic leak
eq_nag_04,nagpur,2025-03-14 10:21:37,2025-03-14 21:11:43,10.83,mechanical failure
eq_nag_04,nagpur,2025-03-22 10:03:13,2025-03-22 17:59:56,7.95,scheduled maintenance
eq_nag_04,nagpur,2025-03-24 19:16:41,2025-03-26 11:46:30,40.5,mechanical failure
eq_nag_04,nagpur,2025-03-29 09:16:10,2025-03-29 18:51:27,9.59,mechanical failure
eq_nag_04,nagpur,2025-04-09 15:36:08,2025-04-10 20:14:05,28.63,mechanical failure
eq_nag_04,nagpur,2025-04-10 20:14:05,2025-04-11 22:20:40,26.11,weather delay
eq_nag_04,nagpur,2025-04-13 21:21:49,2025-04-17 07:38:12,82.27,spare parts unavailable
eq_nag_04,nagpur,2025-04-17 19:06:43,2025-04-18 01:51:22,6.74,scheduled maintenance
eq_nag_04,nagpur,2025-04-18 01:51:22,2025-04-19 19:54:55,42.06,mechanical failure
eq_nag_04,nagpur,2025-04-24 18:10:35,2025-04-26 08:18:45,38.14,hydraulic leak
eq_nag_04,nagpur,2025-05-14 18:55:10,2025-05-14 23:21:56,4.45,scheduled maintenance
eq_nag_04,nagpur,2025-06-14 08:40:05,2025-06-14 15:35:43,6.93,scheduled maintenance
eq_nag_04,nagpur,2025-06-14 15:35:43,2025-06-16 01:23:36,33.8,mechanical failure
eq_nag_04,nagpur,2025-06-19 06:09:48,2025-06-19 21:29:56,15.34,electrical fault
eq_nag_04,nagpur,2025-06-21 20:26:44,2025-06-22 21:26:54,25.0,weather delay
eq_nag_04,nagpur,2025-07-03 23:59:17,2025-07-06 13:04:49,61.09,mechanical failure
eq_nag_04,nagpur,2025-07-06 13:04:49,2025-07-08 10:59:28,45.91,spare parts unavailable
eq_nag_04,nagpur,2025-07-15 23:41:11,2025-07-16 07:17:29,7.6,scheduled maintenance
eq_nag_04,nagpur,2025-07-18 18:29:41,2025-07-18 23:42:46,5.22,hydraulic leak
eq_nag_04,nagpur,2025-08-12 02:11:06,2025-08-12 06:35:28,4.41,scheduled maintenance
eq_nag_04,nagpur,2025-08-21 04:03:38,2025-08-21 13:53:44,9.84,mechanical failure
eq_nag_04,nagpur,2025-09-03 14:02:54,2025-09-03 15:37:57,1.58,operator shift gap
eq_nag_04,nagpur,2025-09-12 10:47:14,2025-09-12 16:48:00,6.01,scheduled maintenance
eq_nag_04,nagpur,2025-09-18 11:27:07,2025-09-19 00:37:40,13.18,electrical fault
eq_nag_04,nagpur,2025-10-01 23:13:38,2025-10-03 20:54:22,45.68,hydraulic leak
eq_nag_04,nagpur,2025-10-03 20:54:22,2025-10-06 06:00:33,57.1,spare parts unavailable
eq_nag_04,nagpur,2025-10-11 19:38:52,2025-10-12 01:24:13,5.76,scheduled maintenance
eq_nag_04,nagpur,2025-10-12 07:11:48,2025-10-13 14:04:31,30.88,weather delay
eq_nag_04,nagpur,2025-10-13 14:04:31,2025-10-13 15:20:09,1.26,operator shift gap
eq_nag_04,nagpur,2025-10-14 08:50:26,2025-10-16 00:41:08,39.85,weather delay
eq_nag_04,nagpur,2025-10-28 23:58:45,2025-10-29 09:34:56,9.6,electrical fault
eq_nag_04,nagpur,2025-11-01 03:36:16,2025-11-01 09:33:13,5.95,mechanical failure
eq_nag_04,nagpur,2025-11-03 14:54:20,2025-11-05 19:02:02,52.13,spare parts unavailable
eq_nag_04,nagpur,2025-11-05 19:02:02,2025-11-07 03:55:56,32.9,hydraulic leak
eq_nag_04,nagpur,2025-11-09 15:45:14,2025-11-10 02:56:18,11.18,hydraulic leak
eq_nag_04,nagpur,2025-11-14 01:42:44,2025-11-14 07:19:22,5.61,scheduled maintenance
eq_nag_04,nagpur,2025-11-14 07:19:22,2025-11-15 21:40:37,38.35,hydraulic leak
eq_nag_04,nagpur,2025-11-28 16:09:40,2025-11-29 17:51:35,25.7,weather delay
eq_nag_04,nagpur,2025-12-06 13:37:47,2025-12-07 05:23:20,15.76,weather delay
eq_nag_04,nagpur,2025-12-13 23:34:16,2025-12-14 03:06:22,3.54,scheduled maintenance
eq_nag_04,nagpur,2026-01-02 06:00:49,2026-01-03 15:14:02,33.22,spare parts unavailable
eq_nag_04,nagpur,2026-01-13 14:42:40,2026-01-13 19:36:03,4.89,scheduled maintenance
eq_nag_04,nagpur,2026-01-13 19:36:03,2026-01-16 08:50:13,61.24,mechanical failure
eq_nag_04,nagpur,2026-01-25 01:23:13,2026-01-25 05:28:37,4.09,electrical fault
eq_nag_04,nagpur,2026-02-10 19:19:37,2026-02-10 22:40:12,3.34,operator shift gap
eq_nag_04,nagpur,2026-02-12 11:51:41,2026-02-12 15:30:18,3.64,scheduled maintenance
eq_nag_04,nagpur,2026-02-12 18:17:42,2026-02-13 01:24:44,7.12,electrical fault
eq_nag_04,nagpur,2026-02-17 16:24:35,2026-02-19 00:39:23,32.25,spare parts unavailable
eq_nag_04,nagpur,2026-02-22 18:56:34,2026-02-24 04:42:03,33.76,mechanical failure
eq_nag_04,nagpur,2026-03-04 18:46:31,2026-03-04 22:29:03,3.71,electrical fault
eq_nag_04,nagpur,2026-03-17 23:15:24,2026-03-18 04:37:39,5.37,scheduled maintenance
eq_nag_04,nagpur,2026-04-10 03:42:32,2026-04-11 02:20:29,22.63,electrical fault
eq_nag_04,nagpur,2026-04-11 16:34:59,2026-04-12 05:01:18,12.44,weather delay
eq_nag_04,nagpur,2026-04-16 12:16:57,2026-04-16 14:49:09,2.54,scheduled maintenance
eq_nag_04,nagpur,2026-04-19 08:49:41,2026-04-19 18:16:55,9.45,weather delay
eq_nag_04,nagpur,2026-05-08 03:30:41,2026-05-11 00:14:58,68.74,mechanical failure
eq_nag_04,nagpur,2026-05-13 16:50:08,2026-05-13 23:00:07,6.17,scheduled maintenance
eq_nag_04,nagpur,2026-05-20 03:33:57,2026-05-21 02:09:54,22.6,mechanical failure
eq_nag_04,nagpur,2026-05-26 04:44:50,2026-05-26 08:46:31,4.03,operator shift gap
eq_nag_04,nagpur,2026-05-28 21:11:02,2026-05-30 05:15:16,32.07,mechanical failure
eq_nag_04,nagpur,2026-06-04 19:38:49,2026-06-05 15:52:13,20.22,electrical fault
eq_nag_04,nagpur,2026-06-05 15:52:13,2026-06-09 17:30:03,97.63,spare parts unavailable
eq_nag_04,nagpur,2026-06-09 17:30:03,2026-06-11 10:30:02,41.0,weather delay
eq_nag_04,nagpur,2026-06-17 12:41:01,2026-06-17 17:45:32,5.08,scheduled maintenance
eq_nag_04,nagpur,2026-06-18 14:30:24,2026-06-20 20:48:21,54.3,mechanical failure
eq_nag_04,nagpur,2026-07-02 03:27:07,2026-07-03 10:55:59,31.48,weather delay
eq_nag_04,nagpur,2026-07-05 00:46:39,2026-07-06 09:44:47,32.97,weather delay
eq_nag_04,nagpur,2026-07-06 09:44:47,2026-07-07 20:21:45,34.62,hydraulic leak
eq_nag_04,nagpur,2026-07-18 00:37:36,2026-07-18 02:54:10,2.28,scheduled maintenance
eq_nag_04,nagpur,2026-07-31 01:46:27,2026-08-01 17:31:53,39.76,hydraulic leak
eq_nag_04,nagpur,2026-08-04 20:36:39,2026-08-07 01:01:35,52.42,mechanical failure
eq_nag_04,nagpur,2026-08-08 15:49:38,2026-08-13 04:02:49,108.22,spare parts unavailable
eq_nag_04,nagpur,2026-08-13 17:58:14,2026-08-13 22:05:59,4.13,scheduled maintenance
eq_nag_04,nagpur,2026-08-13 22:05:59,2026-08-14 16:13:41,18.13,mechanical failure
eq_nag_04,nagpur,2026-08-17 04:27:31,2026-08-19 01:42:42,45.25,weather delay
eq_nag_04,nagpur,2026-08-30 12:35:45,2026-08-31 12:21:35,23.76,hydraulic leak
eq_nag_04,nagpur,2026-09-09 17:28:28,2026-09-09 21:50:18,4.36,scheduled maintenance
eq_nag_04,nagpur,2026-09-11 05:32:46,2026-09-12 07:54:27,26.36,weather delay
eq_nag_05,nagpur,2025-01-29 09:06:36,2025-01-29 16:47:32,7.68,scheduled maintenance
eq_nag_05,nagpur,2025-01-31 06:23:30,2025-02-01 02:39:17,20.26,weather delay
eq_nag_05,nagpur,2025-02-02 19:49:32,2025-02-04 00:43:43,28.9,spare parts unavailable
eq_nag_05,nagpur,2025-02-05 13:48:29,2025-02-07 02:51:54,37.06,mechanical failure
eq_nag_05,nagpur,2025-02-16 08:49:11,2025-02-18 15:47:45,54.98,mechanical failure
eq_nag_05,nagpur,2025-02-26 02:28:15,2025-02-26 06:52:21,4.4,scheduled maintenance
eq_nag_05,nagpur,2025-02-26 06:52:21,2025-03-02 02:26:46,91.57,spare parts unavailable
eq_nag_05,nagpur,2025-03-02 12:55:15,2025-03-03 08:52:30,19.95,weather delay
eq_nag_05,nagpur,2025-03-24 03:02:44,2025-03-24 09:23:10,6.34,operator shift gap
eq_nag_05,nagpur,2025-03-28 11:01:45,2025-03-28 17:27:32,6.43,scheduled maintenance
eq_nag_05,nagpur,2025-03-28 17:27:32,2025-04-01 18:29:54,97.04,spare parts unavailable
eq_nag_05,nagpur,2025-04-17 02:08:09,2025-04-21 06:50:16,100.7,spare parts unavailable
eq_nag_05,nagpur,2025-04-23 15:53:06,2025-04-23 20:57:24,5.07,scheduled maintenance
eq_nag_05,nagpur,2025-04-23 20:57:24,2025-04-25 05:32:06,32.58,mechanical failure
eq_nag_05,nagpur,2025-05-02 10:56:37,2025-05-02 20:49:51,9.89,mechanical failure
eq_nag_05,nagpur,2025-05-02 20:49:51,2025-05-06 17:51:00,93.02,spare parts unavailable
eq_nag_05,nagpur,2025-05-16 08:35:07,2025-05-19 01:18:10,64.72,mechanical failure
eq_nag_05,nagpur,2025-05-20 01:49:52,2025-05-20 05:38:15,3.81,scheduled maintenance
eq_nag_05,nagpur,2025-05-28 12:38:17,2025-05-29 09:54:27,21.27,weather delay
eq_nag_05,nagpur,2025-06-01 09:13:27,2025-06-02 17:39:42,32.44,weather delay
eq_nag_05,nagpur,2025-06-07 18:34:03,2025-06-09 17:35:34,47.03,mechanical failure
eq_nag_05,nagpur,2025-06-17 20:58:15,2025-06-20 07:56:06,58.96,spare parts unavailable
eq_nag_05,nagpur,2025-06-20 07:56:06,2025-06-22 07:37:10,47.68,mechanical failure
eq_nag_05,nagpur,2025-06-22 07:37:10,2025-06-22 11:03:34,3.44,operator shift gap
eq_nag_05,nagpur,2025-06-24 01:00:57,2025-06-24 03:15:10,2.24,scheduled maintenance
eq_nag_05,nagpur,2025-06-24 03:15:10,2025-06-24 13:53:12,10.63,mechanical failure
eq_nag_05,nagpur,2025-07-17 15:41:18,2025-07-17 22:12:16,6.52,mechanical failure
eq_nag_05,nagpur,2025-07-28 05:46:02,2025-07-28 10:23:47,4.63,scheduled maintenance
eq_nag_05,nagpur,2025-08-02 10:46:52,2025-08-02 20:21:35,9.58,electrical fault
eq_nag_05,nagpur,2025-08-07 13:47:20,2025-08-08 11:02:31,21.25,mechanical failure
eq_nag_05,nagpur,2025-08-09 04:56:36,2025-08-10 04:07:14,23.18,mechanical failure
eq_nag_05,nagpur,2025-08-31 20:50:21,2025-08-31 23:13:37,2.39,scheduled maintenance
eq_nag_05,nagpur,2025-09-03 12:25:09,2025-09-03 19:36:17,7.19,operator shift gap
eq_nag_05,nagpur,2025-09-07 09:02:00,2025-09-09 08:32:03,47.5,mechanical failure
eq_nag_05,nagpur,2025-09-25 07:10:54,2025-09-25 13:29:15,6.31,electrical fault
eq_nag_05,nagpur,2025-09-27 21:42:45,2025-09-28 01:27:26,3.74,scheduled maintenance
eq_nag_05,nagpur,2025-09-28 17:17:36,2025-09-29 12:36:18,19.31,electrical fault
eq_nag_05,nagpur,2025-10-08 09:29:53,2025-10-12 17:30:40,104.01,spare parts unavailable
eq_nag_05,nagpur,2025-10-15 01:27:16,2025-10-16 11:22:17,33.92,spare parts unavailable
eq_nag_05,nagpur,2025-10-30 01:09:11,2025-10-30 06:31:52,5.38,scheduled maintenance
eq_nag_05,nagpur,2025-11-05 14:39:42,2025-11-06 12:25:20,21.76,electrical fault
eq_nag_05,nagpur,2025-11-11 15:04:30,2025-11-12 10:07:06,19.04,electrical fault
eq_nag_05,nagpur,2025-11-18 17:54:13,2025-11-19 01:36:01,7.7,mechanical failure
eq_nag_05,nagpur,2025-11-24 02:00:04,2025-11-24 05:10:29,3.17,scheduled maintenance
eq_nag_05,nagpur,2025-11-24 05:10:29,2025-11-26 21:47:19,64.61,spare parts unavailable
eq_nag_05,nagpur,2025-11-26 21:47:19,2025-11-27 09:20:16,11.55,electrical fault
eq_nag_05,nagpur,2025-12-15 12:58:54,2025-12-16 05:16:30,16.29,mechanical failure
eq_nag_05,nagpur,2025-12-22 08:24:51,2025-12-22 12:02:52,3.63,scheduled maintenance
eq_nag_05,nagpur,2025-12-24 12:04:24,2025-12-25 08:28:34,20.4,mechanical failure
eq_nag_05,nagpur,2025-12-26 13:37:43,2025-12-27 19:14:29,29.61,mechanical failure
eq_nag_05,nagpur,2025-12-31 12:57:43,2026-01-01 09:56:27,20.98,mechanical failure
eq_nag_05,nagpur,2026-01-17 12:08:47,2026-01-18 01:27:10,13.31,electrical fault
eq_nag_05,nagpur,2026-01-22 17:21:28,2026-01-22 22:16:50,4.92,scheduled maintenance
eq_nag_05,nagpur,2026-01-23 12:49:44,2026-01-24 10:01:43,21.2,electrical fault
eq_nag_05,nagpur,2026-02-20 13:04:14,2026-02-20 16:18:26,3.24,scheduled maintenance
eq_nag_05,nagpur,2026-02-25 19:19:24,2026-02-25 22:44:33,3.42,electrical fault
eq_nag_05,nagpur,2026-03-01 16:29:37,2026-03-02 07:03:09,14.56,electrical fault
eq_nag_05,nagpur,2026-03-16 01:53:43,2026-03-16 11:55:12,10.02,mechanical failure
eq_nag_05,nagpur,2026-03-21 14:45:51,2026-03-21 21:02:00,6.27,scheduled maintenance
eq_nag_05,nagpur,2026-03-22 07:02:49,2026-03-23 21:09:42,38.11,hydraulic leak
eq_nag_05,nagpur,2026-04-15 22:16:37,2026-04-16 01:15:49,2.99,scheduled maintenance
eq_nag_05,nagpur,2026-04-23 22:03:24,2026-04-24 05:47:53,7.74,mechanical failure
eq_nag_05,nagpur,2026-04-25 13:09:47,2026-04-27 07:37:52,42.47,mechanical failure
eq_nag_05,nagpur,2026-05-15 15:25:14,2026-05-15 20:58:27,5.55,scheduled maintenance
eq_nag_05,nagpur,2026-05-15 20:58:27,2026-05-17 16:51:10,43.88,spare parts unavailable
eq_nag_05,nagpur,2026-06-06 22:17:02,2026-06-07 03:49:11,5.54,electrical fault
eq_nag_05,nagpur,2026-06-11 12:45:56,2026-06-11 16:47:52,4.03,scheduled maintenance
eq_nag_05,nagpur,2026-06-15 16:28:38,2026-06-17 04:38:31,36.16,mechanical failure
eq_nag_05,nagpur,2026-07-12 07:22:16,2026-07-12 11:11:50,3.83,scheduled maintenance
eq_nag_05,nagpur,2026-08-06 12:55:00,2026-08-06 16:13:47,3.31,scheduled maintenance
eq_nag_05,nagpur,2026-08-17 01:56:13,2026-08-19 18:48:49,64.88,mechanical failure
eq_nag_05,nagpur,2026-08-27 14:04:07,2026-08-28 10:20:05,20.27,hydraulic leak
eq_nag_05,nagpur,2026-08-30 22:04:17,2026-09-02 10:39:42,60.59,spare parts unavailable
eq_nag_05,nagpur,2026-09-07 05:59:06,2026-09-07 09:24:09,3.42,scheduled maintenance
eq_nag_05,nagpur,2026-09-15 05:19:34,2026-09-16 03:55:29,22.6,mechanical failure
eq_nag_05,nagpur,2026-09-17 09:49:50,2026-09-19 11:35:51,49.77,mechanical failure
