site_id,date,actual_output,target_output,backlog,loss_rain,loss_downtime,loss_backlog,loss_blast,loss_total
balaghat,2025-01-01,1236.0,1208.8,0.0,0.0,0.01779,0.0,0.0,0.01779
balaghat,2025-01-02,1238.7,1208.8,0.0,0.0,0.0,0.0,0.0,0.0
balaghat,2025-01-03,1140.2,1208.8,0.0,0.0,0.0,0.0,0.0,0.0
balaghat,2025-01-04,1175.9,1208.8,0.05678,0.0,0.0,0.00114,0.0,0.00114
balaghat,2025-01-05,1274.7,1208.8,0.07544,0.00184,0.0,0.00151,0.0,0.00335
balaghat,2025-01-06,1040.5,1208.8,0.00956,0.00256,0.08975,0.00019,0.0,0.0925
balaghat,2025-01-07,1169.7,1208.8,0.14737,0.01138,0.0,0.00295,0.0,0.01433
balaghat,2025-01-08,1189.6,1233.2,0.15762,0.00528,0.02992,0.00315,0.0,0.03835
balaghat,2025-01-09,1176.6,1233.2,0.1693,0.0,0.05,0.00339,0.0,0.05339
balaghat,2025-01-10,1224.6,1233.2,0.18983,0.0,0.05,0.0038,0.0,0.0538
balaghat,2025-01-11,1049.9,1233.2,0.16836,0.01272,0.1066,0.00337,0.0,0.12269
balaghat,2025-01-12,1078.0,1233.2,0.29171,0.00636,0.117,0.00583,0.0,0.12919
balaghat,2025-01-13,1145.4,1233.2,0.37383,0.01904,0.06549,0.00748,0.0,0.092
balaghat,2025-01-14,1049.5,1233.2,0.38893,0.00952,0.12355,0.00778,0.0,0.14085
balaghat,2025-01-15,1166.3,1212.1,0.4796,0.0,0.00123,0.00959,0.0,0.01083
balaghat,2025-01-16,1184.5,1212.1,0.44547,0.0,0.0,0.00891,0.0,0.00891
balaghat,2025-01-17,1150.8,1212.1,0.40148,0.0064,0.0,0.00803,0.0,0.01443
balaghat,2025-01-18,1198.1,1212.1,0.39184,0.0032,0.0,0.00784,0.0,0.01104
balaghat,2025-01-19,1242.9,1212.1,0.34467,0.0,0.0,0.00689,0.0,0.00689
balaghat,2025-01-20,1095.9,1212.1,0.26758,0.0,0.07605,0.00535,0.0,0.08141
balaghat,2025-01-21,1166.5,1212.1,0.3233,0.0,0.05,0.00647,0.0,0.05647
balaghat,2025-01-22,1033.7,1179.4,0.31242,0.0,0.06039,0.00625,0.0,0.06663
balaghat,2025-01-23,1066.9,1179.4,0.38913,0.0,0.03353,0.00778,0.0,0.04131
balaghat,2025-01-24,1172.6,1179.4,0.42612,0.0,0.033,0.00852,0.0,0.04152
balaghat,2025-01-25,1119.4,1179.4,0.368,0.0052,0.033,0.00736,0.0,0.04556
balaghat,2025-01-26,1106.9,1179.4,0.36369,0.0026,0.06324,0.00727,0.0,0.07312
balaghat,2025-01-27,1006.4,1179.4,0.3706,0.0,0.09901,0.00741,0.0,0.10642
balaghat,2025-01-28,1020.0,1179.4,0.46174,0.0,0.1,0.00923,0.0,0.10923
balaghat,2025-01-29,1033.4,1107.7,0.52765,0.0,0.08809,0.01055,0.0,0.09865
balaghat,2025-01-30,1094.3,1107.7,0.51557,0.0,0.0,0.01031,0.0,0.01031
balaghat,2025-01-31,1118.4,1107.7,0.45032,0.0,0.0,0.00901,0.0,0.00901
balaghat,2025-02-01,1045.6,1107.7,0.37313,0.0,0.04888,0.00746,0.0,0.05635
balaghat,2025-02-02,1063.4,1107.7,0.37321,0.0,0.06481,0.00746,0.0,0.07228
balaghat,2025-02-03,1026.5,1107.7,0.35722,0.0,0.05,0.00714,0.0,0.05714
balaghat,2025-02-04,971.2,1107.7,0.37697,0.0,0.05,0.00754,0.0,0.05754
balaghat,2025-02-05,1078.4,1142.7,0.44369,0.0,0.01886,0.00887,0.0,0.02773
balaghat,2025-02-06,1151.0,1142.7,0.4334,0.0,0.0,0.00867,0.0,0.00867
balaghat,2025-02-07,1126.3,1142.7,0.36111,0.01444,0.0,0.00722,0.0,0.02166
balaghat,2025-02-08,1107.8,1142.7,0.32132,0.01574,0.0,0.00643,0.0,0.02217
balaghat,2025-02-09,1133.4,1142.7,0.30361,0.00834,0.02731,0.00607,0.0,0.04173
balaghat,2025-02-10,1113.0,1142.7,0.26621,0.00204,0.0,0.00532,0.0,0.00736
balaghat,2025-02-11,1096.4,1142.7,0.25222,0.0,0.0,0.00504,0.0,0.00504
balaghat,2025-02-12,1166.8,1143.3,0.25488,0.0,0.0,0.0051,0.0,0.0051
balaghat,2025-02-13,1047.3,1143.3,0.19607,0.0,0.0,0.00392,0.06,0.06392
balaghat,2025-02-14,1036.4,1143.3,0.25063,0.0,0.03442,0.00501,0.06,0.09943
balaghat,2025-02-15,1020.4,1143.3,0.30654,0.0,0.0,0.00613,0.06,0.06613
balaghat,2025-02-16,971.2,1143.3,0.36804,0.0,0.04268,0.00736,0.06,0.11004
balaghat,2025-02-17,951.2,1143.3,0.46332,0.0,0.08148,0.00927,0.06,0.15075
balaghat,2025-02-18,1104.2,1143.3,0.56186,0.0,0.083,0.01124,0.0,0.09424
balaghat,2025-02-19,1129.1,1150.7,0.51175,0.0,0.02195,0.01023,0.0,0.03218
balaghat,2025-02-20,1130.2,1150.7,0.45379,0.0,0.0,0.00908,0.0,0.00908
balaghat,2025-02-21,1126.9,1150.7,0.40352,0.0,0.0,0.00807,0.0,0.00807
balaghat,2025-02-22,1150.0,1150.7,0.3637,0.0,0.0,0.00727,0.0,0.00727
balaghat,2025-02-23,1148.0,1150.7,0.30975,0.0,0.0,0.0062,0.0,0.0062
balaghat,2025-02-24,1160.1,1150.7,0.26565,0.0,0.00761,0.00531,0.0,0.01293
balaghat,2025-02-25,1087.6,1150.7,0.21763,0.0,0.10491,0.00435,0.0,0.10926
balaghat,2025-02-26,996.5,1122.5,0.23978,0.0,0.0984,0.0048,0.0,0.1032
balaghat,2025-02-27,1123.0,1122.5,0.31601,0.0,0.067,0.00632,0.0,0.07332
balaghat,2025-02-28,978.1,1122.5,0.26813,0.00252,0.067,0.00536,0.0,0.07488
balaghat,2025-03-01,1033.8,1122.5,0.35653,0.01382,0.06415,0.00713,0.0,0.0851
balaghat,2025-03-02,1008.9,1122.5,0.3821,0.00628,0.067,0.00764,0.0,0.08092
balaghat,2025-03-03,1033.4,1122.5,0.42596,0.0,0.08512,0.00852,0.0,0.09364
balaghat,2025-03-04,1039.9,1122.5,0.44147,0.0,0.0257,0.00883,0.0,0.03453
balaghat,2025-03-05,1070.4,1166.6,0.44878,0.0,0.05,0.00898,0.0,0.05898
balaghat,2025-03-06,1117.7,1166.6,0.46398,0.00132,0.03218,0.00928,0.0,0.04278
balaghat,2025-03-07,1106.7,1166.6,0.4363,0.00066,0.00104,0.00873,0.0,0.01043
balaghat,2025-03-08,1253.0,1166.6,0.42224,0.0,0.01019,0.00844,0.0,0.01864
balaghat,2025-03-09,1200.7,1166.6,0.28486,0.0,0.0,0.0057,0.0,0.0057
balaghat,2025-03-10,1152.4,1166.6,0.21297,0.0,0.03189,0.00426,0.0,0.03615
balaghat,2025-03-11,1135.7,1166.6,0.19323,0.0,0.03404,0.00386,0.0,0.0379
balaghat,2025-03-12,1092.4,1200.6,0.19075,0.0,0.1,0.00382,0.0,0.10382
balaghat,2025-03-13,1118.3,1200.6,0.25227,0.0,0.05934,0.00505,0.0,0.06439
balaghat,2025-03-14,1202.8,1200.6,0.28294,0.0,0.0,0.00566,0.0,0.00566
balaghat,2025-03-15,1186.3,1200.6,0.23866,0.0,0.0,0.00477,0.0,0.00477
balaghat,2025-03-16,1126.5,1200.6,0.21474,0.0,0.02665,0.00429,0.0,0.03095
balaghat,2025-03-17,1153.9,1200.6,0.24425,0.02268,0.00586,0.00488,0.0,0.03343
balaghat,2025-03-18,1232.8,1200.6,0.24652,0.01134,0.0,0.00493,0.0,0.01627
balaghat,2025-03-19,1203.6,1196.2,0.18271,0.0,0.0,0.00365,0.0,0.00365
balaghat,2025-03-20,1211.0,1196.2,0.14909,0.0,0.03222,0.00298,0.0,0.0352
balaghat,2025-03-21,1100.5,1196.2,0.11435,0.0,0.10512,0.00229,0.0,0.10741
balaghat,2025-03-22,1214.9,1196.2,0.17725,0.0,0.04621,0.00354,0.0,0.04975
balaghat,2025-03-23,1201.3,1196.2,0.135,0.0,0.0,0.0027,0.0,0.0027
balaghat,2025-03-24,1191.1,1196.2,0.11046,0.00736,0.0,0.00221,0.0,0.00957
balaghat,2025-03-25,1146.5,1196.2,0.09818,0.00368,0.02409,0.00196,0.0,0.02973
balaghat,2025-03-26,1216.8,1176.2,0.12504,0.0,0.0,0.0025,0.0,0.0025
balaghat,2025-03-27,1159.7,1176.2,0.07175,0.0,0.0,0.00144,0.0,0.00144
balaghat,2025-03-28,1197.8,1176.2,0.07499,0.0,0.0,0.0015,0.0,0.0015
balaghat,2025-03-29,1106.5,1176.2,0.04538,0.0,0.0076,0.00091,0.0,0.0085
balaghat,2025-03-30,1150.3,1176.2,0.09783,0.0,0.0065,0.00196,0.0,0.00845
balaghat,2025-03-31,1210.8,1176.2,0.10519,0.01164,0.0,0.0021,0.0,0.01374
balaghat,2025-04-01,1115.0,1176.2,0.06003,0.00582,0.0,0.0012,0.06,0.06702
balaghat,2025-04-02,1063.4,1163.4,0.10306,0.0,0.0,0.00206,0.12,0.12206
balaghat,2025-04-03,864.1,1163.4,0.17355,0.0,0.12226,0.00347,0.12,0.24573
balaghat,2025-04-04,885.1,1163.4,0.40471,0.006,0.1002,0.00809,0.12,0.2343
balaghat,2025-04-05,904.6,1163.4,0.5832,0.003,0.04642,0.01166,0.12,0.18108
balaghat,2025-04-06,1034.2,1163.4,0.71818,0.0,0.03669,0.01436,0.06,0.11105
balaghat,2025-04-07,1105.0,1163.4,0.72147,0.0,0.05912,0.01443,0.0,0.07355
balaghat,2025-04-08,970.1,1163.4,0.66343,0.0,0.14738,0.01327,0.0,0.16065
balaghat,2025-04-09,913.1,1134.6,0.73007,0.0,0.18318,0.0146,0.0,0.19778
balaghat,2025-04-10,904.6,1134.6,0.8158,0.01352,0.14955,0.01632,0.0,0.17938
balaghat,2025-04-11,985.4,1134.6,0.89614,0.00676,0.08414,0.01792,0.0,0.10882
balaghat,2025-04-12,1045.3,1134.6,0.89322,0.0,0.06134,0.01786,0.0,0.07921
balaghat,2025-04-13,1124.7,1134.6,0.83799,0.0,0.01488,0.01676,0.0,0.03164
balaghat,2025-04-14,991.5,1134.6,0.72098,0.0,0.10223,0.01442,0.0,0.11665
balaghat,2025-04-15,1050.8,1134.6,0.73897,0.0,0.07857,0.01478,0.0,0.09335
balaghat,2025-04-16,1090.5,1135.6,0.70198,8e-05,0.05814,0.01404,0.0,0.07226
balaghat,2025-04-17,982.6,1135.6,0.63633,4e-05,0.10947,0.01273,0.0,0.12224
balaghat,2025-04-18,942.7,1135.6,0.67557,0.0,0.12653,0.01351,0.0,0.14004
balaghat,2025-04-19,1018.0,1135.6,0.74406,0.0,0.0237,0.01488,0.0,0.03859
balaghat,2025-04-20,1050.4,1135.6,0.736,0.00716,0.0,0.01472,0.06,0.08188
balaghat,2025-04-21,923.9,1135.6,0.70055,0.01146,0.02274,0.01401,0.12,0.16821
balaghat,2025-04-22,874.5,1135.6,0.7819,0.00394,0.03239,0.01564,0.18,0.23196
balaghat,2025-04-23,805.8,1113.4,0.89448,0.0,0.00348,0.01789,0.24,0.26137
balaghat,2025-04-24,779.8,1113.4,1.03654,0.00664,0.02697,0.02073,0.24,0.29434
balaghat,2025-04-25,893.2,1113.4,1.18065,0.00332,0.0,0.02361,0.18,0.20693
balaghat,2025-04-26,942.6,1113.4,1.20128,0.0,0.0,0.02403,0.12,0.14403
balaghat,2025-04-27,1031.1,1113.4,1.17445,0.01812,0.0,0.02349,0.06,0.10161
balaghat,2025-04-28,1053.8,1113.4,1.07216,0.00906,0.0,0.02144,0.0,0.0305
balaghat,2025-04-29,1071.0,1113.4,0.96482,0.0,0.0,0.0193,0.0,0.0193
balaghat,2025-04-30,1012.0,1134.5,0.85813,0.0,0.01969,0.01716,0.06,0.09686
balaghat,2025-05-01,1022.6,1134.5,0.83735,0.0,0.03345,0.01675,0.06,0.1102
balaghat,2025-05-02,955.3,1134.5,0.81038,0.00304,0.05,0.01621,0.06,0.12925
balaghat,2025-05-03,1063.4,1134.5,0.84675,0.00152,0.01553,0.01694,0.06,0.09399
balaghat,2025-05-04,961.2,1134.5,0.78241,0.00164,0.02726,0.01565,0.06,0.10455
balaghat,2025-05-05,1094.7,1134.5,0.81776,0.00082,0.01281,0.01636,0.0,0.02998
balaghat,2025-05-06,981.1,1134.5,0.73017,0.0,0.12949,0.0146,0.0,0.14409
balaghat,2025-05-07,893.9,1121.5,0.75584,0.0,0.15,0.01512,0.0,0.16512
balaghat,2025-05-08,998.1,1121.5,0.84538,0.0,0.10284,0.01691,0.0,0.11974
balaghat,2025-05-09,1121.7,1121.5,0.82865,0.00144,0.00613,0.01657,0.0,0.02415
balaghat,2025-05-10,1109.2,1121.5,0.70423,0.00376,0.0,0.01408,0.0,0.01784
balaghat,2025-05-11,1038.2,1121.5,0.60955,0.00176,0.05841,0.01219,0.0,0.07236
balaghat,2025-05-12,970.5,1121.5,0.59239,0.00012,0.12035,0.01185,0.0,0.13232
balaghat,2025-05-13,955.6,1121.5,0.63818,0.0,0.13462,0.01276,0.0,0.14738
balaghat,2025-05-14,1123.5,1108.8,0.69037,0.0,0.00106,0.01381,0.0,0.01487
balaghat,2025-05-15,1081.8,1108.8,0.57349,0.0,0.00506,0.01147,0.0,0.01653
balaghat,2025-05-16,1015.2,1108.8,0.51178,0.00028,0.06017,0.01024,0.0,0.07069
balaghat,2025-05-17,1041.9,1108.8,0.51944,0.00738,0.06643,0.01039,0.0,0.0842
balaghat,2025-05-18,1109.5,1108.8,0.50182,0.00682,0.0,0.01004,0.0,0.01686
balaghat,2025-05-19,1125.9,1108.8,0.42591,0.0044,0.00277,0.00852,0.0,0.01569
balaghat,2025-05-20,912.2,1108.8,0.34657,0.0014,0.13986,0.00693,0.0,0.14819
balaghat,2025-05-21,1032.3,1164.1,0.47185,0.00016,0.1324,0.00944,0.0,0.142
balaghat,2025-05-22,956.4,1164.1,0.51431,8e-05,0.16377,0.01029,0.0,0.17414
balaghat,2025-05-23,1023.9,1164.1,0.61559,0.0,0.083,0.01231,0.0,0.09531
balaghat,2025-05-24,1152.4,1164.1,0.64371,0.0,0.01949,0.01287,0.0,0.03237
balaghat,2025-05-25,1107.3,1164.1,0.55723,0.03332,0.01376,0.01114,0.0,0.05822
balaghat,2025-05-26,1053.9,1164.1,0.52246,0.01666,0.03718,0.01045,0.0,0.06429
balaghat,2025-05-27,1049.9,1164.1,0.5388,0.01724,0.06365,0.01078,0.0,0.09167
balaghat,2025-05-28,1091.1,1138.0,0.55606,0.0481,0.0,0.01112,0.0,0.05922
balaghat,2025-05-29,1007.2,1138.0,0.51383,0.05498,0.0,0.01028,0.0,0.06526
balaghat,2025-05-30,1099.4,1138.0,0.55172,0.03842,0.0,0.01103,0.0,0.04945
balaghat,2025-05-31,1093.9,1138.0,0.50286,0.02,0.00264,0.01006,0.0,0.03269
balaghat,2025-06-01,1089.8,1138.0,0.4662,0.0146,0.033,0.00932,0.0,0.05692
balaghat,2025-06-02,1038.0,1138.0,0.43862,0.0049,0.00889,0.00877,0.0,0.02256
balaghat,2025-06-03,1181.6,1138.0,0.4607,0.0,0.0,0.00921,0.0,0.00921
balaghat,2025-06-04,1054.2,1081.5,0.3533,0.0,0.0,0.00707,0.0,0.00707
balaghat,2025-06-05,994.2,1081.5,0.32562,0.0,0.05788,0.00651,0.0,0.06439
balaghat,2025-06-06,1012.4,1081.5,0.35758,0.0,0.05,0.00715,0.0,0.05715
balaghat,2025-06-07,1052.8,1081.5,0.36788,0.0,0.03504,0.00736,0.0,0.0424
balaghat,2025-06-08,1023.7,1081.5,0.33933,0.0,0.04265,0.00679,0.0,0.04944
balaghat,2025-06-09,1014.7,1081.5,0.34192,0.0,0.09674,0.00684,0.0,0.10358
balaghat,2025-06-10,1032.9,1081.5,0.35242,0.0,0.03111,0.00705,0.0,0.03816
balaghat,2025-06-11,1010.9,1094.7,0.34451,0.09088,0.02223,0.00689,0.0,0.12
balaghat,2025-06-12,1002.1,1094.7,0.36941,0.04544,0.0262,0.00739,0.0,0.07902
balaghat,2025-06-13,1084.9,1094.7,0.39864,0.0012,0.0,0.00797,0.0,0.00917
balaghat,2025-06-14,1034.6,1094.7,0.34783,0.0006,0.0,0.00696,0.0,0.00756
balaghat,2025-06-15,1032.7,1094.7,0.35061,0.02628,0.0,0.00701,0.0,0.03329
balaghat,2025-06-16,1041.7,1094.7,0.35466,0.0497,0.0,0.00709,0.0,0.05679
balaghat,2025-06-17,969.5,1094.7,0.34991,0.02116,0.04584,0.007,0.0,0.074
balaghat,2025-06-18,1033.7,1056.0,0.4118,0.00188,0.05825,0.00824,0.0,0.06836
balaghat,2025-06-19,1022.8,1056.0,0.37117,0.02146,0.00876,0.00742,0.0,0.03764
balaghat,2025-06-20,1008.5,1056.0,0.34694,0.01882,0.0089,0.00694,0.0,0.03466
balaghat,2025-06-21,1025.6,1056.0,0.33989,0.01934,0.0,0.0068,0.0,0.02614
balaghat,2025-06-22,1061.9,1056.0,0.31766,0.00762,0.02851,0.00635,0.0,0.04249
balaghat,2025-06-23,1075.1,1056.0,0.2644,0.0,0.0,0.00529,0.0,0.00529
balaghat,2025-06-24,951.7,1056.0,0.2067,0.04012,0.0,0.00413,0.0,0.04425
balaghat,2025-06-25,974.8,1056.0,0.27442,0.0597,0.0,0.00549,0.0,0.06519
balaghat,2025-06-26,982.2,1056.0,0.31019,0.08862,0.0,0.0062,0.0,0.09482
balaghat,2025-06-27,918.9,1056.0,0.33354,0.09888,0.00148,0.00667,0.0,0.10703
balaghat,2025-06-28,729.3,1056.0,0.41334,0.2466,0.0618,0.00827,0.0,0.31667
balaghat,2025-06-29,846.2,1056.0,0.66067,0.0985,0.02829,0.01321,0.0,0.14001
balaghat,2025-06-30,962.3,1056.0,0.76022,0.01566,0.04148,0.0152,0.0,0.07234
balaghat,2025-07-01,972.9,1056.0,0.73492,0.0,0.067,0.0147,0.0,0.0817
balaghat,2025-07-02,1022.8,1064.8,0.70334,0.0304,0.01541,0.01407,0.0,0.05988
balaghat,2025-07-03,1002.5,1064.8,0.63724,0.03188,0.0,0.01274,0.0,0.04462
balaghat,2025-07-04,923.1,1064.8,0.60011,0.09014,0.05441,0.012,0.0,0.15655
balaghat,2025-07-05,746.0,1064.8,0.6432,0.15378,0.1,0.01286,0.0,0.26664
balaghat,2025-07-06,820.5,1064.8,0.84612,0.19096,0.01719,0.01692,0.0,0.22507
balaghat,2025-07-07,738.6,1064.8,0.94862,0.28482,0.00636,0.01897,0.0,0.31015
balaghat,2025-07-08,557.2,1064.8,1.11266,0.32914,0.0994,0.02225,0.0,0.45079
balaghat,2025-07-09,642.8,1067.3,1.42246,0.3009,0.09088,0.02845,0.0,0.42023
balaghat,2025-07-10,743.1,1067.3,1.60684,0.1884,0.08926,0.03214,0.0,0.30979
balaghat,2025-07-11,729.3,1067.3,1.66956,0.17686,0.083,0.03339,0.0,0.29325
balaghat,2025-07-12,916.6,1067.3,1.73586,0.03892,0.08158,0.03472,0.0,0.15522
balaghat,2025-07-13,915.1,1067.3,1.61668,0.0672,0.02096,0.03233,0.0,0.12049
balaghat,2025-07-14,884.9,1067.3,1.51676,0.06196,0.06203,0.03034,0.0,0.15433
balaghat,2025-07-15,870.9,1067.3,1.46012,0.10734,0.01244,0.0292,0.0,0.14898
balaghat,2025-07-16,740.9,1067.6,1.42509,0.26762,0.00229,0.0285,0.0,0.29842
balaghat,2025-07-17,689.8,1067.6,1.51736,0.22584,0.05205,0.03035,0.0,0.30823
balaghat,2025-07-18,697.4,1067.6,1.64363,0.15814,0.1,0.03287,0.06,0.35101
balaghat,2025-07-19,881.7,1067.6,1.7439,0.02792,0.03487,0.03488,0.12,0.21767
balaghat,2025-07-20,771.6,1067.6,1.65651,0.02464,0.02968,0.03313,0.18,0.26745
balaghat,2025-07-21,727.3,1067.6,1.68529,0.04368,0.0108,0.03371,0.18,0.26819
balaghat,2025-07-22,752.9,1067.6,1.7513,0.04048,0.02902,0.03503,0.18,0.28453
balaghat,2025-07-23,773.0,1056.0,1.78344,0.05948,0.05135,0.03567,0.12,0.2665
balaghat,2025-07-24,827.6,1056.0,1.78396,0.10634,0.01779,0.03568,0.06,0.21981
balaghat,2025-07-25,739.4,1056.0,1.73262,0.26372,0.0,0.03465,0.0,0.29837
balaghat,2025-07-26,727.4,1056.0,1.77249,0.27894,0.02691,0.03545,0.0,0.3413
balaghat,2025-07-27,601.9,1056.0,1.81784,0.29038,0.1,0.03636,0.0,0.42674
balaghat,2025-07-28,737.9,1056.0,1.97515,0.15326,0.1,0.0395,0.0,0.29276
balaghat,2025-07-29,654.7,1056.0,1.98006,0.23652,0.11033,0.0396,0.0,0.38645
balaghat,2025-07-30,537.8,1056.0,2.06308,0.35826,0.09786,0.04126,0.0,0.49738
balaghat,2025-07-31,768.2,1056.0,2.24429,0.18,0.04291,0.04489,0.0,0.26779
balaghat,2025-08-01,886.6,1056.0,2.18014,0.08,0.03058,0.0436,0.0,0.15418
balaghat,2025-08-02,993.7,1056.0,2.0135,0.0,0.0,0.04027,0.0,0.04027
balaghat,2025-08-03,999.3,1056.0,1.77051,0.02848,0.01003,0.03541,0.0,0.07392
balaghat,2025-08-04,867.7,1056.0,1.5586,0.01424,0.09271,0.03117,0.0,0.13813
balaghat,2025-08-05,921.9,1056.0,1.50315,0.0,0.1,0.03006,0.0,0.13006
balaghat,2025-08-06,945.2,1056.0,1.40469,0.0,0.1,0.02809,0.0,0.12809
balaghat,2025-08-07,916.7,1056.0,1.29887,0.04884,0.05559,0.02598,0.0,0.13041
balaghat,2025-08-08,763.4,1056.0,1.23593,0.15246,0.0,0.02472,0.06,0.23718
balaghat,2025-08-09,878.3,1056.0,1.3276,0.07762,0.0,0.02655,0.06,0.16417
balaghat,2025-08-10,813.0,1056.0,1.29676,0.0068,0.09386,0.02594,0.12,0.24659
balaghat,2025-08-11,772.3,1056.0,1.33241,0.0,0.067,0.02665,0.18,0.27365
balaghat,2025-08-12,646.9,1056.0,1.40124,0.0,0.09877,0.02802,0.24,0.36679
balaghat,2025-08-13,648.6,1056.0,1.57845,0.05972,0.09396,0.03157,0.24,0.42525
balaghat,2025-08-14,575.4,1056.0,1.72752,0.16238,0.033,0.03455,0.24,0.46993
balaghat,2025-08-15,681.2,1056.0,1.92352,0.10638,0.033,0.03847,0.18,0.35785
balaghat,2025-08-16,651.7,1056.0,1.98991,0.21466,0.05577,0.0398,0.12,0.43023
balaghat,2025-08-17,877.0,1056.0,2.07425,0.05794,0.00274,0.04149,0.06,0.16217
balaghat,2025-08-18,880.0,1056.0,1.93264,0.08844,0.0,0.03865,0.0,0.12709
balaghat,2025-08-19,937.9,1056.0,1.80944,0.07114,0.0,0.03619,0.0,0.10733
balaghat,2025-08-20,691.8,1056.0,1.64983,0.28622,0.02698,0.033,0.0,0.3462
balaghat,2025-08-21,558.9,1056.0,1.74723,0.3381,0.07152,0.03494,0.0,0.44456
balaghat,2025-08-22,664.1,1056.0,1.95592,0.27776,0.067,0.03912,0.0,0.38388
balaghat,2025-08-23,588.7,1056.0,2.03363,0.33768,0.0802,0.04067,0.0,0.45855
balaghat,2025-08-24,675.0,1056.0,2.17113,0.19086,0.09802,0.04342,0.0,0.3323
balaghat,2025-08-25,868.6,1056.0,2.20627,0.01274,0.10417,0.04413,0.0,0.16104
balaghat,2025-08-26,887.4,1056.0,2.05276,0.00356,0.083,0.04106,0.0,0.12762
balaghat,2025-08-27,803.8,1056.0,1.90455,0.08672,0.083,0.03809,0.0,0.20781
balaghat,2025-08-28,890.6,1056.0,1.85771,0.05292,0.07752,0.03715,0.0,0.16759
balaghat,2025-08-29,989.3,1056.0,1.73565,0.03094,0.0,0.03471,0.0,0.06565
balaghat,2025-08-30,989.5,1056.0,1.53843,0.01308,0.01288,0.03077,0.0,0.05672
balaghat,2025-08-31,978.2,1056.0,1.37065,0.0,0.05477,0.02741,0.0,0.08219
balaghat,2025-09-01,704.7,1056.0,1.23876,0.2,0.1,0.02478,0.0,0.32478
balaghat,2025-09-02,589.7,1056.0,1.3856,0.27316,0.12955,0.02771,0.0,0.43042
balaghat,2025-09-03,645.0,1056.0,1.61933,0.24602,0.10334,0.03239,0.0,0.38175
balaghat,2025-09-04,922.4,1056.0,1.7656,0.06012,0.02445,0.03531,0.0,0.11988
balaghat,2025-09-05,887.4,1056.0,1.62723,0.06752,0.0,0.03254,0.06,0.16006
balaghat,2025-09-06,857.5,1056.0,1.54276,0.03366,0.01573,0.03086,0.12,0.20024
balaghat,2025-09-07,762.9,1056.0,1.49933,0.01512,0.09623,0.02999,0.12,0.26134
balaghat,2025-09-08,677.6,1056.0,1.55203,0.0568,0.1448,0.03104,0.12,0.35264
balaghat,2025-09-09,714.3,1056.0,1.67757,0.05078,0.10734,0.03355,0.12,0.31167
balaghat,2025-09-10,829.4,1056.0,1.74953,0.02152,0.083,0.03499,0.06,0.19951
balaghat,2025-09-11,853.2,1056.0,1.70166,0.0337,0.083,0.03403,0.06,0.21073
balaghat,2025-09-12,708.8,1056.0,1.63844,0.13942,0.02196,0.03277,0.12,0.31415
balaghat,2025-09-13,696.0,1056.0,1.72143,0.12338,0.0,0.03443,0.18,0.33781
balaghat,2025-09-14,731.4,1056.0,1.80412,0.05472,0.01462,0.03608,0.18,0.28542
balaghat,2025-09-15,781.2,1056.0,1.84084,0.03318,0.02547,0.03682,0.18,0.27547
balaghat,2025-09-16,774.7,1056.0,1.8249,0.06566,0.06769,0.0365,0.12,0.28984
balaghat,2025-09-17,905.8,1056.0,1.81755,0.0316,0.01859,0.03635,0.06,0.14654
balaghat,2025-09-18,945.5,1056.0,1.68711,0.05266,0.00736,0.03374,0.06,0.15376
balaghat,2025-09-19,874.4,1056.0,1.53864,0.02532,0.0,0.03077,0.06,0.11609
balaghat,2025-09-20,935.6,1056.0,1.47986,0.0,0.00559,0.0296,0.06,0.09519
balaghat,2025-09-21,786.6,1056.0,1.37191,0.142,0.04003,0.02744,0.06,0.26947
balaghat,2025-09-22,792.6,1056.0,1.42123,0.10948,0.01472,0.02842,0.06,0.21263
balaghat,2025-09-23,962.6,1056.0,1.4575,0.0236,0.03108,0.02915,0.0,0.08383
balaghat,2025-09-24,940.0,1056.0,1.32734,0.00218,0.083,0.02655,0.0,0.11173
balaghat,2025-09-25,992.5,1056.0,1.23806,0.00784,0.0205,0.02476,0.0,0.0531
balaghat,2025-09-26,912.4,1056.0,1.11253,0.11256,0.0,0.02225,0.0,0.13481
balaghat,2025-09-27,752.4,1056.0,1.08164,0.28356,0.0,0.02163,0.0,0.30519
balaghat,2025-09-28,874.6,1056.0,1.20688,0.1709,0.00279,0.02414,0.0,0.19783
balaghat,2025-09-29,954.7,1056.0,1.19761,0.0199,0.01209,0.02395,0.0,0.05595
balaghat,2025-09-30,964.2,1056.0,1.11389,0.00588,0.02106,0.02228,0.0,0.04922
balaghat,2025-10-01,1008.7,1056.0,1.03376,0.03668,0.0,0.02068,0.0,0.05736
balaghat,2025-10-02,918.2,1056.0,0.92349,0.08022,0.0,0.01847,0.0,0.09869
balaghat,2025-10-03,674.7,1056.0,0.91548,0.29982,0.07762,0.01831,0.0,0.39575
balaghat,2025-10-04,699.9,1056.0,1.13927,0.23632,0.07607,0.02279,0.0,0.33518
balaghat,2025-10-05,864.4,1056.0,1.30562,0.11094,0.05,0.02611,0.0,0.18705
balaghat,2025-10-06,852.5,1056.0,1.29121,0.14552,0.01709,0.02582,0.0,0.18844
balaghat,2025-10-07,877.3,1056.0,1.29026,0.07768,0.05647,0.02581,0.0,0.15996
balaghat,2025-10-08,862.2,1056.0,1.26595,0.00702,0.13285,0.02532,0.0,0.16519
balaghat,2025-10-09,940.1,1056.0,1.25959,0.0046,0.12287,0.02519,0.0,0.15266
balaghat,2025-10-10,898.8,1056.0,1.1804,0.0032,0.13123,0.02361,0.0,0.15804
balaghat,2025-10-11,867.4,1056.0,1.15217,0.00262,0.1,0.02304,0.0,0.12566
balaghat,2025-10-12,907.4,1056.0,1.15792,0.0008,0.1,0.02316,0.0,0.12396
balaghat,2025-10-13,903.9,1056.0,1.12493,0.0,0.07491,0.0225,0.06,0.15741
balaghat,2025-10-14,917.5,1056.0,1.10019,0.0,0.0,0.022,0.12,0.142
balaghat,2025-10-15,821.3,1056.0,1.06636,0.0,0.04853,0.02133,0.18,0.24986
balaghat,2025-10-16,742.4,1056.0,1.12862,0.0,0.1,0.02257,0.18,0.30257
balaghat,2025-10-17,778.7,1056.0,1.25628,0.0,0.05178,0.02513,0.18,0.25691
balaghat,2025-10-18,881.6,1056.0,1.33042,0.0,0.01415,0.02661,0.12,0.16076
balaghat,2025-10-19,895.8,1056.0,1.29602,0.0,0.07314,0.02592,0.06,0.15906
balaghat,2025-10-20,895.2,1056.0,1.25332,0.0,0.08082,0.02507,0.06,0.16589
balaghat,2025-10-21,853.2,1056.0,1.2176,0.0,0.03186,0.02435,0.12,0.17622
balaghat,2025-10-22,831.8,1056.0,1.227,0.0,0.0,0.02454,0.18,0.20454
balaghat,2025-10-23,853.8,1056.0,1.25526,0.0,0.0,0.02511,0.18,0.20511
balaghat,2025-10-24,843.0,1056.0,1.2585,0.0,0.0,0.02517,0.18,0.20517
balaghat,2025-10-25,899.6,1056.0,1.27146,0.0,0.0,0.02543,0.12,0.14543
balaghat,2025-10-26,985.0,1056.0,1.22886,0.0,0.0056,0.02458,0.06,0.09018
balaghat,2025-10-27,974.4,1056.0,1.1118,0.00104,0.033,0.02224,0.0,0.05628
balaghat,2025-10-28,916.0,1056.0,1.02229,0.00052,0.12706,0.02045,0.0,0.14802
balaghat,2025-10-29,941.1,1056.0,1.00152,0.0,0.12033,0.02003,0.0,0.14036
balaghat,2025-10-30,915.5,1056.0,0.9601,0.02968,0.084,0.0192,0.0,0.13288
balaghat,2025-10-31,1011.2,1056.0,0.94915,0.01484,0.00604,0.01898,0.0,0.03986
balaghat,2025-11-01,972.0,1056.0,0.84924,0.0,0.03241,0.01698,0.0,0.04939
balaghat,2025-11-02,934.6,1056.0,0.8014,0.0,0.08909,0.01603,0.0,0.10512
balaghat,2025-11-03,999.6,1056.0,0.79615,0.0,0.01828,0.01592,0.0,0.03421
balaghat,2025-11-04,1071.8,1056.0,0.7301,0.0,0.0,0.0146,0.0,0.0146
balaghat,2025-11-05,1035.1,1056.0,0.60563,0.0,0.0,0.01211,0.0,0.01211
balaghat,2025-11-06,1035.8,1056.0,0.53462,0.0,0.0,0.01069,0.0,0.01069
balaghat,2025-11-07,1014.5,1056.0,0.47357,0.0,0.0,0.00947,0.06,0.06947
balaghat,2025-11-08,917.8,1056.0,0.44183,0.0,0.0,0.00884,0.12,0.12884
balaghat,2025-11-09,933.8,1056.0,0.50641,0.0,0.0,0.01013,0.12,0.13013
balaghat,2025-11-10,902.8,1056.0,0.54617,0.0,0.00487,0.01092,0.12,0.13579
balaghat,2025-11-11,927.0,1056.0,0.60935,0.0,0.0,0.01219,0.12,0.13219
balaghat,2025-11-12,964.8,1056.0,0.64007,0.0,0.00876,0.0128,0.06,0.08156
balaghat,2025-11-13,1082.9,1056.0,0.63047,0.0,0.0,0.01261,0.0,0.01261
balaghat,2025-11-14,1035.0,1056.0,0.51041,0.0,0.01643,0.01021,0.0,0.02664
balaghat,2025-11-15,912.8,1056.0,0.45372,0.0,0.08856,0.00907,0.0,0.09763
balaghat,2025-11-16,925.7,1056.0,0.5213,0.0,0.1,0.01043,0.0,0.11043
balaghat,2025-11-17,986.3,1056.0,0.56653,0.0,0.01783,0.01133,0.0,0.02916
balaghat,2025-11-18,1061.3,1056.0,0.54751,0.0,0.0,0.01095,0.0,0.01095
balaghat,2025-11-19,1071.0,1056.0,0.46032,0.0,0.0,0.00921,0.0,0.00921
balaghat,2025-11-20,1039.9,1056.0,0.37711,0.0,0.01528,0.00754,0.0,0.02282
balaghat,2025-11-21,981.0,1056.0,0.33582,0.0,0.05,0.00672,0.0,0.05672
balaghat,2025-11-22,970.3,1056.0,0.35646,0.0042,0.03728,0.00713,0.0,0.04861
balaghat,2025-11-23,1034.5,1056.0,0.38411,0.01134,0.0,0.00768,0.0,0.01902
balaghat,2025-11-24,896.1,1056.0,0.34688,0.00542,0.06179,0.00694,0.06,0.13415
balaghat,2025-11-25,914.3,1056.0,0.44631,0.00464,0.02408,0.00893,0.12,0.15765
balaghat,2025-11-26,842.8,1056.0,0.51351,0.0022,0.0,0.01027,0.18,0.19247
balaghat,2025-11-27,788.1,1056.0,0.6384,0.01104,0.0,0.01277,0.24,0.26381
balaghat,2025-11-28,702.2,1056.0,0.79636,0.0055,0.06387,0.01593,0.24,0.3253
balaghat,2025-11-29,798.8,1056.0,1.01191,0.0,0.06732,0.02024,0.18,0.26756
balaghat,2025-11-30,859.3,1056.0,1.10365,0.00584,0.01279,0.02207,0.12,0.1607
balaghat,2025-12-01,955.5,1056.0,1.12438,0.00292,0.0,0.02249,0.06,0.08541
balaghat,2025-12-02,1044.5,1056.0,1.05087,0.0,0.00675,0.02102,0.0,0.02777
balaghat,2025-12-03,1072.5,1056.0,0.90408,0.0,0.01491,0.01808,0.0,0.03299
balaghat,2025-12-04,995.4,1056.0,0.75284,0.0,0.0,0.01506,0.0,0.01506
balaghat,2025-12-05,1001.6,1056.0,0.69726,0.0,0.0,0.01395,0.0,0.01395
balaghat,2025-12-06,1018.9,1056.0,0.64423,0.0086,0.02706,0.01288,0.0,0.04854
balaghat,2025-12-07,1088.4,1056.0,0.58272,0.0043,0.0,0.01165,0.0,0.01595
balaghat,2025-12-08,1067.8,1056.0,0.46463,0.00436,0.0,0.00929,0.0,0.01365
balaghat,2025-12-09,1068.1,1056.0,0.38373,0.00218,0.0,0.00767,0.0,0.00985
balaghat,2025-12-10,1004.7,1056.0,0.31475,0.00296,0.00783,0.00629,0.0,0.01708
balaghat,2025-12-11,1056.0,1056.0,0.31608,0.00148,0.0,0.00632,0.0,0.0078
balaghat,2025-12-12,1058.9,1056.0,0.26867,0.0,0.00707,0.00537,0.0,0.01244
balaghat,2025-12-13,1057.9,1056.0,0.22567,0.0,0.0,0.00451,0.0,0.00451
balaghat,2025-12-14,1061.4,1056.0,0.18998,0.0,0.0002,0.0038,0.0,0.004
balaghat,2025-12-15,1036.1,1056.0,0.15639,0.0,0.03738,0.00313,0.0,0.04051
balaghat,2025-12-16,968.1,1056.0,0.15174,0.0,0.00794,0.00303,0.0,0.01097
balaghat,2025-12-17,927.8,1056.0,0.2122,0.0,0.0,0.00424,0.06,0.06424
balaghat,2025-12-18,890.0,1056.0,0.30181,0.0,0.0,0.00604,0.12,0.12604
balaghat,2025-12-19,922.9,1056.0,0.41376,0.0,0.0,0.00828,0.12,0.12828
balaghat,2025-12-20,874.0,1056.0,0.47771,0.0,0.03301,0.00955,0.12,0.16256
balaghat,2025-12-21,763.0,1056.0,0.5784,0.0,0.11574,0.01157,0.12,0.24731
balaghat,2025-12-22,903.8,1056.0,0.76906,0.00108,0.10729,0.01538,0.06,0.18376
balaghat,2025-12-23,920.2,1056.0,0.79779,0.00054,0.10664,0.01596,0.0,0.12314
balaghat,2025-12-24,938.9,1056.0,0.80672,0.0,0.1,0.01613,0.0,0.11613
balaghat,2025-12-25,959.7,1056.0,0.79664,0.0,0.1,0.01593,0.0,0.11593
balaghat,2025-12-26,1081.4,1056.0,0.7683,0.0,0.02205,0.01537,0.0,0.03742
balaghat,2025-12-27,935.4,1056.0,0.62897,0.0,0.1,0.01258,0.0,0.11258
balaghat,2025-12-28,1006.1,1056.0,0.64878,0.0,0.03959,0.01298,0.0,0.05256
balaghat,2025-12-29,983.8,1056.0,0.59876,0.0,0.02028,0.01198,0.0,0.03225
balaghat,2025-12-30,1041.2,1056.0,0.57736,0.00108,0.0,0.01155,0.0,0.01263
balaghat,2025-12-31,933.3,1056.0,0.50479,0.00054,0.07083,0.0101,0.0,0.08146
balaghat,2026-01-01,943.8,1056.0,0.54527,0.0,0.083,0.01091,0.0,0.09391
balaghat,2026-01-02,1037.3,1056.0,0.56972,0.0,0.02824,0.01139,0.0,0.03963
balaghat,2026-01-03,949.2,1056.0,0.50194,0.00068,0.1,0.01004,0.0,0.11072
balaghat,2026-01-04,1004.7,1056.0,0.52782,0.00822,0.05611,0.01056,0.0,0.07489
balaghat,2026-01-05,985.0,1056.0,0.49725,0.00394,0.06032,0.00994,0.0,0.07421
balaghat,2026-01-06,991.5,1056.0,0.48989,0.0,0.083,0.0098,0.0,0.0928
balaghat,2026-01-07,853.8,1056.0,0.47748,0.0,0.09736,0.00955,0.06,0.16691
balaghat,2026-01-08,753.7,1056.0,0.59732,0.02152,0.15793,0.01195,0.12,0.31139
balaghat,2026-01-09,743.4,1056.0,0.79398,0.01076,0.07714,0.01588,0.18,0.28378
balaghat,2026-01-10,793.3,1056.0,0.97095,0.0,0.04078,0.01942,0.18,0.2402
balaghat,2026-01-11,783.0,1056.0,1.07412,0.0,0.05,0.02148,0.18,0.25148
balaghat,2026-01-12,864.7,1056.0,1.17151,0.01612,0.06426,0.02343,0.12,0.22381
balaghat,2026-01-13,932.9,1056.0,1.17694,0.00806,0.00453,0.02354,0.06,0.09613
balaghat,2026-01-14,989.5,1056.0,1.11701,0.0,0.05394,0.02234,0.0,0.07628
balaghat,2026-01-15,1047.6,1056.0,1.01241,0.0,0.0,0.02025,0.0,0.02025
balaghat,2026-01-16,1033.2,1056.0,0.86849,0.0,0.00706,0.01737,0.0,0.02443
balaghat,2026-01-17,1015.3,1056.0,0.75981,0.0,0.0,0.0152,0.0,0.0152
balaghat,2026-01-18,995.0,1056.0,0.68439,0.01056,0.0,0.01369,0.0,0.02425
balaghat,2026-01-19,1001.1,1056.0,0.63953,0.00528,0.0,0.01279,0.0,0.01807
balaghat,2026-01-20,1077.4,1056.0,0.59561,0.0,0.0,0.01191,0.0,0.01191
balaghat,2026-01-21,981.0,1056.0,0.48596,0.0,0.03874,0.00972,0.0,0.04846
balaghat,2026-01-22,906.0,1056.0,0.48411,0.0,0.1,0.00968,0.0,0.10968
balaghat,2026-01-23,1072.6,1056.0,0.55356,0.0,0.00148,0.01107,0.0,0.01256
balaghat,2026-01-24,1065.6,1056.0,0.45482,0.0,0.0,0.0091,0.0,0.0091
balaghat,2026-01-25,1046.8,1056.0,0.37747,0.0,0.0,0.00755,0.0,0.00755
balaghat,2026-01-26,1019.0,1056.0,0.32952,0.0,0.01278,0.00659,0.0,0.01937
balaghat,2026-01-27,963.1,1056.0,0.31514,0.0,0.0,0.0063,0.0,0.0063
balaghat,2026-01-28,1023.7,1056.0,0.35589,0.0,0.0,0.00712,0.0,0.00712
balaghat,2026-01-29,1008.2,1056.0,0.33308,0.02028,0.01314,0.00666,0.0,0.04009
balaghat,2026-01-30,1004.6,1056.0,0.32842,0.01014,0.0,0.00657,0.0,0.01671
balaghat,2026-01-31,987.8,1056.0,0.32786,0.0,0.02666,0.00656,0.0,0.03321
balaghat,2026-02-01,1092.9,1056.0,0.3433,0.0,0.01799,0.00687,0.0,0.02486
balaghat,2026-02-02,913.3,1056.0,0.25685,0.0,0.083,0.00514,0.0,0.08814
balaghat,2026-02-03,936.6,1056.0,0.35346,0.0,0.11343,0.00707,0.0,0.1205
balaghat,2026-02-04,914.6,1056.0,0.41351,0.0,0.10388,0.00827,0.0,0.11215
balaghat,2026-02-05,921.1,1056.0,0.4854,0.0,0.12251,0.00971,0.0,0.13222
balaghat,2026-02-06,836.1,1056.0,0.54031,0.0,0.167,0.01081,0.0,0.17781
balaghat,2026-02-07,964.5,1056.0,0.66752,0.0,0.10438,0.01335,0.0,0.11773
balaghat,2026-02-08,993.6,1056.0,0.654,0.0,0.03579,0.01308,0.0,0.04887
balaghat,2026-02-09,1095.8,1056.0,0.61499,0.0,0.0,0.0123,0.0,0.0123
balaghat,2026-02-10,1088.0,1056.0,0.48507,0.0,0.0,0.0097,0.0,0.0097
balaghat,2026-02-11,986.3,1056.0,0.38205,0.0,0.03146,0.00764,0.0,0.0391
balaghat,2026-02-12,953.9,1056.0,0.39077,0.0,0.0,0.00782,0.06,0.06782
balaghat,2026-02-13,883.4,1056.0,0.42884,0.0,0.0,0.00858,0.12,0.12858
balaghat,2026-02-14,828.6,1056.0,0.528,0.0,0.0,0.01056,0.18,0.19056
balaghat,2026-02-15,846.8,1056.0,0.66412,0.0,0.03286,0.01328,0.18,0.22614
balaghat,2026-02-16,827.8,1056.0,0.7626,0.0,0.0569,0.01525,0.18,0.25215
balaghat,2026-02-17,818.4,1056.0,0.86431,0.0,0.07316,0.01729,0.12,0.21045
balaghat,2026-02-18,915.0,1056.0,0.95969,0.0,0.08132,0.01919,0.06,0.16052
balaghat,2026-02-19,1003.8,1056.0,0.94929,0.0,0.02839,0.01899,0.0,0.04737
balaghat,2026-02-20,1004.8,1056.0,0.85632,0.0,0.02295,0.01713,0.0,0.04008
balaghat,2026-02-21,1011.1,1056.0,0.77639,0.0,0.02221,0.01553,0.0,0.03774
balaghat,2026-02-22,1029.3,1056.0,0.70249,0.0004,0.033,0.01405,0.0,0.04745
balaghat,2026-02-23,946.7,1056.0,0.62244,0.0002,0.03262,0.01245,0.0,0.04527
balaghat,2026-02-24,929.8,1056.0,0.63254,0.06184,0.03472,0.01265,0.0,0.10921
balaghat,2026-02-25,990.3,1056.0,0.65721,0.03092,0.0,0.01314,0.0,0.04406
balaghat,2026-02-26,1047.4,1056.0,0.62087,0.0,0.01912,0.01242,0.0,0.03154
balaghat,2026-02-27,978.1,1056.0,0.53593,0.0,0.083,0.01072,0.0,0.09372
balaghat,2026-02-28,1060.5,1056.0,0.5293,0.0,0.01447,0.01059,0.0,0.02505
balaghat,2026-03-01,982.7,1056.0,0.44564,0.0,0.07784,0.00891,0.0,0.08675
balaghat,2026-03-02,987.9,1056.0,0.44821,0.0,0.06527,0.00896,0.0,0.07424
balaghat,2026-03-03,993.0,1056.0,0.4455,0.0,0.02674,0.00891,0.0,0.03565
balaghat,2026-03-04,1054.8,1056.0,0.4383,0.0,0.0,0.00877,0.0,0.00877
balaghat,2026-03-05,1036.3,1056.0,0.37369,0.0,0.0,0.00747,0.0,0.00747
balaghat,2026-03-06,1032.0,1056.0,0.33632,0.00016,8e-05,0.00673,0.0,0.00697
balaghat,2026-03-07,915.1,1056.0,0.30864,8e-05,0.06488,0.00617,0.0,0.07114
balaghat,2026-03-08,1073.8,1056.0,0.39576,0.0,0.00713,0.00792,0.0,0.01505
balaghat,2026-03-09,1014.6,1056.0,0.3195,0.0,0.00375,0.00639,0.0,0.01014
balaghat,2026-03-10,977.6,1056.0,0.31077,0.0,0.067,0.00622,0.0,0.07322
balaghat,2026-03-11,1084.2,1056.0,0.33839,0.0,0.0219,0.00677,0.0,0.02867
balaghat,2026-03-12,1032.7,1056.0,0.26097,0.0,0.04277,0.00522,0.0,0.04799
balaghat,2026-03-13,906.8,1056.0,0.24388,0.0,0.064,0.00488,0.06,0.12888
balaghat,2026-03-14,886.8,1056.0,0.34855,0.0,0.09214,0.00697,0.12,0.21911
balaghat,2026-03-15,817.2,1056.0,0.45651,0.00148,0.11921,0.00913,0.12,0.24982
balaghat,2026-03-16,819.9,1056.0,0.61421,0.00074,0.07048,0.01228,0.12,0.2035
balaghat,2026-03-17,892.6,1056.0,0.74566,0.00712,0.001,0.01491,0.12,0.14303
balaghat,2026-03-18,887.3,1056.0,0.78856,0.06992,0.03977,0.01577,0.06,0.18546
balaghat,2026-03-19,954.7,1056.0,0.83006,0.04266,0.05922,0.0166,0.0,0.11848
balaghat,2026-03-20,930.3,1056.0,0.80152,0.01382,0.1,0.01603,0.0,0.12985
balaghat,2026-03-21,924.1,1056.0,0.80028,0.0091,0.067,0.01601,0.0,0.0921
balaghat,2026-03-22,994.9,1056.0,0.80519,0.00228,0.03694,0.0161,0.0,0.05532
balaghat,2026-03-23,1067.2,1056.0,0.74227,0.0,0.0,0.01485,0.0,0.01485
balaghat,2026-03-24,1035.9,1056.0,0.62035,0.0,0.05999,0.01241,0.0,0.07239
balaghat,2026-03-25,1048.6,1056.0,0.54636,0.00116,0.0,0.01093,0.0,0.01209
balaghat,2026-03-26,1039.5,1056.0,0.47137,0.00058,0.0,0.00943,0.0,0.01001
balaghat,2026-03-27,1040.0,1056.0,0.41629,0.00056,0.0,0.00833,0.0,0.00889
balaghat,2026-03-28,1064.4,1056.0,0.36895,0.00028,0.0,0.00738,0.0,0.00766
balaghat,2026-03-29,991.1,1056.0,0.30569,0.0014,0.0,0.00611,0.0,0.00751
balaghat,2026-03-30,966.1,1056.0,0.32129,0.0007,0.06698,0.00643,0.0,0.07411
balaghat,2026-03-31,957.4,1056.0,0.35828,0.0,0.083,0.00717,0.0,0.09017
balaghat,2026-04-01,920.2,1056.0,0.39793,0.0,0.1301,0.00796,0.0,0.13806
balaghat,2026-04-02,877.2,1056.0,0.46682,0.10076,0.0577,0.00934,0.0,0.1678
balaghat,2026-04-03,983.7,1056.0,0.56611,0.05038,0.0,0.01132,0.0,0.0617
balaghat,2026-04-04,1001.5,1056.0,0.5497,0.02624,0.0,0.01099,0.0,0.03723
balaghat,2026-04-05,1033.7,1056.0,0.51884,0.01312,0.0,0.01038,0.0,0.0235
balaghat,2026-04-06,1002.6,1056.0,0.46213,0.0,0.0563,0.00924,0.0,0.06554
balaghat,2026-04-07,987.4,1056.0,0.44337,0.0,0.067,0.00887,0.0,0.07587
balaghat,2026-04-08,1005.2,1056.0,0.44186,0.0,0.067,0.00884,0.0,0.07584
balaghat,2026-04-09,962.3,1056.0,0.42371,0.0,0.06875,0.00847,0.0,0.07722
balaghat,2026-04-10,892.6,1056.0,0.44884,0.0,0.16126,0.00898,0.0,0.17024
balaghat,2026-04-11,835.4,1056.0,0.53625,0.0,0.16034,0.01073,0.0,0.17107
balaghat,2026-04-12,888.7,1056.0,0.66468,0.0,0.13689,0.01329,0.0,0.15019
balaghat,2026-04-13,851.3,1056.0,0.72337,0.0,0.21269,0.01447,0.0,0.22716
balaghat,2026-04-14,770.5,1056.0,0.80873,0.0,0.23441,0.01617,0.0,0.25058
balaghat,2026-04-15,835.6,1056.0,0.9578,0.0,0.20619,0.01916,0.0,0.22535
balaghat,2026-04-16,885.7,1056.0,1.02284,0.0,0.12487,0.02046,0.0,0.14533
balaghat,2026-04-17,924.9,1056.0,1.03069,0.0,0.10718,0.02061,0.0,0.1278
balaghat,2026-04-18,953.6,1056.0,1.00024,0.0,0.03345,0.02,0.0,0.05345
balaghat,2026-04-19,995.0,1056.0,0.94713,0.0,0.02646,0.01894,0.06,0.1054
balaghat,2026-04-20,943.3,1056.0,0.86279,0.0,0.00852,0.01726,0.12,0.14578
balaghat,2026-04-21,804.7,1056.0,0.84005,0.0,0.02463,0.0168,0.18,0.22143
balaghat,2026-04-22,673.8,1056.0,0.95199,0.0,0.083,0.01904,0.24,0.34204
balaghat,2026-04-23,619.5,1056.0,1.17116,0.0,0.12032,0.02342,0.24,0.38375
balaghat,2026-04-24,699.9,1056.0,1.40884,0.0,0.13392,0.02818,0.18,0.34209
balaghat,2026-04-25,814.7,1056.0,1.53477,0.0,0.083,0.0307,0.12,0.2337
balaghat,2026-04-26,823.5,1056.0,1.53303,0.0,0.14337,0.03066,0.06,0.23403
balaghat,2026-04-27,812.0,1056.0,1.52326,0.0,0.21123,0.03047,0.0,0.24169
balaghat,2026-04-28,801.1,1056.0,1.52581,0.0,0.18847,0.03052,0.0,0.21899
balaghat,2026-04-29,914.0,1056.0,1.53835,0.0,0.13153,0.03077,0.0,0.16229
balaghat,2026-04-30,1008.6,1056.0,1.44209,0.0,0.05979,0.02884,0.0,0.08863
balaghat,2026-05-01,894.2,1056.0,1.2707,0.0,0.12067,0.02541,0.0,0.14608
balaghat,2026-05-02,857.1,1056.0,1.23335,0.0,0.14987,0.02467,0.0,0.17454
balaghat,2026-05-03,890.4,1056.0,1.23672,0.00196,0.12523,0.02473,0.0,0.15193
balaghat,2026-05-04,957.2,1056.0,1.208,0.00098,0.05851,0.02416,0.0,0.08365
balaghat,2026-05-05,970.3,1056.0,1.12034,4e-05,0.083,0.02241,0.0,0.10545
balaghat,2026-05-06,965.6,1056.0,1.03347,0.00366,0.08632,0.02067,0.0,0.11065
balaghat,2026-05-07,1030.2,1056.0,0.9641,0.00182,0.02201,0.01928,0.0,0.04312
balaghat,2026-05-08,1029.5,1056.0,0.8439,0.0,0.0,0.01688,0.0,0.01688
balaghat,2026-05-09,1005.7,1056.0,0.74245,0.0,0.03506,0.01485,0.0,0.04991
balaghat,2026-05-10,1058.9,1056.0,0.67876,0.0,0.01432,0.01358,0.0,0.0279
balaghat,2026-05-11,1064.5,1056.0,0.57423,0.0,0.0,0.01148,0.0,0.01148
balaghat,2026-05-12,1053.5,1056.0,0.48008,0.0,0.0,0.0096,0.0,0.0096
balaghat,2026-05-13,1059.2,1056.0,0.41045,0.0,0.0,0.00821,0.0,0.00821
balaghat,2026-05-14,1084.9,1056.0,0.34583,0.00072,0.0,0.00692,0.0,0.00764
balaghat,2026-05-15,1026.6,1056.0,0.26658,0.00036,0.01216,0.00533,0.0,0.01786
balaghat,2026-05-16,979.7,1056.0,0.25444,0.00572,0.033,0.00509,0.0,0.04381
balaghat,2026-05-17,1007.9,1056.0,0.28853,0.01926,0.01131,0.00577,0.0,0.03634
balaghat,2026-05-18,1082.8,1056.0,0.29081,0.0082,0.01666,0.00582,0.0,0.03068
balaghat,2026-05-19,993.1,1056.0,0.22185,0.0,0.033,0.00444,0.0,0.03744
balaghat,2026-05-20,987.1,1056.0,0.24818,0.00108,0.09313,0.00496,0.0,0.09917
balaghat,2026-05-21,929.5,1056.0,0.27623,0.00054,0.08448,0.00552,0.0,0.09054
balaghat,2026-05-22,979.6,1056.0,0.35456,0.0,0.067,0.00709,0.0,0.07409
balaghat,2026-05-23,954.6,1056.0,0.37373,0.0,0.10707,0.00747,0.0,0.11455
balaghat,2026-05-24,941.8,1056.0,0.41369,0.0,0.09047,0.00827,0.0,0.09874
balaghat,2026-05-25,957.5,1056.0,0.45977,0.0,0.06727,0.0092,0.0,0.07646
balaghat,2026-05-26,1006.1,1056.0,0.48408,0.0,0.05,0.00968,0.0,0.05968
balaghat,2026-05-27,908.4,1056.0,0.45868,0.0,0.10369,0.00917,0.0,0.11287
balaghat,2026-05-28,936.0,1056.0,0.52964,0.0,0.13179,0.01059,0.0,0.14238
balaghat,2026-05-29,905.1,1056.0,0.56383,0.0,0.117,0.01128,0.0,0.12828
balaghat,2026-05-30,941.2,1056.0,0.62219,0.0,0.10992,0.01244,0.0,0.12237
balaghat,2026-05-31,920.1,1056.0,0.63757,0.08016,0.0209,0.01275,0.0,0.11382
balaghat,2026-06-01,996.7,1056.0,0.67062,0.04008,0.0,0.01341,0.0,0.05349
balaghat,2026-06-02,1036.2,1056.0,0.62614,0.00288,0.0,0.01252,0.0,0.0154
balaghat,2026-06-03,1074.4,1056.0,0.55096,0.00144,0.0,0.01102,0.0,0.01246
balaghat,2026-06-04,1047.5,1056.0,0.45085,0.00872,0.00822,0.00902,0.0,0.02595
balaghat,2026-06-05,998.2,1056.0,0.39124,0.01388,0.0,0.00782,0.0,0.0217
balaghat,2026-06-06,939.4,1056.0,0.38729,0.0434,0.0197,0.00775,0.0,0.07084
balaghat,2026-06-07,901.4,1056.0,0.43957,0.01932,0.0877,0.00879,0.0,0.11581
balaghat,2026-06-08,869.5,1056.0,0.52006,0.0,0.14563,0.0104,0.0,0.15603
balaghat,2026-06-09,910.3,1056.0,0.6187,0.0,0.15241,0.01237,0.0,0.16478
balaghat,2026-06-10,1047.7,1056.0,0.66383,0.0,0.0,0.01328,0.0,0.01328
balaghat,2026-06-11,1078.8,1056.0,0.57214,0.0,0.0,0.01144,0.0,0.01144
balaghat,2026-06-12,1022.0,1056.0,0.46469,0.0,0.0,0.00929,0.0,0.00929
balaghat,2026-06-13,989.5,1056.0,0.42721,0.0,0.04697,0.00854,0.0,0.05551
balaghat,2026-06-14,905.2,1056.0,0.42613,0.0,0.12312,0.00852,0.0,0.13165
balaghat,2026-06-15,876.4,1056.0,0.50499,0.0,0.11997,0.0101,0.0,0.13007
balaghat,2026-06-16,1043.8,1056.0,0.59928,0.0,0.03443,0.01199,0.0,0.04641
balaghat,2026-06-17,968.2,1056.0,0.52089,0.0,0.04226,0.01042,0.0,0.05268
balaghat,2026-06-18,996.6,1056.0,0.52594,0.00868,0.00089,0.01052,0.0,0.02009
balaghat,2026-06-19,1015.6,1056.0,0.50329,0.0071,0.0299,0.01007,0.0,0.04706
balaghat,2026-06-20,983.6,1056.0,0.46604,0.05482,0.03271,0.00932,0.0,0.09685
balaghat,2026-06-21,1042.9,1056.0,0.46471,0.02672,0.0,0.00929,0.0,0.03601
balaghat,2026-06-22,1063.9,1056.0,0.40738,0.0,0.0,0.00815,0.0,0.00815
balaghat,2026-06-23,1039.4,1056.0,0.33883,0.02716,0.0251,0.00678,0.0,0.05903
balaghat,2026-06-24,883.9,1056.0,0.30374,0.04478,0.09708,0.00607,0.0,0.14793
balaghat,2026-06-25,979.0,1056.0,0.42112,0.0156,0.0,0.00842,0.0,0.02402
balaghat,2026-06-26,944.0,1056.0,0.43087,0.10476,0.00749,0.00862,0.0,0.12087
balaghat,2026-06-27,877.4,1056.0,0.47232,0.10366,0.04743,0.00945,0.0,0.16054
balaghat,2026-06-28,922.4,1056.0,0.57063,0.08988,0.0417,0.01141,0.0,0.143
balaghat,2026-06-29,1025.0,1056.0,0.61158,0.07012,0.0,0.01223,0.0,0.08235
balaghat,2026-06-30,941.9,1056.0,0.54924,0.1252,0.0,0.01098,0.0,0.13618
balaghat,2026-07-01,925.2,1056.0,0.57492,0.10046,0.02111,0.0115,0.0,0.13306
balaghat,2026-07-02,925.0,1056.0,0.61255,0.07668,0.02069,0.01225,0.0,0.10963
balaghat,2026-07-03,944.6,1056.0,0.64475,0.11114,0.01071,0.01289,0.0,0.13475
balaghat,2026-07-04,953.8,1056.0,0.65355,0.11232,0.0,0.01307,0.0,0.12539
balaghat,2026-07-05,825.6,1056.0,0.65229,0.10688,0.05738,0.01305,0.06,0.23731
balaghat,2026-07-06,680.8,1056.0,0.7726,0.12434,0.10109,0.01545,0.12,0.36088
balaghat,2026-07-07,489.1,1056.0,1.01204,0.3242,0.0,0.02024,0.18,0.52444
balaghat,2026-07-08,652.3,1056.0,1.39709,0.18,0.0,0.02794,0.18,0.38794
balaghat,2026-07-09,752.8,1056.0,1.56982,0.08,0.02264,0.0314,0.18,0.31404
balaghat,2026-07-10,713.0,1056.0,1.62146,0.0318,0.067,0.03243,0.18,0.31123
balaghat,2026-07-11,703.6,1056.0,1.70306,0.0159,0.11697,0.03406,0.18,0.34693
balaghat,2026-07-12,711.2,1056.0,1.78135,0.0,0.15,0.03563,0.18,0.36563
balaghat,2026-07-13,755.1,1056.0,1.8407,0.0,0.08338,0.03681,0.18,0.30019
balaghat,2026-07-14,745.5,1056.0,1.84954,0.0,0.09073,0.03699,0.18,0.30772
balaghat,2026-07-15,895.8,1056.0,1.86611,0.0,0.0,0.03732,0.12,0.15732
balaghat,2026-07-16,979.0,1056.0,1.7379,0.0,0.0,0.03476,0.06,0.09476
balaghat,2026-07-17,1002.0,1056.0,1.55015,0.08316,0.01875,0.031,0.0,0.13292
balaghat,2026-07-18,829.3,1056.0,1.36877,0.14722,0.02383,0.02738,0.0,0.19843
balaghat,2026-07-19,829.6,1056.0,1.37816,0.10246,0.06931,0.02756,0.0,0.19933
balaghat,2026-07-20,884.0,1056.0,1.38585,0.0709,0.07367,0.02772,0.0,0.17229
balaghat,2026-07-21,748.0,1056.0,1.34085,0.14424,0.1,0.02682,0.0,0.27106
balaghat,2026-07-22,560.8,1056.0,1.43141,0.3406,0.08725,0.02863,0.0,0.45648
balaghat,2026-07-23,737.4,1056.0,1.68567,0.18092,0.067,0.03371,0.0,0.28163
balaghat,2026-07-24,838.9,1056.0,1.73452,0.08046,0.09177,0.03469,0.0,0.20692
balaghat,2026-07-25,917.1,1056.0,1.67995,0.0,0.04257,0.0336,0.0,0.07617
balaghat,2026-07-26,973.2,1056.0,1.55953,0.007,0.02161,0.03119,0.0,0.0598
balaghat,2026-07-27,964.9,1056.0,1.40405,0.0035,0.02266,0.02808,0.0,0.05424
balaghat,2026-07-28,808.0,1056.0,1.27973,0.2,0.0,0.02559,0.0,0.22559
balaghat,2026-07-29,584.0,1056.0,1.3226,0.36824,0.0,0.02645,0.06,0.45469
balaghat,2026-07-30,639.3,1056.0,1.5712,0.24452,0.00705,0.03142,0.12,0.403
balaghat,2026-07-31,773.5,1056.0,1.73016,0.1152,0.0,0.0346,0.12,0.2698
balaghat,2026-08-01,844.8,1056.0,1.73815,0.0,0.05832,0.03476,0.12,0.21308
balaghat,2026-08-02,803.4,1056.0,1.67738,0.0,0.07884,0.03355,0.12,0.23239
balaghat,2026-08-03,851.4,1056.0,1.66497,0.0,0.09864,0.0333,0.06,0.19194
balaghat,2026-08-04,887.4,1056.0,1.60902,0.04092,0.067,0.03218,0.0,0.1401
balaghat,2026-08-05,850.8,1056.0,1.52731,0.09106,0.07636,0.03055,0.0,0.19797
balaghat,2026-08-06,862.2,1056.0,1.49252,0.0641,0.08121,0.02985,0.0,0.17516
balaghat,2026-08-07,929.4,1056.0,1.45213,0.04148,0.00302,0.02904,0.0,0.07354
balaghat,2026-08-08,993.3,1056.0,1.3542,0.03294,0.0,0.02708,0.0,0.06002
balaghat,2026-08-09,936.8,1056.0,1.21041,0.1447,0.0,0.02421,0.0,0.16891
balaghat,2026-08-10,715.3,1056.0,1.14171,0.2421,0.02429,0.02283,0.0,0.28922
balaghat,2026-08-11,945.7,1056.0,1.29308,0.0473,0.033,0.02586,0.0,0.10616
balaghat,2026-08-12,951.4,1056.0,1.20353,0.0,0.02382,0.02407,0.0,0.04789
balaghat,2026-08-13,947.3,1056.0,1.12203,0.0,0.12054,0.02244,0.0,0.14298
balaghat,2026-08-14,904.0,1056.0,1.05663,0.07832,0.08996,0.02113,0.0,0.18941
balaghat,2026-08-15,831.2,1056.0,1.04208,0.1334,0.08326,0.02084,0.0,0.2375
balaghat,2026-08-16,862.9,1056.0,1.09863,0.11276,0.083,0.02197,0.0,0.21773
balaghat,2026-08-17,753.7,1056.0,1.11672,0.19482,0.00524,0.02233,0.06,0.2824
balaghat,2026-08-18,762.6,1056.0,1.23548,0.1234,0.05433,0.02471,0.06,0.26244
balaghat,2026-08-19,774.2,1056.0,1.32797,0.08212,0.067,0.02656,0.06,0.23568
balaghat,2026-08-20,802.9,1056.0,1.39565,0.1369,0.01353,0.02791,0.06,0.23834
balaghat,2026-08-21,842.8,1056.0,1.42601,0.12578,0.00847,0.02852,0.06,0.22277
balaghat,2026-08-22,842.0,1056.0,1.414,0.1707,0.01407,0.02828,0.0,0.21305
balaghat,2026-08-23,728.6,1056.0,1.40457,0.26994,0.00706,0.02809,0.0,0.30509
balaghat,2026-08-24,799.0,1056.0,1.50389,0.21674,0.033,0.03008,0.0,0.27982
balaghat,2026-08-25,716.7,1056.0,1.52168,0.24868,0.01493,0.03043,0.0,0.29404
balaghat,2026-08-26,887.9,1056.0,1.61473,0.1053,0.0,0.03229,0.0,0.13759
balaghat,2026-08-27,905.8,1056.0,1.53171,0.062,0.07304,0.03063,0.0,0.16567
balaghat,2026-08-28,861.2,1056.0,1.4442,0.02306,0.083,0.02888,0.0,0.13494
balaghat,2026-08-29,813.0,1056.0,1.41205,0.0114,0.1595,0.02824,0.0,0.19914
balaghat,2026-08-30,870.0,1056.0,1.43035,0.07154,0.07253,0.02861,0.0,0.17268
balaghat,2026-08-31,947.4,1056.0,1.3919,0.09094,0.0,0.02784,0.0,0.11878
balaghat,2026-09-01,1011.4,1056.0,1.28599,0.03368,0.0,0.02572,0.0,0.0594
balaghat,2026-09-02,1030.8,1056.0,1.13535,0.02708,0.0076,0.02271,0.0,0.05739
balaghat,2026-09-03,691.7,1056.0,0.98888,0.29236,0.04304,0.01978,0.0,0.35518
balaghat,2026-09-04,673.9,1056.0,1.18553,0.26936,0.05,0.02371,0.0,0.34307
balaghat,2026-09-05,854.3,1056.0,1.36951,0.12936,0.02427,0.02739,0.0,0.18102
balaghat,2026-09-06,1003.1,1056.0,1.3551,0.00954,0.0,0.0271,0.0,0.03664
balaghat,2026-09-07,1039.2,1056.0,1.20195,0.01516,0.0,0.02404,0.0,0.0392
balaghat,2026-09-08,1035.7,1056.0,1.03756,0.01454,0.00398,0.02075,0.0,0.03927
balaghat,2026-09-09,996.2,1056.0,0.9011,0.01366,0.01204,0.01802,0.0,0.04372
balaghat,2026-09-10,967.2,1056.0,0.82257,0.019,0.0,0.01645,0.0,0.03545
balaghat,2026-09-11,1008.3,1056.0,0.78331,0.03454,0.0,0.01567,0.0,0.05021
balaghat,2026-09-12,923.4,1056.0,0.71095,0.06984,0.0,0.01422,0.0,0.08406
balaghat,2026-09-13,929.2,1056.0,0.72992,0.076,0.0,0.0146,0.0,0.0906
balaghat,2026-09-14,986.3,1056.0,0.74054,0.04324,0.01203,0.01481,0.0,0.07008
balaghat,2026-09-15,1012.8,1056.0,0.69547,0.01012,0.02372,0.01391,0.0,0.04775
balaghat,2026-09-16,1003.8,1056.0,0.63206,0.00188,0.01236,0.01264,0.0,0.02688
balaghat,2026-09-17,1017.6,1056.0,0.58664,0.02462,0.0,0.01173,0.0,0.03635
balaghat,2026-09-18,1024.0,1056.0,0.53498,0.02546,0.00352,0.0107,0.0,0.03967
balaghat,2026-09-19,1079.1,1056.0,0.48507,0.01894,0.0,0.0097,0.0,0.02864
balaghat,2026-09-20,1020.1,1056.0,0.39041,0.0468,0.0,0.00781,0.0,0.05461
balaghat,2026-09-21,976.6,1056.0,0.36588,0.04648,0.0,0.00732,0.0,0.0538
balaghat,2026-09-22,976.3,1056.0,0.38617,0.05442,0.0,0.00772,0.0,0.06214
nagpur,2025-01-01,948.4,907.9,0.0,0.0,0.01265,0.0,0.0,0.01265
nagpur,2025-01-02,852.8,907.9,0.0,0.0,0.067,0.0,0.0,0.067
nagpur,2025-01-03,864.5,907.9,0.06069,0.00976,0.0368,0.00121,0.0,0.04778
nagpur,2025-01-04,920.5,907.9,0.09937,0.00488,0.0,0.00199,0.0,0.00687
nagpur,2025-01-05,884.2,907.9,0.07056,0.0,0.0,0.00141,0.0,0.00141
nagpur,2025-01-06,911.5,907.9,0.08608,0.0,0.0,0.00172,0.0,0.00172
nagpur,2025-01-07,854.2,907.9,0.06913,0.0,0.04381,0.00138,0.0,0.04519
nagpur,2025-01-08,886.8,929.6,0.11789,0.0,0.0,0.00236,0.0,0.00236
nagpur,2025-01-09,912.4,929.6,0.14621,0.01968,0.04319,0.00292,0.0,0.06579
nagpur,2025-01-10,864.9,929.6,0.14271,0.00984,0.04756,0.00285,0.0,0.06026
nagpur,2025-01-11,907.2,929.6,0.19091,0.0,0.0,0.00382,0.0,0.00382
nagpur,2025-01-12,904.6,929.6,0.18635,0.01176,0.0,0.00373,0.0,0.01549
nagpur,2025-01-13,876.6,929.6,0.18523,0.00588,0.01908,0.0037,0.0,0.02866
nagpur,2025-01-14,917.1,929.6,0.21446,0.0,0.0,0.00429,0.0,0.00429
nagpur,2025-01-15,840.5,928.7,0.19568,0.0,0.00949,0.00391,0.0,0.01341
nagpur,2025-01-16,906.6,928.7,0.26127,0.0,0.02657,0.00523,0.0,0.0318
nagpur,2025-01-17,877.8,928.7,0.24581,0.0,0.0,0.00492,0.0,0.00492
nagpur,2025-01-18,850.4,928.7,0.26368,0.0,0.02181,0.00527,0.0,0.02708
nagpur,2025-01-19,893.6,928.7,0.30834,0.0032,0.06347,0.00617,0.0,0.07284
nagpur,2025-01-20,939.3,928.7,0.2998,0.0016,0.0,0.006,0.0,0.0076
nagpur,2025-01-21,881.1,928.7,0.24337,0.0,0.00739,0.00487,0.0,0.01225
nagpur,2025-01-22,904.1,925.3,0.25811,0.0,0.05,0.00516,0.0,0.05516
nagpur,2025-01-23,910.3,925.3,0.24228,0.0,0.02451,0.00485,0.0,0.02935
nagpur,2025-01-24,917.7,925.3,0.22209,0.0,0.00015,0.00444,0.0,0.0046
nagpur,2025-01-25,917.8,925.3,0.1969,0.0,0.0,0.00394,0.0,0.00394
nagpur,2025-01-26,894.8,925.3,0.17543,0.0,0.0,0.00351,0.0,0.00351
nagpur,2025-01-27,877.4,925.3,0.18206,0.0,0.03533,0.00364,0.0,0.03897
nagpur,2025-01-28,980.7,925.3,0.20647,0.0,0.00273,0.00413,0.0,0.00686
nagpur,2025-01-29,915.2,963.5,0.11557,0.00604,0.03839,0.00231,0.0,0.04675
nagpur,2025-01-30,935.7,963.5,0.14834,0.00302,0.00117,0.00297,0.0,0.00716
nagpur,2025-01-31,937.9,963.5,0.15487,0.0,0.03817,0.0031,0.0,0.04126
nagpur,2025-02-01,963.9,963.5,0.15816,0.0,0.00365,0.00316,0.0,0.00681
nagpur,2025-02-02,925.9,963.5,0.13403,0.0,0.00574,0.00268,0.0,0.00842
nagpur,2025-02-03,907.7,963.5,0.15295,0.0,0.04386,0.00306,0.0,0.04692
nagpur,2025-02-04,925.6,963.5,0.1879,0.0,0.001,0.00376,0.0,0.00476
nagpur,2025-02-05,998.0,963.9,0.19904,0.0,0.01401,0.00398,0.0,0.01799
nagpur,2025-02-06,940.1,963.9,0.13381,0.0,0.03718,0.00268,0.0,0.03986
nagpur,2025-02-07,877.9,963.9,0.13843,0.0,0.05806,0.00277,0.0,0.06083
nagpur,2025-02-08,949.6,963.9,0.20695,0.01068,0.0,0.00414,0.0,0.01482
nagpur,2025-02-09,981.1,963.9,0.19075,0.02206,0.0,0.00382,0.0,0.02588
nagpur,2025-02-10,942.9,963.9,0.14433,0.00836,0.01909,0.00289,0.0,0.03034
nagpur,2025-02-11,897.8,963.9,0.14449,0.0,0.06628,0.00289,0.0,0.06917
nagpur,2025-02-12,835.6,909.9,0.19145,0.0,0.08627,0.00383,0.0,0.09009
nagpur,2025-02-13,877.1,909.9,0.24432,0.0,0.0,0.00489,0.0,0.00489
nagpur,2025-02-14,919.5,909.9,0.24368,0.0,0.0,0.00487,0.0,0.00487
nagpur,2025-02-15,872.4,909.9,0.19655,0.0,0.0,0.00393,0.0,0.00393
nagpur,2025-02-16,887.6,909.9,0.20824,0.0,0.03116,0.00416,0.0,0.03532
nagpur,2025-02-17,816.5,909.9,0.20145,0.0,0.13555,0.00403,0.0,0.13958
nagpur,2025-02-18,698.8,909.9,0.27391,0.0,0.22327,0.00548,0.0,0.22875
nagpur,2025-02-19,924.3,983.7,0.46484,0.0,0.06748,0.0093,0.0,0.07678
nagpur,2025-02-20,913.0,983.7,0.45552,0.0,0.04435,0.00911,0.0,0.05346
nagpur,2025-02-21,986.0,983.7,0.45907,0.0,0.0,0.00918,0.0,0.00918
nagpur,2025-02-22,940.4,983.7,0.38784,0.0,0.00669,0.00776,0.0,0.01445
nagpur,2025-02-23,846.3,983.7,0.37369,0.0,0.06189,0.00747,0.0,0.06937
nagpur,2025-02-24,912.7,983.7,0.45729,0.0,0.067,0.00915,0.0,0.07615
nagpur,2025-02-25,910.5,983.7,0.46087,0.0,0.08225,0.00922,0.0,0.09146
nagpur,2025-02-26,831.5,974.2,0.46612,0.0,0.12831,0.00932,0.0,0.13763
nagpur,2025-02-27,844.9,974.2,0.54267,0.003,0.1,0.01085,0.0,0.11385
nagpur,2025-02-28,907.0,974.2,0.59397,0.0045,0.04927,0.01188,0.0,0.06565
nagpur,2025-03-01,939.4,974.2,0.57389,0.0045,0.033,0.01148,0.0,0.04898
nagpur,2025-03-02,942.9,974.2,0.52358,0.00986,0.05334,0.01047,0.0,0.07367
nagpur,2025-03-03,891.9,974.2,0.47724,0.00418,0.0952,0.00954,0.0,0.10893
nagpur,2025-03-04,941.3,974.2,0.49014,0.0,0.04211,0.0098,0.0,0.05192
nagpur,2025-03-05,905.8,961.1,0.45047,0.0,0.02488,0.00901,0.0,0.03389
nagpur,2025-03-06,886.7,961.1,0.44043,0.00116,0.05,0.00881,0.0,0.05997
nagpur,2025-03-07,835.7,961.1,0.4518,0.00058,0.05,0.00904,0.0,0.05962
nagpur,2025-03-08,906.7,961.1,0.51448,0.0,0.04147,0.01029,0.0,0.05176
nagpur,2025-03-09,957.4,961.1,0.49388,0.0,0.0,0.00988,0.0,0.00988
nagpur,2025-03-10,1002.6,961.1,0.42361,0.0,0.0,0.00847,0.0,0.00847
nagpur,2025-03-11,828.4,961.1,0.31691,0.0,0.04791,0.00634,0.0,0.05424
nagpur,2025-03-12,908.5,970.4,0.40749,0.0,0.0455,0.00815,0.0,0.05365
nagpur,2025-03-13,921.1,970.4,0.41013,0.0,0.0,0.0082,0.0,0.0082
nagpur,2025-03-14,929.3,970.4,0.39939,0.0,0.03025,0.00799,0.0,0.03824
nagpur,2025-03-15,934.0,970.4,0.3818,0.0078,0.0,0.00764,0.0,0.01544
nagpur,2025-03-16,1025.0,970.4,0.362,0.0039,0.0,0.00724,0.0,0.01114
nagpur,2025-03-17,988.0,970.4,0.25142,0.0,0.01631,0.00503,0.0,0.02134
nagpur,2025-03-18,972.1,970.4,0.1956,0.0,0.0,0.00391,0.0,0.00391
nagpur,2025-03-19,938.1,973.1,0.16448,0.0,0.03584,0.00329,0.0,0.03913
nagpur,2025-03-20,861.4,973.1,0.1758,0.0,0.04459,0.00352,0.0,0.04811
nagpur,2025-03-21,968.4,973.1,0.26423,0.0,0.0,0.00528,0.0,0.00528
nagpur,2025-03-22,934.9,973.1,0.22946,0.0,0.02218,0.00459,0.0,0.02677
nagpur,2025-03-23,988.8,973.1,0.23434,0.0,0.0,0.00469,0.0,0.00469
nagpur,2025-03-24,911.6,973.1,0.18301,0.00456,0.03366,0.00366,0.0,0.04188
nagpur,2025-03-25,871.4,973.1,0.21871,0.00228,0.067,0.00437,0.0,0.07365
nagpur,2025-03-26,974.7,995.2,0.29042,0.01388,0.03287,0.00581,0.0,0.05256
nagpur,2025-03-27,962.8,995.2,0.26743,0.00694,0.0,0.00535,0.0,0.01229
nagpur,2025-03-28,978.5,995.2,0.25989,0.0,0.01783,0.0052,0.0,0.02303
nagpur,2025-03-29,886.7,995.2,0.23765,0.0,0.05977,0.00475,0.06,0.12452
nagpur,2025-03-30,948.8,995.2,0.31101,0.0,0.033,0.00622,0.06,0.09922
nagpur,2025-03-31,835.6,995.2,0.31095,0.0,0.09517,0.00622,0.06,0.16139
nagpur,2025-04-01,794.7,995.2,0.42469,0.0,0.13958,0.00849,0.06,0.20807
nagpur,2025-04-02,773.7,997.4,0.56242,0.0,0.17412,0.01125,0.06,0.24537
nagpur,2025-04-03,915.8,997.4,0.70231,0.0,0.1,0.01405,0.0,0.11405
nagpur,2025-04-04,944.2,997.4,0.67877,0.0,0.01295,0.01358,0.0,0.02652
nagpur,2025-04-05,981.0,997.4,0.63026,0.0,0.00834,0.01261,0.0,0.02094
nagpur,2025-04-06,944.0,997.4,0.55216,0.0,0.08109,0.01104,0.0,0.09213
nagpur,2025-04-07,943.1,997.4,0.52281,0.0,0.0,0.01046,0.0,0.01046
nagpur,2025-04-08,1005.3,997.4,0.49877,0.0,0.0,0.00998,0.0,0.00998
nagpur,2025-04-09,875.1,1008.0,0.41595,0.0,0.02587,0.00832,0.0,0.03419
nagpur,2025-04-10,875.5,1008.0,0.48546,0.00312,0.117,0.00971,0.0,0.12983
nagpur,2025-04-11,868.1,1008.0,0.54405,0.00156,0.11238,0.01088,0.0,0.12482
nagpur,2025-04-12,988.6,1008.0,0.60122,0.0,0.02244,0.01202,0.0,0.03447
nagpur,2025-04-13,997.5,1008.0,0.53032,0.0,0.00736,0.01061,0.0,0.01797
nagpur,2025-04-14,916.0,1008.0,0.4612,0.0,0.07984,0.00922,0.0,0.08907
nagpur,2025-04-15,935.1,1008.0,0.48332,0.01836,0.06948,0.00967,0.0,0.0975
nagpur,2025-04-16,892.1,993.8,0.48312,0.00918,0.067,0.00966,0.0,0.08584
nagpur,2025-04-17,889.6,993.8,0.51297,0.0,0.06503,0.01026,0.0,0.07529
nagpur,2025-04-18,839.2,993.8,0.54086,0.0,0.1,0.01082,0.0,0.11082
nagpur,2025-04-19,828.6,993.8,0.61534,0.0,0.15647,0.01231,0.0,0.16877
nagpur,2025-04-20,903.3,993.8,0.6893,0.0,0.133,0.01379,0.0,0.14679
nagpur,2025-04-21,871.2,993.8,0.67702,0.0176,0.1094,0.01354,0.0,0.14054
nagpur,2025-04-22,914.9,993.8,0.69885,0.0088,0.06112,0.01398,0.0,0.08389
nagpur,2025-04-23,851.8,930.6,0.67341,0.0,0.01116,0.01347,0.0,0.02463
nagpur,2025-04-24,892.9,930.6,0.65708,0.0,0.05708,0.01314,0.0,0.07022
nagpur,2025-04-25,886.7,930.6,0.59901,0.0,0.07461,0.01198,0.0,0.08659
nagpur,2025-04-26,883.3,930.6,0.5563,0.0,0.02321,0.01113,0.0,0.03433
nagpur,2025-04-27,835.4,930.6,0.52369,0.0,0.0,0.01047,0.06,0.07047
nagpur,2025-04-28,742.9,930.6,0.54738,0.0,0.03203,0.01095,0.12,0.16298
nagpur,2025-04-29,768.0,930.6,0.66697,0.0,0.0,0.01334,0.12,0.13334
nagpur,2025-04-30,820.4,940.4,0.74161,0.0,0.0,0.01483,0.12,0.13483
nagpur,2025-05-01,836.1,940.4,0.75799,0.0,0.0,0.01516,0.12,0.13516
nagpur,2025-05-02,859.3,940.4,0.75522,0.0,0.02033,0.0151,0.06,0.09543
nagpur,2025-05-03,856.2,940.4,0.72822,0.0,0.116,0.01456,0.0,0.13056
nagpur,2025-05-04,817.2,940.4,0.70857,0.0,0.116,0.01417,0.0,0.13017
nagpur,2025-05-05,849.7,940.4,0.73331,0.0,0.07233,0.01467,0.0,0.087
nagpur,2025-05-06,894.3,940.4,0.71976,0.0,0.02454,0.0144,0.0,0.03894
nagpur,2025-05-07,897.0,911.9,0.6608,0.0,0.0,0.01322,0.0,0.01322
nagpur,2025-05-08,902.6,911.9,0.57798,0.0,0.0,0.01156,0.06,0.07156
nagpur,2025-05-09,862.1,911.9,0.50148,0.00132,0.0,0.01003,0.06,0.07135
nagpur,2025-05-10,868.0,911.9,0.48089,0.00066,0.0,0.00962,0.06,0.07028
nagpur,2025-05-11,883.0,911.9,0.4569,0.00576,0.0,0.00914,0.06,0.0749
nagpur,2025-05-12,827.1,911.9,0.41997,0.00288,0.0,0.0084,0.06,0.07128
nagpur,2025-05-13,966.5,911.9,0.4499,0.0,0.0,0.009,0.0,0.009
nagpur,2025-05-14,828.2,869.1,0.32256,0.0,0.01241,0.00645,0.0,0.01886
nagpur,2025-05-15,883.7,869.1,0.32119,0.0,0.0,0.00642,0.0,0.00642
nagpur,2025-05-16,884.0,869.1,0.25624,0.0,0.0212,0.00512,0.0,0.02632
nagpur,2025-05-17,827.6,869.1,0.20064,0.00312,0.04654,0.00401,0.0,0.05367
nagpur,2025-05-18,842.5,869.1,0.21827,0.0076,0.03514,0.00437,0.0,0.04711
nagpur,2025-05-19,795.3,869.1,0.21614,0.00694,0.06286,0.00432,0.0,0.07413
nagpur,2025-05-20,815.5,869.1,0.26866,0.0024,0.04051,0.00537,0.0,0.04829
nagpur,2025-05-21,827.2,872.9,0.29002,0.00286,0.05,0.0058,0.0,0.05866
nagpur,2025-05-22,760.7,872.9,0.29886,0.042,0.0727,0.00598,0.0,0.12067
nagpur,2025-05-23,755.9,872.9,0.38253,0.02034,0.10371,0.00765,0.0,0.1317
nagpur,2025-05-24,804.1,872.9,0.45922,0.0,0.07774,0.00918,0.0,0.08693
nagpur,2025-05-25,739.3,872.9,0.46921,0.0,0.1,0.00938,0.06,0.16938
nagpur,2025-05-26,656.8,872.9,0.55187,0.02032,0.1,0.01104,0.12,0.25136
nagpur,2025-05-27,627.1,872.9,0.71668,0.03276,0.02932,0.01433,0.18,0.25641
nagpur,2025-05-28,578.4,876.0,0.89075,0.0639,0.01562,0.01781,0.24,0.33734
nagpur,2025-05-29,565.2,876.0,1.09686,0.0655,0.01362,0.02194,0.24,0.34106
nagpur,2025-05-30,669.7,876.0,1.28716,0.03652,0.0,0.02574,0.18,0.24226
nagpur,2025-05-31,702.0,876.0,1.3296,0.00846,0.0,0.02659,0.18,0.21505
nagpur,2025-06-01,679.2,876.0,1.32885,0.0,0.02929,0.02658,0.18,0.23587
nagpur,2025-06-02,674.3,876.0,1.35416,0.0,0.08692,0.02708,0.12,0.234
nagpur,2025-06-03,747.8,876.0,1.38126,0.0,0.00958,0.02763,0.12,0.1572
nagpur,2025-06-04,724.0,888.8,1.32041,0.0,0.02296,0.02641,0.12,0.16937
nagpur,2025-06-05,849.5,888.8,1.30772,0.0,0.00177,0.02615,0.06,0.08792
nagpur,2025-06-06,852.3,888.8,1.15572,0.0,0.05,0.02311,0.0,0.07311
nagpur,2025-06-07,806.3,888.8,1.02337,0.0,0.0519,0.02047,0.0,0.07237
nagpur,2025-06-08,838.7,888.8,0.96264,0.0,0.033,0.01925,0.0,0.05225
nagpur,2025-06-09,849.7,888.8,0.8746,0.0,0.0393,0.01749,0.0,0.05679
nagpur,2025-06-10,845.3,888.8,0.78742,0.04532,0.0,0.01575,0.0,0.06107
nagpur,2025-06-11,792.4,917.1,0.7182,0.12194,0.0,0.01436,0.0,0.1363
nagpur,2025-06-12,828.9,917.1,0.74639,0.0498,0.0,0.01493,0.0,0.06473
nagpur,2025-06-13,927.7,917.1,0.73054,0.00436,0.0,0.01461,0.0,0.01897
nagpur,2025-06-14,863.2,917.1,0.6094,0.00214,0.0581,0.01219,0.0,0.07242
nagpur,2025-06-15,772.1,917.1,0.57671,0.06332,0.07584,0.01153,0.0,0.15069
nagpur,2025-06-16,844.7,917.1,0.64825,0.05154,0.00389,0.01297,0.0,0.06839
nagpur,2025-06-17,865.8,917.1,0.62992,0.00994,0.00417,0.0126,0.0,0.0267
nagpur,2025-06-18,800.2,911.7,0.5913,0.03284,0.033,0.01183,0.0,0.07767
nagpur,2025-06-19,806.4,911.7,0.62495,0.01642,0.08878,0.0125,0.0,0.1177
nagpur,2025-06-20,863.0,911.7,0.64675,0.0,0.083,0.01293,0.0,0.09593
nagpur,2025-06-21,839.7,911.7,0.60323,0.0,0.09292,0.01206,0.0,0.10499
nagpur,2025-06-22,806.1,911.7,0.59175,0.00356,0.10655,0.01183,0.0,0.12195
nagpur,2025-06-23,899.1,911.7,0.61887,0.00178,0.02751,0.01238,0.0,0.04167
nagpur,2025-06-24,839.5,911.7,0.53988,0.00104,0.0677,0.0108,0.0,0.07953
nagpur,2025-06-25,705.8,867.8,0.53813,0.00496,0.13365,0.01076,0.0,0.14937
nagpur,2025-06-26,703.4,867.8,0.6441,0.10994,0.01505,0.01288,0.0,0.13787
nagpur,2025-06-27,789.5,867.8,0.737,0.05386,0.05,0.01474,0.0,0.1186
nagpur,2025-06-28,631.4,867.8,0.71665,0.21412,0.01986,0.01433,0.0,0.24831
nagpur,2025-06-29,745.7,867.8,0.88163,0.13622,0.00693,0.01763,0.0,0.16078
nagpur,2025-06-30,760.2,867.8,0.89011,0.03458,0.06904,0.0178,0.0,0.12142
nagpur,2025-07-01,848.5,867.8,0.88055,0.0,0.0177,0.01761,0.0,0.03531
nagpur,2025-07-02,835.0,888.5,0.77076,0.04304,0.0,0.01542,0.0,0.05846
nagpur,2025-07-03,835.5,888.5,0.71534,0.04944,0.03892,0.01431,0.0,0.10267
nagpur,2025-07-04,697.0,888.5,0.66766,0.07144,0.13457,0.01335,0.0,0.21937
nagpur,2025-07-05,710.3,888.5,0.78304,0.06446,0.1137,0.01566,0.0,0.19382
nagpur,2025-07-06,739.2,888.5,0.8661,0.08386,0.08855,0.01732,0.0,0.18973
nagpur,2025-07-07,703.2,888.5,0.90421,0.1496,0.067,0.01808,0.0,0.23468
nagpur,2025-07-08,494.2,888.5,0.97706,0.32366,0.10587,0.01954,0.0,0.44907
nagpur,2025-07-09,557.9,904.6,1.27428,0.3308,0.01667,0.02549,0.0,0.37295
nagpur,2025-07-10,533.6,904.6,1.46643,0.30878,0.03487,0.02933,0.0,0.37298
nagpur,2025-07-11,635.2,904.6,1.65654,0.1907,0.083,0.03313,0.0,0.30683
nagpur,2025-07-12,798.7,904.6,1.70594,0.01792,0.05075,0.03412,0.0,0.10279
nagpur,2025-07-13,840.9,904.6,1.56714,0.028,0.0,0.03134,0.0,0.05934
nagpur,2025-07-14,864.9,904.6,1.40254,0.02848,0.0,0.02805,0.0,0.05653
nagpur,2025-07-15,857.0,904.6,1.23601,0.03928,0.00088,0.02472,0.0,0.06488
nagpur,2025-07-16,707.6,875.4,1.10323,0.14414,0.06922,0.02206,0.0,0.23543
nagpur,2025-07-17,719.7,875.4,1.12943,0.09522,0.05896,0.02259,0.0,0.17677
nagpur,2025-07-18,703.6,875.4,1.13797,0.08014,0.06457,0.02276,0.0,0.16747
nagpur,2025-07-19,806.5,875.4,1.16354,0.04856,0.03098,0.02327,0.0,0.10281
nagpur,2025-07-20,890.6,875.4,1.0678,0.00814,0.0,0.02136,0.0,0.0295
nagpur,2025-07-21,845.9,875.4,0.89026,0.0156,0.00626,0.01781,0.0,0.03966
nagpur,2025-07-22,764.8,875.4,0.79049,0.0078,0.05369,0.01581,0.0,0.0773
nagpur,2025-07-23,696.6,926.0,0.79832,0.07568,0.133,0.01597,0.0,0.22465
nagpur,2025-07-24,601.9,926.0,0.92629,0.13684,0.20165,0.01853,0.0,0.35701
nagpur,2025-07-25,707.3,926.0,1.13736,0.20802,0.05001,0.02275,0.0,0.28078
nagpur,2025-07-26,672.7,926.0,1.20289,0.19778,0.07037,0.02406,0.0,0.29221
nagpur,2025-07-27,676.0,926.0,1.29594,0.2649,0.0,0.02592,0.0,0.29082
nagpur,2025-07-28,834.8,926.0,1.3715,0.07282,0.00637,0.02743,0.0,0.10662
nagpur,2025-07-29,802.6,926.0,1.26424,0.04988,0.0,0.02528,0.0,0.07516
nagpur,2025-07-30,728.6,903.7,1.20789,0.13346,0.04138,0.02416,0.0,0.199
nagpur,2025-07-31,799.9,903.7,1.22053,0.05426,0.02744,0.02441,0.0,0.10611
nagpur,2025-08-01,833.9,903.7,1.15233,0.0,0.0,0.02305,0.0,0.02305
nagpur,2025-08-02,876.1,903.7,1.05672,0.0,0.02283,0.02113,0.0,0.04397
nagpur,2025-08-03,841.5,903.7,0.92881,0.02176,0.0381,0.01858,0.0,0.07844
nagpur,2025-08-04,842.1,903.7,0.85831,0.01088,0.0331,0.01717,0.0,0.06115
nagpur,2025-08-05,890.9,903.7,0.79778,0.0,0.0,0.01596,0.0,0.01596
nagpur,2025-08-06,927.2,930.7,0.69224,0.0,0.01787,0.01384,0.0,0.03171
nagpur,2025-08-07,785.5,930.7,0.59212,0.027,0.07215,0.01184,0.0,0.11099
nagpur,2025-08-08,788.4,930.7,0.65923,0.1215,0.01518,0.01318,0.0,0.14987
nagpur,2025-08-09,768.1,930.7,0.71322,0.10232,0.0262,0.01426,0.0,0.14279
nagpur,2025-08-10,881.0,930.7,0.78086,0.02888,0.02477,0.01562,0.0,0.06927
nagpur,2025-08-11,794.0,930.7,0.71711,0.02936,0.05099,0.01434,0.0,0.09469
nagpur,2025-08-12,875.3,930.7,0.75637,0.02946,0.02619,0.01513,0.0,0.07078
nagpur,2025-08-13,829.3,949.3,0.70239,0.07054,0.03348,0.01405,0.0,0.11806
nagpur,2025-08-14,768.5,949.3,0.72342,0.16076,0.0,0.01447,0.0,0.17523
nagpur,2025-08-15,866.7,949.3,0.80536,0.0931,0.0,0.01611,0.0,0.10921
nagpur,2025-08-16,692.3,949.3,0.77161,0.21762,0.00325,0.01543,0.06,0.2963
nagpur,2025-08-17,565.8,949.3,0.92658,0.26324,0.01937,0.01853,0.12,0.42114
nagpur,2025-08-18,553.4,949.3,1.19154,0.21312,0.0,0.02383,0.18,0.41695
nagpur,2025-08-19,605.4,949.3,1.4299,0.1897,0.0,0.0286,0.18,0.3983
nagpur,2025-08-20,449.6,921.9,1.5777,0.29644,0.0,0.03155,0.18,0.50799
nagpur,2025-08-21,364.5,921.9,1.85332,0.36984,0.02746,0.03707,0.18,0.61436
nagpur,2025-08-22,404.0,921.9,2.17989,0.31456,0.0212,0.0436,0.18,0.55936
nagpur,2025-08-23,396.9,921.9,2.41469,0.22284,0.1,0.04829,0.18,0.55113
nagpur,2025-08-24,542.4,921.9,2.62197,0.03778,0.08789,0.05244,0.24,0.41811
nagpur,2025-08-25,642.8,921.9,2.64033,0.0,0.0,0.05281,0.24,0.29281
nagpur,2025-08-26,719.1,921.9,2.54703,0.0,0.0,0.05094,0.18,0.23094
nagpur,2025-08-27,651.8,908.6,2.38493,0.14312,0.0,0.0477,0.12,0.31082
nagpur,2025-08-28,771.4,908.6,2.30985,0.07156,0.0,0.0462,0.06,0.17776
nagpur,2025-08-29,698.7,908.6,2.1144,0.18928,0.02345,0.04229,0.0,0.25502
nagpur,2025-08-30,866.0,908.6,2.02827,0.05464,0.0,0.04057,0.0,0.09521
nagpur,2025-08-31,857.9,908.6,1.77091,0.0,0.00328,0.03542,0.0,0.0387
nagpur,2025-09-01,790.7,908.6,1.56111,0.08488,0.0,0.03122,0.0,0.1161
nagpur,2025-09-02,746.2,908.6,1.45665,0.1764,0.0,0.02913,0.0,0.20553
nagpur,2025-09-03,675.3,924.8,1.41685,0.24518,0.0143,0.02834,0.0,0.28782
nagpur,2025-09-04,749.3,924.8,1.47411,0.14254,0.0,0.02948,0.0,0.17202
nagpur,2025-09-05,851.0,924.8,1.44272,0.00672,0.02108,0.02885,0.0,0.05665
nagpur,2025-09-06,897.4,924.8,1.30608,0.0,0.00687,0.02612,0.0,0.03299
nagpur,2025-09-07,926.2,924.8,1.13983,0.0,0.02058,0.0228,0.0,0.04338
nagpur,2025-09-08,828.4,924.8,0.96735,0.0,0.05881,0.01935,0.0,0.07816
nagpur,2025-09-09,803.9,924.8,0.92646,0.0446,0.04932,0.01853,0.0,0.11245
nagpur,2025-09-10,890.5,952.8,0.91826,0.02782,0.00053,0.01837,0.0,0.04672
nagpur,2025-09-11,858.9,952.8,0.84593,0.02644,0.0,0.01692,0.0,0.04336
nagpur,2025-09-12,801.4,952.8,0.81759,0.10028,0.01679,0.01635,0.06,0.19342
nagpur,2025-09-13,717.4,952.8,0.85391,0.11006,0.01829,0.01708,0.12,0.26543
nagpur,2025-09-14,696.2,952.8,0.9729,0.05024,0.0,0.01946,0.18,0.2497
nagpur,2025-09-15,644.6,952.8,1.09626,0.06886,0.0,0.02193,0.24,0.33079
nagpur,2025-09-16,614.3,952.8,1.2553,0.10122,0.0,0.02511,0.24,0.36633
nagpur,2025-09-17,691.6,933.7,1.42229,0.05124,0.0,0.02845,0.18,0.25969
nagpur,2025-09-18,724.1,933.7,1.46827,0.0088,0.03503,0.02937,0.12,0.1932
nagpur,2025-09-19,885.6,933.7,1.4725,0.00048,0.00175,0.02945,0.06,0.09168
nagpur,2025-09-20,906.8,933.7,1.30319,0.0,0.0,0.02606,0.0,0.02606
nagpur,2025-09-21,882.0,933.7,1.13656,0.03516,0.02734,0.02273,0.0,0.08523
nagpur,2025-09-22,863.6,933.7,1.02148,0.01842,0.0,0.02043,0.0,0.03885
nagpur,2025-09-23,861.5,933.7,0.94334,0.00042,0.0,0.01887,0.0,0.01929
nagpur,2025-09-24,926.3,916.1,0.87919,0.0,0.0,0.01758,0.0,0.01758
nagpur,2025-09-25,821.3,916.1,0.73613,0.0,0.04373,0.01472,0.0,0.05845
nagpur,2025-09-26,765.0,916.1,0.72918,0.05464,0.1,0.01458,0.0,0.16922
nagpur,2025-09-27,718.3,916.1,0.78473,0.12048,0.05753,0.01569,0.0,0.19371
nagpur,2025-09-28,651.2,916.1,0.88285,0.26938,0.01123,0.01766,0.0,0.29826
nagpur,2025-09-29,738.5,916.1,1.0396,0.0714,0.06876,0.02079,0.0,0.16095
nagpur,2025-09-30,827.3,916.1,1.07747,0.0,0.09011,0.02155,0.0,0.11165
nagpur,2025-10-01,783.5,881.4,1.01274,0.0012,0.1474,0.02025,0.0,0.16885
nagpur,2025-10-02,777.0,881.4,0.97186,0.0006,0.09829,0.01944,0.0,0.11833
nagpur,2025-10-03,691.5,881.4,0.94454,0.16132,0.067,0.01889,0.0,0.24721
nagpur,2025-10-04,700.4,881.4,1.01823,0.08066,0.07913,0.02036,0.06,0.24016
nagpur,2025-10-05,676.8,881.4,1.07087,0.0,0.08056,0.02142,0.12,0.22198
nagpur,2025-10-06,579.7,881.4,1.14231,0.1368,0.01678,0.02285,0.18,0.35642
nagpur,2025-10-07,526.4,881.4,1.31326,0.1208,0.0118,0.02627,0.24,0.39886
nagpur,2025-10-08,493.0,915.9,1.51897,0.04664,0.13803,0.03038,0.24,0.45505
nagpur,2025-10-09,586.4,915.9,1.75287,0.02626,0.07172,0.03506,0.24,0.37303
nagpur,2025-10-10,609.6,915.9,1.84971,0.01034,0.05223,0.03699,0.24,0.33957
nagpur,2025-10-11,580.4,915.9,1.90673,0.00452,0.09515,0.03813,0.24,0.3778
nagpur,2025-10-12,548.8,915.9,1.98708,0.00168,0.11288,0.03974,0.24,0.3943
nagpur,2025-10-13,550.7,915.9,2.08981,0.0,0.12581,0.0418,0.24,0.40761
nagpur,2025-10-14,680.4,915.9,2.17507,0.0,0.05486,0.0435,0.18,0.27837
nagpur,2025-10-15,698.5,939.8,2.10597,0.0,0.098,0.04212,0.12,0.26012
nagpur,2025-10-16,844.7,939.8,2.04681,0.0,0.01755,0.04094,0.06,0.11849
nagpur,2025-10-17,851.1,939.8,1.84098,0.0,0.0,0.03682,0.0,0.03682
nagpur,2025-10-18,896.5,939.8,1.65927,0.0,0.02481,0.03319,0.0,0.058
nagpur,2025-10-19,807.2,939.8,1.45651,0.0,0.04387,0.02913,0.0,0.073
nagpur,2025-10-20,849.4,939.8,1.37919,0.0,0.05,0.02758,0.0,0.07758
nagpur,2025-10-21,894.0,939.8,1.26847,0.0,0.02893,0.02537,0.0,0.0543
nagpur,2025-10-22,847.2,936.5,1.12696,0.0,0.06279,0.02254,0.0,0.08533
nagpur,2025-10-23,879.2,936.5,1.05323,0.0,0.00031,0.02106,0.0,0.02138
nagpur,2025-10-24,930.8,936.5,0.9564,0.0,0.0,0.01913,0.0,0.01913
nagpur,2025-10-25,911.1,936.5,0.81903,0.0,0.04003,0.01638,0.0,0.05641
nagpur,2025-10-26,833.3,936.5,0.72335,0.0,0.083,0.01447,0.0,0.09747
nagpur,2025-10-27,890.5,936.5,0.72508,0.0,0.05414,0.0145,0.0,0.06864
nagpur,2025-10-28,886.6,936.5,0.66539,0.0,0.08306,0.01331,0.0,0.09637
nagpur,2025-10-29,799.6,901.6,0.61882,0.0,0.08351,0.01238,0.0,0.09589
nagpur,2025-10-30,634.1,901.6,0.63908,0.15948,0.10739,0.01278,0.0,0.27966
nagpur,2025-10-31,763.2,901.6,0.83992,0.07974,0.1,0.0168,0.0,0.19654
nagpur,2025-11-01,775.5,901.6,0.86744,0.0,0.15972,0.01735,0.0,0.17707
nagpur,2025-11-02,844.2,901.6,0.87715,0.0,0.06442,0.01754,0.0,0.08196
nagpur,2025-11-03,725.1,901.6,0.80921,0.10112,0.03635,0.01618,0.0,0.15365
nagpur,2025-11-04,830.0,901.6,0.8836,0.05056,0.07147,0.01767,0.0,0.1397
nagpur,2025-11-05,811.9,896.7,0.83037,0.0,0.07984,0.01661,0.0,0.09645
nagpur,2025-11-06,824.0,896.7,0.80036,0.0,0.08408,0.01601,0.0,0.10009
nagpur,2025-11-07,871.8,896.7,0.76134,0.0,0.01098,0.01523,0.0,0.0262
nagpur,2025-11-08,820.0,896.7,0.67488,0.0,0.06225,0.0135,0.0,0.07575
nagpur,2025-11-09,741.8,896.7,0.65917,0.0,0.12302,0.01318,0.0,0.1362
nagpur,2025-11-10,710.8,896.7,0.73307,0.0,0.1639,0.01466,0.0,0.17856
nagpur,2025-11-11,841.4,896.7,0.83042,0.0,0.02081,0.01661,0.0,0.03742
nagpur,2025-11-12,838.9,896.4,0.76755,0.0,0.02535,0.01535,0.0,0.0407
nagpur,2025-11-13,751.4,896.4,0.71656,0.0,0.11192,0.01433,0.0,0.12626
nagpur,2025-11-14,730.9,896.4,0.77085,0.0,0.16222,0.01542,0.0,0.17764
nagpur,2025-11-15,792.0,896.4,0.83983,0.0,0.12128,0.0168,0.0,0.13808
nagpur,2025-11-16,873.5,896.4,0.83031,0.0,0.0,0.01661,0.0,0.01661
nagpur,2025-11-17,883.8,896.4,0.73132,0.0,0.0,0.01463,0.0,0.01463
nagpur,2025-11-18,855.8,896.4,0.63569,0.0,0.07934,0.01271,0.0,0.09205
nagpur,2025-11-19,745.5,909.0,0.58554,0.0,0.1022,0.01171,0.0,0.11391
nagpur,2025-11-20,835.3,909.0,0.67757,0.0,0.07413,0.01355,0.0,0.08768
nagpur,2025-11-21,920.0,909.0,0.65704,0.0,0.0,0.01314,0.0,0.01314
nagpur,2025-11-22,865.2,909.0,0.54643,0.00024,0.04066,0.01093,0.0,0.05183
nagpur,2025-11-23,758.8,909.0,0.51271,0.00012,0.1,0.01025,0.0,0.11037
nagpur,2025-11-24,802.2,909.0,0.60113,0.00548,0.07867,0.01202,0.0,0.09617
nagpur,2025-11-25,802.6,909.0,0.6285,0.00314,0.10419,0.01257,0.0,0.1199
nagpur,2025-11-26,745.5,859.9,0.65128,0.00064,0.10545,0.01303,0.0,0.11912
nagpur,2025-11-27,813.6,859.9,0.68666,0.00182,0.0503,0.01373,0.0,0.06585
nagpur,2025-11-28,725.3,859.9,0.63749,0.00096,0.07188,0.01275,0.06,0.14559
nagpur,2025-11-29,631.7,859.9,0.69844,8e-05,0.10614,0.01397,0.12,0.24018
nagpur,2025-11-30,585.6,859.9,0.85913,0.00496,0.1,0.01718,0.18,0.30214
nagpur,2025-12-01,526.7,859.9,1.04922,0.00248,0.1,0.02098,0.24,0.36346
nagpur,2025-12-02,543.0,859.9,1.27931,0.0,0.1,0.02559,0.24,0.36559
nagpur,2025-12-03,619.7,878.8,1.45595,0.0,0.1,0.02912,0.18,0.30912
nagpur,2025-12-04,618.1,878.8,1.53237,0.0,0.13829,0.03065,0.12,0.28894
nagpur,2025-12-05,694.0,878.8,1.59925,0.0,0.12661,0.03199,0.06,0.21859
nagpur,2025-12-06,705.1,878.8,1.56967,0.0,0.15307,0.03139,0.0,0.18446
nagpur,2025-12-07,839.5,878.8,1.53192,0.0,0.01504,0.03064,0.0,0.04568
nagpur,2025-12-08,830.8,878.8,1.34689,0.0,0.02957,0.02694,0.0,0.05651
nagpur,2025-12-09,813.6,878.8,1.19954,0.0,0.0,0.02399,0.0,0.02399
nagpur,2025-12-10,877.0,871.1,1.09379,0.0,0.0,0.02188,0.0,0.02188
nagpur,2025-12-11,823.6,871.1,0.92297,0.0,0.07099,0.01846,0.0,0.08945
nagpur,2025-12-12,750.3,871.1,0.83899,0.0,0.1,0.01678,0.0,0.11678
nagpur,2025-12-13,752.1,871.1,0.85184,0.0,0.1012,0.01704,0.0,0.11823
nagpur,2025-12-14,750.8,871.1,0.86062,0.0,0.10867,0.01721,0.0,0.12588
nagpur,2025-12-15,724.5,871.1,0.86965,0.0,0.11284,0.01739,0.0,0.13024
nagpur,2025-12-16,820.7,871.1,0.90744,0.0,0.00725,0.01815,0.0,0.0254
nagpur,2025-12-17,801.3,897.3,0.82921,0.0004,0.01504,0.01658,0.06,0.09202
nagpur,2025-12-18,718.3,897.3,0.81179,0.0002,0.02166,0.01624,0.12,0.15809
nagpur,2025-12-19,699.8,897.3,0.8895,0.0,0.0,0.01779,0.18,0.19779
nagpur,2025-12-20,721.9,897.3,0.97621,0.0,0.01595,0.01952,0.18,0.21547
nagpur,2025-12-21,711.0,897.3,1.02525,0.0,0.0,0.02051,0.18,0.20051
nagpur,2025-12-22,750.4,897.3,1.07909,0.0,0.005,0.02158,0.12,0.14658
nagpur,2025-12-23,817.9,897.3,1.08096,0.0,0.0,0.02162,0.06,0.08162
nagpur,2025-12-24,920.7,912.1,1.00732,0.0,0.0164,0.02015,0.0,0.03655
nagpur,2025-12-25,859.5,912.1,0.84675,0.00036,0.05987,0.01694,0.0,0.07717
nagpur,2025-12-26,743.3,912.1,0.77745,0.00018,0.12445,0.01555,0.0,0.14018
nagpur,2025-12-27,758.6,912.1,0.84592,0.0,0.1592,0.01692,0.0,0.17612
nagpur,2025-12-28,855.7,912.1,0.8873,0.0,0.0523,0.01775,0.0,0.07005
nagpur,2025-12-29,855.0,912.1,0.81601,0.0,0.0,0.01632,0.0,0.01632
nagpur,2025-12-30,925.7,912.1,0.75621,0.0,0.0,0.01512,0.0,0.01512
nagpur,2025-12-31,856.8,884.2,0.62783,0.0,0.01518,0.01256,0.0,0.02773
nagpur,2026-01-01,832.8,884.2,0.5647,0.0,0.01367,0.01129,0.0,0.02496
nagpur,2026-01-02,827.2,884.2,0.53814,0.0,0.05021,0.01076,0.0,0.06097
nagpur,2026-01-03,799.7,884.2,0.52191,0.0,0.04902,0.01044,0.0,0.05945
nagpur,2026-01-04,888.9,884.2,0.53929,0.0,0.0,0.01079,0.0,0.01079
nagpur,2026-01-05,861.5,884.2,0.45318,0.0,0.0,0.00906,0.0,0.00906
nagpur,2026-01-06,849.2,884.2,0.41097,0.0,0.008,0.00822,0.0,0.01622
nagpur,2026-01-07,851.4,884.0,0.38892,0.00348,0.0,0.00778,0.0,0.01126
nagpur,2026-01-08,799.9,884.0,0.36742,0.00174,0.08922,0.00735,0.0,0.09831
nagpur,2026-01-09,793.7,884.0,0.40745,0.0,0.1,0.00815,0.0,0.10815
nagpur,2026-01-10,777.7,884.0,0.44846,0.00244,0.08304,0.00897,0.0,0.09445
nagpur,2026-01-11,765.0,884.0,0.50145,0.00122,0.06079,0.01003,0.0,0.07204
nagpur,2026-01-12,758.0,884.0,0.56086,0.01592,0.09545,0.01122,0.0,0.12259
nagpur,2026-01-13,779.5,884.0,0.61923,0.00796,0.0855,0.01238,0.0,0.10585
nagpur,2026-01-14,803.8,870.6,0.64459,0.0,0.067,0.01289,0.0,0.07989
nagpur,2026-01-15,792.8,870.6,0.62464,0.0,0.067,0.01249,0.0,0.07949
nagpur,2026-01-16,842.8,870.6,0.62033,0.0,0.02467,0.01241,0.0,0.03708
nagpur,2026-01-17,869.9,870.6,0.55914,0.0,0.0163,0.01118,0.0,0.02748
nagpur,2026-01-18,841.9,870.6,0.47608,0.0,0.002,0.00952,0.0,0.01152
nagpur,2026-01-19,831.4,870.6,0.43762,0.02324,0.0,0.00875,0.0,0.03199
nagpur,2026-01-20,764.4,870.6,0.41694,0.01162,0.02815,0.00834,0.06,0.1081
nagpur,2026-01-21,704.8,875.4,0.47638,0.0,0.05,0.00953,0.12,0.17953
nagpur,2026-01-22,663.4,875.4,0.59981,0.0,0.05677,0.012,0.18,0.24876
nagpur,2026-01-23,599.9,875.4,0.75196,0.0,0.06536,0.01504,0.24,0.3204
nagpur,2026-01-24,620.4,875.4,0.95386,0.0,0.06273,0.01908,0.24,0.32181
nagpur,2026-01-25,698.2,875.4,1.10207,0.0,0.01142,0.02204,0.18,0.21346
nagpur,2026-01-26,734.3,875.4,1.13913,0.01396,0.0,0.02278,0.12,0.15674
nagpur,2026-01-27,763.3,875.4,1.12936,0.00698,0.0,0.02259,0.06,0.08957
nagpur,2026-01-28,860.9,852.9,1.08798,0.0,0.0,0.02176,0.0,0.02176
nagpur,2026-01-29,822.6,852.9,0.91541,0.0,0.00584,0.01831,0.0,0.02415
nagpur,2026-01-30,744.8,852.9,0.81356,0.03652,0.07412,0.01627,0.0,0.12692
nagpur,2026-01-31,779.7,852.9,0.8183,0.01826,0.05514,0.01637,0.06,0.14977
nagpur,2026-02-01,686.6,852.9,0.78141,0.0,0.05,0.01563,0.12,0.18563
nagpur,2026-02-02,736.6,852.9,0.85914,0.0,0.01381,0.01718,0.12,0.151
nagpur,2026-02-03,717.6,852.9,0.86663,0.0,0.01401,0.01733,0.12,0.15134
nagpur,2026-02-04,698.8,840.2,0.89527,0.0,0.05437,0.01791,0.12,0.19228
nagpur,2026-02-05,720.9,840.2,0.92921,0.0,0.07911,0.01858,0.06,0.1577
nagpur,2026-02-06,846.2,840.2,0.93174,0.00484,0.0,0.01863,0.0,0.02347
nagpur,2026-02-07,780.2,840.2,0.78482,0.00242,0.02008,0.0157,0.0,0.0382
nagpur,2026-02-08,833.7,840.2,0.73844,0.0,0.00716,0.01477,0.0,0.02193
nagpur,2026-02-09,835.6,840.2,0.63535,0.0,0.0,0.01271,0.0,0.01271
nagpur,2026-02-10,777.7,840.2,0.54551,0.0,0.01619,0.01091,0.06,0.0871
nagpur,2026-02-11,679.1,826.8,0.53804,0.00588,0.0,0.01076,0.12,0.13664
nagpur,2026-02-12,635.4,826.8,0.6359,0.00294,0.0398,0.01272,0.18,0.23546
nagpur,2026-02-13,598.6,826.8,0.77202,0.0,0.02653,0.01544,0.24,0.28197
nagpur,2026-02-14,627.5,826.8,0.93213,0.0,0.0,0.01864,0.24,0.25864
nagpur,2026-02-15,680.8,826.8,1.03336,0.0,0.0,0.02067,0.18,0.20067
nagpur,2026-02-16,687.6,826.8,1.0549,0.0,0.0,0.0211,0.12,0.1411
nagpur,2026-02-17,707.2,826.8,1.065,0.0,0.02119,0.0213,0.06,0.10249
nagpur,2026-02-18,761.7,792.0,1.0498,0.0,0.067,0.021,0.0,0.088
nagpur,2026-02-19,759.7,792.0,0.93053,0.0,0.00183,0.01861,0.0,0.02044
nagpur,2026-02-20,806.0,792.0,0.83176,0.0,0.00445,0.01664,0.0,0.02109
nagpur,2026-02-21,815.9,792.0,0.68933,0.0,0.0,0.01379,0.0,0.01379
nagpur,2026-02-22,792.2,792.0,0.55581,0.0,0.01412,0.01112,0.0,0.02523
nagpur,2026-02-23,716.9,792.0,0.47223,0.0,0.11713,0.00944,0.0,0.12657
nagpur,2026-02-24,684.8,792.0,0.49617,0.0054,0.11312,0.00992,0.0,0.12845
nagpur,2026-02-25,663.0,792.0,0.55709,0.0499,0.1047,0.01114,0.0,0.16574
nagpur,2026-02-26,700.5,792.0,0.63637,0.0236,0.1,0.01273,0.0,0.13633
nagpur,2026-02-27,715.8,792.0,0.65645,0.0,0.06797,0.01313,0.0,0.0811
nagpur,2026-02-28,764.5,792.0,0.65419,0.0,0.0,0.01308,0.0,0.01308
nagpur,2026-03-01,765.1,792.0,0.59072,0.0,0.01032,0.01181,0.0,0.02214
nagpur,2026-03-02,714.3,792.0,0.53604,0.0,0.03455,0.01072,0.0,0.04527
nagpur,2026-03-03,795.4,792.0,0.55368,0.0,0.00318,0.01107,0.0,0.01425
nagpur,2026-03-04,822.0,840.3,0.4663,0.0,0.01035,0.00933,0.0,0.01968
nagpur,2026-03-05,854.6,840.3,0.4182,0.01896,0.0,0.00836,0.0,0.02732
nagpur,2026-03-06,837.4,840.3,0.33854,0.00948,0.0,0.00677,0.0,0.01625
nagpur,2026-03-07,835.8,840.3,0.29126,0.0,0.04822,0.00583,0.0,0.05405
nagpur,2026-03-08,788.7,840.3,0.25304,0.0,0.02362,0.00506,0.06,0.08868
nagpur,2026-03-09,746.4,840.3,0.27658,0.0,0.0,0.00553,0.12,0.12553
nagpur,2026-03-10,709.0,840.3,0.34689,0.0,0.0,0.00694,0.18,0.18694
nagpur,2026-03-11,597.5,828.8,0.45113,0.0,0.0,0.00902,0.24,0.24902
nagpur,2026-03-12,629.7,828.8,0.66253,0.0,0.01024,0.01325,0.24,0.26349
nagpur,2026-03-13,641.7,828.8,0.80339,0.0,0.02844,0.01607,0.18,0.22451
nagpur,2026-03-14,688.0,828.8,0.90865,0.0,0.00229,0.01817,0.12,0.14046
nagpur,2026-03-15,736.4,828.8,0.94221,0.0,0.0,0.01884,0.06,0.07884
nagpur,2026-03-16,822.1,828.8,0.91233,0.0,0.01378,0.01825,0.0,0.03203
nagpur,2026-03-17,820.1,828.8,0.78354,0.0,0.00208,0.01567,0.0,0.01775
nagpur,2026-03-18,804.7,840.1,0.6765,0.00236,0.01292,0.01353,0.0,0.02881
nagpur,2026-03-19,774.5,840.1,0.61719,0.00118,0.0,0.01234,0.0,0.01352
nagpur,2026-03-20,786.4,840.1,0.60271,0.02488,0.02477,0.01205,0.0,0.0617
nagpur,2026-03-21,815.9,840.1,0.57622,0.01504,0.01736,0.01152,0.0,0.04393
nagpur,2026-03-22,784.2,840.1,0.51851,0.0013,0.02331,0.01037,0.0,0.03498
nagpur,2026-03-23,792.7,840.1,0.50723,0.0,0.0291,0.01014,0.0,0.03924
nagpur,2026-03-24,807.4,840.1,0.48749,0.0,0.0,0.00975,0.0,0.00975
nagpur,2026-03-25,847.8,828.9,0.45325,0.0,0.0,0.00906,0.0,0.00906
nagpur,2026-03-26,775.5,828.9,0.36249,0.0,0.05766,0.00725,0.0,0.06491
nagpur,2026-03-27,802.9,828.9,0.37263,0.0,0.01157,0.00745,0.0,0.01903
nagpur,2026-03-28,794.6,828.9,0.34814,0.0,0.0,0.00696,0.0,0.00696
nagpur,2026-03-29,847.3,828.9,0.33733,0.02464,0.0,0.00675,0.0,0.03139
nagpur,2026-03-30,786.7,828.9,0.26454,0.01232,0.01395,0.00529,0.0,0.03156
nagpur,2026-03-31,792.0,828.9,0.27582,0.0,0.0629,0.00552,0.0,0.06841
nagpur,2026-04-01,792.2,792.0,0.27897,0.0,0.02247,0.00558,0.0,0.02805
nagpur,2026-04-02,650.9,792.0,0.23691,0.09264,0.01276,0.00474,0.06,0.17014
nagpur,2026-04-03,666.0,792.0,0.37955,0.04632,0.0,0.00759,0.12,0.17391
nagpur,2026-04-04,687.0,792.0,0.4817,0.00188,0.0,0.00963,0.12,0.13151
nagpur,2026-04-05,668.5,792.0,0.54206,0.00094,0.0,0.01084,0.12,0.13178
nagpur,2026-04-06,645.4,792.0,0.61668,0.0,0.03261,0.01233,0.12,0.16494
nagpur,2026-04-07,665.0,792.0,0.70922,0.0,0.083,0.01418,0.06,0.15718
nagpur,2026-04-08,740.1,792.0,0.76313,0.0,0.083,0.01526,0.0,0.09826
nagpur,2026-04-09,727.4,792.0,0.71423,0.0,0.05778,0.01428,0.0,0.07206
nagpur,2026-04-10,738.8,792.0,0.68865,0.0,0.05665,0.01377,0.0,0.07042
nagpur,2026-04-11,781.3,792.0,0.65253,0.0,0.02724,0.01305,0.0,0.04029
nagpur,2026-04-12,796.8,792.0,0.56818,0.0,0.01402,0.01136,0.0,0.02538
nagpur,2026-04-13,707.5,792.0,0.47691,0.0,0.00339,0.00954,0.06,0.07292
nagpur,2026-04-14,683.0,792.0,0.51204,0.0,0.0718,0.01024,0.12,0.20204
nagpur,2026-04-15,565.3,792.0,0.57287,0.0,0.11536,0.01146,0.18,0.30681
nagpur,2026-04-16,507.3,792.0,0.7732,0.0,0.09795,0.01546,0.24,0.35341
nagpur,2026-04-17,592.6,792.0,1.01666,0.0,0.00068,0.02033,0.24,0.26101
nagpur,2026-04-18,630.7,792.0,1.11594,0.0,0.03268,0.02232,0.18,0.235
nagpur,2026-04-19,558.3,792.0,1.15223,0.0,0.13614,0.02304,0.12,0.27919
nagpur,2026-04-20,596.3,792.0,1.27453,0.0,0.15603,0.02549,0.06,0.24152
nagpur,2026-04-21,708.7,792.0,1.3305,0.0,0.06364,0.02661,0.0,0.09025
nagpur,2026-04-22,783.0,837.8,1.23615,0.0,0.0,0.02472,0.0,0.02472
nagpur,2026-04-23,807.7,837.8,1.11616,0.0,0.00267,0.02232,0.0,0.025
nagpur,2026-04-24,809.4,837.8,0.98462,0.0,0.00797,0.01969,0.0,0.02766
nagpur,2026-04-25,781.8,837.8,0.87082,0.0,0.0149,0.01742,0.0,0.03232
nagpur,2026-04-26,785.1,837.8,0.80702,0.0,0.04447,0.01614,0.0,0.06061
nagpur,2026-04-27,818.4,837.8,0.7489,0.0,0.01049,0.01498,0.0,0.02547
nagpur,2026-04-28,818.3,837.8,0.65972,0.0,0.0,0.01319,0.0,0.01319
nagpur,2026-04-29,843.6,837.5,0.58401,0.0,0.0,0.01168,0.0,0.01168
nagpur,2026-04-30,795.1,837.5,0.48916,0.0,0.00696,0.00978,0.0,0.01674
nagpur,2026-05-01,842.9,837.5,0.4664,0.0,0.0,0.00933,0.0,0.00933
nagpur,2026-05-02,745.6,837.5,0.39001,0.00036,0.0,0.0078,0.0,0.00816
nagpur,2026-05-03,864.9,837.5,0.44127,0.0091,0.01371,0.00883,0.0,0.03163
nagpur,2026-05-04,786.0,837.5,0.34241,0.00446,0.05,0.00685,0.0,0.06131
nagpur,2026-05-05,777.4,837.5,0.35253,0.0,0.05,0.00705,0.0,0.05705
nagpur,2026-05-06,779.7,814.8,0.37148,0.00292,0.05,0.00743,0.0,0.06035
nagpur,2026-05-07,756.6,814.8,0.35882,0.00146,0.05802,0.00718,0.0,0.06666
nagpur,2026-05-08,756.7,814.8,0.37645,0.0,0.0572,0.00753,0.0,0.06473
nagpur,2026-05-09,753.2,814.8,0.39133,0.0,0.067,0.00783,0.0,0.07483
nagpur,2026-05-10,767.0,814.8,0.40829,0.0,0.067,0.00817,0.0,0.07517
nagpur,2026-05-11,761.1,814.8,0.40569,0.0,0.02432,0.00811,0.0,0.03243
nagpur,2026-05-12,823.4,814.8,0.41079,0.0,0.00262,0.00822,0.0,0.01084
nagpur,2026-05-13,804.9,836.2,0.33859,0.0,0.01721,0.00677,0.0,0.02399
nagpur,2026-05-14,845.2,836.2,0.32521,0.0,0.0,0.0065,0.0,0.0065
nagpur,2026-05-15,800.6,836.2,0.26567,0.0,0.0118,0.00531,0.0,0.01711
nagpur,2026-05-16,729.3,836.2,0.2684,0.0,0.09157,0.00537,0.0,0.09694
nagpur,2026-05-17,653.3,836.2,0.356,0.0,0.20857,0.00712,0.0,0.21569
nagpur,2026-05-18,673.8,836.2,0.52129,0.0,0.15661,0.01043,0.0,0.16704
nagpur,2026-05-19,801.0,836.2,0.63728,0.0,0.01112,0.01275,0.0,0.02387
nagpur,2026-05-20,772.6,810.8,0.58379,0.0,0.05705,0.01168,0.0,0.06872
nagpur,2026-05-21,807.9,810.8,0.54332,0.0,0.01346,0.01087,0.0,0.02433
nagpur,2026-05-22,686.7,810.8,0.46548,0.0,0.12855,0.00931,0.0,0.13785
nagpur,2026-05-23,705.6,810.8,0.54869,0.0,0.11192,0.01097,0.0,0.1229
nagpur,2026-05-24,800.2,810.8,0.59613,0.0,0.01277,0.01192,0.0,0.02469
nagpur,2026-05-25,783.0,810.8,0.51985,0.0,0.0,0.0104,0.0,0.0104
nagpur,2026-05-26,717.9,810.8,0.47615,0.0,0.05686,0.00952,0.0,0.06638
nagpur,2026-05-27,719.2,818.4,0.51933,0.0,0.083,0.01039,0.0,0.09339
nagpur,2026-05-28,758.1,818.4,0.56271,0.0,0.09086,0.01125,0.0,0.10212
nagpur,2026-05-29,751.3,818.4,0.55201,0.0,0.1152,0.01104,0.0,0.12624
nagpur,2026-05-30,806.5,818.4,0.55128,0.0,0.01467,0.01103,0.0,0.02569
nagpur,2026-05-31,644.4,818.4,0.48323,0.11104,0.0,0.00966,0.06,0.1807
nagpur,2026-06-01,717.8,818.4,0.62337,0.05944,0.0,0.01247,0.06,0.13191
nagpur,2026-06-02,751.7,818.4,0.65283,0.01928,0.0,0.01306,0.06,0.09234
nagpur,2026-06-03,762.0,818.7,0.63642,0.00866,0.0,0.01273,0.06,0.08139
nagpur,2026-06-04,788.8,818.7,0.61022,0.0,0.01215,0.0122,0.06,0.08436
nagpur,2026-06-05,740.9,818.7,0.55522,0.0,0.11201,0.0111,0.0,0.12312
nagpur,2026-06-06,769.1,818.7,0.56695,0.0034,0.08054,0.01134,0.0,0.09528
nagpur,2026-06-07,727.7,818.7,0.54251,0.0017,0.08007,0.01085,0.0,0.09262
nagpur,2026-06-08,747.9,818.7,0.5723,0.0,0.067,0.01145,0.0,0.07845
nagpur,2026-06-09,755.5,818.7,0.57288,0.0,0.067,0.01146,0.0,0.07846
nagpur,2026-06-10,752.0,797.6,0.56416,0.0,0.0691,0.01128,0.0,0.08039
nagpur,2026-06-11,721.3,797.6,0.53679,0.0,0.08486,0.01074,0.0,0.09559
nagpur,2026-06-12,765.9,797.6,0.55201,0.0,0.05,0.01104,0.0,0.06104
nagpur,2026-06-13,759.5,797.6,0.50894,0.017,0.05,0.01018,0.0,0.07718
nagpur,2026-06-14,717.2,797.6,0.48045,0.07982,0.02266,0.00961,0.0,0.11209
nagpur,2026-06-15,795.5,797.6,0.50927,0.03566,0.01034,0.01019,0.0,0.05619
nagpur,2026-06-16,760.0,797.6,0.43557,0.0,0.033,0.00871,0.0,0.04171
nagpur,2026-06-17,807.2,813.6,0.41744,0.0,0.02055,0.00835,0.0,0.0289
nagpur,2026-06-18,767.5,813.6,0.36272,0.0,0.0265,0.00725,0.0,0.03376
nagpur,2026-06-19,754.3,813.6,0.36494,0.0,0.067,0.0073,0.0,0.0743
nagpur,2026-06-20,769.2,813.6,0.38316,0.01328,0.05808,0.00766,0.0,0.07903
nagpur,2026-06-21,841.8,813.6,0.38032,0.00664,0.0,0.00761,0.0,0.01425
nagpur,2026-06-22,804.5,813.6,0.28858,0.0,0.01391,0.00577,0.0,0.01968
nagpur,2026-06-23,757.7,813.6,0.25647,0.0,0.1,0.00513,0.0,0.10513
nagpur,2026-06-24,738.8,811.9,0.28676,0.09208,0.03936,0.00574,0.0,0.13718
nagpur,2026-06-25,714.2,811.9,0.3337,0.09556,0.01886,0.00667,0.0,0.12109
nagpur,2026-06-26,668.7,811.9,0.40399,0.0564,0.083,0.00808,0.06,0.20748
nagpur,2026-06-27,649.8,811.9,0.51967,0.06386,0.04056,0.01039,0.12,0.23481
nagpur,2026-06-28,607.4,811.9,0.6414,0.05534,0.0,0.01283,0.18,0.24817
nagpur,2026-06-29,602.0,811.9,0.79708,0.05218,0.02758,0.01594,0.18,0.2757
nagpur,2026-06-30,416.0,811.9,0.93597,0.15962,0.1,0.01872,0.18,0.45834
nagpur,2026-07-01,546.5,858.9,1.28322,0.12672,0.05228,0.02566,0.12,0.32466
nagpur,2026-07-02,445.2,858.9,1.45449,0.18414,0.18923,0.02909,0.06,0.46245
nagpur,2026-07-03,625.4,858.9,1.71793,0.1129,0.13161,0.03436,0.0,0.27887
nagpur,2026-07-04,606.2,858.9,1.73206,0.12334,0.09084,0.03464,0.06,0.30882
nagpur,2026-07-05,530.0,858.9,1.76642,0.11456,0.0781,0.03533,0.12,0.34799
nagpur,2026-07-06,408.3,858.9,1.88438,0.20012,0.10365,0.03769,0.18,0.52146
nagpur,2026-07-07,437.4,858.9,2.12638,0.20904,0.05685,0.04253,0.18,0.48841
nagpur,2026-07-08,590.0,889.3,2.29814,0.08468,0.0,0.04596,0.18,0.31064
nagpur,2026-07-09,687.6,889.3,2.29002,0.05342,0.0,0.0458,0.12,0.21922
nagpur,2026-07-10,806.6,889.3,2.17336,0.0164,0.0,0.04347,0.06,0.11987
nagpur,2026-07-11,801.6,889.3,1.94031,0.0,0.0,0.03881,0.06,0.09881
nagpur,2026-07-12,824.1,889.3,1.74787,0.0,0.00526,0.03496,0.06,0.10022
nagpur,2026-07-13,828.3,889.3,1.55902,0.0,0.0,0.03118,0.06,0.09118
nagpur,2026-07-14,770.7,889.3,1.3937,0.0,0.06038,0.02787,0.06,0.14825
nagpur,2026-07-15,779.2,891.4,1.31797,0.0,0.03655,0.02636,0.06,0.12291
nagpur,2026-07-16,877.8,891.4,1.24605,0.0,0.0,0.02492,0.0,0.02492
nagpur,2026-07-17,801.4,891.4,1.07439,0.05084,0.0,0.02149,0.0,0.07233
nagpur,2026-07-18,714.8,891.4,1.01419,0.1253,0.0817,0.02028,0.0,0.22728
nagpur,2026-07-19,820.0,891.4,1.0601,0.05294,0.0537,0.0212,0.0,0.12784
nagpur,2026-07-20,673.3,891.4,0.9811,0.06758,0.12853,0.01962,0.0,0.21574
nagpur,2026-07-21,678.9,891.4,1.07859,0.13932,0.05069,0.02157,0.0,0.21158
nagpur,2026-07-22,550.9,856.4,1.15515,0.33314,0.0,0.0231,0.0,0.35624
nagpur,2026-07-23,556.7,856.4,1.33862,0.29268,0.00418,0.02677,0.0,0.32363
nagpur,2026-07-24,682.8,856.4,1.48776,0.13634,0.05,0.02976,0.0,0.2161
nagpur,2026-07-25,704.3,856.4,1.46733,0.0,0.11624,0.02935,0.0,0.14559
nagpur,2026-07-26,752.9,856.4,1.42487,0.0,0.15,0.0285,0.0,0.1785
nagpur,2026-07-27,794.9,856.4,1.33206,0.00588,0.09079,0.02664,0.0,0.12332
nagpur,2026-07-28,694.1,856.4,1.2041,0.1705,0.01189,0.02408,0.0,0.20647
nagpur,2026-07-29,500.4,829.8,1.21299,0.36378,2e-05,0.02426,0.0,0.38806
nagpur,2026-07-30,544.3,829.8,1.42806,0.32804,0.0105,0.02856,0.0,0.3671
nagpur,2026-07-31,607.7,829.8,1.55787,0.15402,0.07349,0.03116,0.0,0.25867
nagpur,2026-08-01,741.4,829.8,1.59188,0.0,0.04894,0.03184,0.0,0.08078
nagpur,2026-08-02,723.6,829.8,1.45969,0.0,0.04388,0.02919,0.0,0.07307
nagpur,2026-08-03,767.8,829.8,1.36876,0.0,0.02235,0.02738,0.0,0.04973
nagpur,2026-08-04,817.4,829.8,1.23821,0.02444,0.00946,0.02476,0.0,0.05867
nagpur,2026-08-05,722.5,858.3,1.0674,0.10558,0.067,0.02135,0.0,0.19393
nagpur,2026-08-06,676.5,858.3,1.06557,0.0724,0.13219,0.02131,0.0,0.22591
nagpur,2026-08-07,704.6,858.3,1.11754,0.05338,0.10287,0.02235,0.0,0.1786
nagpur,2026-08-08,657.3,858.3,1.12908,0.05322,0.12282,0.02258,0.0,0.19862
nagpur,2026-08-09,645.3,858.3,1.19396,0.07336,0.13697,0.02388,0.0,0.23421
nagpur,2026-08-10,709.4,858.3,1.26305,0.06848,0.067,0.02526,0.0,0.16074
nagpur,2026-08-11,717.9,858.3,1.24713,0.02002,0.11397,0.02494,0.0,0.15893
nagpur,2026-08-12,706.0,879.9,1.22363,0.0,0.15,0.02447,0.0,0.17447
nagpur,2026-08-13,801.6,879.9,1.23773,0.0,0.08329,0.02475,0.0,0.10804
nagpur,2026-08-14,774.2,879.9,1.14107,0.03292,0.0453,0.02282,0.0,0.10104
nagpur,2026-08-15,814.7,879.9,1.09007,0.01646,0.01899,0.0218,0.0,0.05725
nagpur,2026-08-16,804.2,879.9,1.00066,0.07856,0.00363,0.02001,0.0,0.1022
nagpur,2026-08-17,691.5,879.9,0.93667,0.121,0.08489,0.01873,0.0,0.22462
nagpur,2026-08-18,716.1,879.9,1.01032,0.09206,0.1,0.02021,0.0,0.21227
nagpur,2026-08-19,754.3,849.4,1.04493,0.0344,0.03529,0.0209,0.0,0.09059
nagpur,2026-08-20,740.9,849.4,1.00019,0.12976,0.0,0.02,0.0,0.14976
nagpur,2026-08-21,733.9,849.4,0.97787,0.06984,0.0,0.01956,0.0,0.0894
nagpur,2026-08-22,715.7,849.4,0.96721,0.09898,0.03221,0.01934,0.0,0.15053
nagpur,2026-08-23,745.9,849.4,0.97956,0.06422,0.00863,0.01959,0.0,0.09244
nagpur,2026-08-24,711.1,849.4,0.95445,0.0893,0.05,0.01909,0.0,0.15839
nagpur,2026-08-25,739.2,849.4,0.97413,0.09344,0.05,0.01948,0.0,0.16292
nagpur,2026-08-26,659.7,850.8,0.95779,0.05778,0.09032,0.01916,0.0,0.16726
nagpur,2026-08-27,788.8,850.8,1.03869,0.02358,0.06366,0.02077,0.0,0.10801
nagpur,2026-08-28,771.7,850.8,0.95573,0.01624,0.08985,0.01911,0.0,0.1252
nagpur,2026-08-29,767.9,850.8,0.9053,0.01658,0.05,0.01811,0.0,0.08469
nagpur,2026-08-30,704.5,850.8,0.86688,0.09386,0.03873,0.01734,0.0,0.14992
nagpur,2026-08-31,743.7,850.8,0.90875,0.04752,0.0675,0.01817,0.0,0.1332
nagpur,2026-09-01,758.1,850.8,0.89834,0.00364,0.033,0.01797,0.0,0.05461
nagpur,2026-09-02,831.2,830.0,0.87249,0.0051,0.01466,0.01745,0.0,0.03721
nagpur,2026-09-03,804.8,830.0,0.74016,0.05904,0.00731,0.0148,0.0,0.08115
nagpur,2026-09-04,696.5,830.0,0.65941,0.07694,0.0499,0.01319,0.0,0.14003
nagpur,2026-09-05,703.6,830.0,0.72127,0.03938,0.0832,0.01443,0.0,0.13701
nagpur,2026-09-06,738.1,830.0,0.76536,0.06106,0.05,0.01531,0.0,0.12637
nagpur,2026-09-07,728.6,830.0,0.76118,0.02986,0.0547,0.01522,0.0,0.09978
nagpur,2026-09-08,759.2,830.0,0.76911,0.00244,0.04772,0.01538,0.0,0.06555
nagpur,2026-09-09,784.1,799.1,0.73894,0.01324,0.01218,0.01478,0.0,0.0402
nagpur,2026-09-10,777.7,799.1,0.64695,0.0126,0.0,0.01294,0.0,0.02554
nagpur,2026-09-11,760.9,799.1,0.57672,0.00354,0.05152,0.01153,0.0,0.06659
nagpur,2026-09-12,792.1,799.1,0.53801,0.01798,0.02208,0.01076,0.0,0.05082
nagpur,2026-09-13,688.7,799.1,0.46614,0.08172,0.02336,0.00932,0.0,0.11441
nagpur,2026-09-14,690.0,799.1,0.53434,0.04814,0.083,0.01069,0.0,0.14183
nagpur,2026-09-15,693.2,799.1,0.59071,0.02182,0.06684,0.01181,0.0,0.10047
nagpur,2026-09-16,792.6,792.0,0.63466,0.01026,0.0054,0.01269,0.0,0.02835
nagpur,2026-09-17,762.4,792.0,0.53869,0.00318,0.01948,0.01077,0.0,0.03344
nagpur,2026-09-18,737.7,792.0,0.4953,0.00102,0.06271,0.00991,0.0,0.07364
nagpur,2026-09-19,703.5,792.0,0.48958,0.12208,0.01595,0.00979,0.0,0.14782
nagpur,2026-09-20,699.6,792.0,0.5279,0.06428,0.0,0.01056,0.0,0.07484
nagpur,2026-09-21,784.7,792.0,0.56534,0.00818,0.0,0.01131,0.0,0.01949
nagpur,2026-09-22,750.9,792.0,0.48973,0.00896,0.0,0.00979,0.0,0.01875
bhandara,2025-01-01,690.0,710.3,0.0,0.0,0.04285,0.0,0.0,0.04285
bhandara,2025-01-02,630.1,710.3,0.02861,0.0,0.08328,0.00057,0.0,0.08386
bhandara,2025-01-03,654.6,710.3,0.13721,0.00472,0.07417,0.00274,0.0,0.08164
bhandara,2025-01-04,656.4,710.3,0.19509,0.00236,0.07766,0.0039,0.0,0.08392
bhandara,2025-01-05,656.5,710.3,0.24178,0.0,0.08054,0.00484,0.0,0.08538
bhandara,2025-01-06,693.4,710.3,0.28131,0.0,0.02163,0.00563,0.0,0.02726
bhandara,2025-01-07,630.7,710.3,0.26297,0.00024,0.09216,0.00526,0.0,0.09766
bhandara,2025-01-08,592.5,670.6,0.33558,0.00012,0.13037,0.00671,0.0,0.1372
bhandara,2025-01-09,522.7,670.6,0.40171,0.01204,0.17889,0.00803,0.0,0.19896
bhandara,2025-01-10,612.5,670.6,0.562,0.00602,0.06091,0.01124,0.0,0.07817
bhandara,2025-01-11,603.8,670.6,0.56436,0.0,0.0577,0.01129,0.0,0.06898
bhandara,2025-01-12,574.8,670.6,0.5793,0.0,0.16088,0.01159,0.0,0.17247
bhandara,2025-01-13,521.3,670.6,0.63527,0.0,0.18049,0.01271,0.0,0.1932
bhandara,2025-01-14,571.6,670.6,0.76261,0.00716,0.15417,0.01525,0.0,0.17658
bhandara,2025-01-15,553.6,660.5,0.79583,0.00358,0.167,0.01592,0.0,0.1865
bhandara,2025-01-16,533.6,660.5,0.83831,0.0,0.19257,0.01677,0.0,0.20934
bhandara,2025-01-17,464.6,660.5,0.90458,0.0,0.2206,0.01809,0.06,0.29869
bhandara,2025-01-18,481.6,660.5,1.06544,0.0,0.13384,0.02131,0.12,0.27515
bhandara,2025-01-19,459.3,660.5,1.17648,0.0198,0.06792,0.02353,0.18,0.29125
bhandara,2025-01-20,438.1,660.5,1.3046,0.0099,0.0156,0.02609,0.24,0.29159
bhandara,2025-01-21,442.6,660.5,1.44561,0.0,0.07538,0.02891,0.24,0.34429
bhandara,2025-01-22,437.1,650.8,1.5587,0.0,0.07554,0.03117,0.24,0.34672
bhandara,2025-01-23,455.4,650.8,1.65328,0.0,0.03092,0.03307,0.24,0.30399
bhandara,2025-01-24,468.7,650.8,1.70559,0.0,0.0,0.03411,0.24,0.27411
bhandara,2025-01-25,458.3,650.8,1.72967,0.0,0.03678,0.03459,0.18,0.25138
bhandara,2025-01-26,468.9,650.8,1.76602,0.0,0.08544,0.03532,0.18,0.30076
bhandara,2025-01-27,495.0,650.8,1.78064,0.0,0.06177,0.03561,0.12,0.21739
bhandara,2025-01-28,570.4,650.8,1.75301,0.0,0.03154,0.03506,0.06,0.1266
bhandara,2025-01-29,641.5,676.1,1.61362,0.0,0.0,0.03227,0.0,0.03227
bhandara,2025-01-30,641.7,676.1,1.42282,0.0,0.0,0.02846,0.0,0.02846
bhandara,2025-01-31,683.5,676.1,1.26026,0.0,0.0,0.02521,0.0,0.02521
bhandara,2025-02-01,601.2,676.1,1.06025,0.0,0.07837,0.02121,0.0,0.09958
bhandara,2025-02-02,593.6,676.1,1.01198,0.0,0.10878,0.02024,0.0,0.12902
bhandara,2025-02-03,600.4,676.1,0.98222,0.0,0.10695,0.01964,0.0,0.12659
bhandara,2025-02-04,634.7,676.1,0.94687,0.0,0.00195,0.01894,0.0,0.02089
bhandara,2025-02-05,661.8,684.4,0.86608,0.0,0.0,0.01732,0.0,0.01732
bhandara,2025-02-06,669.0,684.4,0.76923,0.0,0.00969,0.01538,0.0,0.02507
bhandara,2025-02-07,667.2,684.4,0.67641,0.0,0.0,0.01353,0.0,0.01353
bhandara,2025-02-08,658.7,684.4,0.60013,0.00828,0.0,0.012,0.0,0.02028
bhandara,2025-02-09,643.2,684.4,0.54758,0.01678,0.0,0.01095,0.0,0.02773
bhandara,2025-02-10,652.6,684.4,0.52564,0.00632,0.01818,0.01051,0.0,0.03501
bhandara,2025-02-11,603.2,684.4,0.49322,0.0,0.09752,0.00986,0.0,0.10739
bhandara,2025-02-12,620.7,658.8,0.53783,0.0,0.05705,0.01076,0.0,0.06781
bhandara,2025-02-13,657.6,658.8,0.515,0.0,0.0269,0.0103,0.0,0.0372
bhandara,2025-02-14,681.7,658.8,0.43957,0.0,0.0,0.00879,0.0,0.00879
bhandara,2025-02-15,718.1,658.8,0.33881,0.0,0.0,0.00678,0.0,0.00678
bhandara,2025-02-16,669.7,658.8,0.19786,0.0,0.0238,0.00396,0.0,0.02776
bhandara,2025-02-17,584.5,658.8,0.1515,0.0,0.10873,0.00303,0.0,0.11176
bhandara,2025-02-18,634.9,658.8,0.24146,0.0,0.06981,0.00483,0.0,0.07464
bhandara,2025-02-19,641.3,643.8,0.24147,0.0,0.04588,0.00483,0.0,0.05071
bhandara,2025-02-20,629.2,643.8,0.2091,0.0,0.03909,0.00418,0.0,0.04327
bhandara,2025-02-21,594.5,643.8,0.20042,0.0,0.05009,0.00401,0.0,0.0541
bhandara,2025-02-22,626.6,643.8,0.24703,0.0,0.04785,0.00494,0.0,0.05279
bhandara,2025-02-23,565.6,643.8,0.23668,0.0,0.11939,0.00473,0.0,0.12413
bhandara,2025-02-24,543.6,643.8,0.32266,0.0,0.07708,0.00645,0.0,0.08354
bhandara,2025-02-25,612.1,643.8,0.42989,0.0,0.05276,0.0086,0.0,0.06135
bhandara,2025-02-26,602.2,666.3,0.41464,0.0,0.10212,0.00829,0.0,0.11042
bhandara,2025-02-27,588.7,666.3,0.44869,0.0,0.11229,0.00897,0.0,0.12126
bhandara,2025-02-28,595.8,666.3,0.49786,0.0,0.10135,0.00996,0.0,0.11131
bhandara,2025-03-01,574.7,666.3,0.52899,0.00856,0.12072,0.01058,0.0,0.13986
bhandara,2025-03-02,590.0,666.3,0.58711,0.00428,0.09855,0.01174,0.0,0.11457
bhandara,2025-03-03,677.1,666.3,0.61357,0.0,0.02946,0.01227,0.0,0.04173
bhandara,2025-03-04,622.7,666.3,0.50538,0.0,0.00762,0.01011,0.0,0.01773
bhandara,2025-03-05,529.3,659.1,0.49498,0.0,0.19335,0.0099,0.0,0.20325
bhandara,2025-03-06,627.5,659.1,0.61762,0.00676,0.03732,0.01235,0.0,0.05643
bhandara,2025-03-07,564.1,659.1,0.57287,0.00338,0.133,0.01146,0.0,0.14784
bhandara,2025-03-08,582.3,659.1,0.63105,0.0,0.12214,0.01262,0.0,0.13476
bhandara,2025-03-09,662.8,659.1,0.65281,0.0,0.0,0.01306,0.0,0.01306
bhandara,2025-03-10,636.9,659.1,0.54925,0.0,0.0,0.01099,0.0,0.01099
bhandara,2025-03-11,625.1,659.1,0.50044,0.0,0.0175,0.01001,0.0,0.02751
bhandara,2025-03-12,654.4,662.9,0.47683,0.0,0.0,0.00954,0.0,0.00954
bhandara,2025-03-13,648.6,662.9,0.4181,0.0,0.0,0.00836,0.0,0.00836
bhandara,2025-03-14,674.1,662.9,0.37693,0.0,0.0,0.00754,0.0,0.00754
bhandara,2025-03-15,644.0,662.9,0.30354,0.00152,0.0,0.00607,0.0,0.00759
bhandara,2025-03-16,603.1,662.9,0.28651,0.00076,0.07404,0.00573,0.0,0.08053
bhandara,2025-03-17,617.2,662.9,0.33377,0.01036,0.05042,0.00668,0.0,0.06745
bhandara,2025-03-18,640.3,662.9,0.3527,0.00518,0.02194,0.00705,0.0,0.03418
bhandara,2025-03-19,645.3,652.2,0.3339,0.0,0.02373,0.00668,0.0,0.03041
bhandara,2025-03-20,537.8,652.2,0.29448,0.0,0.13241,0.00589,0.0,0.1383
bhandara,2025-03-21,560.9,652.2,0.42573,0.0,0.12442,0.00851,0.0,0.13294
bhandara,2025-03-22,579.6,652.2,0.50184,0.0,0.0687,0.01004,0.0,0.07874
bhandara,2025-03-23,592.7,652.2,0.53794,0.0,0.10543,0.01076,0.0,0.11619
bhandara,2025-03-24,557.3,652.2,0.54849,0.02288,0.09001,0.01097,0.0,0.12386
bhandara,2025-03-25,528.8,652.2,0.6117,0.01144,0.18455,0.01223,0.0,0.20822
bhandara,2025-03-26,583.1,670.4,0.70914,0.0,0.11471,0.01418,0.0,0.12889
bhandara,2025-03-27,609.3,670.4,0.73304,0.0,0.1,0.01466,0.0,0.11466
bhandara,2025-03-28,593.3,670.4,0.7143,0.0,0.1,0.01429,0.0,0.11429
bhandara,2025-03-29,608.3,670.4,0.72225,0.0,0.1,0.01444,0.0,0.11444
bhandara,2025-03-30,606.1,670.4,0.70657,0.0,0.1,0.01413,0.0,0.11413
bhandara,2025-03-31,630.5,670.4,0.69656,0.0,0.03567,0.01393,0.0,0.0496
bhandara,2025-04-01,623.8,670.4,0.65172,0.0,0.05467,0.01303,0.0,0.06771
bhandara,2025-04-02,666.7,692.8,0.62355,0.0,0.0229,0.01247,0.0,0.03537
bhandara,2025-04-03,657.4,692.8,0.5677,0.0,0.07695,0.01135,0.0,0.08831
bhandara,2025-04-04,641.4,692.8,0.53357,0.0,0.11028,0.01067,0.0,0.12095
bhandara,2025-04-05,566.6,692.8,0.52777,0.0,0.18631,0.01056,0.0,0.19686
bhandara,2025-04-06,577.1,692.8,0.63082,0.0,0.1602,0.01262,0.0,0.17281
bhandara,2025-04-07,542.5,692.8,0.70326,0.0,0.18596,0.01407,0.0,0.20002
bhandara,2025-04-08,537.4,692.8,0.81476,0.0,0.18729,0.0163,0.0,0.20358
bhandara,2025-04-09,598.1,739.4,0.9169,0.0,0.17427,0.01834,0.0,0.1926
bhandara,2025-04-10,622.4,739.4,0.97047,0.00284,0.167,0.01941,0.0,0.18925
bhandara,2025-04-11,615.6,739.4,0.98313,0.00142,0.09929,0.01966,0.0,0.12037
bhandara,2025-04-12,694.5,739.4,1.00313,0.0,0.067,0.02006,0.0,0.08706
bhandara,2025-04-13,666.9,739.4,0.91341,0.0,0.10129,0.01827,0.0,0.11955
bhandara,2025-04-14,637.4,739.4,0.87449,0.0,0.133,0.01749,0.0,0.15049
bhandara,2025-04-15,643.7,739.4,0.88128,0.00752,0.0947,0.01763,0.0,0.11985
bhandara,2025-04-16,660.0,725.2,0.87848,0.00376,0.0574,0.01757,0.0,0.07873
bhandara,2025-04-17,673.9,725.2,0.83669,0.0,0.03688,0.01673,0.0,0.05361
bhandara,2025-04-18,554.3,725.2,0.78202,0.0,0.14757,0.01564,0.0,0.16321
bhandara,2025-04-19,613.9,725.2,0.90046,0.0,0.14155,0.01801,0.0,0.15956
bhandara,2025-04-20,600.5,725.2,0.91887,0.0,0.19243,0.01838,0.0,0.21081
bhandara,2025-04-21,578.4,725.2,0.953,0.01072,0.18034,0.01906,0.0,0.21012
bhandara,2025-04-22,554.4,725.2,1.01246,0.00536,0.18926,0.02025,0.0,0.21487
bhandara,2025-04-23,542.1,711.2,1.09609,0.0,0.216,0.02192,0.0,0.23792
bhandara,2025-04-24,610.2,711.2,1.16943,0.0,0.1562,0.02339,0.0,0.17959
bhandara,2025-04-25,624.7,711.2,1.13595,0.0,0.06891,0.02272,0.0,0.09163
bhandara,2025-04-26,621.3,711.2,1.08712,0.0,0.083,0.02174,0.0,0.10474
bhandara,2025-04-27,611.3,711.2,1.05045,0.01748,0.1119,0.02101,0.0,0.15039
bhandara,2025-04-28,616.6,711.2,1.03337,0.00874,0.12188,0.02067,0.0,0.15128
bhandara,2025-04-29,631.9,711.2,1.01138,0.0,0.09555,0.02023,0.0,0.11578
bhandara,2025-04-30,625.5,714.2,0.9711,0.0,0.067,0.01942,0.0,0.08642
bhandara,2025-05-01,549.6,714.2,0.94961,0.0,0.19835,0.01899,0.0,0.21735
bhandara,2025-05-02,564.4,714.2,1.0376,0.00216,0.16914,0.02075,0.0,0.19205
bhandara,2025-05-03,620.8,714.2,1.09162,0.00108,0.07357,0.02183,0.0,0.09649
bhandara,2025-05-04,626.2,714.2,1.0586,0.00028,0.05582,0.02117,0.0,0.07727
bhandara,2025-05-05,622.8,714.2,1.02303,0.00014,0.09446,0.02046,0.0,0.11506
bhandara,2025-05-06,641.3,714.2,0.99753,0.0,0.05857,0.01995,0.0,0.07852
bhandara,2025-05-07,667.1,705.7,0.94999,0.0,0.0186,0.019,0.0,0.0376
bhandara,2025-05-08,631.1,705.7,0.86222,0.0,0.04688,0.01724,0.0,0.06413
bhandara,2025-05-09,593.2,705.7,0.83871,0.001,0.1442,0.01677,0.0,0.16197
bhandara,2025-05-10,555.2,705.7,0.87233,0.00058,0.19585,0.01745,0.0,0.21388
bhandara,2025-05-11,615.9,705.7,0.95476,0.003,0.07583,0.0191,0.0,0.09792
bhandara,2025-05-12,681.6,705.7,0.93886,0.00148,0.0,0.01878,0.0,0.02026
bhandara,2025-05-13,627.5,705.7,0.83227,0.0,0.07831,0.01665,0.0,0.09495
bhandara,2025-05-14,612.3,672.2,0.81829,0.0,0.10807,0.01637,0.0,0.12443
bhandara,2025-05-15,482.4,672.2,0.78456,0.0,0.27352,0.01569,0.0,0.28921
bhandara,2025-05-16,488.3,672.2,0.9492,0.0,0.2714,0.01898,0.0,0.29038
bhandara,2025-05-17,567.9,672.2,1.08034,0.0018,0.15491,0.02161,0.0,0.17832
bhandara,2025-05-18,662.2,672.2,1.07337,0.00314,0.01829,0.02147,0.0,0.0429
bhandara,2025-05-19,649.2,672.2,0.92719,0.00316,0.02452,0.01854,0.0,0.04622
bhandara,2025-05-20,589.4,672.2,0.82222,0.00106,0.033,0.01644,0.0,0.0505
bhandara,2025-05-21,647.8,691.2,0.82208,0.00058,0.04617,0.01644,0.0,0.06319
bhandara,2025-05-22,605.3,691.2,0.76158,0.02084,0.0959,0.01523,0.0,0.13197
bhandara,2025-05-23,610.3,691.2,0.77164,0.01028,0.067,0.01543,0.0,0.09271
bhandara,2025-05-24,618.8,691.2,0.77292,0.0,0.11382,0.01546,0.0,0.12927
bhandara,2025-05-25,588.3,691.2,0.76166,0.01972,0.10824,0.01523,0.0,0.14319
bhandara,2025-05-26,633.7,691.2,0.79625,0.02194,0.0353,0.01593,0.0,0.07317
bhandara,2025-05-27,714.1,691.2,0.75998,0.01484,0.0,0.0152,0.0,0.03004
bhandara,2025-05-28,678.1,714.2,0.61287,0.02964,0.0,0.01226,0.0,0.0419
bhandara,2025-05-29,691.6,714.2,0.57145,0.03818,0.0,0.01143,0.0,0.04961
bhandara,2025-05-30,682.5,714.2,0.51737,0.01326,0.02145,0.01035,0.06,0.10506
bhandara,2025-05-31,635.3,714.2,0.48416,0.00036,0.00513,0.00968,0.12,0.13518
bhandara,2025-06-01,503.8,714.2,0.52198,6e-05,0.08586,0.01044,0.18,0.27636
bhandara,2025-06-02,525.6,714.2,0.73831,0.0,0.03145,0.01477,0.18,0.22621
bhandara,2025-06-03,503.1,714.2,0.89157,0.0,0.059,0.01783,0.18,0.25683
bhandara,2025-06-04,479.2,683.3,1.05331,0.0,0.167,0.02107,0.12,0.30807
bhandara,2025-06-05,487.9,683.3,1.19404,0.0,0.21179,0.02388,0.06,0.29567
bhandara,2025-06-06,507.9,683.3,1.30091,0.0,0.22183,0.02602,0.0,0.24785
bhandara,2025-06-07,571.5,683.3,1.36245,0.0,0.14184,0.02725,0.0,0.16909
bhandara,2025-06-08,580.0,683.3,1.32172,0.0,0.12081,0.02643,0.0,0.14725
bhandara,2025-06-09,642.3,683.3,1.27453,0.0,0.03205,0.02549,0.0,0.05754
bhandara,2025-06-10,612.7,683.3,1.14338,0.01508,0.10201,0.02287,0.0,0.13995
bhandara,2025-06-11,501.6,672.9,1.0751,0.06058,0.15862,0.0215,0.0,0.24071
bhandara,2025-06-12,512.0,672.9,1.16839,0.0266,0.16424,0.02337,0.0,0.21421
bhandara,2025-06-13,605.8,672.9,1.2322,0.0034,0.07981,0.02464,0.0,0.10785
bhandara,2025-06-14,603.9,672.9,1.14711,0.00168,0.12985,0.02294,0.0,0.15448
bhandara,2025-06-15,574.9,672.9,1.07768,0.0504,0.05197,0.02155,0.0,0.12392
bhandara,2025-06-16,593.2,672.9,1.06164,0.05892,0.03381,0.02123,0.0,0.11396
bhandara,2025-06-17,639.3,672.9,1.02091,0.01686,0.0,0.02042,0.0,0.03728
bhandara,2025-06-18,693.4,697.1,0.91769,0.0,0.0,0.01835,0.0,0.01835
bhandara,2025-06-19,683.6,697.1,0.78538,0.0,0.0,0.01571,0.0,0.01571
bhandara,2025-06-20,686.9,697.1,0.68696,0.00408,0.00706,0.01374,0.0,0.02488
bhandara,2025-06-21,606.5,697.1,0.59856,0.00204,0.09345,0.01197,0.0,0.10746
bhandara,2025-06-22,542.3,697.1,0.63865,0.0,0.14579,0.01277,0.06,0.21856
bhandara,2025-06-23,486.0,697.1,0.76486,0.0,0.13071,0.0153,0.12,0.266
bhandara,2025-06-24,445.6,697.1,0.95296,0.0094,0.10975,0.01906,0.18,0.31821
bhandara,2025-06-25,345.2,651.0,1.17085,0.05022,0.15004,0.02342,0.24,0.46367
bhandara,2025-06-26,393.9,651.0,1.465,0.08356,0.04619,0.0293,0.24,0.39905
bhandara,2025-06-27,428.9,651.0,1.6401,0.1008,0.01229,0.0328,0.18,0.32589
bhandara,2025-06-28,512.1,651.0,1.73519,0.08724,0.0,0.0347,0.12,0.24194
bhandara,2025-06-29,535.3,651.0,1.68821,0.07806,0.0,0.03376,0.06,0.17182
bhandara,2025-06-30,539.9,651.0,1.61259,0.02602,0.09953,0.03225,0.0,0.15781
bhandara,2025-07-01,564.8,651.0,1.54139,0.0,0.11562,0.03083,0.0,0.14645
bhandara,2025-07-02,555.9,653.7,1.44248,0.0344,0.09184,0.02885,0.0,0.15509
bhandara,2025-07-03,553.8,653.7,1.37577,0.03788,0.06084,0.02752,0.0,0.12623
bhandara,2025-07-04,564.5,653.7,1.32224,0.07134,0.00736,0.02644,0.0,0.10514
bhandara,2025-07-05,637.1,653.7,1.26034,0.0841,0.0,0.02521,0.0,0.10931
bhandara,2025-07-06,607.2,653.7,1.09662,0.07548,0.00358,0.02193,0.0,0.10099
bhandara,2025-07-07,456.3,653.7,1.00327,0.24546,0.02974,0.02007,0.0,0.29527
bhandara,2025-07-08,337.6,653.7,1.15472,0.35056,0.12091,0.02309,0.0,0.49457
bhandara,2025-07-09,327.1,657.4,1.46509,0.34908,0.12792,0.0293,0.0,0.50631
bhandara,2025-07-10,407.0,657.4,1.74776,0.29986,0.07849,0.03496,0.0,0.41331
bhandara,2025-07-11,427.7,657.4,1.8666,0.15018,0.16629,0.03733,0.0,0.3538
bhandara,2025-07-12,614.7,657.4,1.93607,0.00126,0.0351,0.03872,0.0,0.07508
bhandara,2025-07-13,554.4,657.4,1.71061,0.0354,0.13327,0.03421,0.0,0.20288
bhandara,2025-07-14,514.4,657.4,1.61082,0.04894,0.10303,0.03222,0.0,0.18419
bhandara,2025-07-15,559.3,657.4,1.5867,0.08646,0.0626,0.03173,0.0,0.18079
bhandara,2025-07-16,334.0,644.4,1.49796,0.2727,0.15358,0.02996,0.0,0.45623
bhandara,2025-07-17,446.0,644.4,1.75494,0.1948,0.1,0.0351,0.0,0.3299
bhandara,2025-07-18,448.2,644.4,1.79947,0.17348,0.05459,0.03599,0.0,0.26406
bhandara,2025-07-19,566.8,644.4,1.83397,0.04142,0.033,0.03668,0.0,0.1111
bhandara,2025-07-20,598.0,644.4,1.67921,0.00186,0.033,0.03358,0.0,0.06844
bhandara,2025-07-21,585.5,644.4,1.4992,0.0204,0.0498,0.02998,0.0,0.10018
bhandara,2025-07-22,555.7,644.4,1.36561,0.03168,0.08143,0.02731,0.0,0.14042
bhandara,2025-07-23,573.1,651.1,1.29829,0.0587,0.02606,0.02597,0.0,0.11072
bhandara,2025-07-24,476.4,651.1,1.22341,0.1199,0.07561,0.02447,0.0,0.21998
bhandara,2025-07-25,319.4,651.1,1.3083,0.28608,0.21849,0.02617,0.0,0.53074
bhandara,2025-07-26,411.9,651.1,1.62148,0.24218,0.08712,0.03243,0.0,0.36173
bhandara,2025-07-27,363.9,651.1,1.74562,0.28488,0.12331,0.03491,0.0,0.4431
bhandara,2025-07-28,404.1,651.1,1.92496,0.16166,0.15936,0.0385,0.0,0.35952
bhandara,2025-07-29,535.7,651.1,2.01569,0.15772,0.0,0.04031,0.0,0.19803
bhandara,2025-07-30,479.9,660.5,1.89058,0.18374,0.02265,0.03781,0.0,0.2442
bhandara,2025-07-31,552.8,660.5,1.88044,0.07244,0.04743,0.03761,0.0,0.15748
bhandara,2025-08-01,552.1,660.5,1.76141,0.0,0.04336,0.03523,0.06,0.13858
bhandara,2025-08-02,480.9,660.5,1.66126,0.0,0.12786,0.03323,0.12,0.28108
bhandara,2025-08-03,483.8,660.5,1.68392,0.00592,0.10421,0.03368,0.12,0.26381
bhandara,2025-08-04,458.5,660.5,1.69886,0.00296,0.1,0.03398,0.18,0.31694
bhandara,2025-08-05,410.6,660.5,1.74989,0.0,0.1,0.035,0.24,0.375
bhandara,2025-08-06,414.0,629.9,1.8657,0.0,0.10224,0.03731,0.18,0.31955
bhandara,2025-08-07,427.9,629.9,1.92852,0.03576,0.15767,0.03857,0.12,0.352
bhandara,2025-08-08,435.2,629.9,1.95996,0.13292,0.01424,0.0392,0.12,0.30636
bhandara,2025-08-09,483.0,629.9,1.9751,0.11188,0.02968,0.0395,0.06,0.24107
bhandara,2025-08-10,564.2,629.9,1.91194,0.02718,0.03738,0.03824,0.0,0.1028
bhandara,2025-08-11,548.2,629.9,1.72945,0.0,0.0671,0.03459,0.0,0.10169
bhandara,2025-08-12,587.8,629.9,1.59975,0.0,0.05958,0.03199,0.0,0.09158
bhandara,2025-08-13,583.0,651.5,1.42656,0.01828,0.04034,0.02853,0.0,0.08715
bhandara,2025-08-14,545.0,651.5,1.31766,0.15354,0.0,0.02635,0.0,0.17989
bhandara,2025-08-15,499.4,651.5,1.28349,0.12628,0.08472,0.02567,0.0,0.23667
bhandara,2025-08-16,433.8,651.5,1.32431,0.26384,0.05038,0.02649,0.0,0.34071
bhandara,2025-08-17,366.9,651.5,1.45981,0.2634,0.13166,0.0292,0.0,0.42426
bhandara,2025-08-18,340.8,651.5,1.67772,0.21354,0.133,0.03355,0.06,0.44009
bhandara,2025-08-19,430.1,651.5,1.90296,0.09276,0.09413,0.03806,0.12,0.34495
bhandara,2025-08-20,337.7,646.7,1.95724,0.26092,0.05372,0.03914,0.12,0.47379
bhandara,2025-08-21,274.0,646.7,2.14144,0.30552,0.09419,0.04283,0.12,0.56254
bhandara,2025-08-22,288.2,646.7,2.39662,0.29854,0.083,0.04793,0.12,0.54947
bhandara,2025-08-23,433.9,646.7,2.59147,0.21832,0.03379,0.05183,0.06,0.36394
bhandara,2025-08-24,564.9,646.7,2.53191,0.03304,0.0586,0.05064,0.0,0.14228
bhandara,2025-08-25,560.5,646.7,2.27858,0.0,0.1,0.04557,0.0,0.14557
bhandara,2025-08-26,597.2,646.7,2.0701,0.0,0.04267,0.0414,0.0,0.08408
bhandara,2025-08-27,588.6,678.2,1.83623,0.08944,0.00074,0.03672,0.0,0.12691
bhandara,2025-08-28,538.9,678.2,1.69299,0.04472,0.11862,0.03386,0.0,0.1972
bhandara,2025-08-29,480.3,678.2,1.64445,0.1092,0.15,0.03289,0.0,0.29209
bhandara,2025-08-30,501.6,678.2,1.68965,0.0546,0.08119,0.03379,0.06,0.22958
bhandara,2025-08-31,564.1,678.2,1.69659,0.0,0.0227,0.03393,0.12,0.17663
bhandara,2025-09-01,472.1,678.2,1.61033,0.08468,0.067,0.03221,0.12,0.30389
bhandara,2025-09-02,386.5,678.2,1.6727,0.18174,0.09357,0.03345,0.12,0.42876
bhandara,2025-09-03,381.5,648.4,1.85198,0.23038,0.01029,0.03704,0.12,0.39771
bhandara,2025-09-04,570.9,648.4,1.98581,0.04034,0.00907,0.03972,0.06,0.14913
bhandara,2025-09-05,624.3,648.4,1.80744,0.0,0.02995,0.03615,0.0,0.0661
bhandara,2025-09-06,605.4,648.4,1.5735,0.0,0.06053,0.03147,0.0,0.092
bhandara,2025-09-07,602.8,648.4,1.40383,0.0,0.05,0.02808,0.0,0.07808
bhandara,2025-09-08,591.8,648.4,1.26362,0.0,0.0513,0.02527,0.0,0.07658
bhandara,2025-09-09,521.9,648.4,1.16135,0.02848,0.13026,0.02323,0.0,0.18197
bhandara,2025-09-10,562.9,638.0,1.18234,0.04964,0.06165,0.02365,0.0,0.13494
bhandara,2025-09-11,600.3,638.0,1.12266,0.0531,0.01693,0.02245,0.0,0.09248
bhandara,2025-09-12,520.5,638.0,1.01334,0.1343,0.02444,0.02027,0.0,0.179
bhandara,2025-09-13,526.0,638.0,1.0455,0.09094,0.03046,0.02091,0.0,0.14231
bhandara,2025-09-14,540.2,638.0,1.06421,0.05232,0.09107,0.02128,0.0,0.16467
bhandara,2025-09-15,514.5,638.0,1.05785,0.07228,0.10738,0.02116,0.0,0.20081
bhandara,2025-09-16,534.0,638.0,1.0927,0.05858,0.08514,0.02185,0.0,0.16557
bhandara,2025-09-17,555.4,621.3,1.09173,0.01896,0.02401,0.02183,0.0,0.06481
bhandara,2025-09-18,605.7,621.3,1.03392,0.00162,0.0,0.02068,0.0,0.0223
bhandara,2025-09-19,622.7,621.3,0.90387,0.0,0.01234,0.01808,0.0,0.03041
bhandara,2025-09-20,562.8,621.3,0.76593,0.0,0.067,0.01532,0.0,0.08232
bhandara,2025-09-21,520.9,621.3,0.74516,0.11016,0.02845,0.0149,0.0,0.15351
bhandara,2025-09-22,536.6,621.3,0.79497,0.0634,0.05,0.0159,0.0,0.1293
bhandara,2025-09-23,579.7,621.3,0.81202,0.00416,0.04855,0.01624,0.0,0.06895
bhandara,2025-09-24,545.2,616.0,0.75712,0.0,0.07311,0.01514,0.0,0.08825
bhandara,2025-09-25,508.7,616.0,0.7585,0.0,0.14028,0.01517,0.0,0.15545
bhandara,2025-09-26,459.9,616.0,0.81893,0.06772,0.167,0.01638,0.0,0.2511
bhandara,2025-09-27,422.1,616.0,0.94944,0.19342,0.12452,0.01899,0.0,0.33693
bhandara,2025-09-28,475.2,616.0,1.12185,0.2337,0.0,0.02244,0.0,0.25614
bhandara,2025-09-29,543.9,616.0,1.1822,0.03696,0.04981,0.02364,0.0,0.11042
bhandara,2025-09-30,539.1,616.0,1.12192,0.0,0.06532,0.02244,0.0,0.08776
bhandara,2025-10-01,539.0,654.4,1.07845,0.0,0.12031,0.02157,0.0,0.14188
bhandara,2025-10-02,576.7,654.4,1.09297,0.01988,0.06851,0.02186,0.0,0.11025
bhandara,2025-10-03,452.4,654.4,1.04779,0.16594,0.0841,0.02096,0.0,0.271
bhandara,2025-10-04,533.4,654.4,1.19932,0.11004,0.06198,0.02399,0.0,0.19601
bhandara,2025-10-05,557.2,654.4,1.20437,0.04754,0.09547,0.02409,0.0,0.1671
bhandara,2025-10-06,516.8,654.4,1.1723,0.14528,0.05296,0.02345,0.0,0.22168
bhandara,2025-10-07,584.2,654.4,1.20673,0.07288,0.0,0.02413,0.0,0.09701
bhandara,2025-10-08,618.6,645.1,1.13302,0.00858,0.0,0.02266,0.0,0.03124
bhandara,2025-10-09,654.2,645.1,1.00404,0.00542,0.0,0.02008,0.0,0.0255
bhandara,2025-10-10,613.0,645.1,0.83932,0.00286,0.05804,0.01679,0.0,0.07768
bhandara,2025-10-11,578.8,645.1,0.76311,0.00196,0.0887,0.01526,0.0,0.10592
bhandara,2025-10-12,580.1,645.1,0.7514,0.00066,0.09056,0.01503,0.0,0.10625
bhandara,2025-10-13,553.4,645.1,0.73938,0.0,0.1203,0.01479,0.0,0.13509
bhandara,2025-10-14,536.6,645.1,0.77057,0.0,0.14486,0.01541,0.0,0.16027
bhandara,2025-10-15,543.6,644.5,0.82312,0.0,0.09383,0.01646,0.0,0.11029
bhandara,2025-10-16,611.8,644.5,0.85622,0.0,0.0,0.01712,0.0,0.01712
bhandara,2025-10-17,644.9,644.5,0.77855,0.0,0.0,0.01557,0.0,0.01557
bhandara,2025-10-18,566.8,644.5,0.66112,0.0,0.0,0.01322,0.06,0.07322
bhandara,2025-10-19,595.5,644.5,0.6825,0.0,0.03096,0.01365,0.06,0.10461
bhandara,2025-10-20,617.6,644.5,0.65624,0.0,0.03694,0.01312,0.06,0.11006
bhandara,2025-10-21,608.8,644.5,0.59958,0.0,0.0,0.01199,0.06,0.07199
bhandara,2025-10-22,543.5,641.4,0.56511,0.0,0.08722,0.0113,0.06,0.15852
bhandara,2025-10-23,589.5,641.4,0.63301,0.0,0.09395,0.01266,0.0,0.10661
bhandara,2025-10-24,599.9,641.4,0.61891,0.0,0.01535,0.01238,0.0,0.02773
bhandara,2025-10-25,606.6,641.4,0.59069,0.0,0.07982,0.01181,0.0,0.09163
bhandara,2025-10-26,570.6,641.4,0.5563,0.0,0.083,0.01113,0.0,0.09413
bhandara,2025-10-27,567.3,641.4,0.58322,0.0,0.105,0.01166,0.0,0.11666
bhandara,2025-10-28,553.6,641.4,0.61125,0.0,0.11192,0.01222,0.0,0.12415
bhandara,2025-10-29,557.3,630.3,0.65639,0.0,0.083,0.01313,0.0,0.09613
bhandara,2025-10-30,497.6,630.3,0.67367,0.0738,0.083,0.01347,0.0,0.17027
bhandara,2025-10-31,469.9,630.3,0.78311,0.0369,0.19175,0.01566,0.0,0.24431
bhandara,2025-11-01,495.6,630.3,0.92004,0.0,0.19748,0.0184,0.0,0.21588
bhandara,2025-11-02,570.3,630.3,0.99569,0.01632,0.03734,0.01991,0.0,0.07357
bhandara,2025-11-03,583.1,630.3,0.94149,0.0376,0.0,0.01883,0.0,0.05643
bhandara,2025-11-04,602.9,630.3,0.87515,0.01472,0.01929,0.0175,0.0,0.05151
bhandara,2025-11-05,579.7,616.4,0.78722,0.0,0.00294,0.01574,0.0,0.01868
bhandara,2025-11-06,543.8,616.4,0.72864,0.0,0.09473,0.01457,0.0,0.1093
bhandara,2025-11-07,564.3,616.4,0.73706,0.0,0.1043,0.01474,0.0,0.11904
bhandara,2025-11-08,477.6,616.4,0.71096,0.00152,0.1899,0.01422,0.0,0.20564
bhandara,2025-11-09,536.0,616.4,0.82942,0.00076,0.15745,0.01659,0.0,0.1748
bhandara,2025-11-10,554.0,616.4,0.83541,0.0,0.04468,0.01671,0.0,0.06139
bhandara,2025-11-11,508.4,616.4,0.81125,0.0,0.10451,0.01622,0.0,0.12073
bhandara,2025-11-12,551.7,630.4,0.86482,0.0,0.11976,0.0173,0.0,0.13706
bhandara,2025-11-13,538.6,630.4,0.85995,0.0,0.1356,0.0172,0.0,0.1528
bhandara,2025-11-14,548.4,630.4,0.87663,0.0,0.15776,0.01753,0.0,0.17529
bhandara,2025-11-15,470.6,630.4,0.87524,0.0,0.1926,0.0175,0.0,0.21011
bhandara,2025-11-16,542.9,630.4,0.99743,0.0,0.11217,0.01995,0.0,0.13212
bhandara,2025-11-17,546.7,630.4,0.98663,0.0,0.10708,0.01973,0.0,0.12682
bhandara,2025-11-18,587.2,630.4,0.97144,0.00148,0.09154,0.01943,0.0,0.11244
bhandara,2025-11-19,598.8,616.0,0.89429,0.00074,0.03714,0.01789,0.0,0.05577
bhandara,2025-11-20,562.1,616.0,0.78814,0.0,0.05591,0.01576,0.0,0.07167
bhandara,2025-11-21,584.3,616.0,0.75735,0.0,0.083,0.01515,0.0,0.09815
bhandara,2025-11-22,567.1,616.0,0.69515,0.0,0.04599,0.0139,0.0,0.05989
bhandara,2025-11-23,519.6,616.0,0.67022,4e-05,0.1553,0.0134,0.0,0.16875
bhandara,2025-11-24,461.0,616.0,0.72623,0.00106,0.23441,0.01452,0.0,0.25
bhandara,2025-11-25,459.5,616.0,0.86886,0.0014,0.22325,0.01738,0.0,0.24203
bhandara,2025-11-26,507.6,621.9,0.99262,0.00044,0.1565,0.01985,0.0,0.1768
bhandara,2025-11-27,538.9,621.9,1.02748,0.00036,0.10737,0.02055,0.0,0.12828
bhandara,2025-11-28,529.1,621.9,1.0068,0.00018,0.10429,0.02014,0.0,0.12461
bhandara,2025-11-29,507.6,621.9,1.00502,0.0,0.15211,0.0201,0.0,0.17221
bhandara,2025-11-30,490.6,621.9,1.03804,0.00888,0.21394,0.02076,0.0,0.24359
bhandara,2025-12-01,479.8,621.9,1.0934,0.00444,0.18651,0.02187,0.0,0.21282
bhandara,2025-12-02,493.0,621.9,1.1579,0.0,0.18755,0.02316,0.0,0.21071
bhandara,2025-12-03,608.4,635.2,1.19155,0.0,0.04593,0.02383,0.0,0.06977
bhandara,2025-12-04,572.3,635.2,1.0549,0.0,0.0687,0.0211,0.0,0.0898
bhandara,2025-12-05,528.5,635.2,0.99562,0.0,0.16854,0.01991,0.0,0.18845
bhandara,2025-12-06,511.1,635.2,1.01427,0.0,0.19638,0.02029,0.0,0.21666
bhandara,2025-12-07,410.3,635.2,1.05739,0.0,0.3281,0.02115,0.0,0.34925
bhandara,2025-12-08,501.8,635.2,1.25274,0.00528,0.20454,0.02505,0.0,0.23488
bhandara,2025-12-09,551.5,635.2,1.27474,0.00264,0.12945,0.02549,0.0,0.15758
bhandara,2025-12-10,553.5,629.9,1.21518,0.0,0.11306,0.0243,0.0,0.13737
bhandara,2025-12-11,590.4,629.9,1.15415,0.0,0.06592,0.02308,0.0,0.089
bhandara,2025-12-12,553.9,629.9,1.04374,0.0,0.09476,0.02087,0.0,0.11563
bhandara,2025-12-13,517.7,629.9,1.00788,0.0,0.183,0.02016,0.0,0.20316
bhandara,2025-12-14,570.2,629.9,1.03476,0.0,0.12395,0.0207,0.0,0.14465
bhandara,2025-12-15,555.2,629.9,0.9743,0.0,0.09066,0.01949,0.0,0.11015
bhandara,2025-12-16,630.9,629.9,0.94681,0.0,0.0,0.01894,0.0,0.01894
bhandara,2025-12-17,611.6,635.9,0.80327,0.00548,0.02374,0.01607,0.0,0.04529
bhandara,2025-12-18,594.2,635.9,0.7209,0.00274,0.00529,0.01442,0.0,0.02244
bhandara,2025-12-19,633.3,635.9,0.67831,0.0,0.03394,0.01357,0.0,0.04751
bhandara,2025-12-20,556.1,635.9,0.58059,0.0,0.08925,0.01161,0.0,0.10086
bhandara,2025-12-21,543.0,635.9,0.61892,0.0,0.18739,0.01238,0.0,0.19977
bhandara,2025-12-22,422.9,635.9,0.67213,0.0,0.284,0.01344,0.0,0.29744
bhandara,2025-12-23,466.5,635.9,0.90621,0.0,0.25113,0.01812,0.0,0.26925
bhandara,2025-12-24,507.3,619.0,1.03667,0.0,0.192,0.02073,0.0,0.21273
bhandara,2025-12-25,475.0,619.0,1.06155,0.00092,0.22215,0.02123,0.0,0.2443
bhandara,2025-12-26,450.9,619.0,1.1349,0.00046,0.24948,0.0227,0.0,0.27264
bhandara,2025-12-27,465.1,619.0,1.23626,0.0,0.24205,0.02473,0.0,0.26678
bhandara,2025-12-28,566.6,619.0,1.2995,0.0,0.07685,0.02599,0.0,0.10284
bhandara,2025-12-29,556.6,619.0,1.18921,0.0,0.04028,0.02378,0.0,0.06407
bhandara,2025-12-30,526.4,619.0,1.11167,0.0,0.04799,0.02223,0.0,0.07022
bhandara,2025-12-31,518.8,616.0,1.09455,0.0,0.1463,0.02189,0.0,0.16819
bhandara,2026-01-01,524.8,616.0,1.08823,0.0,0.12209,0.02176,0.0,0.14385
bhandara,2026-01-02,573.6,616.0,1.07303,0.0,0.0435,0.02146,0.0,0.06496
bhandara,2026-01-03,601.3,616.0,0.98087,0.0,0.02364,0.01962,0.0,0.04325
bhandara,2026-01-04,569.5,616.0,0.85763,0.0,0.1,0.01715,0.0,0.11715
bhandara,2026-01-05,558.0,616.0,0.80456,0.0,0.1,0.01609,0.0,0.11609
bhandara,2026-01-06,534.9,616.0,0.77802,0.0,0.08409,0.01556,0.0,0.09965
bhandara,2026-01-07,589.7,616.0,0.79295,0.00088,0.03076,0.01586,0.0,0.0475
bhandara,2026-01-08,540.5,616.0,0.71663,0.00044,0.11849,0.01433,0.0,0.13327
bhandara,2026-01-09,593.8,616.0,0.73167,0.0,0.02073,0.01463,0.0,0.03536
bhandara,2026-01-10,574.0,616.0,0.658,0.02328,0.0,0.01316,0.0,0.03644
bhandara,2026-01-11,564.8,616.0,0.6274,0.01164,0.08231,0.01255,0.0,0.10649
bhandara,2026-01-12,532.6,616.0,0.6164,0.02276,0.08493,0.01233,0.0,0.12002
bhandara,2026-01-13,555.2,616.0,0.65932,0.01138,0.06247,0.01319,0.0,0.08704
bhandara,2026-01-14,450.0,616.0,0.65912,0.0,0.26507,0.01318,0.0,0.27825
bhandara,2026-01-15,477.6,616.0,0.8297,0.0,0.22762,0.01659,0.0,0.24422
bhandara,2026-01-16,596.5,616.0,0.92993,0.0,0.0,0.0186,0.0,0.0186
bhandara,2026-01-17,567.1,616.0,0.82214,0.0,0.07271,0.01644,0.0,0.08916
bhandara,2026-01-18,477.8,616.0,0.77826,0.00784,0.20404,0.01557,0.0,0.22745
bhandara,2026-01-19,490.7,616.0,0.88581,0.00392,0.20131,0.01772,0.0,0.22294
bhandara,2026-01-20,528.4,616.0,0.95631,0.0,0.09579,0.01913,0.0,0.11492
bhandara,2026-01-21,540.4,616.0,0.955,0.0,0.06779,0.0191,0.0,0.08689
bhandara,2026-01-22,568.4,616.0,0.93451,0.0,0.03661,0.01869,0.0,0.0553
bhandara,2026-01-23,572.0,616.0,0.87154,0.0,0.05161,0.01743,0.0,0.06904
bhandara,2026-01-24,541.7,616.0,0.81226,0.0,0.1,0.01625,0.0,0.11625
bhandara,2026-01-25,521.4,616.0,0.81099,0.00324,0.10139,0.01622,0.0,0.12085
bhandara,2026-01-26,559.1,616.0,0.84297,0.00162,0.1005,0.01686,0.0,0.11898
bhandara,2026-01-27,546.9,616.0,0.80883,0.0,0.05,0.01618,0.0,0.06618
bhandara,2026-01-28,532.4,616.0,0.79961,0.0,0.08123,0.01599,0.0,0.09722
bhandara,2026-01-29,552.4,616.0,0.81532,0.0,0.05692,0.01631,0.0,0.07323
bhandara,2026-01-30,549.1,616.0,0.79632,0.01268,0.1,0.01593,0.0,0.12861
bhandara,2026-01-31,508.3,616.0,0.78545,0.00634,0.12569,0.01571,0.0,0.14774
bhandara,2026-02-01,506.5,616.0,0.84253,0.0,0.15638,0.01685,0.0,0.17323
bhandara,2026-02-02,506.0,616.0,0.89387,0.0,0.11746,0.01788,0.0,0.13533
bhandara,2026-02-03,551.9,616.0,0.93841,0.0,0.08656,0.01877,0.0,0.10532
bhandara,2026-02-04,533.3,616.0,0.90165,0.0,0.083,0.01803,0.0,0.10103
bhandara,2026-02-05,607.3,616.0,0.90073,0.0,0.02854,0.01801,0.0,0.04656
bhandara,2026-02-06,624.9,616.0,0.77979,0.0,0.0,0.0156,0.0,0.0156
bhandara,2026-02-07,593.3,616.0,0.64835,0.0,0.07284,0.01297,0.0,0.08581
bhandara,2026-02-08,543.5,616.0,0.58793,0.0,0.1,0.01176,0.0,0.11176
bhandara,2026-02-09,559.0,616.0,0.61742,0.0,0.05264,0.01235,0.0,0.06499
bhandara,2026-02-10,583.8,616.0,0.6173,0.0,0.0,0.01235,0.0,0.01235
bhandara,2026-02-11,625.5,616.0,0.57697,0.0,0.02724,0.01154,0.0,0.03878
bhandara,2026-02-12,572.0,616.0,0.47494,0.0,0.01965,0.0095,0.06,0.08915
bhandara,2026-02-13,514.8,616.0,0.47511,0.0,0.0088,0.0095,0.12,0.1383
bhandara,2026-02-14,449.7,616.0,0.56817,0.0,0.06994,0.01136,0.18,0.26131
bhandara,2026-02-15,450.3,616.0,0.75289,0.0,0.02146,0.01506,0.24,0.27652
bhandara,2026-02-16,368.9,616.0,0.90893,0.0,0.13515,0.01818,0.24,0.39333
bhandara,2026-02-17,465.3,616.0,1.17369,0.0,0.07152,0.02347,0.18,0.27499
bhandara,2026-02-18,562.3,631.4,1.24236,0.0,0.0,0.02485,0.12,0.14485
bhandara,2026-02-19,508.1,631.4,1.16544,0.0,0.0697,0.02331,0.06,0.15301
bhandara,2026-02-20,541.8,631.4,1.18593,0.0,0.15522,0.02372,0.0,0.17894
bhandara,2026-02-21,527.5,631.4,1.14991,0.0,0.09995,0.023,0.06,0.18295
bhandara,2026-02-22,526.0,631.4,1.14186,4e-05,0.0007,0.02284,0.12,0.14358
bhandara,2026-02-23,445.4,631.4,1.13753,6e-05,0.08534,0.02275,0.18,0.28816
bhandara,2026-02-24,360.4,631.4,1.26147,0.03706,0.16058,0.02523,0.18,0.40287
bhandara,2026-02-25,359.6,616.0,1.5014,0.03124,0.17379,0.03003,0.18,0.41506
bhandara,2026-02-26,454.5,616.0,1.69239,0.00636,0.08149,0.03385,0.12,0.2417
bhandara,2026-02-27,486.1,616.0,1.70064,0.0,0.10267,0.03401,0.06,0.19668
bhandara,2026-02-28,492.6,616.0,1.65647,0.0,0.15624,0.03313,0.0,0.18937
bhandara,2026-03-01,504.0,616.0,1.60827,0.0,0.13114,0.03217,0.0,0.16331
bhandara,2026-03-02,608.3,616.0,1.54886,0.0,0.0,0.03098,0.0,0.03098
bhandara,2026-03-03,468.1,616.0,1.32903,0.0,0.11017,0.02658,0.06,0.19675
bhandara,2026-03-04,447.9,616.0,1.36973,0.0,0.14125,0.02739,0.12,0.28864
bhandara,2026-03-05,420.4,616.0,1.43711,0.00196,0.10907,0.02874,0.18,0.31978
bhandara,2026-03-06,369.4,616.0,1.53907,0.00754,0.11183,0.03078,0.24,0.39015
bhandara,2026-03-07,266.3,616.0,1.70852,0.00328,0.27227,0.03417,0.24,0.54972
bhandara,2026-03-08,314.5,616.0,2.01992,0.0,0.22332,0.0404,0.18,0.44371
bhandara,2026-03-09,423.8,616.0,2.20643,0.0,0.17388,0.04413,0.12,0.33801
bhandara,2026-03-10,435.4,616.0,2.18745,0.0,0.15444,0.04375,0.06,0.25819
bhandara,2026-03-11,520.7,616.0,2.15248,0.00304,0.12195,0.04305,0.0,0.16804
bhandara,2026-03-12,528.2,616.0,1.98426,0.00152,0.07401,0.03969,0.0,0.11521
bhandara,2026-03-13,503.8,616.0,1.82916,0.01968,0.13175,0.03658,0.0,0.18802
bhandara,2026-03-14,522.0,616.0,1.73694,0.00984,0.06765,0.03474,0.0,0.11223
bhandara,2026-03-15,523.7,616.0,1.62899,0.0,0.06805,0.03258,0.06,0.16063
bhandara,2026-03-16,509.5,616.0,1.53449,0.0,0.04904,0.03069,0.06,0.13973
bhandara,2026-03-17,568.4,616.0,1.47718,0.0,0.00723,0.02954,0.06,0.09677
bhandara,2026-03-18,567.1,616.0,1.33285,0.0,0.00218,0.02666,0.06,0.08883
bhandara,2026-03-19,498.3,616.0,1.21227,0.00324,0.02132,0.02425,0.06,0.1088
bhandara,2026-03-20,574.8,616.0,1.22154,0.00162,0.00843,0.02443,0.0,0.03448
bhandara,2026-03-21,621.1,616.0,1.10527,0.02696,0.01659,0.02211,0.0,0.06566
bhandara,2026-03-22,556.0,616.0,0.93122,0.01348,0.08544,0.01862,0.0,0.11755
bhandara,2026-03-23,544.5,616.0,0.88897,0.0,0.13522,0.01778,0.0,0.153
bhandara,2026-03-24,554.5,616.0,0.87168,0.0,0.067,0.01743,0.0,0.08443
bhandara,2026-03-25,532.7,616.0,0.84077,0.0,0.08248,0.01682,0.0,0.09929
bhandara,2026-03-26,545.6,616.0,0.84995,0.0,0.05904,0.017,0.0,0.07604
bhandara,2026-03-27,581.9,616.0,0.83669,0.01736,0.00926,0.01673,0.0,0.04335
bhandara,2026-03-28,542.3,616.0,0.76649,0.00868,0.07521,0.01533,0.0,0.09922
bhandara,2026-03-29,549.7,616.0,0.77111,0.0,0.09554,0.01542,0.0,0.11096
bhandara,2026-03-30,495.4,616.0,0.76304,0.0,0.14869,0.01526,0.0,0.16395
bhandara,2026-03-31,561.5,616.0,0.84431,0.0,0.083,0.01689,0.0,0.09989
bhandara,2026-04-01,518.7,616.0,0.80617,0.0,0.09991,0.01612,0.0,0.11603
bhandara,2026-04-02,434.7,616.0,0.84323,0.0844,0.17083,0.01686,0.0,0.27209
bhandara,2026-04-03,426.4,616.0,1.01102,0.0422,0.25331,0.02022,0.0,0.31573
bhandara,2026-04-04,539.3,616.0,1.16715,0.0116,0.12073,0.02334,0.0,0.15567
bhandara,2026-04-05,577.7,616.0,1.11657,0.0058,0.067,0.02233,0.0,0.09513
bhandara,2026-04-06,532.3,616.0,1.01126,0.0,0.12045,0.02023,0.0,0.14068
bhandara,2026-04-07,609.5,616.0,0.99543,0.0,0.00683,0.01991,0.0,0.02674
bhandara,2026-04-08,555.7,616.0,0.85672,0.0,0.03801,0.01713,0.0,0.05514
bhandara,2026-04-09,592.7,616.0,0.82602,0.0,0.04478,0.01652,0.0,0.0613
bhandara,2026-04-10,572.5,616.0,0.73991,0.0,0.06978,0.0148,0.0,0.08457
bhandara,2026-04-11,581.3,616.0,0.69954,0.0,0.033,0.01399,0.0,0.04699
bhandara,2026-04-12,574.1,616.0,0.65093,0.0,0.07998,0.01302,0.0,0.093
bhandara,2026-04-13,551.0,616.0,0.62139,0.0,0.1,0.01243,0.0,0.11243
bhandara,2026-04-14,498.5,616.0,0.63368,0.0,0.11798,0.01267,0.06,0.19065
bhandara,2026-04-15,372.9,616.0,0.72938,0.0,0.25587,0.01459,0.12,0.39046
bhandara,2026-04-16,362.7,616.0,1.01466,0.0,0.20836,0.02029,0.18,0.40865
bhandara,2026-04-17,383.5,616.0,1.27373,0.0,0.116,0.02547,0.24,0.38147
bhandara,2026-04-18,370.7,616.0,1.46007,0.0,0.08634,0.0292,0.24,0.35554
bhandara,2026-04-19,408.4,616.0,1.63927,0.0,0.13591,0.03279,0.18,0.34869
bhandara,2026-04-20,476.7,616.0,1.73036,0.0,0.09885,0.03461,0.12,0.25346
bhandara,2026-04-21,508.0,616.0,1.69691,0.0,0.04826,0.03394,0.06,0.14219
bhandara,2026-04-22,575.0,616.0,1.61765,0.0,0.0,0.03235,0.0,0.03235
bhandara,2026-04-23,570.0,616.0,1.4416,0.0,0.0429,0.02883,0.0,0.07173
bhandara,2026-04-24,538.0,616.0,1.30008,0.0,0.13509,0.026,0.0,0.16109
bhandara,2026-04-25,521.4,616.0,1.23174,0.0,0.0654,0.02463,0.06,0.15003
bhandara,2026-04-26,518.3,616.0,1.20059,0.0,0.0,0.02401,0.12,0.14401
bhandara,2026-04-27,434.7,616.0,1.17914,0.0,0.07054,0.02358,0.18,0.27413
bhandara,2026-04-28,460.9,616.0,1.29652,0.0,0.09717,0.02593,0.18,0.3031
bhandara,2026-04-29,459.9,616.0,1.35387,0.0,0.07477,0.02708,0.18,0.28185
bhandara,2026-04-30,476.9,616.0,1.40414,0.0,0.067,0.02808,0.12,0.21508
bhandara,2026-05-01,550.3,616.0,1.41941,0.0,0.07398,0.02839,0.06,0.16237
bhandara,2026-05-02,562.8,616.0,1.31311,0.0002,0.06755,0.02626,0.0,0.09401
bhandara,2026-05-03,528.2,616.0,1.20257,0.00354,0.07248,0.02405,0.0,0.10007
bhandara,2026-05-04,552.0,616.0,1.16465,0.00172,0.05092,0.02329,0.0,0.07593
bhandara,2026-05-05,540.2,616.0,1.09384,0.0,0.1,0.02188,0.0,0.12188
bhandara,2026-05-06,544.9,616.0,1.0528,0.00136,0.04405,0.02106,0.0,0.06647
bhandara,2026-05-07,506.8,616.0,1.01025,0.00068,0.06063,0.02021,0.06,0.14152
bhandara,2026-05-08,447.1,616.0,1.03607,0.0,0.12873,0.02072,0.12,0.26945
bhandara,2026-05-09,474.1,616.0,1.15484,0.0,0.03484,0.0231,0.18,0.23793
bhandara,2026-05-10,404.4,616.0,1.21195,0.0,0.07244,0.02424,0.24,0.33668
bhandara,2026-05-11,425.5,616.0,1.37373,0.0,0.06854,0.02747,0.24,0.33601
bhandara,2026-05-12,459.5,616.0,1.47694,0.0,0.03236,0.02954,0.18,0.2419
bhandara,2026-05-13,519.4,616.0,1.50945,0.0,0.0,0.03019,0.12,0.15019
bhandara,2026-05-14,551.8,616.0,1.4399,0.0,0.01042,0.0288,0.06,0.09922
bhandara,2026-05-15,477.9,616.0,1.32811,0.0,0.11193,0.02656,0.06,0.19849
bhandara,2026-05-16,422.6,616.0,1.35302,0.0,0.17398,0.02706,0.12,0.32104
bhandara,2026-05-17,340.5,616.0,1.46402,0.01536,0.21698,0.02928,0.18,0.44162
bhandara,2026-05-18,262.5,616.0,1.69162,0.00768,0.36469,0.03383,0.18,0.5862
bhandara,2026-05-19,261.8,616.0,2.01181,0.0,0.33538,0.04024,0.18,0.55562
bhandara,2026-05-20,351.8,616.0,2.28497,0.0,0.25485,0.0457,0.12,0.42055
bhandara,2026-05-21,419.7,616.0,2.37118,0.0,0.17493,0.04742,0.06,0.28235
bhandara,2026-05-22,536.3,616.0,2.33418,0.0,0.04601,0.04668,0.0,0.0927
bhandara,2026-05-23,569.2,616.0,2.11349,0.0,0.02097,0.04227,0.0,0.06324
bhandara,2026-05-24,566.3,616.0,1.87245,0.0,0.01757,0.03745,0.0,0.05502
bhandara,2026-05-25,577.5,616.0,1.67228,0.0,0.05579,0.03345,0.0,0.08924
bhandara,2026-05-26,578.0,616.0,1.48401,0.0,0.067,0.02968,0.0,0.09668
bhandara,2026-05-27,492.0,616.0,1.32317,0.0,0.1561,0.02646,0.0,0.18256
bhandara,2026-05-28,471.9,616.0,1.326,0.0,0.20301,0.02652,0.0,0.22953
bhandara,2026-05-29,489.3,616.0,1.361,0.0,0.17958,0.02722,0.0,0.2068
bhandara,2026-05-30,539.1,616.0,1.36252,0.0,0.1,0.02725,0.0,0.12725
bhandara,2026-05-31,476.7,616.0,1.28301,0.09216,0.1,0.02566,0.0,0.21782
bhandara,2026-06-01,542.8,616.0,1.31668,0.04616,0.08607,0.02633,0.0,0.15857
bhandara,2026-06-02,498.1,616.0,1.23803,0.01272,0.083,0.02476,0.06,0.18048
bhandara,2026-06-03,469.0,616.0,1.24365,0.00686,0.10015,0.02487,0.12,0.25188
bhandara,2026-06-04,492.8,616.0,1.29577,0.01558,0.02247,0.02592,0.12,0.18397
bhandara,2026-06-05,483.2,616.0,1.30139,0.0083,0.0083,0.02603,0.18,0.22263
bhandara,2026-06-06,455.5,616.0,1.32172,0.00396,0.01022,0.02643,0.24,0.28062
bhandara,2026-06-07,479.1,616.0,1.38398,0.00182,0.00783,0.02768,0.18,0.21733
bhandara,2026-06-08,543.6,616.0,1.39855,0.0,0.0,0.02797,0.12,0.14797
bhandara,2026-06-09,502.5,616.0,1.30635,0.0,0.03116,0.02613,0.12,0.17729
bhandara,2026-06-10,557.4,616.0,1.29473,0.0,0.01407,0.02589,0.06,0.09997
bhandara,2026-06-11,579.6,616.0,1.19566,0.0,0.03795,0.02391,0.0,0.06186
bhandara,2026-06-12,590.2,616.0,1.07535,0.0,0.05,0.02151,0.0,0.07151
bhandara,2026-06-13,539.1,616.0,0.95597,0.03192,0.0455,0.01912,0.0,0.09654
bhandara,2026-06-14,502.5,616.0,0.9374,0.01596,0.1287,0.01875,0.0,0.1634
bhandara,2026-06-15,521.8,616.0,0.98099,0.0,0.10957,0.01962,0.0,0.12919
bhandara,2026-06-16,502.5,616.0,0.98671,0.0,0.14563,0.01973,0.0,0.16536
bhandara,2026-06-17,471.2,616.0,1.02289,0.0,0.19604,0.02046,0.0,0.2165
bhandara,2026-06-18,467.6,616.0,1.10454,0.0,0.18961,0.02209,0.0,0.2117
bhandara,2026-06-19,483.0,616.0,1.17983,0.0,0.183,0.0236,0.0,0.2066
bhandara,2026-06-20,514.3,616.0,1.21869,0.003,0.15717,0.02437,0.0,0.18455
bhandara,2026-06-21,538.2,616.0,1.20103,0.0015,0.10783,0.02402,0.0,0.13335
bhandara,2026-06-22,564.9,616.0,1.14725,0.0,0.10766,0.02294,0.0,0.13061
bhandara,2026-06-23,487.9,616.0,1.05807,0.01184,0.15551,0.02116,0.0,0.18851
bhandara,2026-06-24,478.8,616.0,1.10737,0.06744,0.1,0.02215,0.0,0.18959
bhandara,2026-06-25,502.9,616.0,1.16398,0.03076,0.10616,0.02328,0.0,0.1602
bhandara,2026-06-26,452.6,616.0,1.17306,0.06152,0.16547,0.02346,0.0,0.25045
bhandara,2026-06-27,487.8,616.0,1.26231,0.0742,0.10349,0.02525,0.0,0.20294
bhandara,2026-06-28,393.3,616.0,1.28115,0.086,0.19069,0.02562,0.06,0.36231
bhandara,2026-06-29,425.5,616.0,1.45052,0.0643,0.08029,0.02901,0.12,0.2936
bhandara,2026-06-30,347.0,616.0,1.54216,0.14016,0.12168,0.03084,0.18,0.47268
bhandara,2026-07-01,376.8,620.8,1.74754,0.13272,0.06785,0.03495,0.18,0.41552
bhandara,2026-07-02,394.5,620.8,1.87843,0.07562,0.06677,0.03757,0.18,0.35996
bhandara,2026-07-03,368.5,620.8,1.96124,0.09026,0.14036,0.03922,0.12,0.38984
bhandara,2026-07-04,402.0,620.8,2.07347,0.14254,0.09703,0.04147,0.06,0.34103
bhandara,2026-07-05,443.3,620.8,2.11492,0.21178,0.04965,0.0423,0.0,0.30373
bhandara,2026-07-06,407.9,620.8,2.0837,0.21442,0.09235,0.04167,0.0,0.34845
bhandara,2026-07-07,389.4,620.8,2.11417,0.29862,0.01089,0.04228,0.0,0.35179
bhandara,2026-07-08,494.5,655.3,2.16978,0.16546,0.02025,0.0434,0.0,0.2291
bhandara,2026-07-09,584.8,655.3,2.08974,0.0,0.0364,0.04179,0.0,0.07819
bhandara,2026-07-10,636.8,655.3,1.88392,0.00476,0.0,0.03768,0.0,0.04244
bhandara,2026-07-11,652.1,655.3,1.62951,0.00238,0.01523,0.03259,0.0,0.0502
bhandara,2026-07-12,592.5,655.3,1.38995,0.0,0.10119,0.0278,0.0,0.12899
bhandara,2026-07-13,541.1,655.3,1.27724,0.0,0.13581,0.02554,0.0,0.16136
bhandara,2026-07-14,561.5,655.3,1.25991,0.0,0.12533,0.0252,0.0,0.15052
bhandara,2026-07-15,577.2,664.2,1.21399,0.0,0.0807,0.02428,0.0,0.10498
bhandara,2026-07-16,656.2,664.2,1.16283,0.0,0.0,0.02326,0.0,0.02326
bhandara,2026-07-17,628.0,664.2,1.00032,0.04132,0.00934,0.02001,0.0,0.07067
bhandara,2026-07-18,545.1,664.2,0.90465,0.10366,0.0,0.01809,0.0,0.12175
bhandara,2026-07-19,575.4,664.2,0.9482,0.08858,0.01587,0.01896,0.0,0.12341
bhandara,2026-07-20,593.2,664.2,0.93968,0.06726,0.00392,0.01879,0.0,0.08997
bhandara,2026-07-21,488.3,664.2,0.90554,0.1251,0.10249,0.01811,0.0,0.2457
bhandara,2026-07-22,308.7,682.9,1.03446,0.33162,0.18348,0.02069,0.0,0.53579
bhandara,2026-07-23,373.5,682.9,1.42731,0.20164,0.25676,0.02855,0.0,0.48694
bhandara,2026-07-24,546.7,682.9,1.66629,0.09082,0.07863,0.03333,0.0,0.20278
bhandara,2026-07-25,616.9,682.9,1.61588,0.0,0.05,0.03232,0.0,0.08232
bhandara,2026-07-26,555.1,682.9,1.47018,0.0,0.13822,0.0294,0.0,0.16762
bhandara,2026-07-27,605.3,682.9,1.43683,0.0,0.07205,0.02874,0.0,0.10079
bhandara,2026-07-28,554.9,682.9,1.33498,0.13868,0.0,0.0267,0.0,0.16538
bhandara,2026-07-29,390.9,709.9,1.32224,0.34934,0.07374,0.02644,0.0,0.44953
bhandara,2026-07-30,367.0,709.9,1.57331,0.3074,0.12326,0.03147,0.0,0.46213
bhandara,2026-07-31,523.6,709.9,1.82032,0.1437,0.07076,0.03641,0.0,0.25087
bhandara,2026-08-01,601.3,709.9,1.80969,0.0,0.133,0.03619,0.0,0.16919
bhandara,2026-08-02,649.9,709.9,1.69128,0.0,0.07197,0.03383,0.0,0.1058
bhandara,2026-08-03,596.1,709.9,1.52212,0.0,0.07405,0.03044,0.0,0.10449
bhandara,2026-08-04,604.1,709.9,1.45409,0.03624,0.09933,0.02908,0.0,0.16465
bhandara,2026-08-05,637.6,735.6,1.38503,0.08012,0.00597,0.0277,0.0,0.11379
bhandara,2026-08-06,691.8,735.6,1.31049,0.06344,0.0,0.02621,0.0,0.08965
bhandara,2026-08-07,608.4,735.6,1.17351,0.05454,0.06649,0.02347,0.0,0.1445
bhandara,2026-08-08,667.1,735.6,1.17044,0.04612,0.01379,0.02341,0.0,0.08332
bhandara,2026-08-09,631.8,735.6,1.08803,0.12136,0.0,0.02176,0.0,0.14312
bhandara,2026-08-10,635.8,735.6,1.06595,0.13486,0.0,0.02132,0.0,0.15618
bhandara,2026-08-11,665.2,735.6,1.04173,0.04046,0.05641,0.02083,0.0,0.1177
bhandara,2026-08-12,616.2,723.6,0.98113,0.0,0.10753,0.01962,0.0,0.12715
bhandara,2026-08-13,692.2,723.6,0.98244,0.0,0.0,0.01965,0.0,0.01965
bhandara,2026-08-14,682.5,723.6,0.87847,0.02656,0.04202,0.01757,0.0,0.08615
bhandara,2026-08-15,570.7,723.6,0.80356,0.02088,0.09899,0.01607,0.06,0.19594
bhandara,2026-08-16,552.7,723.6,0.89434,0.114,0.02195,0.01789,0.12,0.27384
bhandara,2026-08-17,463.5,723.6,0.99638,0.14266,0.0286,0.01993,0.18,0.37119
bhandara,2026-08-18,373.4,723.6,1.20641,0.20186,0.0,0.02413,0.24,0.46599
bhandara,2026-08-19,501.1,757.4,1.50947,0.05532,0.02981,0.03019,0.24,0.35532
bhandara,2026-08-20,415.0,757.4,1.62138,0.11946,0.12483,0.03243,0.18,0.45672
bhandara,2026-08-21,492.4,757.4,1.83021,0.0589,0.13131,0.0366,0.12,0.34682
bhandara,2026-08-22,553.6,757.4,1.90556,0.04654,0.11546,0.03811,0.06,0.26011
bhandara,2026-08-23,627.9,757.4,1.88874,0.06498,0.08672,0.03777,0.0,0.18948
bhandara,2026-08-24,611.0,757.4,1.77642,0.12634,0.01051,0.03553,0.0,0.17238
bhandara,2026-08-25,608.5,757.4,1.70322,0.09946,0.044,0.03406,0.0,0.17753
bhandara,2026-08-26,629.7,754.7,1.64438,0.08998,0.02654,0.03289,0.0,0.1494
bhandara,2026-08-27,686.8,754.7,1.56336,0.04426,0.0,0.03127,0.0,0.07553
bhandara,2026-08-28,672.9,754.7,1.41881,0.00586,0.07907,0.02838,0.0,0.1133
bhandara,2026-08-29,727.0,754.7,1.31443,0.01858,0.0,0.02629,0.0,0.04487
bhandara,2026-08-30,639.4,754.7,1.15402,0.09584,0.05229,0.02308,0.0,0.17121
bhandara,2026-08-31,685.1,754.7,1.13371,0.05548,0.06755,0.02267,0.0,0.1457
bhandara,2026-09-01,732.8,754.7,1.05584,0.00876,0.01891,0.02112,0.0,0.04879
bhandara,2026-09-02,652.7,741.2,0.92656,0.0165,0.07227,0.01853,0.0,0.1073
bhandara,2026-09-03,617.7,741.2,0.90703,0.13622,0.01709,0.01814,0.0,0.17145
bhandara,2026-09-04,630.0,741.2,0.93769,0.12,0.01076,0.01875,0.0,0.14952
bhandara,2026-09-05,656.7,741.2,0.94709,0.05984,0.0,0.01894,0.0,0.07878
bhandara,2026-09-06,703.8,741.2,0.91911,0.0412,0.0,0.01838,0.0,0.05958
bhandara,2026-09-07,671.0,741.2,0.83177,0.01516,0.0299,0.01664,0.0,0.0617
bhandara,2026-09-08,682.8,741.2,0.80184,0.01296,0.05528,0.01604,0.0,0.08428
bhandara,2026-09-09,688.8,742.5,0.76036,0.04476,0.00398,0.01521,0.0,0.06395
bhandara,2026-09-10,661.3,742.5,0.71864,0.02978,0.02195,0.01437,0.0,0.06611
bhandara,2026-09-11,679.6,742.5,0.72016,0.00748,0.083,0.0144,0.0,0.10488
bhandara,2026-09-12,700.7,742.5,0.69689,0.0246,0.03229,0.01394,0.0,0.07083
bhandara,2026-09-13,570.6,742.5,0.64868,0.13104,0.11143,0.01297,0.0,0.25544
bhandara,2026-09-14,636.5,742.5,0.78293,0.10594,0.0,0.01566,0.0,0.1216
bhandara,2026-09-15,702.1,742.5,0.80829,0.02418,0.0102,0.01617,0.0,0.05055
bhandara,2026-09-16,698.9,781.9,0.74147,0.00128,0.10344,0.01483,0.0,0.11955
bhandara,2026-09-17,641.1,781.9,0.73637,0.00582,0.21083,0.01473,0.0,0.23138
bhandara,2026-09-18,652.9,781.9,0.80599,0.01052,0.13896,0.01612,0.0,0.1656
bhandara,2026-09-19,571.6,781.9,0.85005,0.13266,0.10917,0.017,0.0,0.25884
bhandara,2026-09-20,630.1,781.9,0.99146,0.06546,0.08913,0.01983,0.0,0.17442
bhandara,2026-09-21,789.2,781.9,1.03685,0.00982,0.0,0.02074,0.0,0.03056
bhandara,2026-09-22,790.7,781.9,0.87197,0.00556,0.0,0.01744,0.0,0.023
