{"type": "FeatureCollection", "features": [{"type": "Feature", "geometry": {"type": "Polygon", "coordinates": [[[79.2243068030303, 21.34953181818182], [79.2243068030303, 21.35623018181818], [79.21120319696969, 21.35623018181818], [79.21120319696969, 21.34953181818182], [79.2243068030303, 21.34953181818182]]]}, "properties": {"confidence_score": 0.09, "site_id": "nagpur"}}, {"type": "Feature", "geometry": {"type": "Polygon", "coordinates": [[[79.23741040909091, 21.34953181818182], [79.23741040909091, 21.35623018181818], [79.2243068030303, 21.35623018181818], [79.2243068030303, 21.34953181818182], [79.23741040909091, 21.34953181818182]]]}, "properties": {"confidence_score": 0.1643, "site_id": "nagpur"}}, {"type": "Feature", "geometry": {"type": "Polygon", "coordinates": [[[79.25051401515151, 21.34953181818182], [79.25051401515151, 21.35623018181818], [79.2374104090909, 21.35623018181818], [79.2374104090909, 21.34953181818182], [79.25051401515151, 21.34953181818182]]]}, "properties": {"confidence_score": 0.1117, "site_id": "nagpur"}}, {"type": "Feature", "geometry": {"type": "Polygon", "coordinates": [[[79.26361762121212, 21.34953181818182], [79.26361762121212, 21.35623018181818], [79.25051401515151, 21.35623018181818], [79.25051401515151, 21.34953181818182], [79.26361762121212, 21.34953181818182]]]}, "properties": {"confidence_score": 0.5217, "site_id": "nagpur"}}, {"type": "Feature", "geometry": {"type": "Polygon", "coordinates": [[[79.27672122727273, 21.34953181818182], [79.27672122727273, 21.35623018181818], [79.26361762121212, 21.35623018181818], [79.26361762121212, 21.34953181818182], [79.27672122727273, 21.34953181818182]]]}, "properties": {"confidence_score": 0.842, "site_id": "nagpur"}}, {"type": "Feature", "geometry": {"type": "Polygon", "coordinates": [[[79.28982483333333, 21.34953181818182], [79.28982483333333, 21.35623018181818], [79.27672122727272, 21.35623018181818], [79.27672122727272, 21.34953181818182], [79.28982483333333, 21.34953181818182]]]}, "properties": {"confidence_score": 0.8212, "site_id": "nagpur"}}, {"type": "Feature", "geometry": {"type": "Polygon", "coordinates": [[[79.30292843939394, 21.34953181818182], [79.30292843939394, 21.35623018181818], [79.28982483333333, 21.35623018181818], [79.28982483333333, 21.34953181818182], [79.30292843939394, 21.34953181818182]]]}, "properties": {"confidence_score": 0.8927, "site_id": "nagpur"}}, {"type": "Feature", "geometry": {"type": "Polygon", "coordinates": [[[79.31603204545455, 21.34953181818182], [79.31603204545455, 21.35623018181818], [79.30292843939394, 21.35623018181818], [79.30292843939394, 21.34953181818182], [79.31603204545455, 21.34953181818182]]]}, "properties": {"confidence_score": 0.5839, "site_id": "nagpur"}}, {"type": "Feature", "geometry": {"type": "Polygon", "coordinates": [[[79.32913565151514, 21.34953181818182], [79.32913565151514, 21.35623018181818], [79.31603204545453, 21.35623018181818], [79.31603204545453, 21.34953181818182], [79.32913565151514, 21.34953181818182]]]}, "properties": {"confidence_score": 0.186, "site_id": "nagpur"}}, {"type": "Feature", "geometry": {"type": "Polygon", "coordinates": [[[79.2243068030303, 21.356230181818184], [79.2243068030303, 21.362928545454544], [79.21120319696969, 21.362928545454544], [79.21120319696969, 21.356230181818184], [79.2243068030303, 21.356230181818184]]]}, "properties": {"confidence_score": 0.1111, "site_id": "nagpur"}}, {"type": "Feature", "geometry": {"type": "Polygon", "coordinates": [[[79.23741040909091, 21.356230181818184], [79.23741040909091, 21.362928545454544], [79.2243068030303, 21.362928545454544], [79.2243068030303, 21.356230181818184], [79.23741040909091, 21.356230181818184]]]}, "properties": {"confidence_score": 0.301, "site_id": "nagpur"}}, {"type": "Feature", "geometry": {"type": "Polygon", "coordinates": [[[79.25051401515151, 21.356230181818184], [79.25051401515151, 21.362928545454544], [79.2374104090909, 21.362928545454544], [79.2374104090909, 21.356230181818184], [79.25051401515151, 21.356230181818184]]]}, "properties": {"confidence_score": 0.4894, "site_id": "nagpur"}}, {"type": "Feature", "geometry": {"type": "Polygon", "coordinates": [[[79.26361762121212, 21.356230181818184], [79.26361762121212, 21.362928545454544], [79.25051401515151, 21.362928545454544], [79.25051401515151, 21.356230181818184], [79.26361762121212, 21.356230181818184]]]}, "properties": {"confidence_score": 0.6777, "site_id": "nagpur"}}, {"type": "Feature", "geometry": {"type": "Polygon", "coordinates": [[[79.27672122727273, 21.356230181818184], [79.27672122727273, 21.362928545454544], [79.26361762121212, 21.362928545454544], [79.26361762121212, 21.356230181818184], [79.27672122727273, 21.356230181818184]]]}, "properties": {"confidence_score": 0.8631, "site_id": "nagpur"}}, {"type": "Feature", "geometry": {"type": "Polygon", "coordinates": [[[79.28982483333333, 21.356230181818184], [79.28982483333333, 21.362928545454544], [79.27672122727272, 21.362928545454544], [79.27672122727272, 21.356230181818184], [79.28982483333333, 21.356230181818184]]]}, "properties": {"confidence_score": 0.8826, "site_id": "nagpur"}}, {"type": "Feature", "geometry": {"type": "Polygon", "coordinates": [[[79.30292843939394, 21.356230181818184], [79.30292843939394, 21.362928545454544], [79.28982483333333, 21.362928545454544], [79.28982483333333, 21.356230181818184], [79.30292843939394, 21.356230181818184]]]}, "properties": {"confidence_score": 0.886, "site_id": "nagpur"}}, {"type": "Feature", "geometry": {"type": "Polygon", "coordinates": [[[79.31603204545455, 21.356230181818184], [79.31603204545455, 21.362928545454544], [79.30292843939394, 21.362928545454544], [79.30292843939394, 21.356230181818184], [79.31603204545455, 21.356230181818184]]]}, "properties": {"confidence_score": 0.7082, "site_id": "nagpur"}}, {"type": "Feature", "geometry": {"type": "Polygon", "coordinates": [[[79.32913565151514, 21.356230181818184], [79.32913565151514, 21.362928545454544], [79.31603204545453, 21.362928545454544], [79.31603204545453, 21.356230181818184], [79.32913565151514, 21.356230181818184]]]}, "properties": {"confidence_score": 0.5099, "site_id": "nagpur"}}, {"type": "Feature", "geometry": {"type": "Polygon", "coordinates": [[[79.2243068030303, 21.362928545454547], [79.2243068030303, 21.369626909090908], [79.21120319696969, 21.369626909090908], [79.21120319696969, 21.362928545454547], [79.2243068030303, 21.362928545454547]]]}, "properties": {"confidence_score": 0.1169, "site_id": "nagpur"}}, {"type": "Feature", "geometry": {"type": "Polygon", "coordinates": [[[79.23741040909091, 21.362928545454547], [79.23741040909091, 21.369626909090908], [79.2243068030303, 21.369626909090908], [79.2243068030303, 21.362928545454547], [79.23741040909091, 21.362928545454547]]]}, "properties": {"confidence_score": 0.4872, "site_id": "nagpur"}}, {"type": "Feature", "geometry": {"type": "Polygon", "coordinates": [[[79.25051401515151, 21.362928545454547], [79.25051401515151, 21.369626909090908], [79.2374104090909, 21.369626909090908], [79.2374104090909, 21.362928545454547], [79.25051401515151, 21.362928545454547]]]}, "properties": {"confidence_score": 0.887, "site_id": "nagpur"}}, {"type": "Feature", "geometry": {"type": "Polygon", "coordinates": [[[79.26361762121212, 21.362928545454547], [79.26361762121212, 21.369626909090908], [79.25051401515151, 21.369626909090908], [79.25051401515151, 21.362928545454547], [79.26361762121212, 21.362928545454547]]]}, "properties": {"confidence_score": 0.8259, "site_id": "nagpur"}}, {"type": "Feature", "geometry": {"type": "Polygon", "coordinates": [[[79.27672122727273, 21.362928545454547], [79.27672122727273, 21.369626909090908], [79.26361762121212, 21.369626909090908], [79.26361762121212, 21.362928545454547], [79.27672122727273, 21.362928545454547]]]}, "properties": {"confidence_score": 0.9095, "site_id": "nagpur"}}, {"type": "Feature", "geometry": {"type": "Polygon", "coordinates": [[[79.28982483333333, 21.362928545454547], [79.28982483333333, 21.369626909090908], [79.27672122727272, 21.369626909090908], [79.27672122727272, 21.362928545454547], [79.28982483333333, 21.362928545454547]]]}, "properties": {"confidence_score": 0.909, "site_id": "nagpur"}}, {"type": "Feature", "geometry": {"type": "Polygon", "coordinates": [[[79.30292843939394, 21.362928545454547], [79.30292843939394, 21.369626909090908], [79.28982483333333, 21.369626909090908], [79.28982483333333, 21.362928545454547], [79.30292843939394, 21.362928545454547]]]}, "properties": {"confidence_score": 0.8996, "site_id": "nagpur"}}, {"type": "Feature", "geometry": {"type": "Polygon", "coordinates": [[[79.31603204545455, 21.362928545454547], [79.31603204545455, 21.369626909090908], [79.30292843939394, 21.369626909090908], [79.30292843939394, 21.362928545454547], [79.31603204545455, 21.362928545454547]]]}, "properties": {"confidence_score": 0.8132, "site_id": "nagpur"}}, {"type": "Feature", "geometry": {"type": "Polygon", "coordinates": [[[79.32913565151514, 21.362928545454547], [79.32913565151514, 21.369626909090908], [79.31603204545453, 21.369626909090908], [79.31603204545453, 21.362928545454547], [79.32913565151514, 21.362928545454547]]]}, "properties": {"confidence_score": 0.8427, "site_id": "nagpur"}}, {"type": "Feature", "geometry": {"type": "Polygon", "coordinates": [[[79.2243068030303, 21.36962690909091], [79.2243068030303, 21.37632527272727], [79.21120319696969, 21.37632527272727], [79.21120319696969, 21.36962690909091], [79.2243068030303, 21.36962690909091]]]}, "properties": {"confidence_score": 0.4826, "site_id": "nagpur"}}, {"type": "Feature", "geometry": {"type": "Polygon", "coordinates": [[[79.23741040909091, 21.36962690909091], [79.23741040909091, 21.37632527272727], [79.2243068030303, 21.37632527272727], [79.2243068030303, 21.36962690909091], [79.23741040909091, 21.36962690909091]]]}, "properties": {"confidence_score": 0.6782, "site_id": "nagpur"}}, {"type": "Feature", "geometry": {"type": "Polygon", "coordinates": [[[79.25051401515151, 21.36962690909091], [79.25051401515151, 21.37632527272727], [79.2374104090909, 21.37632527272727], [79.2374104090909, 21.36962690909091], [79.25051401515151, 21.36962690909091]]]}, "properties": {"confidence_score": 0.9244, "site_id": "nagpur"}}, {"type": "Feature", "geometry": {"type": "Polygon", "coordinates": [[[79.26361762121212, 21.36962690909091], [79.26361762121212, 21.37632527272727], [79.25051401515151, 21.37632527272727], [79.25051401515151, 21.36962690909091], [79.26361762121212, 21.36962690909091]]]}, "properties": {"confidence_score": 0.9154, "site_id": "nagpur"}}, {"type": "Feature", "geometry": {"type": "Polygon", "coordinates": [[[79.27672122727273, 21.36962690909091], [79.27672122727273, 21.37632527272727], [79.26361762121212, 21.37632527272727], [79.26361762121212, 21.36962690909091], [79.27672122727273, 21.36962690909091]]]}, "properties": {"confidence_score": 0.9331, "site_id": "nagpur"}}, {"type": "Feature", "geometry": {"type": "Polygon", "coordinates": [[[79.28982483333333, 21.36962690909091], [79.28982483333333, 21.37632527272727], [79.27672122727272, 21.37632527272727], [79.27672122727272, 21.36962690909091], [79.28982483333333, 21.36962690909091]]]}, "properties": {"confidence_score": 0.9259, "site_id": "nagpur"}}, {"type": "Feature", "geometry": {"type": "Polygon", "coordinates": [[[79.30292843939394, 21.36962690909091], [79.30292843939394, 21.37632527272727], [79.28982483333333, 21.37632527272727], [79.28982483333333, 21.36962690909091], [79.30292843939394, 21.36962690909091]]]}, "properties": {"confidence_score": 0.9167, "site_id": "nagpur"}}, {"type": "Feature", "geometry": {"type": "Polygon", "coordinates": [[[79.31603204545455, 21.36962690909091], [79.31603204545455, 21.37632527272727], [79.30292843939394, 21.37632527272727], [79.30292843939394, 21.36962690909091], [79.31603204545455, 21.36962690909091]]]}, "properties": {"confidence_score": 0.8696, "site_id": "nagpur"}}, {"type": "Feature", "geometry": {"type": "Polygon", "coordinates": [[[79.32913565151514, 21.36962690909091], [79.32913565151514, 21.37632527272727], [79.31603204545453, 21.37632527272727], [79.31603204545453, 21.36962690909091], [79.32913565151514, 21.36962690909091]]]}, "properties": {"confidence_score": 0.817, "site_id": "nagpur"}}, {"type": "Feature", "geometry": {"type": "Polygon", "coordinates": [[[79.2243068030303, 21.376325272727275], [79.2243068030303, 21.383023636363635], [79.21120319696969, 21.383023636363635], [79.21120319696969, 21.376325272727275], [79.2243068030303, 21.376325272727275]]]}, "properties": {"confidence_score": 0.8479, "site_id": "nagpur"}}, {"type": "Feature", "geometry": {"type": "Polygon", "coordinates": [[[79.23741040909091, 21.376325272727275], [79.23741040909091, 21.383023636363635], [79.2243068030303, 21.383023636363635], [79.2243068030303, 21.376325272727275], [79.23741040909091, 21.376325272727275]]]}, "properties": {"confidence_score": 0.8266, "site_id": "nagpur"}}, {"type": "Feature", "geometry": {"type": "Polygon", "coordinates": [[[79.25051401515151, 21.376325272727275], [79.25051401515151, 21.383023636363635], [79.2374104090909, 21.383023636363635], [79.2374104090909, 21.376325272727275], [79.25051401515151, 21.376325272727275]]]}, "properties": {"confidence_score": 0.9876, "site_id": "nagpur"}}, {"type": "Feature", "geometry": {"type": "Polygon", "coordinates": [[[79.26361762121212, 21.376325272727275], [79.26361762121212, 21.383023636363635], [79.25051401515151, 21.383023636363635], [79.25051401515151, 21.376325272727275], [79.26361762121212, 21.376325272727275]]]}, "properties": {"confidence_score": 0.9557, "site_id": "nagpur"}}, {"type": "Feature", "geometry": {"type": "Polygon", "coordinates": [[[79.27672122727273, 21.376325272727275], [79.27672122727273, 21.383023636363635], [79.26361762121212, 21.383023636363635], [79.26361762121212, 21.376325272727275], [79.27672122727273, 21.376325272727275]]]}, "properties": {"confidence_score": 0.9667, "site_id": "nagpur"}}, {"type": "Feature", "geometry": {"type": "Polygon", "coordinates": [[[79.28982483333333, 21.376325272727275], [79.28982483333333, 21.383023636363635], [79.27672122727272, 21.383023636363635], [79.27672122727272, 21.376325272727275], [79.28982483333333, 21.376325272727275]]]}, "properties": {"confidence_score": 0.9413, "site_id": "nagpur"}}, {"type": "Feature", "geometry": {"type": "Polygon", "coordinates": [[[79.30292843939394, 21.376325272727275], [79.30292843939394, 21.383023636363635], [79.28982483333333, 21.383023636363635], [79.28982483333333, 21.376325272727275], [79.30292843939394, 21.376325272727275]]]}, "properties": {"confidence_score": 0.9471, "site_id": "nagpur"}}, {"type": "Feature", "geometry": {"type": "Polygon", "coordinates": [[[79.31603204545455, 21.376325272727275], [79.31603204545455, 21.383023636363635], [79.30292843939394, 21.383023636363635], [79.30292843939394, 21.376325272727275], [79.31603204545455, 21.376325272727275]]]}, "properties": {"confidence_score": 0.892, "site_id": "nagpur"}}, {"type": "Feature", "geometry": {"type": "Polygon", "coordinates": [[[79.32913565151514, 21.376325272727275], [79.32913565151514, 21.383023636363635], [79.31603204545453, 21.383023636363635], [79.31603204545453, 21.376325272727275], [79.32913565151514, 21.376325272727275]]]}, "properties": {"confidence_score": 0.8043, "site_id": "nagpur"}}, {"type": "Feature", "geometry": {"type": "Polygon", "coordinates": [[[79.2243068030303, 21.38302363636364], [79.2243068030303, 21.389722], [79.21120319696969, 21.389722], [79.21120319696969, 21.38302363636364], [79.2243068030303, 21.38302363636364]]]}, "properties": {"confidence_score": 0.8457, "site_id": "nagpur"}}, {"type": "Feature", "geometry": {"type": "Polygon", "coordinates": [[[79.23741040909091, 21.38302363636364], [79.23741040909091, 21.389722], [79.2243068030303, 21.389722], [79.2243068030303, 21.38302363636364], [79.23741040909091, 21.38302363636364]]]}, "properties": {"confidence_score": 0.9005, "site_id": "nagpur"}}, {"type": "Feature", "geometry": {"type": "Polygon", "coordinates": [[[79.25051401515151, 21.38302363636364], [79.25051401515151, 21.389722], [79.2374104090909, 21.389722], [79.2374104090909, 21.38302363636364], [79.25051401515151, 21.38302363636364]]]}, "properties": {"confidence_score": 0.9746, "site_id": "nagpur"}}, {"type": "Feature", "geometry": {"type": "Polygon", "coordinates": [[[79.26361762121212, 21.38302363636364], [79.26361762121212, 21.389722], [79.25051401515151, 21.389722], [79.25051401515151, 21.38302363636364], [79.26361762121212, 21.38302363636364]]]}, "properties": {"confidence_score": 0.9691, "site_id": "nagpur"}}, {"type": "Feature", "geometry": {"type": "Polygon", "coordinates": [[[79.27672122727273, 21.38302363636364], [79.27672122727273, 21.389722], [79.26361762121212, 21.389722], [79.26361762121212, 21.38302363636364], [79.27672122727273, 21.38302363636364]]]}, "properties": {"confidence_score": 0.9744, "site_id": "nagpur"}}, {"type": "Feature", "geometry": {"type": "Polygon", "coordinates": [[[79.28982483333333, 21.38302363636364], [79.28982483333333, 21.389722], [79.27672122727272, 21.389722], [79.27672122727272, 21.38302363636364], [79.28982483333333, 21.38302363636364]]]}, "properties": {"confidence_score": 0.954, "site_id": "nagpur"}}, {"type": "Feature", "geometry": {"type": "Polygon", "coordinates": [[[79.30292843939394, 21.38302363636364], [79.30292843939394, 21.389722], [79.28982483333333, 21.389722], [79.28982483333333, 21.38302363636364], [79.30292843939394, 21.38302363636364]]]}, "properties": {"confidence_score": 0.9496, "site_id": "nagpur"}}, {"type": "Feature", "geometry": {"type": "Polygon", "coordinates": [[[79.31603204545455, 21.38302363636364], [79.31603204545455, 21.389722], [79.30292843939394, 21.389722], [79.30292843939394, 21.38302363636364], [79.31603204545455, 21.38302363636364]]]}, "properties": {"confidence_score": 0.9005, "site_id": "nagpur"}}, {"type": "Feature", "geometry": {"type": "Polygon", "coordinates": [[[79.32913565151514, 21.38302363636364], [79.32913565151514, 21.389722], [79.31603204545453, 21.389722], [79.31603204545453, 21.38302363636364], [79.32913565151514, 21.38302363636364]]]}, "properties": {"confidence_score": 0.813, "site_id": "nagpur"}}, {"type": "Feature", "geometry": {"type": "Polygon", "coordinates": [[[79.2243068030303, 21.389722000000003], [79.2243068030303, 21.396420363636363], [79.21120319696969, 21.396420363636363], [79.21120319696969, 21.389722000000003], [79.2243068030303, 21.389722000000003]]]}, "properties": {"confidence_score": 0.8558, "site_id": "nagpur"}}, {"type": "Feature", "geometry": {"type": "Polygon", "coordinates": [[[79.23741040909091, 21.389722000000003], [79.23741040909091, 21.396420363636363], [79.2243068030303, 21.396420363636363], [79.2243068030303, 21.389722000000003], [79.23741040909091, 21.389722000000003]]]}, "properties": {"confidence_score": 0.9296, "site_id": "nagpur"}}, {"type": "Feature", "geometry": {"type": "Polygon", "coordinates": [[[79.25051401515151, 21.389722000000003], [79.25051401515151, 21.396420363636363], [79.2374104090909, 21.396420363636363], [79.2374104090909, 21.389722000000003], [79.25051401515151, 21.389722000000003]]]}, "properties": {"confidence_score": 0.9781, "site_id": "nagpur"}}, {"type": "Feature", "geometry": {"type": "Polygon", "coordinates": [[[79.26361762121212, 21.389722000000003], [79.26361762121212, 21.396420363636363], [79.25051401515151, 21.396420363636363], [79.25051401515151, 21.389722000000003], [79.26361762121212, 21.389722000000003]]]}, "properties": {"confidence_score": 0.9717, "site_id": "nagpur"}}, {"type": "Feature", "geometry": {"type": "Polygon", "coordinates": [[[79.27672122727273, 21.389722000000003], [79.27672122727273, 21.396420363636363], [79.26361762121212, 21.396420363636363], [79.26361762121212, 21.389722000000003], [79.27672122727273, 21.389722000000003]]]}, "properties": {"confidence_score": 0.9961, "site_id": "nagpur"}}, {"type": "Feature", "geometry": {"type": "Polygon", "coordinates": [[[79.28982483333333, 21.389722000000003], [79.28982483333333, 21.396420363636363], [79.27672122727272, 21.396420363636363], [79.27672122727272, 21.389722000000003], [79.28982483333333, 21.389722000000003]]]}, "properties": {"confidence_score": 0.964, "site_id": "nagpur"}}, {"type": "Feature", "geometry": {"type": "Polygon", "coordinates": [[[79.30292843939394, 21.389722000000003], [79.30292843939394, 21.396420363636363], [79.28982483333333, 21.396420363636363], [79.28982483333333, 21.389722000000003], [79.30292843939394, 21.389722000000003]]]}, "properties": {"confidence_score": 0.9656, "site_id": "nagpur"}}, {"type": "Feature", "geometry": {"type": "Polygon", "coordinates": [[[79.31603204545455, 21.389722000000003], [79.31603204545455, 21.396420363636363], [79.30292843939394, 21.396420363636363], [79.30292843939394, 21.389722000000003], [79.31603204545455, 21.389722000000003]]]}, "properties": {"confidence_score": 0.8932, "site_id": "nagpur"}}, {"type": "Feature", "geometry": {"type": "Polygon", "coordinates": [[[79.32913565151514, 21.389722000000003], [79.32913565151514, 21.396420363636363], [79.31603204545453, 21.396420363636363], [79.31603204545453, 21.389722000000003], [79.32913565151514, 21.389722000000003]]]}, "properties": {"confidence_score": 0.8617, "site_id": "nagpur"}}, {"type": "Feature", "geometry": {"type": "Polygon", "coordinates": [[[79.2243068030303, 21.396420363636366], [79.2243068030303, 21.403118727272727], [79.21120319696969, 21.403118727272727], [79.21120319696969, 21.396420363636366], [79.2243068030303, 21.396420363636366]]]}, "properties": {"confidence_score": 0.9006, "site_id": "nagpur"}}, {"type": "Feature", "geometry": {"type": "Polygon", "coordinates": [[[79.23741040909091, 21.396420363636366], [79.23741040909091, 21.403118727272727], [79.2243068030303, 21.403118727272727], [79.2243068030303, 21.396420363636366], [79.23741040909091, 21.396420363636366]]]}, "properties": {"confidence_score": 0.9483, "site_id": "nagpur"}}, {"type": "Feature", "geometry": {"type": "Polygon", "coordinates": [[[79.25051401515151, 21.396420363636366], [79.25051401515151, 21.403118727272727], [79.2374104090909, 21.403118727272727], [79.2374104090909, 21.396420363636366], [79.25051401515151, 21.396420363636366]]]}, "properties": {"confidence_score": 0.9752, "site_id": "nagpur"}}, {"type": "Feature", "geometry": {"type": "Polygon", "coordinates": [[[79.26361762121212, 21.396420363636366], [79.26361762121212, 21.403118727272727], [79.25051401515151, 21.403118727272727], [79.25051401515151, 21.396420363636366], [79.26361762121212, 21.396420363636366]]]}, "properties": {"confidence_score": 0.9709, "site_id": "nagpur"}}, {"type": "Feature", "geometry": {"type": "Polygon", "coordinates": [[[79.27672122727273, 21.396420363636366], [79.27672122727273, 21.403118727272727], [79.26361762121212, 21.403118727272727], [79.26361762121212, 21.396420363636366], [79.27672122727273, 21.396420363636366]]]}, "properties": {"confidence_score": 0.9875, "site_id": "nagpur"}}, {"type": "Feature", "geometry": {"type": "Polygon", "coordinates": [[[79.28982483333333, 21.396420363636366], [79.28982483333333, 21.403118727272727], [79.27672122727272, 21.403118727272727], [79.27672122727272, 21.396420363636366], [79.28982483333333, 21.396420363636366]]]}, "properties": {"confidence_score": 0.9698, "site_id": "nagpur"}}, {"type": "Feature", "geometry": {"type": "Polygon", "coordinates": [[[79.30292843939394, 21.396420363636366], [79.30292843939394, 21.403118727272727], [79.28982483333333, 21.403118727272727], [79.28982483333333, 21.396420363636366], [79.30292843939394, 21.396420363636366]]]}, "properties": {"confidence_score": 0.958, "site_id": "nagpur"}}, {"type": "Feature", "geometry": {"type": "Polygon", "coordinates": [[[79.31603204545455, 21.396420363636366], [79.31603204545455, 21.403118727272727], [79.30292843939394, 21.403118727272727], [79.30292843939394, 21.396420363636366], [79.31603204545455, 21.396420363636366]]]}, "properties": {"confidence_score": 0.8558, "site_id": "nagpur"}}, {"type": "Feature", "geometry": {"type": "Polygon", "coordinates": [[[79.32913565151514, 21.396420363636366], [79.32913565151514, 21.403118727272727], [79.31603204545453, 21.403118727272727], [79.31603204545453, 21.396420363636366], [79.32913565151514, 21.396420363636366]]]}, "properties": {"confidence_score": 0.7497, "site_id": "nagpur"}}, {"type": "Feature", "geometry": {"type": "Polygon", "coordinates": [[[79.2243068030303, 21.40311872727273], [79.2243068030303, 21.40981709090909], [79.21120319696969, 21.40981709090909], [79.21120319696969, 21.40311872727273], [79.2243068030303, 21.40311872727273]]]}, "properties": {"confidence_score": 0.9869, "site_id": "nagpur"}}, {"type": "Feature", "geometry": {"type": "Polygon", "coordinates": [[[79.23741040909091, 21.40311872727273], [79.23741040909091, 21.40981709090909], [79.2243068030303, 21.40981709090909], [79.2243068030303, 21.40311872727273], [79.23741040909091, 21.40311872727273]]]}, "properties": {"confidence_score": 0.9557, "site_id": "nagpur"}}, {"type": "Feature", "geometry": {"type": "Polygon", "coordinates": [[[79.25051401515151, 21.40311872727273], [79.25051401515151, 21.40981709090909], [79.2374104090909, 21.40981709090909], [79.2374104090909, 21.40311872727273], [79.25051401515151, 21.40311872727273]]]}, "properties": {"confidence_score": 0.989, "site_id": "nagpur"}}, {"type": "Feature", "geometry": {"type": "Polygon", "coordinates": [[[79.26361762121212, 21.40311872727273], [79.26361762121212, 21.40981709090909], [79.25051401515151, 21.40981709090909], [79.25051401515151, 21.40311872727273], [79.26361762121212, 21.40311872727273]]]}, "properties": {"confidence_score": 0.9681, "site_id": "nagpur"}}, {"type": "Feature", "geometry": {"type": "Polygon", "coordinates": [[[79.27672122727273, 21.40311872727273], [79.27672122727273, 21.40981709090909], [79.26361762121212, 21.40981709090909], [79.26361762121212, 21.40311872727273], [79.27672122727273, 21.40311872727273]]]}, "properties": {"confidence_score": 0.9965, "site_id": "nagpur"}}, {"type": "Feature", "geometry": {"type": "Polygon", "coordinates": [[[79.28982483333333, 21.40311872727273], [79.28982483333333, 21.40981709090909], [79.27672122727272, 21.40981709090909], [79.27672122727272, 21.40311872727273], [79.28982483333333, 21.40311872727273]]]}, "properties": {"confidence_score": 0.9716, "site_id": "nagpur"}}, {"type": "Feature", "geometry": {"type": "Polygon", "coordinates": [[[79.30292843939394, 21.40311872727273], [79.30292843939394, 21.40981709090909], [79.28982483333333, 21.40981709090909], [79.28982483333333, 21.40311872727273], [79.30292843939394, 21.40311872727273]]]}, "properties": {"confidence_score": 0.9727, "site_id": "nagpur"}}, {"type": "Feature", "geometry": {"type": "Polygon", "coordinates": [[[79.31603204545455, 21.40311872727273], [79.31603204545455, 21.40981709090909], [79.30292843939394, 21.40981709090909], [79.30292843939394, 21.40311872727273], [79.31603204545455, 21.40311872727273]]]}, "properties": {"confidence_score": 0.7881, "site_id": "nagpur"}}, {"type": "Feature", "geometry": {"type": "Polygon", "coordinates": [[[79.32913565151514, 21.40311872727273], [79.32913565151514, 21.40981709090909], [79.31603204545453, 21.40981709090909], [79.31603204545453, 21.40311872727273], [79.32913565151514, 21.40311872727273]]]}, "properties": {"confidence_score": 0.647, "site_id": "nagpur"}}, {"type": "Feature", "geometry": {"type": "Polygon", "coordinates": [[[79.2243068030303, 21.409817090909094], [79.2243068030303, 21.416515454545454], [79.21120319696969, 21.416515454545454], [79.21120319696969, 21.409817090909094], [79.2243068030303, 21.409817090909094]]]}, "properties": {"confidence_score": 0.9076, "site_id": "nagpur"}}, {"type": "Feature", "geometry": {"type": "Polygon", "coordinates": [[[79.23741040909091, 21.409817090909094], [79.23741040909091, 21.416515454545454], [79.2243068030303, 21.416515454545454], [79.2243068030303, 21.409817090909094], [79.23741040909091, 21.409817090909094]]]}, "properties": {"confidence_score": 0.9386, "site_id": "nagpur"}}, {"type": "Feature", "geometry": {"type": "Polygon", "coordinates": [[[79.25051401515151, 21.409817090909094], [79.25051401515151, 21.416515454545454], [79.2374104090909, 21.416515454545454], [79.2374104090909, 21.409817090909094], [79.25051401515151, 21.409817090909094]]]}, "properties": {"confidence_score": 0.9633, "site_id": "nagpur"}}, {"type": "Feature", "geometry": {"type": "Polygon", "coordinates": [[[79.26361762121212, 21.409817090909094], [79.26361762121212, 21.416515454545454], [79.25051401515151, 21.416515454545454], [79.25051401515151, 21.409817090909094], [79.26361762121212, 21.409817090909094]]]}, "properties": {"confidence_score": 0.9609, "site_id": "nagpur"}}, {"type": "Feature", "geometry": {"type": "Polygon", "coordinates": [[[79.27672122727273, 21.409817090909094], [79.27672122727273, 21.416515454545454], [79.26361762121212, 21.416515454545454], [79.26361762121212, 21.409817090909094], [79.27672122727273, 21.409817090909094]]]}, "properties": {"confidence_score": 0.9859, "site_id": "nagpur"}}, {"type": "Feature", "geometry": {"type": "Polygon", "coordinates": [[[79.28982483333333, 21.409817090909094], [79.28982483333333, 21.416515454545454], [79.27672122727272, 21.416515454545454], [79.27672122727272, 21.409817090909094], [79.28982483333333, 21.409817090909094]]]}, "properties": {"confidence_score": 0.9685, "site_id": "nagpur"}}, {"type": "Feature", "geometry": {"type": "Polygon", "coordinates": [[[79.30292843939394, 21.409817090909094], [79.30292843939394, 21.416515454545454], [79.28982483333333, 21.416515454545454], [79.28982483333333, 21.409817090909094], [79.30292843939394, 21.409817090909094]]]}, "properties": {"confidence_score": 0.9298, "site_id": "nagpur"}}, {"type": "Feature", "geometry": {"type": "Polygon", "coordinates": [[[79.31603204545455, 21.409817090909094], [79.31603204545455, 21.416515454545454], [79.30292843939394, 21.416515454545454], [79.30292843939394, 21.409817090909094], [79.31603204545455, 21.409817090909094]]]}, "properties": {"confidence_score": 0.7041, "site_id": "nagpur"}}, {"type": "Feature", "geometry": {"type": "Polygon", "coordinates": [[[79.32913565151514, 21.409817090909094], [79.32913565151514, 21.416515454545454], [79.31603204545453, 21.416515454545454], [79.31603204545453, 21.409817090909094], [79.32913565151514, 21.409817090909094]]]}, "properties": {"confidence_score": 0.4136, "site_id": "nagpur"}}, {"type": "Feature", "geometry": {"type": "Polygon", "coordinates": [[[79.2243068030303, 21.416515454545458], [79.2243068030303, 21.423213818181818], [79.21120319696969, 21.423213818181818], [79.21120319696969, 21.416515454545458], [79.2243068030303, 21.416515454545458]]]}, "properties": {"confidence_score": 0.8553, "site_id": "nagpur"}}, {"type": "Feature", "geometry": {"type": "Polygon", "coordinates": [[[79.23741040909091, 21.416515454545458], [79.23741040909091, 21.423213818181818], [79.2243068030303, 21.423213818181818], [79.2243068030303, 21.416515454545458], [79.23741040909091, 21.416515454545458]]]}, "properties": {"confidence_score": 0.9108, "site_id": "nagpur"}}, {"type": "Feature", "geometry": {"type": "Polygon", "coordinates": [[[79.25051401515151, 21.416515454545458], [79.25051401515151, 21.423213818181818], [79.2374104090909, 21.423213818181818], [79.2374104090909, 21.416515454545458], [79.25051401515151, 21.416515454545458]]]}, "properties": {"confidence_score": 0.9512, "site_id": "nagpur"}}, {"type": "Feature", "geometry": {"type": "Polygon", "coordinates": [[[79.26361762121212, 21.416515454545458], [79.26361762121212, 21.423213818181818], [79.25051401515151, 21.423213818181818], [79.25051401515151, 21.416515454545458], [79.26361762121212, 21.416515454545458]]]}, "properties": {"confidence_score": 0.9507, "site_id": "nagpur"}}, {"type": "Feature", "geometry": {"type": "Polygon", "coordinates": [[[79.27672122727273, 21.416515454545458], [79.27672122727273, 21.423213818181818], [79.26361762121212, 21.423213818181818], [79.26361762121212, 21.416515454545458], [79.27672122727273, 21.416515454545458]]]}, "properties": {"confidence_score": 0.9955, "site_id": "nagpur"}}, {"type": "Feature", "geometry": {"type": "Polygon", "coordinates": [[[79.28982483333333, 21.416515454545458], [79.28982483333333, 21.423213818181818], [79.27672122727272, 21.423213818181818], [79.27672122727272, 21.416515454545458], [79.28982483333333, 21.416515454545458]]]}, "properties": {"confidence_score": 0.9644, "site_id": "nagpur"}}, {"type": "Feature", "geometry": {"type": "Polygon", "coordinates": [[[79.30292843939394, 21.416515454545458], [79.30292843939394, 21.423213818181818], [79.28982483333333, 21.423213818181818], [79.28982483333333, 21.416515454545458], [79.30292843939394, 21.416515454545458]]]}, "properties": {"confidence_score": 0.9272, "site_id": "nagpur"}}, {"type": "Feature", "geometry": {"type": "Polygon", "coordinates": [[[79.31603204545455, 21.416515454545458], [79.31603204545455, 21.423213818181818], [79.30292843939394, 21.423213818181818], [79.30292843939394, 21.416515454545458], [79.31603204545455, 21.416515454545458]]]}, "properties": {"confidence_score": 0.6518, "site_id": "nagpur"}}, {"type": "Feature", "geometry": {"type": "Polygon", "coordinates": [[[79.32913565151514, 21.416515454545458], [79.32913565151514, 21.423213818181818], [79.31603204545453, 21.423213818181818], [79.31603204545453, 21.416515454545458], [79.32913565151514, 21.416515454545458]]]}, "properties": {"confidence_score": 0.1778, "site_id": "nagpur"}}, {"type": "Feature", "geometry": {"type": "Polygon", "coordinates": [[[79.2243068030303, 21.42321381818182], [79.2243068030303, 21.42991218181818], [79.21120319696969, 21.42991218181818], [79.21120319696969, 21.42321381818182], [79.2243068030303, 21.42321381818182]]]}, "properties": {"confidence_score": 0.8396, "site_id": "nagpur"}}, {"type": "Feature", "geometry": {"type": "Polygon", "coordinates": [[[79.23741040909091, 21.42321381818182], [79.23741040909091, 21.42991218181818], [79.2243068030303, 21.42991218181818], [79.2243068030303, 21.42321381818182], [79.23741040909091, 21.42321381818182]]]}, "properties": {"confidence_score": 0.8905, "site_id": "nagpur"}}, {"type": "Feature", "geometry": {"type": "Polygon", "coordinates": [[[79.25051401515151, 21.42321381818182], [79.25051401515151, 21.42991218181818], [79.2374104090909, 21.42991218181818], [79.2374104090909, 21.42321381818182], [79.25051401515151, 21.42321381818182]]]}, "properties": {"confidence_score": 0.9146, "site_id": "nagpur"}}, {"type": "Feature", "geometry": {"type": "Polygon", "coordinates": [[[79.26361762121212, 21.42321381818182], [79.26361762121212, 21.42991218181818], [79.25051401515151, 21.42991218181818], [79.25051401515151, 21.42321381818182], [79.26361762121212, 21.42321381818182]]]}, "properties": {"confidence_score": 0.9387, "site_id": "nagpur"}}, {"type": "Feature", "geometry": {"type": "Polygon", "coordinates": [[[79.27672122727273, 21.42321381818182], [79.27672122727273, 21.42991218181818], [79.26361762121212, 21.42991218181818], [79.26361762121212, 21.42321381818182], [79.27672122727273, 21.42321381818182]]]}, "properties": {"confidence_score": 0.9837, "site_id": "nagpur"}}, {"type": "Feature", "geometry": {"type": "Polygon", "coordinates": [[[79.28982483333333, 21.42321381818182], [79.28982483333333, 21.42991218181818], [79.27672122727272, 21.42991218181818], [79.27672122727272, 21.42321381818182], [79.28982483333333, 21.42321381818182]]]}, "properties": {"confidence_score": 0.9592, "site_id": "nagpur"}}, {"type": "Feature", "geometry": {"type": "Polygon", "coordinates": [[[79.30292843939394, 21.42321381818182], [79.30292843939394, 21.42991218181818], [79.28982483333333, 21.42991218181818], [79.28982483333333, 21.42321381818182], [79.30292843939394, 21.42321381818182]]]}, "properties": {"confidence_score": 0.9091, "site_id": "nagpur"}}, {"type": "Feature", "geometry": {"type": "Polygon", "coordinates": [[[79.31603204545455, 21.42321381818182], [79.31603204545455, 21.42991218181818], [79.30292843939394, 21.42991218181818], [79.30292843939394, 21.42321381818182], [79.31603204545455, 21.42321381818182]]]}, "properties": {"confidence_score": 0.6675, "site_id": "nagpur"}}, {"type": "Feature", "geometry": {"type": "Polygon", "coordinates": [[[79.32913565151514, 21.42321381818182], [79.32913565151514, 21.42991218181818], [79.31603204545453, 21.42991218181818], [79.31603204545453, 21.42321381818182], [79.32913565151514, 21.42321381818182]]]}, "properties": {"confidence_score": 0.3547, "site_id": "nagpur"}}, {"type": "Feature", "geometry": {"type": "Polygon", "coordinates": [[[79.2243068030303, 21.429912181818185], [79.2243068030303, 21.436610545454545], [79.21120319696969, 21.436610545454545], [79.21120319696969, 21.429912181818185], [79.2243068030303, 21.429912181818185]]]}, "properties": {"confidence_score": 0.8668, "site_id": "nagpur"}}, {"type": "Feature", "geometry": {"type": "Polygon", "coordinates": [[[79.23741040909091, 21.429912181818185], [79.23741040909091, 21.436610545454545], [79.2243068030303, 21.436610545454545], [79.2243068030303, 21.429912181818185], [79.23741040909091, 21.429912181818185]]]}, "properties": {"confidence_score": 0.8844, "site_id": "nagpur"}}, {"type": "Feature", "geometry": {"type": "Polygon", "coordinates": [[[79.25051401515151, 21.429912181818185], [79.25051401515151, 21.436610545454545], [79.2374104090909, 21.436610545454545], [79.2374104090909, 21.429912181818185], [79.25051401515151, 21.429912181818185]]]}, "properties": {"confidence_score": 0.8917, "site_id": "nagpur"}}, {"type": "Feature", "geometry": {"type": "Polygon", "coordinates": [[[79.26361762121212, 21.429912181818185], [79.26361762121212, 21.436610545454545], [79.25051401515151, 21.436610545454545], [79.25051401515151, 21.429912181818185], [79.26361762121212, 21.429912181818185]]]}, "properties": {"confidence_score": 0.9294, "site_id": "nagpur"}}, {"type": "Feature", "geometry": {"type": "Polygon", "coordinates": [[[79.27672122727273, 21.429912181818185], [79.27672122727273, 21.436610545454545], [79.26361762121212, 21.436610545454545], [79.26361762121212, 21.429912181818185], [79.27672122727273, 21.429912181818185]]]}, "properties": {"confidence_score": 0.994, "site_id": "nagpur"}}, {"type": "Feature", "geometry": {"type": "Polygon", "coordinates": [[[79.28982483333333, 21.429912181818185], [79.28982483333333, 21.436610545454545], [79.27672122727272, 21.436610545454545], [79.27672122727272, 21.429912181818185], [79.28982483333333, 21.429912181818185]]]}, "properties": {"confidence_score": 0.9483, "site_id": "nagpur"}}, {"type": "Feature", "geometry": {"type": "Polygon", "coordinates": [[[79.30292843939394, 21.429912181818185], [79.30292843939394, 21.436610545454545], [79.28982483333333, 21.436610545454545], [79.28982483333333, 21.429912181818185], [79.30292843939394, 21.429912181818185]]]}, "properties": {"confidence_score": 0.9314, "site_id": "nagpur"}}, {"type": "Feature", "geometry": {"type": "Polygon", "coordinates": [[[79.31603204545455, 21.429912181818185], [79.31603204545455, 21.436610545454545], [79.30292843939394, 21.436610545454545], [79.30292843939394, 21.429912181818185], [79.31603204545455, 21.429912181818185]]]}, "properties": {"confidence_score": 0.7139, "site_id": "nagpur"}}, {"type": "Feature", "geometry": {"type": "Polygon", "coordinates": [[[79.32913565151514, 21.429912181818185], [79.32913565151514, 21.436610545454545], [79.31603204545453, 21.436610545454545], [79.31603204545453, 21.429912181818185], [79.32913565151514, 21.429912181818185]]]}, "properties": {"confidence_score": 0.5864, "site_id": "nagpur"}}, {"type": "Feature", "geometry": {"type": "Polygon", "coordinates": [[[79.2243068030303, 21.436610545454545], [79.2243068030303, 21.443308909090906], [79.21120319696969, 21.443308909090906], [79.21120319696969, 21.436610545454545], [79.2243068030303, 21.436610545454545]]]}, "properties": {"confidence_score": 0.8497, "site_id": "nagpur"}}, {"type": "Feature", "geometry": {"type": "Polygon", "coordinates": [[[79.23741040909091, 21.436610545454545], [79.23741040909091, 21.443308909090906], [79.2243068030303, 21.443308909090906], [79.2243068030303, 21.436610545454545], [79.23741040909091, 21.436610545454545]]]}, "properties": {"confidence_score": 0.8902, "site_id": "nagpur"}}, {"type": "Feature", "geometry": {"type": "Polygon", "coordinates": [[[79.25051401515151, 21.436610545454545], [79.25051401515151, 21.443308909090906], [79.2374104090909, 21.443308909090906], [79.2374104090909, 21.436610545454545], [79.25051401515151, 21.436610545454545]]]}, "properties": {"confidence_score": 0.9078, "site_id": "nagpur"}}, {"type": "Feature", "geometry": {"type": "Polygon", "coordinates": [[[79.26361762121212, 21.436610545454545], [79.26361762121212, 21.443308909090906], [79.25051401515151, 21.443308909090906], [79.25051401515151, 21.436610545454545], [79.26361762121212, 21.436610545454545]]]}, "properties": {"confidence_score": 0.925, "site_id": "nagpur"}}, {"type": "Feature", "geometry": {"type": "Polygon", "coordinates": [[[79.27672122727273, 21.436610545454545], [79.27672122727273, 21.443308909090906], [79.26361762121212, 21.443308909090906], [79.26361762121212, 21.436610545454545], [79.27672122727273, 21.436610545454545]]]}, "properties": {"confidence_score": 0.9577, "site_id": "nagpur"}}, {"type": "Feature", "geometry": {"type": "Polygon", "coordinates": [[[79.28982483333333, 21.436610545454545], [79.28982483333333, 21.443308909090906], [79.27672122727272, 21.443308909090906], [79.27672122727272, 21.436610545454545], [79.28982483333333, 21.436610545454545]]]}, "properties": {"confidence_score": 0.9215, "site_id": "nagpur"}}, {"type": "Feature", "geometry": {"type": "Polygon", "coordinates": [[[79.30292843939394, 21.436610545454545], [79.30292843939394, 21.443308909090906], [79.28982483333333, 21.443308909090906], [79.28982483333333, 21.436610545454545], [79.30292843939394, 21.436610545454545]]]}, "properties": {"confidence_score": 0.8909, "site_id": "nagpur"}}, {"type": "Feature", "geometry": {"type": "Polygon", "coordinates": [[[79.31603204545455, 21.436610545454545], [79.31603204545455, 21.443308909090906], [79.30292843939394, 21.443308909090906], [79.30292843939394, 21.436610545454545], [79.31603204545455, 21.436610545454545]]]}, "properties": {"confidence_score": 0.7308, "site_id": "nagpur"}}, {"type": "Feature", "geometry": {"type": "Polygon", "coordinates": [[[79.32913565151514, 21.436610545454545], [79.32913565151514, 21.443308909090906], [79.31603204545453, 21.443308909090906], [79.31603204545453, 21.436610545454545], [79.32913565151514, 21.436610545454545]]]}, "properties": {"confidence_score": 0.5941, "site_id": "nagpur"}}, {"type": "Feature", "geometry": {"type": "Polygon", "coordinates": [[[79.2243068030303, 21.44330890909091], [79.2243068030303, 21.45000727272727], [79.21120319696969, 21.45000727272727], [79.21120319696969, 21.44330890909091], [79.2243068030303, 21.44330890909091]]]}, "properties": {"confidence_score": 0.8637, "site_id": "nagpur"}}, {"type": "Feature", "geometry": {"type": "Polygon", "coordinates": [[[79.23741040909091, 21.44330890909091], [79.23741040909091, 21.45000727272727], [79.2243068030303, 21.45000727272727], [79.2243068030303, 21.44330890909091], [79.23741040909091, 21.44330890909091]]]}, "properties": {"confidence_score": 0.9034, "site_id": "nagpur"}}, {"type": "Feature", "geometry": {"type": "Polygon", "coordinates": [[[79.25051401515151, 21.44330890909091], [79.25051401515151, 21.45000727272727], [79.2374104090909, 21.45000727272727], [79.2374104090909, 21.44330890909091], [79.25051401515151, 21.44330890909091]]]}, "properties": {"confidence_score": 0.9442, "site_id": "nagpur"}}, {"type": "Feature", "geometry": {"type": "Polygon", "coordinates": [[[79.26361762121212, 21.44330890909091], [79.26361762121212, 21.45000727272727], [79.25051401515151, 21.45000727272727], [79.25051401515151, 21.44330890909091], [79.26361762121212, 21.44330890909091]]]}, "properties": {"confidence_score": 0.9217, "site_id": "nagpur"}}, {"type": "Feature", "geometry": {"type": "Polygon", "coordinates": [[[79.27672122727273, 21.44330890909091], [79.27672122727273, 21.45000727272727], [79.26361762121212, 21.45000727272727], [79.26361762121212, 21.44330890909091], [79.27672122727273, 21.44330890909091]]]}, "properties": {"confidence_score": 0.9365, "site_id": "nagpur"}}, {"type": "Feature", "geometry": {"type": "Polygon", "coordinates": [[[79.28982483333333, 21.44330890909091], [79.28982483333333, 21.45000727272727], [79.27672122727272, 21.45000727272727], [79.27672122727272, 21.44330890909091], [79.28982483333333, 21.44330890909091]]]}, "properties": {"confidence_score": 0.8775, "site_id": "nagpur"}}, {"type": "Feature", "geometry": {"type": "Polygon", "coordinates": [[[79.30292843939394, 21.44330890909091], [79.30292843939394, 21.45000727272727], [79.28982483333333, 21.45000727272727], [79.28982483333333, 21.44330890909091], [79.30292843939394, 21.44330890909091]]]}, "properties": {"confidence_score": 0.8607, "site_id": "nagpur"}}, {"type": "Feature", "geometry": {"type": "Polygon", "coordinates": [[[79.31603204545455, 21.44330890909091], [79.31603204545455, 21.45000727272727], [79.30292843939394, 21.45000727272727], [79.30292843939394, 21.44330890909091], [79.31603204545455, 21.44330890909091]]]}, "properties": {"confidence_score": 0.7085, "site_id": "nagpur"}}, {"type": "Feature", "geometry": {"type": "Polygon", "coordinates": [[[79.32913565151514, 21.44330890909091], [79.32913565151514, 21.45000727272727], [79.31603204545453, 21.45000727272727], [79.31603204545453, 21.44330890909091], [79.32913565151514, 21.44330890909091]]]}, "properties": {"confidence_score": 0.5788, "site_id": "nagpur"}}, {"type": "Feature", "geometry": {"type": "Polygon", "coordinates": [[[79.2243068030303, 21.450007272727273], [79.2243068030303, 21.456705636363633], [79.21120319696969, 21.456705636363633], [79.21120319696969, 21.450007272727273], [79.2243068030303, 21.450007272727273]]]}, "properties": {"confidence_score": 0.8751, "site_id": "nagpur"}}, {"type": "Feature", "geometry": {"type": "Polygon", "coordinates": [[[79.23741040909091, 21.450007272727273], [79.23741040909091, 21.456705636363633], [79.2243068030303, 21.456705636363633], [79.2243068030303, 21.450007272727273], [79.23741040909091, 21.450007272727273]]]}, "properties": {"confidence_score": 0.9156, "site_id": "nagpur"}}, {"type": "Feature", "geometry": {"type": "Polygon", "coordinates": [[[79.25051401515151, 21.450007272727273], [79.25051401515151, 21.456705636363633], [79.2374104090909, 21.456705636363633], [79.2374104090909, 21.450007272727273], [79.25051401515151, 21.450007272727273]]]}, "properties": {"confidence_score": 0.9336, "site_id": "nagpur"}}, {"type": "Feature", "geometry": {"type": "Polygon", "coordinates": [[[79.26361762121212, 21.450007272727273], [79.26361762121212, 21.456705636363633], [79.25051401515151, 21.456705636363633], [79.25051401515151, 21.450007272727273], [79.26361762121212, 21.450007272727273]]]}, "properties": {"confidence_score": 0.9116, "site_id": "nagpur"}}, {"type": "Feature", "geometry": {"type": "Polygon", "coordinates": [[[79.27672122727273, 21.450007272727273], [79.27672122727273, 21.456705636363633], [79.26361762121212, 21.456705636363633], [79.26361762121212, 21.450007272727273], [79.27672122727273, 21.450007272727273]]]}, "properties": {"confidence_score": 0.9029, "site_id": "nagpur"}}, {"type": "Feature", "geometry": {"type": "Polygon", "coordinates": [[[79.28982483333333, 21.450007272727273], [79.28982483333333, 21.456705636363633], [79.27672122727272, 21.456705636363633], [79.27672122727272, 21.450007272727273], [79.28982483333333, 21.450007272727273]]]}, "properties": {"confidence_score": 0.8181, "site_id": "nagpur"}}, {"type": "Feature", "geometry": {"type": "Polygon", "coordinates": [[[79.30292843939394, 21.450007272727273], [79.30292843939394, 21.456705636363633], [79.28982483333333, 21.456705636363633], [79.28982483333333, 21.450007272727273], [79.30292843939394, 21.450007272727273]]]}, "properties": {"confidence_score": 0.7401, "site_id": "nagpur"}}, {"type": "Feature", "geometry": {"type": "Polygon", "coordinates": [[[79.31603204545455, 21.450007272727273], [79.31603204545455, 21.456705636363633], [79.30292843939394, 21.456705636363633], [79.30292843939394, 21.450007272727273], [79.31603204545455, 21.450007272727273]]]}, "properties": {"confidence_score": 0.6605, "site_id": "nagpur"}}, {"type": "Feature", "geometry": {"type": "Polygon", "coordinates": [[[79.32913565151514, 21.450007272727273], [79.32913565151514, 21.456705636363633], [79.31603204545453, 21.456705636363633], [79.31603204545453, 21.450007272727273], [79.32913565151514, 21.450007272727273]]]}, "properties": {"confidence_score": 0.5635, "site_id": "nagpur"}}, {"type": "Feature", "geometry": {"type": "Polygon", "coordinates": [[[79.2243068030303, 21.456705636363637], [79.2243068030303, 21.463403999999997], [79.21120319696969, 21.463403999999997], [79.21120319696969, 21.456705636363637], [79.2243068030303, 21.456705636363637]]]}, "properties": {"confidence_score": 0.9193, "site_id": "nagpur"}}, {"type": "Feature", "geometry": {"type": "Polygon", "coordinates": [[[79.23741040909091, 21.456705636363637], [79.23741040909091, 21.463403999999997], [79.2243068030303, 21.463403999999997], [79.2243068030303, 21.456705636363637], [79.23741040909091, 21.456705636363637]]]}, "properties": {"confidence_score": 0.9171, "site_id": "nagpur"}}, {"type": "Feature", "geometry": {"type": "Polygon", "coordinates": [[[79.25051401515151, 21.456705636363637], [79.25051401515151, 21.463403999999997], [79.2374104090909, 21.463403999999997], [79.2374104090909, 21.456705636363637], [79.25051401515151, 21.456705636363637]]]}, "properties": {"confidence_score": 0.9253, "site_id": "nagpur"}}, {"type": "Feature", "geometry": {"type": "Polygon", "coordinates": [[[79.26361762121212, 21.456705636363637], [79.26361762121212, 21.463403999999997], [79.25051401515151, 21.463403999999997], [79.25051401515151, 21.456705636363637], [79.26361762121212, 21.456705636363637]]]}, "properties": {"confidence_score": 0.8888, "site_id": "nagpur"}}, {"type": "Feature", "geometry": {"type": "Polygon", "coordinates": [[[79.27672122727273, 21.456705636363637], [79.27672122727273, 21.463403999999997], [79.26361762121212, 21.463403999999997], [79.26361762121212, 21.456705636363637], [79.27672122727273, 21.456705636363637]]]}, "properties": {"confidence_score": 0.8866, "site_id": "nagpur"}}, {"type": "Feature", "geometry": {"type": "Polygon", "coordinates": [[[79.28982483333333, 21.456705636363637], [79.28982483333333, 21.463403999999997], [79.27672122727272, 21.463403999999997], [79.27672122727272, 21.456705636363637], [79.28982483333333, 21.456705636363637]]]}, "properties": {"confidence_score": 0.7535, "site_id": "nagpur"}}, {"type": "Feature", "geometry": {"type": "Polygon", "coordinates": [[[79.30292843939394, 21.456705636363637], [79.30292843939394, 21.463403999999997], [79.28982483333333, 21.463403999999997], [79.28982483333333, 21.456705636363637], [79.30292843939394, 21.456705636363637]]]}, "properties": {"confidence_score": 0.6066, "site_id": "nagpur"}}, {"type": "Feature", "geometry": {"type": "Polygon", "coordinates": [[[79.31603204545455, 21.456705636363637], [79.31603204545455, 21.463403999999997], [79.30292843939394, 21.463403999999997], [79.30292843939394, 21.456705636363637], [79.31603204545455, 21.456705636363637]]]}, "properties": {"confidence_score": 0.6093, "site_id": "nagpur"}}, {"type": "Feature", "geometry": {"type": "Polygon", "coordinates": [[[79.32913565151514, 21.456705636363637], [79.32913565151514, 21.463403999999997], [79.31603204545453, 21.463403999999997], [79.31603204545453, 21.456705636363637], [79.32913565151514, 21.456705636363637]]]}, "properties": {"confidence_score": 0.5739, "site_id": "nagpur"}}, {"type": "Feature", "geometry": {"type": "Polygon", "coordinates": [[[79.6567258030303, 21.483499090909092], [79.6567258030303, 21.490197454545452], [79.64362219696969, 21.490197454545452], [79.64362219696969, 21.483499090909092], [79.6567258030303, 21.483499090909092]]]}, "properties": {"confidence_score": 0.1108, "site_id": "bhandara"}}, {"type": "Feature", "geometry": {"type": "Polygon", "coordinates": [[[79.66982940909091, 21.483499090909092], [79.66982940909091, 21.490197454545452], [79.6567258030303, 21.490197454545452], [79.6567258030303, 21.483499090909092], [79.66982940909091, 21.483499090909092]]]}, "properties": {"confidence_score": 0.2812, "site_id": "bhandara"}}, {"type": "Feature", "geometry": {"type": "Polygon", "coordinates": [[[79.68293301515152, 21.483499090909092], [79.68293301515152, 21.490197454545452], [79.66982940909091, 21.490197454545452], [79.66982940909091, 21.483499090909092], [79.68293301515152, 21.483499090909092]]]}, "properties": {"confidence_score": 0.3719, "site_id": "bhandara"}}, {"type": "Feature", "geometry": {"type": "Polygon", "coordinates": [[[79.69603662121212, 21.483499090909092], [79.69603662121212, 21.490197454545452], [79.6829330151515, 21.490197454545452], [79.6829330151515, 21.483499090909092], [79.69603662121212, 21.483499090909092]]]}, "properties": {"confidence_score": 0.5384, "site_id": "bhandara"}}, {"type": "Feature", "geometry": {"type": "Polygon", "coordinates": [[[79.70914022727273, 21.483499090909092], [79.70914022727273, 21.490197454545452], [79.69603662121212, 21.490197454545452], [79.69603662121212, 21.483499090909092], [79.70914022727273, 21.483499090909092]]]}, "properties": {"confidence_score": 0.3863, "site_id": "bhandara"}}, {"type": "Feature", "geometry": {"type": "Polygon", "coordinates": [[[79.72224383333334, 21.483499090909092], [79.72224383333334, 21.490197454545452], [79.70914022727273, 21.490197454545452], [79.70914022727273, 21.483499090909092], [79.72224383333334, 21.483499090909092]]]}, "properties": {"confidence_score": 0.0993, "site_id": "bhandara"}}, {"type": "Feature", "geometry": {"type": "Polygon", "coordinates": [[[79.73534743939393, 21.483499090909092], [79.73534743939393, 21.490197454545452], [79.72224383333332, 21.490197454545452], [79.72224383333332, 21.483499090909092], [79.73534743939393, 21.483499090909092]]]}, "properties": {"confidence_score": 0.0872, "site_id": "bhandara"}}, {"type": "Feature", "geometry": {"type": "Polygon", "coordinates": [[[79.74845104545454, 21.483499090909092], [79.74845104545454, 21.490197454545452], [79.73534743939393, 21.490197454545452], [79.73534743939393, 21.483499090909092], [79.74845104545454, 21.483499090909092]]]}, "properties": {"confidence_score": 0.1119, "site_id": "bhandara"}}, {"type": "Feature", "geometry": {"type": "Polygon", "coordinates": [[[79.76155465151516, 21.483499090909092], [79.76155465151516, 21.490197454545452], [79.74845104545454, 21.490197454545452], [79.74845104545454, 21.483499090909092], [79.76155465151516, 21.483499090909092]]]}, "properties": {"confidence_score": 0.1655, "site_id": "bhandara"}}, {"type": "Feature", "geometry": {"type": "Polygon", "coordinates": [[[79.77465825757575, 21.483499090909092], [79.77465825757575, 21.490197454545452], [79.76155465151514, 21.490197454545452], [79.76155465151514, 21.483499090909092], [79.77465825757575, 21.483499090909092]]]}, "properties": {"confidence_score": 0.1481, "site_id": "bhandara"}}, {"type": "Feature", "geometry": {"type": "Polygon", "coordinates": [[[79.78776186363636, 21.483499090909092], [79.78776186363636, 21.490197454545452], [79.77465825757575, 21.490197454545452], [79.77465825757575, 21.483499090909092], [79.78776186363636, 21.483499090909092]]]}, "properties": {"confidence_score": 0.3009, "site_id": "bhandara"}}, {"type": "Feature", "geometry": {"type": "Polygon", "coordinates": [[[79.80086546969697, 21.483499090909092], [79.80086546969697, 21.490197454545452], [79.78776186363636, 21.490197454545452], [79.78776186363636, 21.483499090909092], [79.80086546969697, 21.483499090909092]]]}, "properties": {"confidence_score": 0.6254, "site_id": "bhandara"}}, {"type": "Feature", "geometry": {"type": "Polygon", "coordinates": [[[79.6567258030303, 21.490197454545456], [79.6567258030303, 21.496895818181816], [79.64362219696969, 21.496895818181816], [79.64362219696969, 21.490197454545456], [79.6567258030303, 21.490197454545456]]]}, "properties": {"confidence_score": 0.1453, "site_id": "bhandara"}}, {"type": "Feature", "geometry": {"type": "Polygon", "coordinates": [[[79.66982940909091, 21.490197454545456], [79.66982940909091, 21.496895818181816], [79.6567258030303, 21.496895818181816], [79.6567258030303, 21.490197454545456], [79.66982940909091, 21.490197454545456]]]}, "properties": {"confidence_score": 0.3646, "site_id": "bhandara"}}, {"type": "Feature", "geometry": {"type": "Polygon", "coordinates": [[[79.68293301515152, 21.490197454545456], [79.68293301515152, 21.496895818181816], [79.66982940909091, 21.496895818181816], [79.66982940909091, 21.490197454545456], [79.68293301515152, 21.490197454545456]]]}, "properties": {"confidence_score": 0.4533, "site_id": "bhandara"}}, {"type": "Feature", "geometry": {"type": "Polygon", "coordinates": [[[79.69603662121212, 21.490197454545456], [79.69603662121212, 21.496895818181816], [79.6829330151515, 21.496895818181816], [79.6829330151515, 21.490197454545456], [79.69603662121212, 21.490197454545456]]]}, "properties": {"confidence_score": 0.5134, "site_id": "bhandara"}}, {"type": "Feature", "geometry": {"type": "Polygon", "coordinates": [[[79.70914022727273, 21.490197454545456], [79.70914022727273, 21.496895818181816], [79.69603662121212, 21.496895818181816], [79.69603662121212, 21.490197454545456], [79.70914022727273, 21.490197454545456]]]}, "properties": {"confidence_score": 0.4141, "site_id": "bhandara"}}, {"type": "Feature", "geometry": {"type": "Polygon", "coordinates": [[[79.72224383333334, 21.490197454545456], [79.72224383333334, 21.496895818181816], [79.70914022727273, 21.496895818181816], [79.70914022727273, 21.490197454545456], [79.72224383333334, 21.490197454545456]]]}, "properties": {"confidence_score": 0.2409, "site_id": "bhandara"}}, {"type": "Feature", "geometry": {"type": "Polygon", "coordinates": [[[79.73534743939393, 21.490197454545456], [79.73534743939393, 21.496895818181816], [79.72224383333332, 21.496895818181816], [79.72224383333332, 21.490197454545456], [79.73534743939393, 21.490197454545456]]]}, "properties": {"confidence_score": 0.2504, "site_id": "bhandara"}}, {"type": "Feature", "geometry": {"type": "Polygon", "coordinates": [[[79.74845104545454, 21.490197454545456], [79.74845104545454, 21.496895818181816], [79.73534743939393, 21.496895818181816], [79.73534743939393, 21.490197454545456], [79.74845104545454, 21.490197454545456]]]}, "properties": {"confidence_score": 0.3447, "site_id": "bhandara"}}, {"type": "Feature", "geometry": {"type": "Polygon", "coordinates": [[[79.76155465151516, 21.490197454545456], [79.76155465151516, 21.496895818181816], [79.74845104545454, 21.496895818181816], [79.74845104545454, 21.490197454545456], [79.76155465151516, 21.490197454545456]]]}, "properties": {"confidence_score": 0.3926, "site_id": "bhandara"}}, {"type": "Feature", "geometry": {"type": "Polygon", "coordinates": [[[79.77465825757575, 21.490197454545456], [79.77465825757575, 21.496895818181816], [79.76155465151514, 21.496895818181816], [79.76155465151514, 21.490197454545456], [79.77465825757575, 21.490197454545456]]]}, "properties": {"confidence_score": 0.3872, "site_id": "bhandara"}}, {"type": "Feature", "geometry": {"type": "Polygon", "coordinates": [[[79.78776186363636, 21.490197454545456], [79.78776186363636, 21.496895818181816], [79.77465825757575, 21.496895818181816], [79.77465825757575, 21.490197454545456], [79.78776186363636, 21.490197454545456]]]}, "properties": {"confidence_score": 0.5131, "site_id": "bhandara"}}, {"type": "Feature", "geometry": {"type": "Polygon", "coordinates": [[[79.80086546969697, 21.490197454545456], [79.80086546969697, 21.496895818181816], [79.78776186363636, 21.496895818181816], [79.78776186363636, 21.490197454545456], [79.80086546969697, 21.490197454545456]]]}, "properties": {"confidence_score": 0.7617, "site_id": "bhandara"}}, {"type": "Feature", "geometry": {"type": "Polygon", "coordinates": [[[79.6567258030303, 21.49689581818182], [79.6567258030303, 21.50359418181818], [79.64362219696969, 21.50359418181818], [79.64362219696969, 21.49689581818182], [79.6567258030303, 21.49689581818182]]]}, "properties": {"confidence_score": 0.165, "site_id": "bhandara"}}, {"type": "Feature", "geometry": {"type": "Polygon", "coordinates": [[[79.66982940909091, 21.49689581818182], [79.66982940909091, 21.50359418181818], [79.6567258030303, 21.50359418181818], [79.6567258030303, 21.49689581818182], [79.66982940909091, 21.49689581818182]]]}, "properties": {"confidence_score": 0.4184, "site_id": "bhandara"}}, {"type": "Feature", "geometry": {"type": "Polygon", "coordinates": [[[79.68293301515152, 21.49689581818182], [79.68293301515152, 21.50359418181818], [79.66982940909091, 21.50359418181818], [79.66982940909091, 21.49689581818182], [79.68293301515152, 21.49689581818182]]]}, "properties": {"confidence_score": 0.4823, "site_id": "bhandara"}}, {"type": "Feature", "geometry": {"type": "Polygon", "coordinates": [[[79.69603662121212, 21.49689581818182], [79.69603662121212, 21.50359418181818], [79.6829330151515, 21.50359418181818], [79.6829330151515, 21.49689581818182], [79.69603662121212, 21.49689581818182]]]}, "properties": {"confidence_score": 0.3841, "site_id": "bhandara"}}, {"type": "Feature", "geometry": {"type": "Polygon", "coordinates": [[[79.70914022727273, 21.49689581818182], [79.70914022727273, 21.50359418181818], [79.69603662121212, 21.50359418181818], [79.69603662121212, 21.49689581818182], [79.70914022727273, 21.49689581818182]]]}, "properties": {"confidence_score": 0.382, "site_id": "bhandara"}}, {"type": "Feature", "geometry": {"type": "Polygon", "coordinates": [[[79.72224383333334, 21.49689581818182], [79.72224383333334, 21.50359418181818], [79.70914022727273, 21.50359418181818], [79.70914022727273, 21.49689581818182], [79.72224383333334, 21.49689581818182]]]}, "properties": {"confidence_score": 0.4082, "site_id": "bhandara"}}, {"type": "Feature", "geometry": {"type": "Polygon", "coordinates": [[[79.73534743939393, 21.49689581818182], [79.73534743939393, 21.50359418181818], [79.72224383333332, 21.50359418181818], [79.72224383333332, 21.49689581818182], [79.73534743939393, 21.49689581818182]]]}, "properties": {"confidence_score": 0.4458, "site_id": "bhandara"}}, {"type": "Feature", "geometry": {"type": "Polygon", "coordinates": [[[79.74845104545454, 21.49689581818182], [79.74845104545454, 21.50359418181818], [79.73534743939393, 21.50359418181818], [79.73534743939393, 21.49689581818182], [79.74845104545454, 21.49689581818182]]]}, "properties": {"confidence_score": 0.6277, "site_id": "bhandara"}}, {"type": "Feature", "geometry": {"type": "Polygon", "coordinates": [[[79.76155465151516, 21.49689581818182], [79.76155465151516, 21.50359418181818], [79.74845104545454, 21.50359418181818], [79.74845104545454, 21.49689581818182], [79.76155465151516, 21.49689581818182]]]}, "properties": {"confidence_score": 0.657, "site_id": "bhandara"}}, {"type": "Feature", "geometry": {"type": "Polygon", "coordinates": [[[79.77465825757575, 21.49689581818182], [79.77465825757575, 21.50359418181818], [79.76155465151514, 21.50359418181818], [79.76155465151514, 21.49689581818182], [79.77465825757575, 21.49689581818182]]]}, "properties": {"confidence_score": 0.6797, "site_id": "bhandara"}}, {"type": "Feature", "geometry": {"type": "Polygon", "coordinates": [[[79.78776186363636, 21.49689581818182], [79.78776186363636, 21.50359418181818], [79.77465825757575, 21.50359418181818], [79.77465825757575, 21.49689581818182], [79.78776186363636, 21.49689581818182]]]}, "properties": {"confidence_score": 0.7429, "site_id": "bhandara"}}, {"type": "Feature", "geometry": {"type": "Polygon", "coordinates": [[[79.80086546969697, 21.49689581818182], [79.80086546969697, 21.50359418181818], [79.78776186363636, 21.50359418181818], [79.78776186363636, 21.49689581818182], [79.80086546969697, 21.49689581818182]]]}, "properties": {"confidence_score": 0.8316, "site_id": "bhandara"}}, {"type": "Feature", "geometry": {"type": "Polygon", "coordinates": [[[79.6567258030303, 21.503594181818183], [79.6567258030303, 21.510292545454544], [79.64362219696969, 21.510292545454544], [79.64362219696969, 21.503594181818183], [79.6567258030303, 21.503594181818183]]]}, "properties": {"confidence_score": 0.1713, "site_id": "bhandara"}}, {"type": "Feature", "geometry": {"type": "Polygon", "coordinates": [[[79.66982940909091, 21.503594181818183], [79.66982940909091, 21.510292545454544], [79.6567258030303, 21.510292545454544], [79.6567258030303, 21.503594181818183], [79.66982940909091, 21.503594181818183]]]}, "properties": {"confidence_score": 0.4084, "site_id": "bhandara"}}, {"type": "Feature", "geometry": {"type": "Polygon", "coordinates": [[[79.68293301515152, 21.503594181818183], [79.68293301515152, 21.510292545454544], [79.66982940909091, 21.510292545454544], [79.66982940909091, 21.503594181818183], [79.68293301515152, 21.503594181818183]]]}, "properties": {"confidence_score": 0.4797, "site_id": "bhandara"}}, {"type": "Feature", "geometry": {"type": "Polygon", "coordinates": [[[79.69603662121212, 21.503594181818183], [79.69603662121212, 21.510292545454544], [79.6829330151515, 21.510292545454544], [79.6829330151515, 21.503594181818183], [79.69603662121212, 21.503594181818183]]]}, "properties": {"confidence_score": 0.4296, "site_id": "bhandara"}}, {"type": "Feature", "geometry": {"type": "Polygon", "coordinates": [[[79.70914022727273, 21.503594181818183], [79.70914022727273, 21.510292545454544], [79.69603662121212, 21.510292545454544], [79.69603662121212, 21.503594181818183], [79.70914022727273, 21.503594181818183]]]}, "properties": {"confidence_score": 0.4352, "site_id": "bhandara"}}, {"type": "Feature", "geometry": {"type": "Polygon", "coordinates": [[[79.72224383333334, 21.503594181818183], [79.72224383333334, 21.510292545454544], [79.70914022727273, 21.510292545454544], [79.70914022727273, 21.503594181818183], [79.72224383333334, 21.503594181818183]]]}, "properties": {"confidence_score": 0.5095, "site_id": "bhandara"}}, {"type": "Feature", "geometry": {"type": "Polygon", "coordinates": [[[79.73534743939393, 21.503594181818183], [79.73534743939393, 21.510292545454544], [79.72224383333332, 21.510292545454544], [79.72224383333332, 21.503594181818183], [79.73534743939393, 21.503594181818183]]]}, "properties": {"confidence_score": 0.5743, "site_id": "bhandara"}}, {"type": "Feature", "geometry": {"type": "Polygon", "coordinates": [[[79.74845104545454, 21.503594181818183], [79.74845104545454, 21.510292545454544], [79.73534743939393, 21.510292545454544], [79.73534743939393, 21.503594181818183], [79.74845104545454, 21.503594181818183]]]}, "properties": {"confidence_score": 0.7213, "site_id": "bhandara"}}, {"type": "Feature", "geometry": {"type": "Polygon", "coordinates": [[[79.76155465151516, 21.503594181818183], [79.76155465151516, 21.510292545454544], [79.74845104545454, 21.510292545454544], [79.74845104545454, 21.503594181818183], [79.76155465151516, 21.503594181818183]]]}, "properties": {"confidence_score": 0.7795, "site_id": "bhandara"}}, {"type": "Feature", "geometry": {"type": "Polygon", "coordinates": [[[79.77465825757575, 21.503594181818183], [79.77465825757575, 21.510292545454544], [79.76155465151514, 21.510292545454544], [79.76155465151514, 21.503594181818183], [79.77465825757575, 21.503594181818183]]]}, "properties": {"confidence_score": 0.8362, "site_id": "bhandara"}}, {"type": "Feature", "geometry": {"type": "Polygon", "coordinates": [[[79.78776186363636, 21.503594181818183], [79.78776186363636, 21.510292545454544], [79.77465825757575, 21.510292545454544], [79.77465825757575, 21.503594181818183], [79.78776186363636, 21.503594181818183]]]}, "properties": {"confidence_score": 0.8616, "site_id": "bhandara"}}, {"type": "Feature", "geometry": {"type": "Polygon", "coordinates": [[[79.80086546969697, 21.503594181818183], [79.80086546969697, 21.510292545454544], [79.78776186363636, 21.510292545454544], [79.78776186363636, 21.503594181818183], [79.80086546969697, 21.503594181818183]]]}, "properties": {"confidence_score": 0.8667, "site_id": "bhandara"}}, {"type": "Feature", "geometry": {"type": "Polygon", "coordinates": [[[79.6567258030303, 21.510292545454547], [79.6567258030303, 21.516990909090907], [79.64362219696969, 21.516990909090907], [79.64362219696969, 21.510292545454547], [79.6567258030303, 21.510292545454547]]]}, "properties": {"confidence_score": 0.1694, "site_id": "bhandara"}}, {"type": "Feature", "geometry": {"type": "Polygon", "coordinates": [[[79.66982940909091, 21.510292545454547], [79.66982940909091, 21.516990909090907], [79.6567258030303, 21.516990909090907], [79.6567258030303, 21.510292545454547], [79.66982940909091, 21.510292545454547]]]}, "properties": {"confidence_score": 0.3852, "site_id": "bhandara"}}, {"type": "Feature", "geometry": {"type": "Polygon", "coordinates": [[[79.68293301515152, 21.510292545454547], [79.68293301515152, 21.516990909090907], [79.66982940909091, 21.516990909090907], [79.66982940909091, 21.510292545454547], [79.68293301515152, 21.510292545454547]]]}, "properties": {"confidence_score": 0.4651, "site_id": "bhandara"}}, {"type": "Feature", "geometry": {"type": "Polygon", "coordinates": [[[79.69603662121212, 21.510292545454547], [79.69603662121212, 21.516990909090907], [79.6829330151515, 21.516990909090907], [79.6829330151515, 21.510292545454547], [79.69603662121212, 21.510292545454547]]]}, "properties": {"confidence_score": 0.529, "site_id": "bhandara"}}, {"type": "Feature", "geometry": {"type": "Polygon", "coordinates": [[[79.70914022727273, 21.510292545454547], [79.70914022727273, 21.516990909090907], [79.69603662121212, 21.516990909090907], [79.69603662121212, 21.510292545454547], [79.70914022727273, 21.510292545454547]]]}, "properties": {"confidence_score": 0.5022, "site_id": "bhandara"}}, {"type": "Feature", "geometry": {"type": "Polygon", "coordinates": [[[79.72224383333334, 21.510292545454547], [79.72224383333334, 21.516990909090907], [79.70914022727273, 21.516990909090907], [79.70914022727273, 21.510292545454547], [79.72224383333334, 21.510292545454547]]]}, "properties": {"confidence_score": 0.5612, "site_id": "bhandara"}}, {"type": "Feature", "geometry": {"type": "Polygon", "coordinates": [[[79.73534743939393, 21.510292545454547], [79.73534743939393, 21.516990909090907], [79.72224383333332, 21.516990909090907], [79.72224383333332, 21.510292545454547], [79.73534743939393, 21.510292545454547]]]}, "properties": {"confidence_score": 0.6351, "site_id": "bhandara"}}, {"type": "Feature", "geometry": {"type": "Polygon", "coordinates": [[[79.74845104545454, 21.510292545454547], [79.74845104545454, 21.516990909090907], [79.73534743939393, 21.516990909090907], [79.73534743939393, 21.510292545454547], [79.74845104545454, 21.510292545454547]]]}, "properties": {"confidence_score": 0.7093, "site_id": "bhandara"}}, {"type": "Feature", "geometry": {"type": "Polygon", "coordinates": [[[79.76155465151516, 21.510292545454547], [79.76155465151516, 21.516990909090907], [79.74845104545454, 21.516990909090907], [79.74845104545454, 21.510292545454547], [79.76155465151516, 21.510292545454547]]]}, "properties": {"confidence_score": 0.7994, "site_id": "bhandara"}}, {"type": "Feature", "geometry": {"type": "Polygon", "coordinates": [[[79.77465825757575, 21.510292545454547], [79.77465825757575, 21.516990909090907], [79.76155465151514, 21.516990909090907], [79.76155465151514, 21.510292545454547], [79.77465825757575, 21.510292545454547]]]}, "properties": {"confidence_score": 0.9, "site_id": "bhandara"}}, {"type": "Feature", "geometry": {"type": "Polygon", "coordinates": [[[79.78776186363636, 21.510292545454547], [79.78776186363636, 21.516990909090907], [79.77465825757575, 21.516990909090907], [79.77465825757575, 21.510292545454547], [79.78776186363636, 21.510292545454547]]]}, "properties": {"confidence_score": 0.8875, "site_id": "bhandara"}}, {"type": "Feature", "geometry": {"type": "Polygon", "coordinates": [[[79.80086546969697, 21.510292545454547], [79.80086546969697, 21.516990909090907], [79.78776186363636, 21.516990909090907], [79.78776186363636, 21.510292545454547], [79.80086546969697, 21.510292545454547]]]}, "properties": {"confidence_score": 0.8476, "site_id": "bhandara"}}, {"type": "Feature", "geometry": {"type": "Polygon", "coordinates": [[[79.6567258030303, 21.51699090909091], [79.6567258030303, 21.52368927272727], [79.64362219696969, 21.52368927272727], [79.64362219696969, 21.51699090909091], [79.6567258030303, 21.51699090909091]]]}, "properties": {"confidence_score": 0.1696, "site_id": "bhandara"}}, {"type": "Feature", "geometry": {"type": "Polygon", "coordinates": [[[79.66982940909091, 21.51699090909091], [79.66982940909091, 21.52368927272727], [79.6567258030303, 21.52368927272727], [79.6567258030303, 21.51699090909091], [79.66982940909091, 21.51699090909091]]]}, "properties": {"confidence_score": 0.3938, "site_id": "bhandara"}}, {"type": "Feature", "geometry": {"type": "Polygon", "coordinates": [[[79.68293301515152, 21.51699090909091], [79.68293301515152, 21.52368927272727], [79.66982940909091, 21.52368927272727], [79.66982940909091, 21.51699090909091], [79.68293301515152, 21.51699090909091]]]}, "properties": {"confidence_score": 0.4476, "site_id": "bhandara"}}, {"type": "Feature", "geometry": {"type": "Polygon", "coordinates": [[[79.69603662121212, 21.51699090909091], [79.69603662121212, 21.52368927272727], [79.6829330151515, 21.52368927272727], [79.6829330151515, 21.51699090909091], [79.69603662121212, 21.51699090909091]]]}, "properties": {"confidence_score": 0.4224, "site_id": "bhandara"}}, {"type": "Feature", "geometry": {"type": "Polygon", "coordinates": [[[79.70914022727273, 21.51699090909091], [79.70914022727273, 21.52368927272727], [79.69603662121212, 21.52368927272727], [79.69603662121212, 21.51699090909091], [79.70914022727273, 21.51699090909091]]]}, "properties": {"confidence_score": 0.44, "site_id": "bhandara"}}, {"type": "Feature", "geometry": {"type": "Polygon", "coordinates": [[[79.72224383333334, 21.51699090909091], [79.72224383333334, 21.52368927272727], [79.70914022727273, 21.52368927272727], [79.70914022727273, 21.51699090909091], [79.72224383333334, 21.51699090909091]]]}, "properties": {"confidence_score": 0.553, "site_id": "bhandara"}}, {"type": "Feature", "geometry": {"type": "Polygon", "coordinates": [[[79.73534743939393, 21.51699090909091], [79.73534743939393, 21.52368927272727], [79.72224383333332, 21.52368927272727], [79.72224383333332, 21.51699090909091], [79.73534743939393, 21.51699090909091]]]}, "properties": {"confidence_score": 0.6509, "site_id": "bhandara"}}, {"type": "Feature", "geometry": {"type": "Polygon", "coordinates": [[[79.74845104545454, 21.51699090909091], [79.74845104545454, 21.52368927272727], [79.73534743939393, 21.52368927272727], [79.73534743939393, 21.51699090909091], [79.74845104545454, 21.51699090909091]]]}, "properties": {"confidence_score": 0.7238, "site_id": "bhandara"}}, {"type": "Feature", "geometry": {"type": "Polygon", "coordinates": [[[79.76155465151516, 21.51699090909091], [79.76155465151516, 21.52368927272727], [79.74845104545454, 21.52368927272727], [79.74845104545454, 21.51699090909091], [79.76155465151516, 21.51699090909091]]]}, "properties": {"confidence_score": 0.82, "site_id": "bhandara"}}, {"type": "Feature", "geometry": {"type": "Polygon", "coordinates": [[[79.77465825757575, 21.51699090909091], [79.77465825757575, 21.52368927272727], [79.76155465151514, 21.52368927272727], [79.76155465151514, 21.51699090909091], [79.77465825757575, 21.51699090909091]]]}, "properties": {"confidence_score": 0.9216, "site_id": "bhandara"}}, {"type": "Feature", "geometry": {"type": "Polygon", "coordinates": [[[79.78776186363636, 21.51699090909091], [79.78776186363636, 21.52368927272727], [79.77465825757575, 21.52368927272727], [79.77465825757575, 21.51699090909091], [79.78776186363636, 21.51699090909091]]]}, "properties": {"confidence_score": 0.8613, "site_id": "bhandara"}}, {"type": "Feature", "geometry": {"type": "Polygon", "coordinates": [[[79.80086546969697, 21.51699090909091], [79.80086546969697, 21.52368927272727], [79.78776186363636, 21.52368927272727], [79.78776186363636, 21.51699090909091], [79.80086546969697, 21.51699090909091]]]}, "properties": {"confidence_score": 0.6637, "site_id": "bhandara"}}, {"type": "Feature", "geometry": {"type": "Polygon", "coordinates": [[[79.6567258030303, 21.523689272727275], [79.6567258030303, 21.530387636363635], [79.64362219696969, 21.530387636363635], [79.64362219696969, 21.523689272727275], [79.6567258030303, 21.523689272727275]]]}, "properties": {"confidence_score": 0.165, "site_id": "bhandara"}}, {"type": "Feature", "geometry": {"type": "Polygon", "coordinates": [[[79.66982940909091, 21.523689272727275], [79.66982940909091, 21.530387636363635], [79.6567258030303, 21.530387636363635], [79.6567258030303, 21.523689272727275], [79.66982940909091, 21.523689272727275]]]}, "properties": {"confidence_score": 0.4228, "site_id": "bhandara"}}, {"type": "Feature", "geometry": {"type": "Polygon", "coordinates": [[[79.68293301515152, 21.523689272727275], [79.68293301515152, 21.530387636363635], [79.66982940909091, 21.530387636363635], [79.66982940909091, 21.523689272727275], [79.68293301515152, 21.523689272727275]]]}, "properties": {"confidence_score": 0.4309, "site_id": "bhandara"}}, {"type": "Feature", "geometry": {"type": "Polygon", "coordinates": [[[79.69603662121212, 21.523689272727275], [79.69603662121212, 21.530387636363635], [79.6829330151515, 21.530387636363635], [79.6829330151515, 21.523689272727275], [79.69603662121212, 21.523689272727275]]]}, "properties": {"confidence_score": 0.2315, "site_id": "bhandara"}}, {"type": "Feature", "geometry": {"type": "Polygon", "coordinates": [[[79.70914022727273, 21.523689272727275], [79.70914022727273, 21.530387636363635], [79.69603662121212, 21.530387636363635], [79.69603662121212, 21.523689272727275], [79.70914022727273, 21.523689272727275]]]}, "properties": {"confidence_score": 0.3282, "site_id": "bhandara"}}, {"type": "Feature", "geometry": {"type": "Polygon", "coordinates": [[[79.72224383333334, 21.523689272727275], [79.72224383333334, 21.530387636363635], [79.70914022727273, 21.530387636363635], [79.70914022727273, 21.523689272727275], [79.72224383333334, 21.523689272727275]]]}, "properties": {"confidence_score": 0.5273, "site_id": "bhandara"}}, {"type": "Feature", "geometry": {"type": "Polygon", "coordinates": [[[79.73534743939393, 21.523689272727275], [79.73534743939393, 21.530387636363635], [79.72224383333332, 21.530387636363635], [79.72224383333332, 21.523689272727275], [79.73534743939393, 21.523689272727275]]]}, "properties": {"confidence_score": 0.6551, "site_id": "bhandara"}}, {"type": "Feature", "geometry": {"type": "Polygon", "coordinates": [[[79.74845104545454, 21.523689272727275], [79.74845104545454, 21.530387636363635], [79.73534743939393, 21.530387636363635], [79.73534743939393, 21.523689272727275], [79.74845104545454, 21.523689272727275]]]}, "properties": {"confidence_score": 0.7641, "site_id": "bhandara"}}, {"type": "Feature", "geometry": {"type": "Polygon", "coordinates": [[[79.76155465151516, 21.523689272727275], [79.76155465151516, 21.530387636363635], [79.74845104545454, 21.530387636363635], [79.74845104545454, 21.523689272727275], [79.76155465151516, 21.523689272727275]]]}, "properties": {"confidence_score": 0.8555, "site_id": "bhandara"}}, {"type": "Feature", "geometry": {"type": "Polygon", "coordinates": [[[79.77465825757575, 21.523689272727275], [79.77465825757575, 21.530387636363635], [79.76155465151514, 21.530387636363635], [79.76155465151514, 21.523689272727275], [79.77465825757575, 21.523689272727275]]]}, "properties": {"confidence_score": 0.9389, "site_id": "bhandara"}}, {"type": "Feature", "geometry": {"type": "Polygon", "coordinates": [[[79.78776186363636, 21.523689272727275], [79.78776186363636, 21.530387636363635], [79.77465825757575, 21.530387636363635], [79.77465825757575, 21.523689272727275], [79.78776186363636, 21.523689272727275]]]}, "properties": {"confidence_score": 0.837, "site_id": "bhandara"}}, {"type": "Feature", "geometry": {"type": "Polygon", "coordinates": [[[79.80086546969697, 21.523689272727275], [79.80086546969697, 21.530387636363635], [79.78776186363636, 21.530387636363635], [79.78776186363636, 21.523689272727275], [79.80086546969697, 21.523689272727275]]]}, "properties": {"confidence_score": 0.4541, "site_id": "bhandara"}}, {"type": "Feature", "geometry": {"type": "Polygon", "coordinates": [[[79.6567258030303, 21.53038763636364], [79.6567258030303, 21.537086], [79.64362219696969, 21.537086], [79.64362219696969, 21.53038763636364], [79.6567258030303, 21.53038763636364]]]}, "properties": {"confidence_score": 0.1464, "site_id": "bhandara"}}, {"type": "Feature", "geometry": {"type": "Polygon", "coordinates": [[[79.66982940909091, 21.53038763636364], [79.66982940909091, 21.537086], [79.6567258030303, 21.537086], [79.6567258030303, 21.53038763636364], [79.66982940909091, 21.53038763636364]]]}, "properties": {"confidence_score": 0.381, "site_id": "bhandara"}}, {"type": "Feature", "geometry": {"type": "Polygon", "coordinates": [[[79.68293301515152, 21.53038763636364], [79.68293301515152, 21.537086], [79.66982940909091, 21.537086], [79.66982940909091, 21.53038763636364], [79.68293301515152, 21.53038763636364]]]}, "properties": {"confidence_score": 0.4027, "site_id": "bhandara"}}, {"type": "Feature", "geometry": {"type": "Polygon", "coordinates": [[[79.69603662121212, 21.53038763636364], [79.69603662121212, 21.537086], [79.6829330151515, 21.537086], [79.6829330151515, 21.53038763636364], [79.69603662121212, 21.53038763636364]]]}, "properties": {"confidence_score": 0.2578, "site_id": "bhandara"}}, {"type": "Feature", "geometry": {"type": "Polygon", "coordinates": [[[79.70914022727273, 21.53038763636364], [79.70914022727273, 21.537086], [79.69603662121212, 21.537086], [79.69603662121212, 21.53038763636364], [79.70914022727273, 21.53038763636364]]]}, "properties": {"confidence_score": 0.3493, "site_id": "bhandara"}}, {"type": "Feature", "geometry": {"type": "Polygon", "coordinates": [[[79.72224383333334, 21.53038763636364], [79.72224383333334, 21.537086], [79.70914022727273, 21.537086], [79.70914022727273, 21.53038763636364], [79.72224383333334, 21.53038763636364]]]}, "properties": {"confidence_score": 0.5339, "site_id": "bhandara"}}, {"type": "Feature", "geometry": {"type": "Polygon", "coordinates": [[[79.73534743939393, 21.53038763636364], [79.73534743939393, 21.537086], [79.72224383333332, 21.537086], [79.72224383333332, 21.53038763636364], [79.73534743939393, 21.53038763636364]]]}, "properties": {"confidence_score": 0.6734, "site_id": "bhandara"}}, {"type": "Feature", "geometry": {"type": "Polygon", "coordinates": [[[79.74845104545454, 21.53038763636364], [79.74845104545454, 21.537086], [79.73534743939393, 21.537086], [79.73534743939393, 21.53038763636364], [79.74845104545454, 21.53038763636364]]]}, "properties": {"confidence_score": 0.8098, "site_id": "bhandara"}}, {"type": "Feature", "geometry": {"type": "Polygon", "coordinates": [[[79.76155465151516, 21.53038763636364], [79.76155465151516, 21.537086], [79.74845104545454, 21.537086], [79.74845104545454, 21.53038763636364], [79.76155465151516, 21.53038763636364]]]}, "properties": {"confidence_score": 0.8913, "site_id": "bhandara"}}, {"type": "Feature", "geometry": {"type": "Polygon", "coordinates": [[[79.77465825757575, 21.53038763636364], [79.77465825757575, 21.537086], [79.76155465151514, 21.537086], [79.76155465151514, 21.53038763636364], [79.77465825757575, 21.53038763636364]]]}, "properties": {"confidence_score": 0.9424, "site_id": "bhandara"}}, {"type": "Feature", "geometry": {"type": "Polygon", "coordinates": [[[79.78776186363636, 21.53038763636364], [79.78776186363636, 21.537086], [79.77465825757575, 21.537086], [79.77465825757575, 21.53038763636364], [79.78776186363636, 21.53038763636364]]]}, "properties": {"confidence_score": 0.844, "site_id": "bhandara"}}, {"type": "Feature", "geometry": {"type": "Polygon", "coordinates": [[[79.80086546969697, 21.53038763636364], [79.80086546969697, 21.537086], [79.78776186363636, 21.537086], [79.78776186363636, 21.53038763636364], [79.80086546969697, 21.53038763636364]]]}, "properties": {"confidence_score": 0.5388, "site_id": "bhandara"}}, {"type": "Feature", "geometry": {"type": "Polygon", "coordinates": [[[79.6567258030303, 21.537086000000002], [79.6567258030303, 21.543784363636362], [79.64362219696969, 21.543784363636362], [79.64362219696969, 21.537086000000002], [79.6567258030303, 21.537086000000002]]]}, "properties": {"confidence_score": 0.1109, "site_id": "bhandara"}}, {"type": "Feature", "geometry": {"type": "Polygon", "coordinates": [[[79.66982940909091, 21.537086000000002], [79.66982940909091, 21.543784363636362], [79.6567258030303, 21.543784363636362], [79.6567258030303, 21.537086000000002], [79.66982940909091, 21.537086000000002]]]}, "properties": {"confidence_score": 0.3027, "site_id": "bhandara"}}, {"type": "Feature", "geometry": {"type": "Polygon", "coordinates": [[[79.68293301515152, 21.537086000000002], [79.68293301515152, 21.543784363636362], [79.66982940909091, 21.543784363636362], [79.66982940909091, 21.537086000000002], [79.68293301515152, 21.537086000000002]]]}, "properties": {"confidence_score": 0.3671, "site_id": "bhandara"}}, {"type": "Feature", "geometry": {"type": "Polygon", "coordinates": [[[79.69603662121212, 21.537086000000002], [79.69603662121212, 21.543784363636362], [79.6829330151515, 21.543784363636362], [79.6829330151515, 21.537086000000002], [79.69603662121212, 21.537086000000002]]]}, "properties": {"confidence_score": 0.3955, "site_id": "bhandara"}}, {"type": "Feature", "geometry": {"type": "Polygon", "coordinates": [[[79.70914022727273, 21.537086000000002], [79.70914022727273, 21.543784363636362], [79.69603662121212, 21.543784363636362], [79.69603662121212, 21.537086000000002], [79.70914022727273, 21.537086000000002]]]}, "properties": {"confidence_score": 0.4683, "site_id": "bhandara"}}, {"type": "Feature", "geometry": {"type": "Polygon", "coordinates": [[[79.72224383333334, 21.537086000000002], [79.72224383333334, 21.543784363636362], [79.70914022727273, 21.543784363636362], [79.70914022727273, 21.537086000000002], [79.72224383333334, 21.537086000000002]]]}, "properties": {"confidence_score": 0.5804, "site_id": "bhandara"}}, {"type": "Feature", "geometry": {"type": "Polygon", "coordinates": [[[79.73534743939393, 21.537086000000002], [79.73534743939393, 21.543784363636362], [79.72224383333332, 21.543784363636362], [79.72224383333332, 21.537086000000002], [79.73534743939393, 21.537086000000002]]]}, "properties": {"confidence_score": 0.7109, "site_id": "bhandara"}}, {"type": "Feature", "geometry": {"type": "Polygon", "coordinates": [[[79.74845104545454, 21.537086000000002], [79.74845104545454, 21.543784363636362], [79.73534743939393, 21.543784363636362], [79.73534743939393, 21.537086000000002], [79.74845104545454, 21.537086000000002]]]}, "properties": {"confidence_score": 0.8608, "site_id": "bhandara"}}, {"type": "Feature", "geometry": {"type": "Polygon", "coordinates": [[[79.76155465151516, 21.537086000000002], [79.76155465151516, 21.543784363636362], [79.74845104545454, 21.543784363636362], [79.74845104545454, 21.537086000000002], [79.76155465151516, 21.537086000000002]]]}, "properties": {"confidence_score": 0.9208, "site_id": "bhandara"}}, {"type": "Feature", "geometry": {"type": "Polygon", "coordinates": [[[79.77465825757575, 21.537086000000002], [79.77465825757575, 21.543784363636362], [79.76155465151514, 21.543784363636362], [79.76155465151514, 21.537086000000002], [79.77465825757575, 21.537086000000002]]]}, "properties": {"confidence_score": 0.9429, "site_id": "bhandara"}}, {"type": "Feature", "geometry": {"type": "Polygon", "coordinates": [[[79.78776186363636, 21.537086000000002], [79.78776186363636, 21.543784363636362], [79.77465825757575, 21.543784363636362], [79.77465825757575, 21.537086000000002], [79.78776186363636, 21.537086000000002]]]}, "properties": {"confidence_score": 0.8772, "site_id": "bhandara"}}, {"type": "Feature", "geometry": {"type": "Polygon", "coordinates": [[[79.80086546969697, 21.537086000000002], [79.80086546969697, 21.543784363636362], [79.78776186363636, 21.543784363636362], [79.78776186363636, 21.537086000000002], [79.80086546969697, 21.537086000000002]]]}, "properties": {"confidence_score": 0.7802, "site_id": "bhandara"}}, {"type": "Feature", "geometry": {"type": "Polygon", "coordinates": [[[79.6567258030303, 21.543784363636366], [79.6567258030303, 21.550482727272726], [79.64362219696969, 21.550482727272726], [79.64362219696969, 21.543784363636366], [79.6567258030303, 21.543784363636366]]]}, "properties": {"confidence_score": 0.0684, "site_id": "bhandara"}}, {"type": "Feature", "geometry": {"type": "Polygon", "coordinates": [[[79.66982940909091, 21.543784363636366], [79.66982940909091, 21.550482727272726], [79.6567258030303, 21.550482727272726], [79.6567258030303, 21.543784363636366], [79.66982940909091, 21.543784363636366]]]}, "properties": {"confidence_score": 0.1858, "site_id": "bhandara"}}, {"type": "Feature", "geometry": {"type": "Polygon", "coordinates": [[[79.68293301515152, 21.543784363636366], [79.68293301515152, 21.550482727272726], [79.66982940909091, 21.550482727272726], [79.66982940909091, 21.543784363636366], [79.68293301515152, 21.543784363636366]]]}, "properties": {"confidence_score": 0.3107, "site_id": "bhandara"}}, {"type": "Feature", "geometry": {"type": "Polygon", "coordinates": [[[79.69603662121212, 21.543784363636366], [79.69603662121212, 21.550482727272726], [79.6829330151515, 21.550482727272726], [79.6829330151515, 21.543784363636366], [79.69603662121212, 21.543784363636366]]]}, "properties": {"confidence_score": 0.4644, "site_id": "bhandara"}}, {"type": "Feature", "geometry": {"type": "Polygon", "coordinates": [[[79.70914022727273, 21.543784363636366], [79.70914022727273, 21.550482727272726], [79.69603662121212, 21.550482727272726], [79.69603662121212, 21.543784363636366], [79.70914022727273, 21.543784363636366]]]}, "properties": {"confidence_score": 0.5715, "site_id": "bhandara"}}, {"type": "Feature", "geometry": {"type": "Polygon", "coordinates": [[[79.72224383333334, 21.543784363636366], [79.72224383333334, 21.550482727272726], [79.70914022727273, 21.550482727272726], [79.70914022727273, 21.543784363636366], [79.72224383333334, 21.543784363636366]]]}, "properties": {"confidence_score": 0.669, "site_id": "bhandara"}}, {"type": "Feature", "geometry": {"type": "Polygon", "coordinates": [[[79.73534743939393, 21.543784363636366], [79.73534743939393, 21.550482727272726], [79.72224383333332, 21.550482727272726], [79.72224383333332, 21.543784363636366], [79.73534743939393, 21.543784363636366]]]}, "properties": {"confidence_score": 0.7693, "site_id": "bhandara"}}, {"type": "Feature", "geometry": {"type": "Polygon", "coordinates": [[[79.74845104545454, 21.543784363636366], [79.74845104545454, 21.550482727272726], [79.73534743939393, 21.550482727272726], [79.73534743939393, 21.543784363636366], [79.74845104545454, 21.543784363636366]]]}, "properties": {"confidence_score": 0.8829, "site_id": "bhandara"}}, {"type": "Feature", "geometry": {"type": "Polygon", "coordinates": [[[79.76155465151516, 21.543784363636366], [79.76155465151516, 21.550482727272726], [79.74845104545454, 21.550482727272726], [79.74845104545454, 21.543784363636366], [79.76155465151516, 21.543784363636366]]]}, "properties": {"confidence_score": 0.9233, "site_id": "bhandara"}}, {"type": "Feature", "geometry": {"type": "Polygon", "coordinates": [[[79.77465825757575, 21.543784363636366], [79.77465825757575, 21.550482727272726], [79.76155465151514, 21.550482727272726], [79.76155465151514, 21.543784363636366], [79.77465825757575, 21.543784363636366]]]}, "properties": {"confidence_score": 0.9266, "site_id": "bhandara"}}, {"type": "Feature", "geometry": {"type": "Polygon", "coordinates": [[[79.78776186363636, 21.543784363636366], [79.78776186363636, 21.550482727272726], [79.77465825757575, 21.550482727272726], [79.77465825757575, 21.543784363636366], [79.78776186363636, 21.543784363636366]]]}, "properties": {"confidence_score": 0.8945, "site_id": "bhandara"}}, {"type": "Feature", "geometry": {"type": "Polygon", "coordinates": [[[79.80086546969697, 21.543784363636366], [79.80086546969697, 21.550482727272726], [79.78776186363636, 21.550482727272726], [79.78776186363636, 21.543784363636366], [79.80086546969697, 21.543784363636366]]]}, "properties": {"confidence_score": 0.867, "site_id": "bhandara"}}, {"type": "Feature", "geometry": {"type": "Polygon", "coordinates": [[[79.6567258030303, 21.55048272727273], [79.6567258030303, 21.55718109090909], [79.64362219696969, 21.55718109090909], [79.64362219696969, 21.55048272727273], [79.6567258030303, 21.55048272727273]]]}, "properties": {"confidence_score": 0.0336, "site_id": "bhandara"}}, {"type": "Feature", "geometry": {"type": "Polygon", "coordinates": [[[79.66982940909091, 21.55048272727273], [79.66982940909091, 21.55718109090909], [79.6567258030303, 21.55718109090909], [79.6567258030303, 21.55048272727273], [79.66982940909091, 21.55048272727273]]]}, "properties": {"confidence_score": 0.0569, "site_id": "bhandara"}}, {"type": "Feature", "geometry": {"type": "Polygon", "coordinates": [[[79.68293301515152, 21.55048272727273], [79.68293301515152, 21.55718109090909], [79.66982940909091, 21.55718109090909], [79.66982940909091, 21.55048272727273], [79.68293301515152, 21.55048272727273]]]}, "properties": {"confidence_score": 0.2487, "site_id": "bhandara"}}, {"type": "Feature", "geometry": {"type": "Polygon", "coordinates": [[[79.69603662121212, 21.55048272727273], [79.69603662121212, 21.55718109090909], [79.6829330151515, 21.55718109090909], [79.6829330151515, 21.55048272727273], [79.69603662121212, 21.55048272727273]]]}, "properties": {"confidence_score": 0.5015, "site_id": "bhandara"}}, {"type": "Feature", "geometry": {"type": "Polygon", "coordinates": [[[79.70914022727273, 21.55048272727273], [79.70914022727273, 21.55718109090909], [79.69603662121212, 21.55718109090909], [79.69603662121212, 21.55048272727273], [79.70914022727273, 21.55048272727273]]]}, "properties": {"confidence_score": 0.651, "site_id": "bhandara"}}, {"type": "Feature", "geometry": {"type": "Polygon", "coordinates": [[[79.72224383333334, 21.55048272727273], [79.72224383333334, 21.55718109090909], [79.70914022727273, 21.55718109090909], [79.70914022727273, 21.55048272727273], [79.72224383333334, 21.55048272727273]]]}, "properties": {"confidence_score": 0.7701, "site_id": "bhandara"}}, {"type": "Feature", "geometry": {"type": "Polygon", "coordinates": [[[79.73534743939393, 21.55048272727273], [79.73534743939393, 21.55718109090909], [79.72224383333332, 21.55718109090909], [79.72224383333332, 21.55048272727273], [79.73534743939393, 21.55048272727273]]]}, "properties": {"confidence_score": 0.8284, "site_id": "bhandara"}}, {"type": "Feature", "geometry": {"type": "Polygon", "coordinates": [[[79.74845104545454, 21.55048272727273], [79.74845104545454, 21.55718109090909], [79.73534743939393, 21.55718109090909], [79.73534743939393, 21.55048272727273], [79.74845104545454, 21.55048272727273]]]}, "properties": {"confidence_score": 0.8841, "site_id": "bhandara"}}, {"type": "Feature", "geometry": {"type": "Polygon", "coordinates": [[[79.76155465151516, 21.55048272727273], [79.76155465151516, 21.55718109090909], [79.74845104545454, 21.55718109090909], [79.74845104545454, 21.55048272727273], [79.76155465151516, 21.55048272727273]]]}, "properties": {"confidence_score": 0.9046, "site_id": "bhandara"}}, {"type": "Feature", "geometry": {"type": "Polygon", "coordinates": [[[79.77465825757575, 21.55048272727273], [79.77465825757575, 21.55718109090909], [79.76155465151514, 21.55718109090909], [79.76155465151514, 21.55048272727273], [79.77465825757575, 21.55048272727273]]]}, "properties": {"confidence_score": 0.8982, "site_id": "bhandara"}}, {"type": "Feature", "geometry": {"type": "Polygon", "coordinates": [[[79.78776186363636, 21.55048272727273], [79.78776186363636, 21.55718109090909], [79.77465825757575, 21.55718109090909], [79.77465825757575, 21.55048272727273], [79.78776186363636, 21.55048272727273]]]}, "properties": {"confidence_score": 0.887, "site_id": "bhandara"}}, {"type": "Feature", "geometry": {"type": "Polygon", "coordinates": [[[79.80086546969697, 21.55048272727273], [79.80086546969697, 21.55718109090909], [79.78776186363636, 21.55718109090909], [79.78776186363636, 21.55048272727273], [79.80086546969697, 21.55048272727273]]]}, "properties": {"confidence_score": 0.8546, "site_id": "bhandara"}}, {"type": "Feature", "geometry": {"type": "Polygon", "coordinates": [[[79.6567258030303, 21.557181090909094], [79.6567258030303, 21.563879454545454], [79.64362219696969, 21.563879454545454], [79.64362219696969, 21.557181090909094], [79.6567258030303, 21.557181090909094]]]}, "properties": {"confidence_score": 0.0218, "site_id": "bhandara"}}, {"type": "Feature", "geometry": {"type": "Polygon", "coordinates": [[[79.66982940909091, 21.557181090909094], [79.66982940909091, 21.563879454545454], [79.6567258030303, 21.563879454545454], [79.6567258030303, 21.557181090909094], [79.66982940909091, 21.557181090909094]]]}, "properties": {"confidence_score": 0.0213, "site_id": "bhandara"}}, {"type": "Feature", "geometry": {"type": "Polygon", "coordinates": [[[79.68293301515152, 21.557181090909094], [79.68293301515152, 21.563879454545454], [79.66982940909091, 21.563879454545454], [79.66982940909091, 21.557181090909094], [79.68293301515152, 21.557181090909094]]]}, "properties": {"confidence_score": 0.2309, "site_id": "bhandara"}}, {"type": "Feature", "geometry": {"type": "Polygon", "coordinates": [[[79.69603662121212, 21.557181090909094], [79.69603662121212, 21.563879454545454], [79.6829330151515, 21.563879454545454], [79.6829330151515, 21.557181090909094], [79.69603662121212, 21.557181090909094]]]}, "properties": {"confidence_score": 0.5738, "site_id": "bhandara"}}, {"type": "Feature", "geometry": {"type": "Polygon", "coordinates": [[[79.70914022727273, 21.557181090909094], [79.70914022727273, 21.563879454545454], [79.69603662121212, 21.563879454545454], [79.69603662121212, 21.557181090909094], [79.70914022727273, 21.557181090909094]]]}, "properties": {"confidence_score": 0.7235, "site_id": "bhandara"}}, {"type": "Feature", "geometry": {"type": "Polygon", "coordinates": [[[79.72224383333334, 21.557181090909094], [79.72224383333334, 21.563879454545454], [79.70914022727273, 21.563879454545454], [79.70914022727273, 21.557181090909094], [79.72224383333334, 21.557181090909094]]]}, "properties": {"confidence_score": 0.8179, "site_id": "bhandara"}}, {"type": "Feature", "geometry": {"type": "Polygon", "coordinates": [[[79.73534743939393, 21.557181090909094], [79.73534743939393, 21.563879454545454], [79.72224383333332, 21.563879454545454], [79.72224383333332, 21.557181090909094], [79.73534743939393, 21.557181090909094]]]}, "properties": {"confidence_score": 0.8473, "site_id": "bhandara"}}, {"type": "Feature", "geometry": {"type": "Polygon", "coordinates": [[[79.74845104545454, 21.557181090909094], [79.74845104545454, 21.563879454545454], [79.73534743939393, 21.563879454545454], [79.73534743939393, 21.557181090909094], [79.74845104545454, 21.557181090909094]]]}, "properties": {"confidence_score": 0.8545, "site_id": "bhandara"}}, {"type": "Feature", "geometry": {"type": "Polygon", "coordinates": [[[79.76155465151516, 21.557181090909094], [79.76155465151516, 21.563879454545454], [79.74845104545454, 21.563879454545454], [79.74845104545454, 21.557181090909094], [79.76155465151516, 21.557181090909094]]]}, "properties": {"confidence_score": 0.8703, "site_id": "bhandara"}}, {"type": "Feature", "geometry": {"type": "Polygon", "coordinates": [[[79.77465825757575, 21.557181090909094], [79.77465825757575, 21.563879454545454], [79.76155465151514, 21.563879454545454], [79.76155465151514, 21.557181090909094], [79.77465825757575, 21.557181090909094]]]}, "properties": {"confidence_score": 0.867, "site_id": "bhandara"}}, {"type": "Feature", "geometry": {"type": "Polygon", "coordinates": [[[79.78776186363636, 21.557181090909094], [79.78776186363636, 21.563879454545454], [79.77465825757575, 21.563879454545454], [79.77465825757575, 21.557181090909094], [79.78776186363636, 21.557181090909094]]]}, "properties": {"confidence_score": 0.8704, "site_id": "bhandara"}}, {"type": "Feature", "geometry": {"type": "Polygon", "coordinates": [[[79.80086546969697, 21.557181090909094], [79.80086546969697, 21.563879454545454], [79.78776186363636, 21.563879454545454], [79.78776186363636, 21.557181090909094], [79.80086546969697, 21.557181090909094]]]}, "properties": {"confidence_score": 0.8539, "site_id": "bhandara"}}, {"type": "Feature", "geometry": {"type": "Polygon", "coordinates": [[[79.6567258030303, 21.563879454545457], [79.6567258030303, 21.570577818181818], [79.64362219696969, 21.570577818181818], [79.64362219696969, 21.563879454545457], [79.6567258030303, 21.563879454545457]]]}, "properties": {"confidence_score": 0.0288, "site_id": "bhandara"}}, {"type": "Feature", "geometry": {"type": "Polygon", "coordinates": [[[79.66982940909091, 21.563879454545457], [79.66982940909091, 21.570577818181818], [79.6567258030303, 21.570577818181818], [79.6567258030303, 21.563879454545457], [79.66982940909091, 21.563879454545457]]]}, "properties": {"confidence_score": 0.0309, "site_id": "bhandara"}}, {"type": "Feature", "geometry": {"type": "Polygon", "coordinates": [[[79.68293301515152, 21.563879454545457], [79.68293301515152, 21.570577818181818], [79.66982940909091, 21.570577818181818], [79.66982940909091, 21.563879454545457], [79.68293301515152, 21.563879454545457]]]}, "properties": {"confidence_score": 0.2263, "site_id": "bhandara"}}, {"type": "Feature", "geometry": {"type": "Polygon", "coordinates": [[[79.69603662121212, 21.563879454545457], [79.69603662121212, 21.570577818181818], [79.6829330151515, 21.570577818181818], [79.6829330151515, 21.563879454545457], [79.69603662121212, 21.563879454545457]]]}, "properties": {"confidence_score": 0.6448, "site_id": "bhandara"}}, {"type": "Feature", "geometry": {"type": "Polygon", "coordinates": [[[79.70914022727273, 21.563879454545457], [79.70914022727273, 21.570577818181818], [79.69603662121212, 21.570577818181818], [79.69603662121212, 21.563879454545457], [79.70914022727273, 21.563879454545457]]]}, "properties": {"confidence_score": 0.7367, "site_id": "bhandara"}}, {"type": "Feature", "geometry": {"type": "Polygon", "coordinates": [[[79.72224383333334, 21.563879454545457], [79.72224383333334, 21.570577818181818], [79.70914022727273, 21.570577818181818], [79.70914022727273, 21.563879454545457], [79.72224383333334, 21.563879454545457]]]}, "properties": {"confidence_score": 0.7943, "site_id": "bhandara"}}, {"type": "Feature", "geometry": {"type": "Polygon", "coordinates": [[[79.73534743939393, 21.563879454545457], [79.73534743939393, 21.570577818181818], [79.72224383333332, 21.570577818181818], [79.72224383333332, 21.563879454545457], [79.73534743939393, 21.563879454545457]]]}, "properties": {"confidence_score": 0.8066, "site_id": "bhandara"}}, {"type": "Feature", "geometry": {"type": "Polygon", "coordinates": [[[79.74845104545454, 21.563879454545457], [79.74845104545454, 21.570577818181818], [79.73534743939393, 21.570577818181818], [79.73534743939393, 21.563879454545457], [79.74845104545454, 21.563879454545457]]]}, "properties": {"confidence_score": 0.8027, "site_id": "bhandara"}}, {"type": "Feature", "geometry": {"type": "Polygon", "coordinates": [[[79.76155465151516, 21.563879454545457], [79.76155465151516, 21.570577818181818], [79.74845104545454, 21.570577818181818], [79.74845104545454, 21.563879454545457], [79.76155465151516, 21.563879454545457]]]}, "properties": {"confidence_score": 0.836, "site_id": "bhandara"}}, {"type": "Feature", "geometry": {"type": "Polygon", "coordinates": [[[79.77465825757575, 21.563879454545457], [79.77465825757575, 21.570577818181818], [79.76155465151514, 21.570577818181818], [79.76155465151514, 21.563879454545457], [79.77465825757575, 21.563879454545457]]]}, "properties": {"confidence_score": 0.8413, "site_id": "bhandara"}}, {"type": "Feature", "geometry": {"type": "Polygon", "coordinates": [[[79.78776186363636, 21.563879454545457], [79.78776186363636, 21.570577818181818], [79.77465825757575, 21.570577818181818], [79.77465825757575, 21.563879454545457], [79.78776186363636, 21.563879454545457]]]}, "properties": {"confidence_score": 0.8549, "site_id": "bhandara"}}, {"type": "Feature", "geometry": {"type": "Polygon", "coordinates": [[[79.80086546969697, 21.563879454545457], [79.80086546969697, 21.570577818181818], [79.78776186363636, 21.570577818181818], [79.78776186363636, 21.563879454545457], [79.80086546969697, 21.563879454545457]]]}, "properties": {"confidence_score": 0.8737, "site_id": "bhandara"}}, {"type": "Feature", "geometry": {"type": "Polygon", "coordinates": [[[79.6567258030303, 21.57057781818182], [79.6567258030303, 21.57727618181818], [79.64362219696969, 21.57727618181818], [79.64362219696969, 21.57057781818182], [79.6567258030303, 21.57057781818182]]]}, "properties": {"confidence_score": 0.0356, "site_id": "bhandara"}}, {"type": "Feature", "geometry": {"type": "Polygon", "coordinates": [[[79.66982940909091, 21.57057781818182], [79.66982940909091, 21.57727618181818], [79.6567258030303, 21.57727618181818], [79.6567258030303, 21.57057781818182], [79.66982940909091, 21.57057781818182]]]}, "properties": {"confidence_score": 0.0395, "site_id": "bhandara"}}, {"type": "Feature", "geometry": {"type": "Polygon", "coordinates": [[[79.68293301515152, 21.57057781818182], [79.68293301515152, 21.57727618181818], [79.66982940909091, 21.57727618181818], [79.66982940909091, 21.57057781818182], [79.68293301515152, 21.57057781818182]]]}, "properties": {"confidence_score": 0.188, "site_id": "bhandara"}}, {"type": "Feature", "geometry": {"type": "Polygon", "coordinates": [[[79.69603662121212, 21.57057781818182], [79.69603662121212, 21.57727618181818], [79.6829330151515, 21.57727618181818], [79.6829330151515, 21.57057781818182], [79.69603662121212, 21.57057781818182]]]}, "properties": {"confidence_score": 0.4848, "site_id": "bhandara"}}, {"type": "Feature", "geometry": {"type": "Polygon", "coordinates": [[[79.70914022727273, 21.57057781818182], [79.70914022727273, 21.57727618181818], [79.69603662121212, 21.57727618181818], [79.69603662121212, 21.57057781818182], [79.70914022727273, 21.57057781818182]]]}, "properties": {"confidence_score": 0.5705, "site_id": "bhandara"}}, {"type": "Feature", "geometry": {"type": "Polygon", "coordinates": [[[79.72224383333334, 21.57057781818182], [79.72224383333334, 21.57727618181818], [79.70914022727273, 21.57727618181818], [79.70914022727273, 21.57057781818182], [79.72224383333334, 21.57057781818182]]]}, "properties": {"confidence_score": 0.6095, "site_id": "bhandara"}}, {"type": "Feature", "geometry": {"type": "Polygon", "coordinates": [[[79.73534743939393, 21.57057781818182], [79.73534743939393, 21.57727618181818], [79.72224383333332, 21.57727618181818], [79.72224383333332, 21.57057781818182], [79.73534743939393, 21.57057781818182]]]}, "properties": {"confidence_score": 0.6623, "site_id": "bhandara"}}, {"type": "Feature", "geometry": {"type": "Polygon", "coordinates": [[[79.74845104545454, 21.57057781818182], [79.74845104545454, 21.57727618181818], [79.73534743939393, 21.57727618181818], [79.73534743939393, 21.57057781818182], [79.74845104545454, 21.57057781818182]]]}, "properties": {"confidence_score": 0.7598, "site_id": "bhandara"}}, {"type": "Feature", "geometry": {"type": "Polygon", "coordinates": [[[79.76155465151516, 21.57057781818182], [79.76155465151516, 21.57727618181818], [79.74845104545454, 21.57727618181818], [79.74845104545454, 21.57057781818182], [79.76155465151516, 21.57057781818182]]]}, "properties": {"confidence_score": 0.8223, "site_id": "bhandara"}}, {"type": "Feature", "geometry": {"type": "Polygon", "coordinates": [[[79.77465825757575, 21.57057781818182], [79.77465825757575, 21.57727618181818], [79.76155465151514, 21.57727618181818], [79.76155465151514, 21.57057781818182], [79.77465825757575, 21.57057781818182]]]}, "properties": {"confidence_score": 0.837, "site_id": "bhandara"}}, {"type": "Feature", "geometry": {"type": "Polygon", "coordinates": [[[79.78776186363636, 21.57057781818182], [79.78776186363636, 21.57727618181818], [79.77465825757575, 21.57727618181818], [79.77465825757575, 21.57057781818182], [79.78776186363636, 21.57057781818182]]]}, "properties": {"confidence_score": 0.8464, "site_id": "bhandara"}}, {"type": "Feature", "geometry": {"type": "Polygon", "coordinates": [[[79.80086546969697, 21.57057781818182], [79.80086546969697, 21.57727618181818], [79.78776186363636, 21.57727618181818], [79.78776186363636, 21.57057781818182], [79.80086546969697, 21.57057781818182]]]}, "properties": {"confidence_score": 0.8527, "site_id": "bhandara"}}, {"type": "Feature", "geometry": {"type": "Polygon", "coordinates": [[[79.6567258030303, 21.577276181818185], [79.6567258030303, 21.583974545454545], [79.64362219696969, 21.583974545454545], [79.64362219696969, 21.577276181818185], [79.6567258030303, 21.577276181818185]]]}, "properties": {"confidence_score": 0.0394, "site_id": "bhandara"}}, {"type": "Feature", "geometry": {"type": "Polygon", "coordinates": [[[79.66982940909091, 21.577276181818185], [79.66982940909091, 21.583974545454545], [79.6567258030303, 21.583974545454545], [79.6567258030303, 21.577276181818185], [79.66982940909091, 21.577276181818185]]]}, "properties": {"confidence_score": 0.0409, "site_id": "bhandara"}}, {"type": "Feature", "geometry": {"type": "Polygon", "coordinates": [[[79.68293301515152, 21.577276181818185], [79.68293301515152, 21.583974545454545], [79.66982940909091, 21.583974545454545], [79.66982940909091, 21.577276181818185], [79.68293301515152, 21.577276181818185]]]}, "properties": {"confidence_score": 0.1262, "site_id": "bhandara"}}, {"type": "Feature", "geometry": {"type": "Polygon", "coordinates": [[[79.69603662121212, 21.577276181818185], [79.69603662121212, 21.583974545454545], [79.6829330151515, 21.583974545454545], [79.6829330151515, 21.577276181818185], [79.69603662121212, 21.577276181818185]]]}, "properties": {"confidence_score": 0.1993, "site_id": "bhandara"}}, {"type": "Feature", "geometry": {"type": "Polygon", "coordinates": [[[79.70914022727273, 21.577276181818185], [79.70914022727273, 21.583974545454545], [79.69603662121212, 21.583974545454545], [79.69603662121212, 21.577276181818185], [79.70914022727273, 21.577276181818185]]]}, "properties": {"confidence_score": 0.3058, "site_id": "bhandara"}}, {"type": "Feature", "geometry": {"type": "Polygon", "coordinates": [[[79.72224383333334, 21.577276181818185], [79.72224383333334, 21.583974545454545], [79.70914022727273, 21.583974545454545], [79.70914022727273, 21.577276181818185], [79.72224383333334, 21.577276181818185]]]}, "properties": {"confidence_score": 0.3353, "site_id": "bhandara"}}, {"type": "Feature", "geometry": {"type": "Polygon", "coordinates": [[[79.73534743939393, 21.577276181818185], [79.73534743939393, 21.583974545454545], [79.72224383333332, 21.583974545454545], [79.72224383333332, 21.577276181818185], [79.73534743939393, 21.577276181818185]]]}, "properties": {"confidence_score": 0.4505, "site_id": "bhandara"}}, {"type": "Feature", "geometry": {"type": "Polygon", "coordinates": [[[79.74845104545454, 21.577276181818185], [79.74845104545454, 21.583974545454545], [79.73534743939393, 21.583974545454545], [79.73534743939393, 21.577276181818185], [79.74845104545454, 21.577276181818185]]]}, "properties": {"confidence_score": 0.7024, "site_id": "bhandara"}}, {"type": "Feature", "geometry": {"type": "Polygon", "coordinates": [[[79.76155465151516, 21.577276181818185], [79.76155465151516, 21.583974545454545], [79.74845104545454, 21.583974545454545], [79.74845104545454, 21.577276181818185], [79.76155465151516, 21.577276181818185]]]}, "properties": {"confidence_score": 0.7918, "site_id": "bhandara"}}, {"type": "Feature", "geometry": {"type": "Polygon", "coordinates": [[[79.77465825757575, 21.577276181818185], [79.77465825757575, 21.583974545454545], [79.76155465151514, 21.583974545454545], [79.76155465151514, 21.577276181818185], [79.77465825757575, 21.577276181818185]]]}, "properties": {"confidence_score": 0.8377, "site_id": "bhandara"}}, {"type": "Feature", "geometry": {"type": "Polygon", "coordinates": [[[79.78776186363636, 21.577276181818185], [79.78776186363636, 21.583974545454545], [79.77465825757575, 21.583974545454545], [79.77465825757575, 21.577276181818185], [79.78776186363636, 21.577276181818185]]]}, "properties": {"confidence_score": 0.8284, "site_id": "bhandara"}}, {"type": "Feature", "geometry": {"type": "Polygon", "coordinates": [[[79.80086546969697, 21.577276181818185], [79.80086546969697, 21.583974545454545], [79.78776186363636, 21.583974545454545], [79.78776186363636, 21.577276181818185], [79.80086546969697, 21.577276181818185]]]}, "properties": {"confidence_score": 0.7816, "site_id": "bhandara"}}, {"type": "Feature", "geometry": {"type": "Polygon", "coordinates": [[[79.6567258030303, 21.58397454545455], [79.6567258030303, 21.59067290909091], [79.64362219696969, 21.59067290909091], [79.64362219696969, 21.58397454545455], [79.6567258030303, 21.58397454545455]]]}, "properties": {"confidence_score": 0.0478, "site_id": "bhandara"}}, {"type": "Feature", "geometry": {"type": "Polygon", "coordinates": [[[79.66982940909091, 21.58397454545455], [79.66982940909091, 21.59067290909091], [79.6567258030303, 21.59067290909091], [79.6567258030303, 21.58397454545455], [79.66982940909091, 21.58397454545455]]]}, "properties": {"confidence_score": 0.0474, "site_id": "bhandara"}}, {"type": "Feature", "geometry": {"type": "Polygon", "coordinates": [[[79.68293301515152, 21.58397454545455], [79.68293301515152, 21.59067290909091], [79.66982940909091, 21.59067290909091], [79.66982940909091, 21.58397454545455], [79.68293301515152, 21.58397454545455]]]}, "properties": {"confidence_score": 0.0822, "site_id": "bhandara"}}, {"type": "Feature", "geometry": {"type": "Polygon", "coordinates": [[[79.69603662121212, 21.58397454545455], [79.69603662121212, 21.59067290909091], [79.6829330151515, 21.59067290909091], [79.6829330151515, 21.58397454545455], [79.69603662121212, 21.58397454545455]]]}, "properties": {"confidence_score": 0.0714, "site_id": "bhandara"}}, {"type": "Feature", "geometry": {"type": "Polygon", "coordinates": [[[79.70914022727273, 21.58397454545455], [79.70914022727273, 21.59067290909091], [79.69603662121212, 21.59067290909091], [79.69603662121212, 21.58397454545455], [79.70914022727273, 21.58397454545455]]]}, "properties": {"confidence_score": 0.1403, "site_id": "bhandara"}}, {"type": "Feature", "geometry": {"type": "Polygon", "coordinates": [[[79.72224383333334, 21.58397454545455], [79.72224383333334, 21.59067290909091], [79.70914022727273, 21.59067290909091], [79.70914022727273, 21.58397454545455], [79.72224383333334, 21.58397454545455]]]}, "properties": {"confidence_score": 0.1665, "site_id": "bhandara"}}, {"type": "Feature", "geometry": {"type": "Polygon", "coordinates": [[[79.73534743939393, 21.58397454545455], [79.73534743939393, 21.59067290909091], [79.72224383333332, 21.59067290909091], [79.72224383333332, 21.58397454545455], [79.73534743939393, 21.58397454545455]]]}, "properties": {"confidence_score": 0.2756, "site_id": "bhandara"}}, {"type": "Feature", "geometry": {"type": "Polygon", "coordinates": [[[79.74845104545454, 21.58397454545455], [79.74845104545454, 21.59067290909091], [79.73534743939393, 21.59067290909091], [79.73534743939393, 21.58397454545455], [79.74845104545454, 21.58397454545455]]]}, "properties": {"confidence_score": 0.4963, "site_id": "bhandara"}}, {"type": "Feature", "geometry": {"type": "Polygon", "coordinates": [[[79.76155465151516, 21.58397454545455], [79.76155465151516, 21.59067290909091], [79.74845104545454, 21.59067290909091], [79.74845104545454, 21.58397454545455], [79.76155465151516, 21.58397454545455]]]}, "properties": {"confidence_score": 0.6394, "site_id": "bhandara"}}, {"type": "Feature", "geometry": {"type": "Polygon", "coordinates": [[[79.77465825757575, 21.58397454545455], [79.77465825757575, 21.59067290909091], [79.76155465151514, 21.59067290909091], [79.76155465151514, 21.58397454545455], [79.77465825757575, 21.58397454545455]]]}, "properties": {"confidence_score": 0.7996, "site_id": "bhandara"}}, {"type": "Feature", "geometry": {"type": "Polygon", "coordinates": [[[79.78776186363636, 21.58397454545455], [79.78776186363636, 21.59067290909091], [79.77465825757575, 21.59067290909091], [79.77465825757575, 21.58397454545455], [79.78776186363636, 21.58397454545455]]]}, "properties": {"confidence_score": 0.7703, "site_id": "bhandara"}}, {"type": "Feature", "geometry": {"type": "Polygon", "coordinates": [[[79.80086546969697, 21.58397454545455], [79.80086546969697, 21.59067290909091], [79.78776186363636, 21.59067290909091], [79.78776186363636, 21.58397454545455], [79.80086546969697, 21.58397454545455]]]}, "properties": {"confidence_score": 0.5922, "site_id": "bhandara"}}, {"type": "Feature", "geometry": {"type": "Polygon", "coordinates": [[[79.6567258030303, 21.590672909090912], [79.6567258030303, 21.597371272727273], [79.64362219696969, 21.597371272727273], [79.64362219696969, 21.590672909090912], [79.6567258030303, 21.590672909090912]]]}, "properties": {"confidence_score": 0.0597, "site_id": "bhandara"}}, {"type": "Feature", "geometry": {"type": "Polygon", "coordinates": [[[79.66982940909091, 21.590672909090912], [79.66982940909091, 21.597371272727273], [79.6567258030303, 21.597371272727273], [79.6567258030303, 21.590672909090912], [79.66982940909091, 21.590672909090912]]]}, "properties": {"confidence_score": 0.0609, "site_id": "bhandara"}}, {"type": "Feature", "geometry": {"type": "Polygon", "coordinates": [[[79.68293301515152, 21.590672909090912], [79.68293301515152, 21.597371272727273], [79.66982940909091, 21.597371272727273], [79.66982940909091, 21.590672909090912], [79.68293301515152, 21.590672909090912]]]}, "properties": {"confidence_score": 0.0691, "site_id": "bhandara"}}, {"type": "Feature", "geometry": {"type": "Polygon", "coordinates": [[[79.69603662121212, 21.590672909090912], [79.69603662121212, 21.597371272727273], [79.6829330151515, 21.597371272727273], [79.6829330151515, 21.590672909090912], [79.69603662121212, 21.590672909090912]]]}, "properties": {"confidence_score": 0.0648, "site_id": "bhandara"}}, {"type": "Feature", "geometry": {"type": "Polygon", "coordinates": [[[79.70914022727273, 21.590672909090912], [79.70914022727273, 21.597371272727273], [79.69603662121212, 21.597371272727273], [79.69603662121212, 21.590672909090912], [79.70914022727273, 21.590672909090912]]]}, "properties": {"confidence_score": 0.0866, "site_id": "bhandara"}}, {"type": "Feature", "geometry": {"type": "Polygon", "coordinates": [[[79.72224383333334, 21.590672909090912], [79.72224383333334, 21.597371272727273], [79.70914022727273, 21.597371272727273], [79.70914022727273, 21.590672909090912], [79.72224383333334, 21.590672909090912]]]}, "properties": {"confidence_score": 0.0953, "site_id": "bhandara"}}, {"type": "Feature", "geometry": {"type": "Polygon", "coordinates": [[[79.73534743939393, 21.590672909090912], [79.73534743939393, 21.597371272727273], [79.72224383333332, 21.597371272727273], [79.72224383333332, 21.590672909090912], [79.73534743939393, 21.590672909090912]]]}, "properties": {"confidence_score": 0.1568, "site_id": "bhandara"}}, {"type": "Feature", "geometry": {"type": "Polygon", "coordinates": [[[79.74845104545454, 21.590672909090912], [79.74845104545454, 21.597371272727273], [79.73534743939393, 21.597371272727273], [79.73534743939393, 21.590672909090912], [79.74845104545454, 21.590672909090912]]]}, "properties": {"confidence_score": 0.2134, "site_id": "bhandara"}}, {"type": "Feature", "geometry": {"type": "Polygon", "coordinates": [[[79.76155465151516, 21.590672909090912], [79.76155465151516, 21.597371272727273], [79.74845104545454, 21.597371272727273], [79.74845104545454, 21.590672909090912], [79.76155465151516, 21.590672909090912]]]}, "properties": {"confidence_score": 0.4024, "site_id": "bhandara"}}, {"type": "Feature", "geometry": {"type": "Polygon", "coordinates": [[[79.77465825757575, 21.590672909090912], [79.77465825757575, 21.597371272727273], [79.76155465151514, 21.597371272727273], [79.76155465151514, 21.590672909090912], [79.77465825757575, 21.590672909090912]]]}, "properties": {"confidence_score": 0.7206, "site_id": "bhandara"}}, {"type": "Feature", "geometry": {"type": "Polygon", "coordinates": [[[79.78776186363636, 21.590672909090912], [79.78776186363636, 21.597371272727273], [79.77465825757575, 21.597371272727273], [79.77465825757575, 21.590672909090912], [79.78776186363636, 21.590672909090912]]]}, "properties": {"confidence_score": 0.6658, "site_id": "bhandara"}}, {"type": "Feature", "geometry": {"type": "Polygon", "coordinates": [[[79.80086546969697, 21.590672909090912], [79.80086546969697, 21.597371272727273], [79.78776186363636, 21.597371272727273], [79.78776186363636, 21.590672909090912], [79.80086546969697, 21.590672909090912]]]}, "properties": {"confidence_score": 0.3283, "site_id": "bhandara"}}, {"type": "Feature", "geometry": {"type": "Polygon", "coordinates": [[[80.19397365151515, 21.805020545454546], [80.19397365151515, 21.811718909090906], [80.18087004545454, 21.811718909090906], [80.18087004545454, 21.805020545454546], [80.19397365151515, 21.805020545454546]]]}, "properties": {"confidence_score": 0.049, "site_id": "balaghat"}}, {"type": "Feature", "geometry": {"type": "Polygon", "coordinates": [[[80.20707725757576, 21.805020545454546], [80.20707725757576, 21.811718909090906], [80.19397365151515, 21.811718909090906], [80.19397365151515, 21.805020545454546], [80.20707725757576, 21.805020545454546]]]}, "properties": {"confidence_score": 0.0453, "site_id": "balaghat"}}, {"type": "Feature", "geometry": {"type": "Polygon", "coordinates": [[[80.22018086363636, 21.805020545454546], [80.22018086363636, 21.811718909090906], [80.20707725757575, 21.811718909090906], [80.20707725757575, 21.805020545454546], [80.22018086363636, 21.805020545454546]]]}, "properties": {"confidence_score": 0.0437, "site_id": "balaghat"}}, {"type": "Feature", "geometry": {"type": "Polygon", "coordinates": [[[80.23328446969697, 21.805020545454546], [80.23328446969697, 21.811718909090906], [80.22018086363636, 21.811718909090906], [80.22018086363636, 21.805020545454546], [80.23328446969697, 21.805020545454546]]]}, "properties": {"confidence_score": 0.0436, "site_id": "balaghat"}}, {"type": "Feature", "geometry": {"type": "Polygon", "coordinates": [[[80.24638807575758, 21.805020545454546], [80.24638807575758, 21.811718909090906], [80.23328446969697, 21.811718909090906], [80.23328446969697, 21.805020545454546], [80.24638807575758, 21.805020545454546]]]}, "properties": {"confidence_score": 0.0408, "site_id": "balaghat"}}, {"type": "Feature", "geometry": {"type": "Polygon", "coordinates": [[[80.25949168181818, 21.805020545454546], [80.25949168181818, 21.811718909090906], [80.24638807575757, 21.811718909090906], [80.24638807575757, 21.805020545454546], [80.25949168181818, 21.805020545454546]]]}, "properties": {"confidence_score": 0.0452, "site_id": "balaghat"}}, {"type": "Feature", "geometry": {"type": "Polygon", "coordinates": [[[80.27259528787879, 21.805020545454546], [80.27259528787879, 21.811718909090906], [80.25949168181818, 21.811718909090906], [80.25949168181818, 21.805020545454546], [80.27259528787879, 21.805020545454546]]]}, "properties": {"confidence_score": 0.051, "site_id": "balaghat"}}, {"type": "Feature", "geometry": {"type": "Polygon", "coordinates": [[[80.2856988939394, 21.805020545454546], [80.2856988939394, 21.811718909090906], [80.27259528787879, 21.811718909090906], [80.27259528787879, 21.805020545454546], [80.2856988939394, 21.805020545454546]]]}, "properties": {"confidence_score": 0.0387, "site_id": "balaghat"}}, {"type": "Feature", "geometry": {"type": "Polygon", "coordinates": [[[80.2988025, 21.805020545454546], [80.2988025, 21.811718909090906], [80.28569889393938, 21.811718909090906], [80.28569889393938, 21.805020545454546], [80.2988025, 21.805020545454546]]]}, "properties": {"confidence_score": 0.0206, "site_id": "balaghat"}}, {"type": "Feature", "geometry": {"type": "Polygon", "coordinates": [[[80.3119061060606, 21.805020545454546], [80.3119061060606, 21.811718909090906], [80.2988025, 21.811718909090906], [80.2988025, 21.805020545454546], [80.3119061060606, 21.805020545454546]]]}, "properties": {"confidence_score": 0.124, "site_id": "balaghat"}}, {"type": "Feature", "geometry": {"type": "Polygon", "coordinates": [[[80.32500971212121, 21.805020545454546], [80.32500971212121, 21.811718909090906], [80.3119061060606, 21.811718909090906], [80.3119061060606, 21.805020545454546], [80.32500971212121, 21.805020545454546]]]}, "properties": {"confidence_score": 0.4814, "site_id": "balaghat"}}, {"type": "Feature", "geometry": {"type": "Polygon", "coordinates": [[[80.33811331818183, 21.805020545454546], [80.33811331818183, 21.811718909090906], [80.32500971212121, 21.811718909090906], [80.32500971212121, 21.805020545454546], [80.33811331818183, 21.805020545454546]]]}, "properties": {"confidence_score": 0.7393, "site_id": "balaghat"}}, {"type": "Feature", "geometry": {"type": "Polygon", "coordinates": [[[80.35121692424242, 21.805020545454546], [80.35121692424242, 21.811718909090906], [80.33811331818181, 21.811718909090906], [80.33811331818181, 21.805020545454546], [80.35121692424242, 21.805020545454546]]]}, "properties": {"confidence_score": 0.6114, "site_id": "balaghat"}}, {"type": "Feature", "geometry": {"type": "Polygon", "coordinates": [[[80.36432053030303, 21.805020545454546], [80.36432053030303, 21.811718909090906], [80.35121692424242, 21.811718909090906], [80.35121692424242, 21.805020545454546], [80.36432053030303, 21.805020545454546]]]}, "properties": {"confidence_score": 0.4879, "site_id": "balaghat"}}, {"type": "Feature", "geometry": {"type": "Polygon", "coordinates": [[[80.37742413636364, 21.805020545454546], [80.37742413636364, 21.811718909090906], [80.36432053030303, 21.811718909090906], [80.36432053030303, 21.805020545454546], [80.37742413636364, 21.805020545454546]]]}, "properties": {"confidence_score": 0.1647, "site_id": "balaghat"}}, {"type": "Feature", "geometry": {"type": "Polygon", "coordinates": [[[80.39052774242424, 21.805020545454546], [80.39052774242424, 21.811718909090906], [80.37742413636363, 21.811718909090906], [80.37742413636363, 21.805020545454546], [80.39052774242424, 21.805020545454546]]]}, "properties": {"confidence_score": 0.0068, "site_id": "balaghat"}}, {"type": "Feature", "geometry": {"type": "Polygon", "coordinates": [[[80.40363134848485, 21.805020545454546], [80.40363134848485, 21.811718909090906], [80.39052774242424, 21.811718909090906], [80.39052774242424, 21.805020545454546], [80.40363134848485, 21.805020545454546]]]}, "properties": {"confidence_score": 0.0, "site_id": "balaghat"}}, {"type": "Feature", "geometry": {"type": "Polygon", "coordinates": [[[80.41673495454546, 21.805020545454546], [80.41673495454546, 21.811718909090906], [80.40363134848485, 21.811718909090906], [80.40363134848485, 21.805020545454546], [80.41673495454546, 21.805020545454546]]]}, "properties": {"confidence_score": 0.0006, "site_id": "balaghat"}}, {"type": "Feature", "geometry": {"type": "Polygon", "coordinates": [[[80.42983856060606, 21.805020545454546], [80.42983856060606, 21.811718909090906], [80.41673495454545, 21.811718909090906], [80.41673495454545, 21.805020545454546], [80.42983856060606, 21.805020545454546]]]}, "properties": {"confidence_score": 0.0065, "site_id": "balaghat"}}, {"type": "Feature", "geometry": {"type": "Polygon", "coordinates": [[[80.44294216666667, 21.805020545454546], [80.44294216666667, 21.811718909090906], [80.42983856060606, 21.811718909090906], [80.42983856060606, 21.805020545454546], [80.44294216666667, 21.805020545454546]]]}, "properties": {"confidence_score": 0.0081, "site_id": "balaghat"}}, {"type": "Feature", "geometry": {"type": "Polygon", "coordinates": [[[80.45604577272728, 21.805020545454546], [80.45604577272728, 21.811718909090906], [80.44294216666667, 21.811718909090906], [80.44294216666667, 21.805020545454546], [80.45604577272728, 21.805020545454546]]]}, "properties": {"confidence_score": 0.031, "site_id": "balaghat"}}, {"type": "Feature", "geometry": {"type": "Polygon", "coordinates": [[[80.46914937878788, 21.805020545454546], [80.46914937878788, 21.811718909090906], [80.45604577272726, 21.811718909090906], [80.45604577272726, 21.805020545454546], [80.46914937878788, 21.805020545454546]]]}, "properties": {"confidence_score": 0.0465, "site_id": "balaghat"}}, {"type": "Feature", "geometry": {"type": "Polygon", "coordinates": [[[80.48225298484849, 21.805020545454546], [80.48225298484849, 21.811718909090906], [80.46914937878788, 21.811718909090906], [80.46914937878788, 21.805020545454546], [80.48225298484849, 21.805020545454546]]]}, "properties": {"confidence_score": 0.0508, "site_id": "balaghat"}}, {"type": "Feature", "geometry": {"type": "Polygon", "coordinates": [[[80.4953565909091, 21.805020545454546], [80.4953565909091, 21.811718909090906], [80.48225298484849, 21.811718909090906], [80.48225298484849, 21.805020545454546], [80.4953565909091, 21.805020545454546]]]}, "properties": {"confidence_score": 0.0506, "site_id": "balaghat"}}, {"type": "Feature", "geometry": {"type": "Polygon", "coordinates": [[[80.5084601969697, 21.805020545454546], [80.5084601969697, 21.811718909090906], [80.49535659090908, 21.811718909090906], [80.49535659090908, 21.805020545454546], [80.5084601969697, 21.805020545454546]]]}, "properties": {"confidence_score": 0.0502, "site_id": "balaghat"}}, {"type": "Feature", "geometry": {"type": "Polygon", "coordinates": [[[80.5215638030303, 21.805020545454546], [80.5215638030303, 21.811718909090906], [80.5084601969697, 21.811718909090906], [80.5084601969697, 21.805020545454546], [80.5215638030303, 21.805020545454546]]]}, "properties": {"confidence_score": 0.0516, "site_id": "balaghat"}}, {"type": "Feature", "geometry": {"type": "Polygon", "coordinates": [[[80.19397365151515, 21.81171890909091], [80.19397365151515, 21.81841727272727], [80.18087004545454, 21.81841727272727], [80.18087004545454, 21.81171890909091], [80.19397365151515, 21.81171890909091]]]}, "properties": {"confidence_score": 0.0637, "site_id": "balaghat"}}, {"type": "Feature", "geometry": {"type": "Polygon", "coordinates": [[[80.20707725757576, 21.81171890909091], [80.20707725757576, 21.81841727272727], [80.19397365151515, 21.81841727272727], [80.19397365151515, 21.81171890909091], [80.20707725757576, 21.81171890909091]]]}, "properties": {"confidence_score": 0.0487, "site_id": "balaghat"}}, {"type": "Feature", "geometry": {"type": "Polygon", "coordinates": [[[80.22018086363636, 21.81171890909091], [80.22018086363636, 21.81841727272727], [80.20707725757575, 21.81841727272727], [80.20707725757575, 21.81171890909091], [80.22018086363636, 21.81171890909091]]]}, "properties": {"confidence_score": 0.049, "site_id": "balaghat"}}, {"type": "Feature", "geometry": {"type": "Polygon", "coordinates": [[[80.23328446969697, 21.81171890909091], [80.23328446969697, 21.81841727272727], [80.22018086363636, 21.81841727272727], [80.22018086363636, 21.81171890909091], [80.23328446969697, 21.81171890909091]]]}, "properties": {"confidence_score": 0.0484, "site_id": "balaghat"}}, {"type": "Feature", "geometry": {"type": "Polygon", "coordinates": [[[80.24638807575758, 21.81171890909091], [80.24638807575758, 21.81841727272727], [80.23328446969697, 21.81841727272727], [80.23328446969697, 21.81171890909091], [80.24638807575758, 21.81171890909091]]]}, "properties": {"confidence_score": 0.0449, "site_id": "balaghat"}}, {"type": "Feature", "geometry": {"type": "Polygon", "coordinates": [[[80.25949168181818, 21.81171890909091], [80.25949168181818, 21.81841727272727], [80.24638807575757, 21.81841727272727], [80.24638807575757, 21.81171890909091], [80.25949168181818, 21.81171890909091]]]}, "properties": {"confidence_score": 0.0528, "site_id": "balaghat"}}, {"type": "Feature", "geometry": {"type": "Polygon", "coordinates": [[[80.27259528787879, 21.81171890909091], [80.27259528787879, 21.81841727272727], [80.25949168181818, 21.81841727272727], [80.25949168181818, 21.81171890909091], [80.27259528787879, 21.81171890909091]]]}, "properties": {"confidence_score": 0.0701, "site_id": "balaghat"}}, {"type": "Feature", "geometry": {"type": "Polygon", "coordinates": [[[80.2856988939394, 21.81171890909091], [80.2856988939394, 21.81841727272727], [80.27259528787879, 21.81841727272727], [80.27259528787879, 21.81171890909091], [80.2856988939394, 21.81171890909091]]]}, "properties": {"confidence_score": 0.0441, "site_id": "balaghat"}}, {"type": "Feature", "geometry": {"type": "Polygon", "coordinates": [[[80.2988025, 21.81171890909091], [80.2988025, 21.81841727272727], [80.28569889393938, 21.81841727272727], [80.28569889393938, 21.81171890909091], [80.2988025, 21.81171890909091]]]}, "properties": {"confidence_score": 0.0237, "site_id": "balaghat"}}, {"type": "Feature", "geometry": {"type": "Polygon", "coordinates": [[[80.3119061060606, 21.81171890909091], [80.3119061060606, 21.81841727272727], [80.2988025, 21.81841727272727], [80.2988025, 21.81171890909091], [80.3119061060606, 21.81171890909091]]]}, "properties": {"confidence_score": 0.1024, "site_id": "balaghat"}}, {"type": "Feature", "geometry": {"type": "Polygon", "coordinates": [[[80.32500971212121, 21.81171890909091], [80.32500971212121, 21.81841727272727], [80.3119061060606, 21.81841727272727], [80.3119061060606, 21.81171890909091], [80.32500971212121, 21.81171890909091]]]}, "properties": {"confidence_score": 0.444, "site_id": "balaghat"}}, {"type": "Feature", "geometry": {"type": "Polygon", "coordinates": [[[80.33811331818183, 21.81171890909091], [80.33811331818183, 21.81841727272727], [80.32500971212121, 21.81841727272727], [80.32500971212121, 21.81171890909091], [80.33811331818183, 21.81171890909091]]]}, "properties": {"confidence_score": 0.7138, "site_id": "balaghat"}}, {"type": "Feature", "geometry": {"type": "Polygon", "coordinates": [[[80.35121692424242, 21.81171890909091], [80.35121692424242, 21.81841727272727], [80.33811331818181, 21.81841727272727], [80.33811331818181, 21.81171890909091], [80.35121692424242, 21.81171890909091]]]}, "properties": {"confidence_score": 0.5991, "site_id": "balaghat"}}, {"type": "Feature", "geometry": {"type": "Polygon", "coordinates": [[[80.36432053030303, 21.81171890909091], [80.36432053030303, 21.81841727272727], [80.35121692424242, 21.81841727272727], [80.35121692424242, 21.81171890909091], [80.36432053030303, 21.81171890909091]]]}, "properties": {"confidence_score": 0.5743, "site_id": "balaghat"}}, {"type": "Feature", "geometry": {"type": "Polygon", "coordinates": [[[80.37742413636364, 21.81171890909091], [80.37742413636364, 21.81841727272727], [80.36432053030303, 21.81841727272727], [80.36432053030303, 21.81171890909091], [80.37742413636364, 21.81171890909091]]]}, "properties": {"confidence_score": 0.1714, "site_id": "balaghat"}}, {"type": "Feature", "geometry": {"type": "Polygon", "coordinates": [[[80.39052774242424, 21.81171890909091], [80.39052774242424, 21.81841727272727], [80.37742413636363, 21.81841727272727], [80.37742413636363, 21.81171890909091], [80.39052774242424, 21.81171890909091]]]}, "properties": {"confidence_score": 0.0011, "site_id": "balaghat"}}, {"type": "Feature", "geometry": {"type": "Polygon", "coordinates": [[[80.40363134848485, 21.81171890909091], [80.40363134848485, 21.81841727272727], [80.39052774242424, 21.81841727272727], [80.39052774242424, 21.81171890909091], [80.40363134848485, 21.81171890909091]]]}, "properties": {"confidence_score": 0.0, "site_id": "balaghat"}}, {"type": "Feature", "geometry": {"type": "Polygon", "coordinates": [[[80.41673495454546, 21.81171890909091], [80.41673495454546, 21.81841727272727], [80.40363134848485, 21.81841727272727], [80.40363134848485, 21.81171890909091], [80.41673495454546, 21.81171890909091]]]}, "properties": {"confidence_score": 0.0014, "site_id": "balaghat"}}, {"type": "Feature", "geometry": {"type": "Polygon", "coordinates": [[[80.42983856060606, 21.81171890909091], [80.42983856060606, 21.81841727272727], [80.41673495454545, 21.81841727272727], [80.41673495454545, 21.81171890909091], [80.42983856060606, 21.81171890909091]]]}, "properties": {"confidence_score": 0.0117, "site_id": "balaghat"}}, {"type": "Feature", "geometry": {"type": "Polygon", "coordinates": [[[80.44294216666667, 21.81171890909091], [80.44294216666667, 21.81841727272727], [80.42983856060606, 21.81841727272727], [80.42983856060606, 21.81171890909091], [80.44294216666667, 21.81171890909091]]]}, "properties": {"confidence_score": 0.0138, "site_id": "balaghat"}}, {"type": "Feature", "geometry": {"type": "Polygon", "coordinates": [[[80.45604577272728, 21.81171890909091], [80.45604577272728, 21.81841727272727], [80.44294216666667, 21.81841727272727], [80.44294216666667, 21.81171890909091], [80.45604577272728, 21.81171890909091]]]}, "properties": {"confidence_score": 0.0368, "site_id": "balaghat"}}, {"type": "Feature", "geometry": {"type": "Polygon", "coordinates": [[[80.46914937878788, 21.81171890909091], [80.46914937878788, 21.81841727272727], [80.45604577272726, 21.81841727272727], [80.45604577272726, 21.81171890909091], [80.46914937878788, 21.81171890909091]]]}, "properties": {"confidence_score": 0.0502, "site_id": "balaghat"}}, {"type": "Feature", "geometry": {"type": "Polygon", "coordinates": [[[80.48225298484849, 21.81171890909091], [80.48225298484849, 21.81841727272727], [80.46914937878788, 21.81841727272727], [80.46914937878788, 21.81171890909091], [80.48225298484849, 21.81171890909091]]]}, "properties": {"confidence_score": 0.0513, "site_id": "balaghat"}}, {"type": "Feature", "geometry": {"type": "Polygon", "coordinates": [[[80.4953565909091, 21.81171890909091], [80.4953565909091, 21.81841727272727], [80.48225298484849, 21.81841727272727], [80.48225298484849, 21.81171890909091], [80.4953565909091, 21.81171890909091]]]}, "properties": {"confidence_score": 0.0496, "site_id": "balaghat"}}, {"type": "Feature", "geometry": {"type": "Polygon", "coordinates": [[[80.5084601969697, 21.81171890909091], [80.5084601969697, 21.81841727272727], [80.49535659090908, 21.81841727272727], [80.49535659090908, 21.81171890909091], [80.5084601969697, 21.81171890909091]]]}, "properties": {"confidence_score": 0.0494, "site_id": "balaghat"}}, {"type": "Feature", "geometry": {"type": "Polygon", "coordinates": [[[80.5215638030303, 21.81171890909091], [80.5215638030303, 21.81841727272727], [80.5084601969697, 21.81841727272727], [80.5084601969697, 21.81171890909091], [80.5215638030303, 21.81171890909091]]]}, "properties": {"confidence_score": 0.0502, "site_id": "balaghat"}}, {"type": "Feature", "geometry": {"type": "Polygon", "coordinates": [[[80.19397365151515, 21.818417272727274], [80.19397365151515, 21.825115636363634], [80.18087004545454, 21.825115636363634], [80.18087004545454, 21.818417272727274], [80.19397365151515, 21.818417272727274]]]}, "properties": {"confidence_score": 0.1151, "site_id": "balaghat"}}, {"type": "Feature", "geometry": {"type": "Polygon", "coordinates": [[[80.20707725757576, 21.818417272727274], [80.20707725757576, 21.825115636363634], [80.19397365151515, 21.825115636363634], [80.19397365151515, 21.818417272727274], [80.20707725757576, 21.818417272727274]]]}, "properties": {"confidence_score": 0.0552, "site_id": "balaghat"}}, {"type": "Feature", "geometry": {"type": "Polygon", "coordinates": [[[80.22018086363636, 21.818417272727274], [80.22018086363636, 21.825115636363634], [80.20707725757575, 21.825115636363634], [80.20707725757575, 21.818417272727274], [80.22018086363636, 21.818417272727274]]]}, "properties": {"confidence_score": 0.0688, "site_id": "balaghat"}}, {"type": "Feature", "geometry": {"type": "Polygon", "coordinates": [[[80.23328446969697, 21.818417272727274], [80.23328446969697, 21.825115636363634], [80.22018086363636, 21.825115636363634], [80.22018086363636, 21.818417272727274], [80.23328446969697, 21.818417272727274]]]}, "properties": {"confidence_score": 0.0544, "site_id": "balaghat"}}, {"type": "Feature", "geometry": {"type": "Polygon", "coordinates": [[[80.24638807575758, 21.818417272727274], [80.24638807575758, 21.825115636363634], [80.23328446969697, 21.825115636363634], [80.23328446969697, 21.818417272727274], [80.24638807575758, 21.818417272727274]]]}, "properties": {"confidence_score": 0.0702, "site_id": "balaghat"}}, {"type": "Feature", "geometry": {"type": "Polygon", "coordinates": [[[80.25949168181818, 21.818417272727274], [80.25949168181818, 21.825115636363634], [80.24638807575757, 21.825115636363634], [80.24638807575757, 21.818417272727274], [80.25949168181818, 21.818417272727274]]]}, "properties": {"confidence_score": 0.0705, "site_id": "balaghat"}}, {"type": "Feature", "geometry": {"type": "Polygon", "coordinates": [[[80.27259528787879, 21.818417272727274], [80.27259528787879, 21.825115636363634], [80.25949168181818, 21.825115636363634], [80.25949168181818, 21.818417272727274], [80.27259528787879, 21.818417272727274]]]}, "properties": {"confidence_score": 0.1341, "site_id": "balaghat"}}, {"type": "Feature", "geometry": {"type": "Polygon", "coordinates": [[[80.2856988939394, 21.818417272727274], [80.2856988939394, 21.825115636363634], [80.27259528787879, 21.825115636363634], [80.27259528787879, 21.818417272727274], [80.2856988939394, 21.818417272727274]]]}, "properties": {"confidence_score": 0.05, "site_id": "balaghat"}}, {"type": "Feature", "geometry": {"type": "Polygon", "coordinates": [[[80.2988025, 21.818417272727274], [80.2988025, 21.825115636363634], [80.28569889393938, 21.825115636363634], [80.28569889393938, 21.818417272727274], [80.2988025, 21.818417272727274]]]}, "properties": {"confidence_score": 0.0439, "site_id": "balaghat"}}, {"type": "Feature", "geometry": {"type": "Polygon", "coordinates": [[[80.3119061060606, 21.818417272727274], [80.3119061060606, 21.825115636363634], [80.2988025, 21.825115636363634], [80.2988025, 21.818417272727274], [80.3119061060606, 21.818417272727274]]]}, "properties": {"confidence_score": 0.0766, "site_id": "balaghat"}}, {"type": "Feature", "geometry": {"type": "Polygon", "coordinates": [[[80.32500971212121, 21.818417272727274], [80.32500971212121, 21.825115636363634], [80.3119061060606, 21.825115636363634], [80.3119061060606, 21.818417272727274], [80.32500971212121, 21.818417272727274]]]}, "properties": {"confidence_score": 0.3838, "site_id": "balaghat"}}, {"type": "Feature", "geometry": {"type": "Polygon", "coordinates": [[[80.33811331818183, 21.818417272727274], [80.33811331818183, 21.825115636363634], [80.32500971212121, 21.825115636363634], [80.32500971212121, 21.818417272727274], [80.33811331818183, 21.818417272727274]]]}, "properties": {"confidence_score": 0.6452, "site_id": "balaghat"}}, {"type": "Feature", "geometry": {"type": "Polygon", "coordinates": [[[80.35121692424242, 21.818417272727274], [80.35121692424242, 21.825115636363634], [80.33811331818181, 21.825115636363634], [80.33811331818181, 21.818417272727274], [80.35121692424242, 21.818417272727274]]]}, "properties": {"confidence_score": 0.4616, "site_id": "balaghat"}}, {"type": "Feature", "geometry": {"type": "Polygon", "coordinates": [[[80.36432053030303, 21.818417272727274], [80.36432053030303, 21.825115636363634], [80.35121692424242, 21.825115636363634], [80.35121692424242, 21.818417272727274], [80.36432053030303, 21.818417272727274]]]}, "properties": {"confidence_score": 0.2552, "site_id": "balaghat"}}, {"type": "Feature", "geometry": {"type": "Polygon", "coordinates": [[[80.37742413636364, 21.818417272727274], [80.37742413636364, 21.825115636363634], [80.36432053030303, 21.825115636363634], [80.36432053030303, 21.818417272727274], [80.37742413636364, 21.818417272727274]]]}, "properties": {"confidence_score": 0.1107, "site_id": "balaghat"}}, {"type": "Feature", "geometry": {"type": "Polygon", "coordinates": [[[80.39052774242424, 21.818417272727274], [80.39052774242424, 21.825115636363634], [80.37742413636363, 21.825115636363634], [80.37742413636363, 21.818417272727274], [80.39052774242424, 21.818417272727274]]]}, "properties": {"confidence_score": 0.0051, "site_id": "balaghat"}}, {"type": "Feature", "geometry": {"type": "Polygon", "coordinates": [[[80.40363134848485, 21.818417272727274], [80.40363134848485, 21.825115636363634], [80.39052774242424, 21.825115636363634], [80.39052774242424, 21.818417272727274], [80.40363134848485, 21.818417272727274]]]}, "properties": {"confidence_score": 0.0, "site_id": "balaghat"}}, {"type": "Feature", "geometry": {"type": "Polygon", "coordinates": [[[80.41673495454546, 21.818417272727274], [80.41673495454546, 21.825115636363634], [80.40363134848485, 21.825115636363634], [80.40363134848485, 21.818417272727274], [80.41673495454546, 21.818417272727274]]]}, "properties": {"confidence_score": 0.0022, "site_id": "balaghat"}}, {"type": "Feature", "geometry": {"type": "Polygon", "coordinates": [[[80.42983856060606, 21.818417272727274], [80.42983856060606, 21.825115636363634], [80.41673495454545, 21.825115636363634], [80.41673495454545, 21.818417272727274], [80.42983856060606, 21.818417272727274]]]}, "properties": {"confidence_score": 0.0198, "site_id": "balaghat"}}, {"type": "Feature", "geometry": {"type": "Polygon", "coordinates": [[[80.44294216666667, 21.818417272727274], [80.44294216666667, 21.825115636363634], [80.42983856060606, 21.825115636363634], [80.42983856060606, 21.818417272727274], [80.44294216666667, 21.818417272727274]]]}, "properties": {"confidence_score": 0.0355, "site_id": "balaghat"}}, {"type": "Feature", "geometry": {"type": "Polygon", "coordinates": [[[80.45604577272728, 21.818417272727274], [80.45604577272728, 21.825115636363634], [80.44294216666667, 21.825115636363634], [80.44294216666667, 21.818417272727274], [80.45604577272728, 21.818417272727274]]]}, "properties": {"confidence_score": 0.0438, "site_id": "balaghat"}}, {"type": "Feature", "geometry": {"type": "Polygon", "coordinates": [[[80.46914937878788, 21.818417272727274], [80.46914937878788, 21.825115636363634], [80.45604577272726, 21.825115636363634], [80.45604577272726, 21.818417272727274], [80.46914937878788, 21.818417272727274]]]}, "properties": {"confidence_score": 0.0504, "site_id": "balaghat"}}, {"type": "Feature", "geometry": {"type": "Polygon", "coordinates": [[[80.48225298484849, 21.818417272727274], [80.48225298484849, 21.825115636363634], [80.46914937878788, 21.825115636363634], [80.46914937878788, 21.818417272727274], [80.48225298484849, 21.818417272727274]]]}, "properties": {"confidence_score": 0.051, "site_id": "balaghat"}}, {"type": "Feature", "geometry": {"type": "Polygon", "coordinates": [[[80.4953565909091, 21.818417272727274], [80.4953565909091, 21.825115636363634], [80.48225298484849, 21.825115636363634], [80.48225298484849, 21.818417272727274], [80.4953565909091, 21.818417272727274]]]}, "properties": {"confidence_score": 0.0476, "site_id": "balaghat"}}, {"type": "Feature", "geometry": {"type": "Polygon", "coordinates": [[[80.5084601969697, 21.818417272727274], [80.5084601969697, 21.825115636363634], [80.49535659090908, 21.825115636363634], [80.49535659090908, 21.818417272727274], [80.5084601969697, 21.818417272727274]]]}, "properties": {"confidence_score": 0.0489, "site_id": "balaghat"}}, {"type": "Feature", "geometry": {"type": "Polygon", "coordinates": [[[80.5215638030303, 21.818417272727274], [80.5215638030303, 21.825115636363634], [80.5084601969697, 21.825115636363634], [80.5084601969697, 21.818417272727274], [80.5215638030303, 21.818417272727274]]]}, "properties": {"confidence_score": 0.0485, "site_id": "balaghat"}}, {"type": "Feature", "geometry": {"type": "Polygon", "coordinates": [[[80.19397365151515, 21.825115636363638], [80.19397365151515, 21.831813999999998], [80.18087004545454, 21.831813999999998], [80.18087004545454, 21.825115636363638], [80.19397365151515, 21.825115636363638]]]}, "properties": {"confidence_score": 0.2618, "site_id": "balaghat"}}, {"type": "Feature", "geometry": {"type": "Polygon", "coordinates": [[[80.20707725757576, 21.825115636363638], [80.20707725757576, 21.831813999999998], [80.19397365151515, 21.831813999999998], [80.19397365151515, 21.825115636363638], [80.20707725757576, 21.825115636363638]]]}, "properties": {"confidence_score": 0.1637, "site_id": "balaghat"}}, {"type": "Feature", "geometry": {"type": "Polygon", "coordinates": [[[80.22018086363636, 21.825115636363638], [80.22018086363636, 21.831813999999998], [80.20707725757575, 21.831813999999998], [80.20707725757575, 21.825115636363638], [80.22018086363636, 21.825115636363638]]]}, "properties": {"confidence_score": 0.1196, "site_id": "balaghat"}}, {"type": "Feature", "geometry": {"type": "Polygon", "coordinates": [[[80.23328446969697, 21.825115636363638], [80.23328446969697, 21.831813999999998], [80.22018086363636, 21.831813999999998], [80.22018086363636, 21.825115636363638], [80.23328446969697, 21.825115636363638]]]}, "properties": {"confidence_score": 0.0728, "site_id": "balaghat"}}, {"type": "Feature", "geometry": {"type": "Polygon", "coordinates": [[[80.24638807575758, 21.825115636363638], [80.24638807575758, 21.831813999999998], [80.23328446969697, 21.831813999999998], [80.23328446969697, 21.825115636363638], [80.24638807575758, 21.825115636363638]]]}, "properties": {"confidence_score": 0.1582, "site_id": "balaghat"}}, {"type": "Feature", "geometry": {"type": "Polygon", "coordinates": [[[80.25949168181818, 21.825115636363638], [80.25949168181818, 21.831813999999998], [80.24638807575757, 21.831813999999998], [80.24638807575757, 21.825115636363638], [80.25949168181818, 21.825115636363638]]]}, "properties": {"confidence_score": 0.2031, "site_id": "balaghat"}}, {"type": "Feature", "geometry": {"type": "Polygon", "coordinates": [[[80.27259528787879, 21.825115636363638], [80.27259528787879, 21.831813999999998], [80.25949168181818, 21.831813999999998], [80.25949168181818, 21.825115636363638], [80.27259528787879, 21.825115636363638]]]}, "properties": {"confidence_score": 0.3038, "site_id": "balaghat"}}, {"type": "Feature", "geometry": {"type": "Polygon", "coordinates": [[[80.2856988939394, 21.825115636363638], [80.2856988939394, 21.831813999999998], [80.27259528787879, 21.831813999999998], [80.27259528787879, 21.825115636363638], [80.2856988939394, 21.825115636363638]]]}, "properties": {"confidence_score": 0.1767, "site_id": "balaghat"}}, {"type": "Feature", "geometry": {"type": "Polygon", "coordinates": [[[80.2988025, 21.825115636363638], [80.2988025, 21.831813999999998], [80.28569889393938, 21.831813999999998], [80.28569889393938, 21.825115636363638], [80.2988025, 21.825115636363638]]]}, "properties": {"confidence_score": 0.1052, "site_id": "balaghat"}}, {"type": "Feature", "geometry": {"type": "Polygon", "coordinates": [[[80.3119061060606, 21.825115636363638], [80.3119061060606, 21.831813999999998], [80.2988025, 21.831813999999998], [80.2988025, 21.825115636363638], [80.3119061060606, 21.825115636363638]]]}, "properties": {"confidence_score": 0.0395, "site_id": "balaghat"}}, {"type": "Feature", "geometry": {"type": "Polygon", "coordinates": [[[80.32500971212121, 21.825115636363638], [80.32500971212121, 21.831813999999998], [80.3119061060606, 21.831813999999998], [80.3119061060606, 21.825115636363638], [80.32500971212121, 21.825115636363638]]]}, "properties": {"confidence_score": 0.2848, "site_id": "balaghat"}}, {"type": "Feature", "geometry": {"type": "Polygon", "coordinates": [[[80.33811331818183, 21.825115636363638], [80.33811331818183, 21.831813999999998], [80.32500971212121, 21.831813999999998], [80.32500971212121, 21.825115636363638], [80.33811331818183, 21.825115636363638]]]}, "properties": {"confidence_score": 0.5253, "site_id": "balaghat"}}, {"type": "Feature", "geometry": {"type": "Polygon", "coordinates": [[[80.35121692424242, 21.825115636363638], [80.35121692424242, 21.831813999999998], [80.33811331818181, 21.831813999999998], [80.33811331818181, 21.825115636363638], [80.35121692424242, 21.825115636363638]]]}, "properties": {"confidence_score": 0.2987, "site_id": "balaghat"}}, {"type": "Feature", "geometry": {"type": "Polygon", "coordinates": [[[80.36432053030303, 21.825115636363638], [80.36432053030303, 21.831813999999998], [80.35121692424242, 21.831813999999998], [80.35121692424242, 21.825115636363638], [80.36432053030303, 21.825115636363638]]]}, "properties": {"confidence_score": 0.0195, "site_id": "balaghat"}}, {"type": "Feature", "geometry": {"type": "Polygon", "coordinates": [[[80.37742413636364, 21.825115636363638], [80.37742413636364, 21.831813999999998], [80.36432053030303, 21.831813999999998], [80.36432053030303, 21.825115636363638], [80.37742413636364, 21.825115636363638]]]}, "properties": {"confidence_score": 0.0445, "site_id": "balaghat"}}, {"type": "Feature", "geometry": {"type": "Polygon", "coordinates": [[[80.39052774242424, 21.825115636363638], [80.39052774242424, 21.831813999999998], [80.37742413636363, 21.831813999999998], [80.37742413636363, 21.825115636363638], [80.39052774242424, 21.825115636363638]]]}, "properties": {"confidence_score": 0.0, "site_id": "balaghat"}}, {"type": "Feature", "geometry": {"type": "Polygon", "coordinates": [[[80.40363134848485, 21.825115636363638], [80.40363134848485, 21.831813999999998], [80.39052774242424, 21.831813999999998], [80.39052774242424, 21.825115636363638], [80.40363134848485, 21.825115636363638]]]}, "properties": {"confidence_score": 0.0, "site_id": "balaghat"}}, {"type": "Feature", "geometry": {"type": "Polygon", "coordinates": [[[80.41673495454546, 21.825115636363638], [80.41673495454546, 21.831813999999998], [80.40363134848485, 21.831813999999998], [80.40363134848485, 21.825115636363638], [80.41673495454546, 21.825115636363638]]]}, "properties": {"confidence_score": 0.0025, "site_id": "balaghat"}}, {"type": "Feature", "geometry": {"type": "Polygon", "coordinates": [[[80.42983856060606, 21.825115636363638], [80.42983856060606, 21.831813999999998], [80.41673495454545, 21.831813999999998], [80.41673495454545, 21.825115636363638], [80.42983856060606, 21.825115636363638]]]}, "properties": {"confidence_score": 0.0265, "site_id": "balaghat"}}, {"type": "Feature", "geometry": {"type": "Polygon", "coordinates": [[[80.44294216666667, 21.825115636363638], [80.44294216666667, 21.831813999999998], [80.42983856060606, 21.831813999999998], [80.42983856060606, 21.825115636363638], [80.44294216666667, 21.825115636363638]]]}, "properties": {"confidence_score": 0.0499, "site_id": "balaghat"}}, {"type": "Feature", "geometry": {"type": "Polygon", "coordinates": [[[80.45604577272728, 21.825115636363638], [80.45604577272728, 21.831813999999998], [80.44294216666667, 21.831813999999998], [80.44294216666667, 21.825115636363638], [80.45604577272728, 21.825115636363638]]]}, "properties": {"confidence_score": 0.0483, "site_id": "balaghat"}}, {"type": "Feature", "geometry": {"type": "Polygon", "coordinates": [[[80.46914937878788, 21.825115636363638], [80.46914937878788, 21.831813999999998], [80.45604577272726, 21.831813999999998], [80.45604577272726, 21.825115636363638], [80.46914937878788, 21.825115636363638]]]}, "properties": {"confidence_score": 0.0494, "site_id": "balaghat"}}, {"type": "Feature", "geometry": {"type": "Polygon", "coordinates": [[[80.48225298484849, 21.825115636363638], [80.48225298484849, 21.831813999999998], [80.46914937878788, 21.831813999999998], [80.46914937878788, 21.825115636363638], [80.48225298484849, 21.825115636363638]]]}, "properties": {"confidence_score": 0.0507, "site_id": "balaghat"}}, {"type": "Feature", "geometry": {"type": "Polygon", "coordinates": [[[80.4953565909091, 21.825115636363638], [80.4953565909091, 21.831813999999998], [80.48225298484849, 21.831813999999998], [80.48225298484849, 21.825115636363638], [80.4953565909091, 21.825115636363638]]]}, "properties": {"confidence_score": 0.0475, "site_id": "balaghat"}}, {"type": "Feature", "geometry": {"type": "Polygon", "coordinates": [[[80.5084601969697, 21.825115636363638], [80.5084601969697, 21.831813999999998], [80.49535659090908, 21.831813999999998], [80.49535659090908, 21.825115636363638], [80.5084601969697, 21.825115636363638]]]}, "properties": {"confidence_score": 0.0508, "site_id": "balaghat"}}, {"type": "Feature", "geometry": {"type": "Polygon", "coordinates": [[[80.5215638030303, 21.825115636363638], [80.5215638030303, 21.831813999999998], [80.5084601969697, 21.831813999999998], [80.5084601969697, 21.825115636363638], [80.5215638030303, 21.825115636363638]]]}, "properties": {"confidence_score": 0.0481, "site_id": "balaghat"}}, {"type": "Feature", "geometry": {"type": "Polygon", "coordinates": [[[80.19397365151515, 21.831814], [80.19397365151515, 21.83851236363636], [80.18087004545454, 21.83851236363636], [80.18087004545454, 21.831814], [80.19397365151515, 21.831814]]]}, "properties": {"confidence_score": 0.5058, "site_id": "balaghat"}}, {"type": "Feature", "geometry": {"type": "Polygon", "coordinates": [[[80.20707725757576, 21.831814], [80.20707725757576, 21.83851236363636], [80.19397365151515, 21.83851236363636], [80.19397365151515, 21.831814], [80.20707725757576, 21.831814]]]}, "properties": {"confidence_score": 0.4566, "site_id": "balaghat"}}, {"type": "Feature", "geometry": {"type": "Polygon", "coordinates": [[[80.22018086363636, 21.831814], [80.22018086363636, 21.83851236363636], [80.20707725757575, 21.83851236363636], [80.20707725757575, 21.831814], [80.22018086363636, 21.831814]]]}, "properties": {"confidence_score": 0.1947, "site_id": "balaghat"}}, {"type": "Feature", "geometry": {"type": "Polygon", "coordinates": [[[80.23328446969697, 21.831814], [80.23328446969697, 21.83851236363636], [80.22018086363636, 21.83851236363636], [80.22018086363636, 21.831814], [80.23328446969697, 21.831814]]]}, "properties": {"confidence_score": 0.0928, "site_id": "balaghat"}}, {"type": "Feature", "geometry": {"type": "Polygon", "coordinates": [[[80.24638807575758, 21.831814], [80.24638807575758, 21.83851236363636], [80.23328446969697, 21.83851236363636], [80.23328446969697, 21.831814], [80.24638807575758, 21.831814]]]}, "properties": {"confidence_score": 0.3098, "site_id": "balaghat"}}, {"type": "Feature", "geometry": {"type": "Polygon", "coordinates": [[[80.25949168181818, 21.831814], [80.25949168181818, 21.83851236363636], [80.24638807575757, 21.83851236363636], [80.24638807575757, 21.831814], [80.25949168181818, 21.831814]]]}, "properties": {"confidence_score": 0.5442, "site_id": "balaghat"}}, {"type": "Feature", "geometry": {"type": "Polygon", "coordinates": [[[80.27259528787879, 21.831814], [80.27259528787879, 21.83851236363636], [80.25949168181818, 21.83851236363636], [80.25949168181818, 21.831814], [80.27259528787879, 21.831814]]]}, "properties": {"confidence_score": 0.5701, "site_id": "balaghat"}}, {"type": "Feature", "geometry": {"type": "Polygon", "coordinates": [[[80.2856988939394, 21.831814], [80.2856988939394, 21.83851236363636], [80.27259528787879, 21.83851236363636], [80.27259528787879, 21.831814], [80.2856988939394, 21.831814]]]}, "properties": {"confidence_score": 0.5352, "site_id": "balaghat"}}, {"type": "Feature", "geometry": {"type": "Polygon", "coordinates": [[[80.2988025, 21.831814], [80.2988025, 21.83851236363636], [80.28569889393938, 21.83851236363636], [80.28569889393938, 21.831814], [80.2988025, 21.831814]]]}, "properties": {"confidence_score": 0.2029, "site_id": "balaghat"}}, {"type": "Feature", "geometry": {"type": "Polygon", "coordinates": [[[80.3119061060606, 21.831814], [80.3119061060606, 21.83851236363636], [80.2988025, 21.83851236363636], [80.2988025, 21.831814], [80.3119061060606, 21.831814]]]}, "properties": {"confidence_score": 0.0352, "site_id": "balaghat"}}, {"type": "Feature", "geometry": {"type": "Polygon", "coordinates": [[[80.32500971212121, 21.831814], [80.32500971212121, 21.83851236363636], [80.3119061060606, 21.83851236363636], [80.3119061060606, 21.831814], [80.32500971212121, 21.831814]]]}, "properties": {"confidence_score": 0.1654, "site_id": "balaghat"}}, {"type": "Feature", "geometry": {"type": "Polygon", "coordinates": [[[80.33811331818183, 21.831814], [80.33811331818183, 21.83851236363636], [80.32500971212121, 21.83851236363636], [80.32500971212121, 21.831814], [80.33811331818183, 21.831814]]]}, "properties": {"confidence_score": 0.2222, "site_id": "balaghat"}}, {"type": "Feature", "geometry": {"type": "Polygon", "coordinates": [[[80.35121692424242, 21.831814], [80.35121692424242, 21.83851236363636], [80.33811331818181, 21.83851236363636], [80.33811331818181, 21.831814], [80.35121692424242, 21.831814]]]}, "properties": {"confidence_score": 0.2032, "site_id": "balaghat"}}, {"type": "Feature", "geometry": {"type": "Polygon", "coordinates": [[[80.36432053030303, 21.831814], [80.36432053030303, 21.83851236363636], [80.35121692424242, 21.83851236363636], [80.35121692424242, 21.831814], [80.36432053030303, 21.831814]]]}, "properties": {"confidence_score": 0.0051, "site_id": "balaghat"}}, {"type": "Feature", "geometry": {"type": "Polygon", "coordinates": [[[80.37742413636364, 21.831814], [80.37742413636364, 21.83851236363636], [80.36432053030303, 21.83851236363636], [80.36432053030303, 21.831814], [80.37742413636364, 21.831814]]]}, "properties": {"confidence_score": 0.0265, "site_id": "balaghat"}}, {"type": "Feature", "geometry": {"type": "Polygon", "coordinates": [[[80.39052774242424, 21.831814], [80.39052774242424, 21.83851236363636], [80.37742413636363, 21.83851236363636], [80.37742413636363, 21.831814], [80.39052774242424, 21.831814]]]}, "properties": {"confidence_score": 0.0, "site_id": "balaghat"}}, {"type": "Feature", "geometry": {"type": "Polygon", "coordinates": [[[80.40363134848485, 21.831814], [80.40363134848485, 21.83851236363636], [80.39052774242424, 21.83851236363636], [80.39052774242424, 21.831814], [80.40363134848485, 21.831814]]]}, "properties": {"confidence_score": 0.0, "site_id": "balaghat"}}, {"type": "Feature", "geometry": {"type": "Polygon", "coordinates": [[[80.41673495454546, 21.831814], [80.41673495454546, 21.83851236363636], [80.40363134848485, 21.83851236363636], [80.40363134848485, 21.831814], [80.41673495454546, 21.831814]]]}, "properties": {"confidence_score": 0.0035, "site_id": "balaghat"}}, {"type": "Feature", "geometry": {"type": "Polygon", "coordinates": [[[80.42983856060606, 21.831814], [80.42983856060606, 21.83851236363636], [80.41673495454545, 21.83851236363636], [80.41673495454545, 21.831814], [80.42983856060606, 21.831814]]]}, "properties": {"confidence_score": 0.0295, "site_id": "balaghat"}}, {"type": "Feature", "geometry": {"type": "Polygon", "coordinates": [[[80.44294216666667, 21.831814], [80.44294216666667, 21.83851236363636], [80.42983856060606, 21.83851236363636], [80.42983856060606, 21.831814], [80.44294216666667, 21.831814]]]}, "properties": {"confidence_score": 0.0498, "site_id": "balaghat"}}, {"type": "Feature", "geometry": {"type": "Polygon", "coordinates": [[[80.45604577272728, 21.831814], [80.45604577272728, 21.83851236363636], [80.44294216666667, 21.83851236363636], [80.44294216666667, 21.831814], [80.45604577272728, 21.831814]]]}, "properties": {"confidence_score": 0.0486, "site_id": "balaghat"}}, {"type": "Feature", "geometry": {"type": "Polygon", "coordinates": [[[80.46914937878788, 21.831814], [80.46914937878788, 21.83851236363636], [80.45604577272726, 21.83851236363636], [80.45604577272726, 21.831814], [80.46914937878788, 21.831814]]]}, "properties": {"confidence_score": 0.0454, "site_id": "balaghat"}}, {"type": "Feature", "geometry": {"type": "Polygon", "coordinates": [[[80.48225298484849, 21.831814], [80.48225298484849, 21.83851236363636], [80.46914937878788, 21.83851236363636], [80.46914937878788, 21.831814], [80.48225298484849, 21.831814]]]}, "properties": {"confidence_score": 0.0509, "site_id": "balaghat"}}, {"type": "Feature", "geometry": {"type": "Polygon", "coordinates": [[[80.4953565909091, 21.831814], [80.4953565909091, 21.83851236363636], [80.48225298484849, 21.83851236363636], [80.48225298484849, 21.831814], [80.4953565909091, 21.831814]]]}, "properties": {"confidence_score": 0.0549, "site_id": "balaghat"}}, {"type": "Feature", "geometry": {"type": "Polygon", "coordinates": [[[80.5084601969697, 21.831814], [80.5084601969697, 21.83851236363636], [80.49535659090908, 21.83851236363636], [80.49535659090908, 21.831814], [80.5084601969697, 21.831814]]]}, "properties": {"confidence_score": 0.0554, "site_id": "balaghat"}}, {"type": "Feature", "geometry": {"type": "Polygon", "coordinates": [[[80.5215638030303, 21.831814], [80.5215638030303, 21.83851236363636], [80.5084601969697, 21.83851236363636], [80.5084601969697, 21.831814], [80.5215638030303, 21.831814]]]}, "properties": {"confidence_score": 0.0561, "site_id": "balaghat"}}, {"type": "Feature", "geometry": {"type": "Polygon", "coordinates": [[[80.19397365151515, 21.838512363636365], [80.19397365151515, 21.845210727272725], [80.18087004545454, 21.845210727272725], [80.18087004545454, 21.838512363636365], [80.19397365151515, 21.838512363636365]]]}, "properties": {"confidence_score": 0.7246, "site_id": "balaghat"}}, {"type": "Feature", "geometry": {"type": "Polygon", "coordinates": [[[80.20707725757576, 21.838512363636365], [80.20707725757576, 21.845210727272725], [80.19397365151515, 21.845210727272725], [80.19397365151515, 21.838512363636365], [80.20707725757576, 21.838512363636365]]]}, "properties": {"confidence_score": 0.6912, "site_id": "balaghat"}}, {"type": "Feature", "geometry": {"type": "Polygon", "coordinates": [[[80.22018086363636, 21.838512363636365], [80.22018086363636, 21.845210727272725], [80.20707725757575, 21.845210727272725], [80.20707725757575, 21.838512363636365], [80.22018086363636, 21.838512363636365]]]}, "properties": {"confidence_score": 0.263, "site_id": "balaghat"}}, {"type": "Feature", "geometry": {"type": "Polygon", "coordinates": [[[80.23328446969697, 21.838512363636365], [80.23328446969697, 21.845210727272725], [80.22018086363636, 21.845210727272725], [80.22018086363636, 21.838512363636365], [80.23328446969697, 21.838512363636365]]]}, "properties": {"confidence_score": 0.1025, "site_id": "balaghat"}}, {"type": "Feature", "geometry": {"type": "Polygon", "coordinates": [[[80.24638807575758, 21.838512363636365], [80.24638807575758, 21.845210727272725], [80.23328446969697, 21.845210727272725], [80.23328446969697, 21.838512363636365], [80.24638807575758, 21.838512363636365]]]}, "properties": {"confidence_score": 0.4328, "site_id": "balaghat"}}, {"type": "Feature", "geometry": {"type": "Polygon", "coordinates": [[[80.25949168181818, 21.838512363636365], [80.25949168181818, 21.845210727272725], [80.24638807575757, 21.845210727272725], [80.24638807575757, 21.838512363636365], [80.25949168181818, 21.838512363636365]]]}, "properties": {"confidence_score": 0.8049, "site_id": "balaghat"}}, {"type": "Feature", "geometry": {"type": "Polygon", "coordinates": [[[80.27259528787879, 21.838512363636365], [80.27259528787879, 21.845210727272725], [80.25949168181818, 21.845210727272725], [80.25949168181818, 21.838512363636365], [80.27259528787879, 21.838512363636365]]]}, "properties": {"confidence_score": 0.7856, "site_id": "balaghat"}}, {"type": "Feature", "geometry": {"type": "Polygon", "coordinates": [[[80.2856988939394, 21.838512363636365], [80.2856988939394, 21.845210727272725], [80.27259528787879, 21.845210727272725], [80.27259528787879, 21.838512363636365], [80.2856988939394, 21.838512363636365]]]}, "properties": {"confidence_score": 0.7992, "site_id": "balaghat"}}, {"type": "Feature", "geometry": {"type": "Polygon", "coordinates": [[[80.2988025, 21.838512363636365], [80.2988025, 21.845210727272725], [80.28569889393938, 21.845210727272725], [80.28569889393938, 21.838512363636365], [80.2988025, 21.838512363636365]]]}, "properties": {"confidence_score": 0.284, "site_id": "balaghat"}}, {"type": "Feature", "geometry": {"type": "Polygon", "coordinates": [[[80.3119061060606, 21.838512363636365], [80.3119061060606, 21.845210727272725], [80.2988025, 21.845210727272725], [80.2988025, 21.838512363636365], [80.3119061060606, 21.838512363636365]]]}, "properties": {"confidence_score": 0.0234, "site_id": "balaghat"}}, {"type": "Feature", "geometry": {"type": "Polygon", "coordinates": [[[80.32500971212121, 21.838512363636365], [80.32500971212121, 21.845210727272725], [80.3119061060606, 21.845210727272725], [80.3119061060606, 21.838512363636365], [80.32500971212121, 21.838512363636365]]]}, "properties": {"confidence_score": 0.1252, "site_id": "balaghat"}}, {"type": "Feature", "geometry": {"type": "Polygon", "coordinates": [[[80.33811331818183, 21.838512363636365], [80.33811331818183, 21.845210727272725], [80.32500971212121, 21.845210727272725], [80.32500971212121, 21.838512363636365], [80.33811331818183, 21.838512363636365]]]}, "properties": {"confidence_score": 0.1126, "site_id": "balaghat"}}, {"type": "Feature", "geometry": {"type": "Polygon", "coordinates": [[[80.35121692424242, 21.838512363636365], [80.35121692424242, 21.845210727272725], [80.33811331818181, 21.845210727272725], [80.33811331818181, 21.838512363636365], [80.35121692424242, 21.838512363636365]]]}, "properties": {"confidence_score": 0.2384, "site_id": "balaghat"}}, {"type": "Feature", "geometry": {"type": "Polygon", "coordinates": [[[80.36432053030303, 21.838512363636365], [80.36432053030303, 21.845210727272725], [80.35121692424242, 21.845210727272725], [80.35121692424242, 21.838512363636365], [80.36432053030303, 21.838512363636365]]]}, "properties": {"confidence_score": 0.0746, "site_id": "balaghat"}}, {"type": "Feature", "geometry": {"type": "Polygon", "coordinates": [[[80.37742413636364, 21.838512363636365], [80.37742413636364, 21.845210727272725], [80.36432053030303, 21.845210727272725], [80.36432053030303, 21.838512363636365], [80.37742413636364, 21.838512363636365]]]}, "properties": {"confidence_score": 0.0675, "site_id": "balaghat"}}, {"type": "Feature", "geometry": {"type": "Polygon", "coordinates": [[[80.39052774242424, 21.838512363636365], [80.39052774242424, 21.845210727272725], [80.37742413636363, 21.845210727272725], [80.37742413636363, 21.838512363636365], [80.39052774242424, 21.838512363636365]]]}, "properties": {"confidence_score": 0.0, "site_id": "balaghat"}}, {"type": "Feature", "geometry": {"type": "Polygon", "coordinates": [[[80.40363134848485, 21.838512363636365], [80.40363134848485, 21.845210727272725], [80.39052774242424, 21.845210727272725], [80.39052774242424, 21.838512363636365], [80.40363134848485, 21.838512363636365]]]}, "properties": {"confidence_score": 0.0, "site_id": "balaghat"}}, {"type": "Feature", "geometry": {"type": "Polygon", "coordinates": [[[80.41673495454546, 21.838512363636365], [80.41673495454546, 21.845210727272725], [80.40363134848485, 21.845210727272725], [80.40363134848485, 21.838512363636365], [80.41673495454546, 21.838512363636365]]]}, "properties": {"confidence_score": 0.0037, "site_id": "balaghat"}}, {"type": "Feature", "geometry": {"type": "Polygon", "coordinates": [[[80.42983856060606, 21.838512363636365], [80.42983856060606, 21.845210727272725], [80.41673495454545, 21.845210727272725], [80.41673495454545, 21.838512363636365], [80.42983856060606, 21.838512363636365]]]}, "properties": {"confidence_score": 0.03, "site_id": "balaghat"}}, {"type": "Feature", "geometry": {"type": "Polygon", "coordinates": [[[80.44294216666667, 21.838512363636365], [80.44294216666667, 21.845210727272725], [80.42983856060606, 21.845210727272725], [80.42983856060606, 21.838512363636365], [80.44294216666667, 21.838512363636365]]]}, "properties": {"confidence_score": 0.0486, "site_id": "balaghat"}}, {"type": "Feature", "geometry": {"type": "Polygon", "coordinates": [[[80.45604577272728, 21.838512363636365], [80.45604577272728, 21.845210727272725], [80.44294216666667, 21.845210727272725], [80.44294216666667, 21.838512363636365], [80.45604577272728, 21.838512363636365]]]}, "properties": {"confidence_score": 0.0462, "site_id": "balaghat"}}, {"type": "Feature", "geometry": {"type": "Polygon", "coordinates": [[[80.46914937878788, 21.838512363636365], [80.46914937878788, 21.845210727272725], [80.45604577272726, 21.845210727272725], [80.45604577272726, 21.838512363636365], [80.46914937878788, 21.838512363636365]]]}, "properties": {"confidence_score": 0.0407, "site_id": "balaghat"}}, {"type": "Feature", "geometry": {"type": "Polygon", "coordinates": [[[80.48225298484849, 21.838512363636365], [80.48225298484849, 21.845210727272725], [80.46914937878788, 21.845210727272725], [80.46914937878788, 21.838512363636365], [80.48225298484849, 21.838512363636365]]]}, "properties": {"confidence_score": 0.0509, "site_id": "balaghat"}}, {"type": "Feature", "geometry": {"type": "Polygon", "coordinates": [[[80.4953565909091, 21.838512363636365], [80.4953565909091, 21.845210727272725], [80.48225298484849, 21.845210727272725], [80.48225298484849, 21.838512363636365], [80.4953565909091, 21.838512363636365]]]}, "properties": {"confidence_score": 0.06, "site_id": "balaghat"}}, {"type": "Feature", "geometry": {"type": "Polygon", "coordinates": [[[80.5084601969697, 21.838512363636365], [80.5084601969697, 21.845210727272725], [80.49535659090908, 21.845210727272725], [80.49535659090908, 21.838512363636365], [80.5084601969697, 21.838512363636365]]]}, "properties": {"confidence_score": 0.0604, "site_id": "balaghat"}}, {"type": "Feature", "geometry": {"type": "Polygon", "coordinates": [[[80.5215638030303, 21.838512363636365], [80.5215638030303, 21.845210727272725], [80.5084601969697, 21.845210727272725], [80.5084601969697, 21.838512363636365], [80.5215638030303, 21.838512363636365]]]}, "properties": {"confidence_score": 0.0619, "site_id": "balaghat"}}, {"type": "Feature", "geometry": {"type": "Polygon", "coordinates": [[[80.19397365151515, 21.84521072727273], [80.19397365151515, 21.85190909090909], [80.18087004545454, 21.85190909090909], [80.18087004545454, 21.84521072727273], [80.19397365151515, 21.84521072727273]]]}, "properties": {"confidence_score": 0.8424, "site_id": "balaghat"}}, {"type": "Feature", "geometry": {"type": "Polygon", "coordinates": [[[80.20707725757576, 21.84521072727273], [80.20707725757576, 21.85190909090909], [80.19397365151515, 21.85190909090909], [80.19397365151515, 21.84521072727273], [80.20707725757576, 21.84521072727273]]]}, "properties": {"confidence_score": 0.7438, "site_id": "balaghat"}}, {"type": "Feature", "geometry": {"type": "Polygon", "coordinates": [[[80.22018086363636, 21.84521072727273], [80.22018086363636, 21.85190909090909], [80.20707725757575, 21.85190909090909], [80.20707725757575, 21.84521072727273], [80.22018086363636, 21.84521072727273]]]}, "properties": {"confidence_score": 0.3041, "site_id": "balaghat"}}, {"type": "Feature", "geometry": {"type": "Polygon", "coordinates": [[[80.23328446969697, 21.84521072727273], [80.23328446969697, 21.85190909090909], [80.22018086363636, 21.85190909090909], [80.22018086363636, 21.84521072727273], [80.23328446969697, 21.84521072727273]]]}, "properties": {"confidence_score": 0.1213, "site_id": "balaghat"}}, {"type": "Feature", "geometry": {"type": "Polygon", "coordinates": [[[80.24638807575758, 21.84521072727273], [80.24638807575758, 21.85190909090909], [80.23328446969697, 21.85190909090909], [80.23328446969697, 21.84521072727273], [80.24638807575758, 21.84521072727273]]]}, "properties": {"confidence_score": 0.4779, "site_id": "balaghat"}}, {"type": "Feature", "geometry": {"type": "Polygon", "coordinates": [[[80.25949168181818, 21.84521072727273], [80.25949168181818, 21.85190909090909], [80.24638807575757, 21.85190909090909], [80.24638807575757, 21.84521072727273], [80.25949168181818, 21.84521072727273]]]}, "properties": {"confidence_score": 0.8324, "site_id": "balaghat"}}, {"type": "Feature", "geometry": {"type": "Polygon", "coordinates": [[[80.27259528787879, 21.84521072727273], [80.27259528787879, 21.85190909090909], [80.25949168181818, 21.85190909090909], [80.25949168181818, 21.84521072727273], [80.27259528787879, 21.84521072727273]]]}, "properties": {"confidence_score": 0.868, "site_id": "balaghat"}}, {"type": "Feature", "geometry": {"type": "Polygon", "coordinates": [[[80.2856988939394, 21.84521072727273], [80.2856988939394, 21.85190909090909], [80.27259528787879, 21.85190909090909], [80.27259528787879, 21.84521072727273], [80.2856988939394, 21.84521072727273]]]}, "properties": {"confidence_score": 0.7759, "site_id": "balaghat"}}, {"type": "Feature", "geometry": {"type": "Polygon", "coordinates": [[[80.2988025, 21.84521072727273], [80.2988025, 21.85190909090909], [80.28569889393938, 21.85190909090909], [80.28569889393938, 21.84521072727273], [80.2988025, 21.84521072727273]]]}, "properties": {"confidence_score": 0.3187, "site_id": "balaghat"}}, {"type": "Feature", "geometry": {"type": "Polygon", "coordinates": [[[80.3119061060606, 21.84521072727273], [80.3119061060606, 21.85190909090909], [80.2988025, 21.85190909090909], [80.2988025, 21.84521072727273], [80.3119061060606, 21.84521072727273]]]}, "properties": {"confidence_score": 0.0423, "site_id": "balaghat"}}, {"type": "Feature", "geometry": {"type": "Polygon", "coordinates": [[[80.32500971212121, 21.84521072727273], [80.32500971212121, 21.85190909090909], [80.3119061060606, 21.85190909090909], [80.3119061060606, 21.84521072727273], [80.32500971212121, 21.84521072727273]]]}, "properties": {"confidence_score": 0.1996, "site_id": "balaghat"}}, {"type": "Feature", "geometry": {"type": "Polygon", "coordinates": [[[80.33811331818183, 21.84521072727273], [80.33811331818183, 21.85190909090909], [80.32500971212121, 21.85190909090909], [80.32500971212121, 21.84521072727273], [80.33811331818183, 21.84521072727273]]]}, "properties": {"confidence_score": 0.3786, "site_id": "balaghat"}}, {"type": "Feature", "geometry": {"type": "Polygon", "coordinates": [[[80.35121692424242, 21.84521072727273], [80.35121692424242, 21.85190909090909], [80.33811331818181, 21.85190909090909], [80.33811331818181, 21.84521072727273], [80.35121692424242, 21.84521072727273]]]}, "properties": {"confidence_score": 0.4035, "site_id": "balaghat"}}, {"type": "Feature", "geometry": {"type": "Polygon", "coordinates": [[[80.36432053030303, 21.84521072727273], [80.36432053030303, 21.85190909090909], [80.35121692424242, 21.85190909090909], [80.35121692424242, 21.84521072727273], [80.36432053030303, 21.84521072727273]]]}, "properties": {"confidence_score": 0.3474, "site_id": "balaghat"}}, {"type": "Feature", "geometry": {"type": "Polygon", "coordinates": [[[80.37742413636364, 21.84521072727273], [80.37742413636364, 21.85190909090909], [80.36432053030303, 21.85190909090909], [80.36432053030303, 21.84521072727273], [80.37742413636364, 21.84521072727273]]]}, "properties": {"confidence_score": 0.1495, "site_id": "balaghat"}}, {"type": "Feature", "geometry": {"type": "Polygon", "coordinates": [[[80.39052774242424, 21.84521072727273], [80.39052774242424, 21.85190909090909], [80.37742413636363, 21.85190909090909], [80.37742413636363, 21.84521072727273], [80.39052774242424, 21.84521072727273]]]}, "properties": {"confidence_score": 0.0023, "site_id": "balaghat"}}, {"type": "Feature", "geometry": {"type": "Polygon", "coordinates": [[[80.40363134848485, 21.84521072727273], [80.40363134848485, 21.85190909090909], [80.39052774242424, 21.85190909090909], [80.39052774242424, 21.84521072727273], [80.40363134848485, 21.84521072727273]]]}, "properties": {"confidence_score": 0.0, "site_id": "balaghat"}}, {"type": "Feature", "geometry": {"type": "Polygon", "coordinates": [[[80.41673495454546, 21.84521072727273], [80.41673495454546, 21.85190909090909], [80.40363134848485, 21.85190909090909], [80.40363134848485, 21.84521072727273], [80.41673495454546, 21.84521072727273]]]}, "properties": {"confidence_score": 0.0083, "site_id": "balaghat"}}, {"type": "Feature", "geometry": {"type": "Polygon", "coordinates": [[[80.42983856060606, 21.84521072727273], [80.42983856060606, 21.85190909090909], [80.41673495454545, 21.85190909090909], [80.41673495454545, 21.84521072727273], [80.42983856060606, 21.84521072727273]]]}, "properties": {"confidence_score": 0.0291, "site_id": "balaghat"}}, {"type": "Feature", "geometry": {"type": "Polygon", "coordinates": [[[80.44294216666667, 21.84521072727273], [80.44294216666667, 21.85190909090909], [80.42983856060606, 21.85190909090909], [80.42983856060606, 21.84521072727273], [80.44294216666667, 21.84521072727273]]]}, "properties": {"confidence_score": 0.0433, "site_id": "balaghat"}}, {"type": "Feature", "geometry": {"type": "Polygon", "coordinates": [[[80.45604577272728, 21.84521072727273], [80.45604577272728, 21.85190909090909], [80.44294216666667, 21.85190909090909], [80.44294216666667, 21.84521072727273], [80.45604577272728, 21.84521072727273]]]}, "properties": {"confidence_score": 0.0429, "site_id": "balaghat"}}, {"type": "Feature", "geometry": {"type": "Polygon", "coordinates": [[[80.46914937878788, 21.84521072727273], [80.46914937878788, 21.85190909090909], [80.45604577272726, 21.85190909090909], [80.45604577272726, 21.84521072727273], [80.46914937878788, 21.84521072727273]]]}, "properties": {"confidence_score": 0.0392, "site_id": "balaghat"}}, {"type": "Feature", "geometry": {"type": "Polygon", "coordinates": [[[80.48225298484849, 21.84521072727273], [80.48225298484849, 21.85190909090909], [80.46914937878788, 21.85190909090909], [80.46914937878788, 21.84521072727273], [80.48225298484849, 21.84521072727273]]]}, "properties": {"confidence_score": 0.0503, "site_id": "balaghat"}}, {"type": "Feature", "geometry": {"type": "Polygon", "coordinates": [[[80.4953565909091, 21.84521072727273], [80.4953565909091, 21.85190909090909], [80.48225298484849, 21.85190909090909], [80.48225298484849, 21.84521072727273], [80.4953565909091, 21.84521072727273]]]}, "properties": {"confidence_score": 0.0602, "site_id": "balaghat"}}, {"type": "Feature", "geometry": {"type": "Polygon", "coordinates": [[[80.5084601969697, 21.84521072727273], [80.5084601969697, 21.85190909090909], [80.49535659090908, 21.85190909090909], [80.49535659090908, 21.84521072727273], [80.5084601969697, 21.84521072727273]]]}, "properties": {"confidence_score": 0.0639, "site_id": "balaghat"}}, {"type": "Feature", "geometry": {"type": "Polygon", "coordinates": [[[80.5215638030303, 21.84521072727273], [80.5215638030303, 21.85190909090909], [80.5084601969697, 21.85190909090909], [80.5084601969697, 21.84521072727273], [80.5215638030303, 21.84521072727273]]]}, "properties": {"confidence_score": 0.0674, "site_id": "balaghat"}}, {"type": "Feature", "geometry": {"type": "Polygon", "coordinates": [[[80.19397365151515, 21.851909090909093], [80.19397365151515, 21.858607454545453], [80.18087004545454, 21.858607454545453], [80.18087004545454, 21.851909090909093], [80.19397365151515, 21.851909090909093]]]}, "properties": {"confidence_score": 0.8857, "site_id": "balaghat"}}, {"type": "Feature", "geometry": {"type": "Polygon", "coordinates": [[[80.20707725757576, 21.851909090909093], [80.20707725757576, 21.858607454545453], [80.19397365151515, 21.858607454545453], [80.19397365151515, 21.851909090909093], [80.20707725757576, 21.851909090909093]]]}, "properties": {"confidence_score": 0.7844, "site_id": "balaghat"}}, {"type": "Feature", "geometry": {"type": "Polygon", "coordinates": [[[80.22018086363636, 21.851909090909093], [80.22018086363636, 21.858607454545453], [80.20707725757575, 21.858607454545453], [80.20707725757575, 21.851909090909093], [80.22018086363636, 21.851909090909093]]]}, "properties": {"confidence_score": 0.3246, "site_id": "balaghat"}}, {"type": "Feature", "geometry": {"type": "Polygon", "coordinates": [[[80.23328446969697, 21.851909090909093], [80.23328446969697, 21.858607454545453], [80.22018086363636, 21.858607454545453], [80.22018086363636, 21.851909090909093], [80.23328446969697, 21.851909090909093]]]}, "properties": {"confidence_score": 0.1042, "site_id": "balaghat"}}, {"type": "Feature", "geometry": {"type": "Polygon", "coordinates": [[[80.24638807575758, 21.851909090909093], [80.24638807575758, 21.858607454545453], [80.23328446969697, 21.858607454545453], [80.23328446969697, 21.851909090909093], [80.24638807575758, 21.851909090909093]]]}, "properties": {"confidence_score": 0.485, "site_id": "balaghat"}}, {"type": "Feature", "geometry": {"type": "Polygon", "coordinates": [[[80.25949168181818, 21.851909090909093], [80.25949168181818, 21.858607454545453], [80.24638807575757, 21.858607454545453], [80.24638807575757, 21.851909090909093], [80.25949168181818, 21.851909090909093]]]}, "properties": {"confidence_score": 0.838, "site_id": "balaghat"}}, {"type": "Feature", "geometry": {"type": "Polygon", "coordinates": [[[80.27259528787879, 21.851909090909093], [80.27259528787879, 21.858607454545453], [80.25949168181818, 21.858607454545453], [80.25949168181818, 21.851909090909093], [80.27259528787879, 21.851909090909093]]]}, "properties": {"confidence_score": 0.8776, "site_id": "balaghat"}}, {"type": "Feature", "geometry": {"type": "Polygon", "coordinates": [[[80.2856988939394, 21.851909090909093], [80.2856988939394, 21.858607454545453], [80.27259528787879, 21.858607454545453], [80.27259528787879, 21.851909090909093], [80.2856988939394, 21.851909090909093]]]}, "properties": {"confidence_score": 0.764, "site_id": "balaghat"}}, {"type": "Feature", "geometry": {"type": "Polygon", "coordinates": [[[80.2988025, 21.851909090909093], [80.2988025, 21.858607454545453], [80.28569889393938, 21.858607454545453], [80.28569889393938, 21.851909090909093], [80.2988025, 21.851909090909093]]]}, "properties": {"confidence_score": 0.3236, "site_id": "balaghat"}}, {"type": "Feature", "geometry": {"type": "Polygon", "coordinates": [[[80.3119061060606, 21.851909090909093], [80.3119061060606, 21.858607454545453], [80.2988025, 21.858607454545453], [80.2988025, 21.851909090909093], [80.3119061060606, 21.851909090909093]]]}, "properties": {"confidence_score": 0.0376, "site_id": "balaghat"}}, {"type": "Feature", "geometry": {"type": "Polygon", "coordinates": [[[80.32500971212121, 21.851909090909093], [80.32500971212121, 21.858607454545453], [80.3119061060606, 21.858607454545453], [80.3119061060606, 21.851909090909093], [80.32500971212121, 21.851909090909093]]]}, "properties": {"confidence_score": 0.2974, "site_id": "balaghat"}}, {"type": "Feature", "geometry": {"type": "Polygon", "coordinates": [[[80.33811331818183, 21.851909090909093], [80.33811331818183, 21.858607454545453], [80.32500971212121, 21.858607454545453], [80.32500971212121, 21.851909090909093], [80.33811331818183, 21.851909090909093]]]}, "properties": {"confidence_score": 0.6257, "site_id": "balaghat"}}, {"type": "Feature", "geometry": {"type": "Polygon", "coordinates": [[[80.35121692424242, 21.851909090909093], [80.35121692424242, 21.858607454545453], [80.33811331818181, 21.858607454545453], [80.33811331818181, 21.851909090909093], [80.35121692424242, 21.851909090909093]]]}, "properties": {"confidence_score": 0.5807, "site_id": "balaghat"}}, {"type": "Feature", "geometry": {"type": "Polygon", "coordinates": [[[80.36432053030303, 21.851909090909093], [80.36432053030303, 21.858607454545453], [80.35121692424242, 21.858607454545453], [80.35121692424242, 21.851909090909093], [80.36432053030303, 21.851909090909093]]]}, "properties": {"confidence_score": 0.574, "site_id": "balaghat"}}, {"type": "Feature", "geometry": {"type": "Polygon", "coordinates": [[[80.37742413636364, 21.851909090909093], [80.37742413636364, 21.858607454545453], [80.36432053030303, 21.858607454545453], [80.36432053030303, 21.851909090909093], [80.37742413636364, 21.851909090909093]]]}, "properties": {"confidence_score": 0.2303, "site_id": "balaghat"}}, {"type": "Feature", "geometry": {"type": "Polygon", "coordinates": [[[80.39052774242424, 21.851909090909093], [80.39052774242424, 21.858607454545453], [80.37742413636363, 21.858607454545453], [80.37742413636363, 21.851909090909093], [80.39052774242424, 21.851909090909093]]]}, "properties": {"confidence_score": 0.0001, "site_id": "balaghat"}}, {"type": "Feature", "geometry": {"type": "Polygon", "coordinates": [[[80.40363134848485, 21.851909090909093], [80.40363134848485, 21.858607454545453], [80.39052774242424, 21.858607454545453], [80.39052774242424, 21.851909090909093], [80.40363134848485, 21.851909090909093]]]}, "properties": {"confidence_score": 0.0, "site_id": "balaghat"}}, {"type": "Feature", "geometry": {"type": "Polygon", "coordinates": [[[80.41673495454546, 21.851909090909093], [80.41673495454546, 21.858607454545453], [80.40363134848485, 21.858607454545453], [80.40363134848485, 21.851909090909093], [80.41673495454546, 21.851909090909093]]]}, "properties": {"confidence_score": 0.0094, "site_id": "balaghat"}}, {"type": "Feature", "geometry": {"type": "Polygon", "coordinates": [[[80.42983856060606, 21.851909090909093], [80.42983856060606, 21.858607454545453], [80.41673495454545, 21.858607454545453], [80.41673495454545, 21.851909090909093], [80.42983856060606, 21.851909090909093]]]}, "properties": {"confidence_score": 0.0275, "site_id": "balaghat"}}, {"type": "Feature", "geometry": {"type": "Polygon", "coordinates": [[[80.44294216666667, 21.851909090909093], [80.44294216666667, 21.858607454545453], [80.42983856060606, 21.858607454545453], [80.42983856060606, 21.851909090909093], [80.44294216666667, 21.851909090909093]]]}, "properties": {"confidence_score": 0.0397, "site_id": "balaghat"}}, {"type": "Feature", "geometry": {"type": "Polygon", "coordinates": [[[80.45604577272728, 21.851909090909093], [80.45604577272728, 21.858607454545453], [80.44294216666667, 21.858607454545453], [80.44294216666667, 21.851909090909093], [80.45604577272728, 21.851909090909093]]]}, "properties": {"confidence_score": 0.0398, "site_id": "balaghat"}}, {"type": "Feature", "geometry": {"type": "Polygon", "coordinates": [[[80.46914937878788, 21.851909090909093], [80.46914937878788, 21.858607454545453], [80.45604577272726, 21.858607454545453], [80.45604577272726, 21.851909090909093], [80.46914937878788, 21.851909090909093]]]}, "properties": {"confidence_score": 0.0362, "site_id": "balaghat"}}, {"type": "Feature", "geometry": {"type": "Polygon", "coordinates": [[[80.48225298484849, 21.851909090909093], [80.48225298484849, 21.858607454545453], [80.46914937878788, 21.858607454545453], [80.46914937878788, 21.851909090909093], [80.48225298484849, 21.851909090909093]]]}, "properties": {"confidence_score": 0.0497, "site_id": "balaghat"}}, {"type": "Feature", "geometry": {"type": "Polygon", "coordinates": [[[80.4953565909091, 21.851909090909093], [80.4953565909091, 21.858607454545453], [80.48225298484849, 21.858607454545453], [80.48225298484849, 21.851909090909093], [80.4953565909091, 21.851909090909093]]]}, "properties": {"confidence_score": 0.0602, "site_id": "balaghat"}}, {"type": "Feature", "geometry": {"type": "Polygon", "coordinates": [[[80.5084601969697, 21.851909090909093], [80.5084601969697, 21.858607454545453], [80.49535659090908, 21.858607454545453], [80.49535659090908, 21.851909090909093], [80.5084601969697, 21.851909090909093]]]}, "properties": {"confidence_score": 0.0658, "site_id": "balaghat"}}, {"type": "Feature", "geometry": {"type": "Polygon", "coordinates": [[[80.5215638030303, 21.851909090909093], [80.5215638030303, 21.858607454545453], [80.5084601969697, 21.858607454545453], [80.5084601969697, 21.851909090909093], [80.5215638030303, 21.851909090909093]]]}, "properties": {"confidence_score": 0.0704, "site_id": "balaghat"}}, {"type": "Feature", "geometry": {"type": "Polygon", "coordinates": [[[80.19397365151515, 21.858607454545457], [80.19397365151515, 21.865305818181817], [80.18087004545454, 21.865305818181817], [80.18087004545454, 21.858607454545457], [80.19397365151515, 21.858607454545457]]]}, "properties": {"confidence_score": 0.8684, "site_id": "balaghat"}}, {"type": "Feature", "geometry": {"type": "Polygon", "coordinates": [[[80.20707725757576, 21.858607454545457], [80.20707725757576, 21.865305818181817], [80.19397365151515, 21.865305818181817], [80.19397365151515, 21.858607454545457], [80.20707725757576, 21.858607454545457]]]}, "properties": {"confidence_score": 0.786, "site_id": "balaghat"}}, {"type": "Feature", "geometry": {"type": "Polygon", "coordinates": [[[80.22018086363636, 21.858607454545457], [80.22018086363636, 21.865305818181817], [80.20707725757575, 21.865305818181817], [80.20707725757575, 21.858607454545457], [80.22018086363636, 21.858607454545457]]]}, "properties": {"confidence_score": 0.3549, "site_id": "balaghat"}}, {"type": "Feature", "geometry": {"type": "Polygon", "coordinates": [[[80.23328446969697, 21.858607454545457], [80.23328446969697, 21.865305818181817], [80.22018086363636, 21.865305818181817], [80.22018086363636, 21.858607454545457], [80.23328446969697, 21.858607454545457]]]}, "properties": {"confidence_score": 0.1244, "site_id": "balaghat"}}, {"type": "Feature", "geometry": {"type": "Polygon", "coordinates": [[[80.24638807575758, 21.858607454545457], [80.24638807575758, 21.865305818181817], [80.23328446969697, 21.865305818181817], [80.23328446969697, 21.858607454545457], [80.24638807575758, 21.858607454545457]]]}, "properties": {"confidence_score": 0.4918, "site_id": "balaghat"}}, {"type": "Feature", "geometry": {"type": "Polygon", "coordinates": [[[80.25949168181818, 21.858607454545457], [80.25949168181818, 21.865305818181817], [80.24638807575757, 21.865305818181817], [80.24638807575757, 21.858607454545457], [80.25949168181818, 21.858607454545457]]]}, "properties": {"confidence_score": 0.7926, "site_id": "balaghat"}}, {"type": "Feature", "geometry": {"type": "Polygon", "coordinates": [[[80.27259528787879, 21.858607454545457], [80.27259528787879, 21.865305818181817], [80.25949168181818, 21.865305818181817], [80.25949168181818, 21.858607454545457], [80.27259528787879, 21.858607454545457]]]}, "properties": {"confidence_score": 0.8626, "site_id": "balaghat"}}, {"type": "Feature", "geometry": {"type": "Polygon", "coordinates": [[[80.2856988939394, 21.858607454545457], [80.2856988939394, 21.865305818181817], [80.27259528787879, 21.865305818181817], [80.27259528787879, 21.858607454545457], [80.2856988939394, 21.858607454545457]]]}, "properties": {"confidence_score": 0.7492, "site_id": "balaghat"}}, {"type": "Feature", "geometry": {"type": "Polygon", "coordinates": [[[80.2988025, 21.858607454545457], [80.2988025, 21.865305818181817], [80.28569889393938, 21.865305818181817], [80.28569889393938, 21.858607454545457], [80.2988025, 21.858607454545457]]]}, "properties": {"confidence_score": 0.32, "site_id": "balaghat"}}, {"type": "Feature", "geometry": {"type": "Polygon", "coordinates": [[[80.3119061060606, 21.858607454545457], [80.3119061060606, 21.865305818181817], [80.2988025, 21.865305818181817], [80.2988025, 21.858607454545457], [80.3119061060606, 21.858607454545457]]]}, "properties": {"confidence_score": 0.0641, "site_id": "balaghat"}}, {"type": "Feature", "geometry": {"type": "Polygon", "coordinates": [[[80.32500971212121, 21.858607454545457], [80.32500971212121, 21.865305818181817], [80.3119061060606, 21.865305818181817], [80.3119061060606, 21.858607454545457], [80.32500971212121, 21.858607454545457]]]}, "properties": {"confidence_score": 0.3414, "site_id": "balaghat"}}, {"type": "Feature", "geometry": {"type": "Polygon", "coordinates": [[[80.33811331818183, 21.858607454545457], [80.33811331818183, 21.865305818181817], [80.32500971212121, 21.865305818181817], [80.32500971212121, 21.858607454545457], [80.33811331818183, 21.858607454545457]]]}, "properties": {"confidence_score": 0.7111, "site_id": "balaghat"}}, {"type": "Feature", "geometry": {"type": "Polygon", "coordinates": [[[80.35121692424242, 21.858607454545457], [80.35121692424242, 21.865305818181817], [80.33811331818181, 21.865305818181817], [80.33811331818181, 21.858607454545457], [80.35121692424242, 21.858607454545457]]]}, "properties": {"confidence_score": 0.6784, "site_id": "balaghat"}}, {"type": "Feature", "geometry": {"type": "Polygon", "coordinates": [[[80.36432053030303, 21.858607454545457], [80.36432053030303, 21.865305818181817], [80.35121692424242, 21.865305818181817], [80.35121692424242, 21.858607454545457], [80.36432053030303, 21.858607454545457]]]}, "properties": {"confidence_score": 0.6216, "site_id": "balaghat"}}, {"type": "Feature", "geometry": {"type": "Polygon", "coordinates": [[[80.37742413636364, 21.858607454545457], [80.37742413636364, 21.865305818181817], [80.36432053030303, 21.865305818181817], [80.36432053030303, 21.858607454545457], [80.37742413636364, 21.858607454545457]]]}, "properties": {"confidence_score": 0.2844, "site_id": "balaghat"}}, {"type": "Feature", "geometry": {"type": "Polygon", "coordinates": [[[80.39052774242424, 21.858607454545457], [80.39052774242424, 21.865305818181817], [80.37742413636363, 21.865305818181817], [80.37742413636363, 21.858607454545457], [80.39052774242424, 21.858607454545457]]]}, "properties": {"confidence_score": 0.0096, "site_id": "balaghat"}}, {"type": "Feature", "geometry": {"type": "Polygon", "coordinates": [[[80.40363134848485, 21.858607454545457], [80.40363134848485, 21.865305818181817], [80.39052774242424, 21.865305818181817], [80.39052774242424, 21.858607454545457], [80.40363134848485, 21.858607454545457]]]}, "properties": {"confidence_score": 0.0, "site_id": "balaghat"}}, {"type": "Feature", "geometry": {"type": "Polygon", "coordinates": [[[80.41673495454546, 21.858607454545457], [80.41673495454546, 21.865305818181817], [80.40363134848485, 21.865305818181817], [80.40363134848485, 21.858607454545457], [80.41673495454546, 21.858607454545457]]]}, "properties": {"confidence_score": 0.0032, "site_id": "balaghat"}}, {"type": "Feature", "geometry": {"type": "Polygon", "coordinates": [[[80.42983856060606, 21.858607454545457], [80.42983856060606, 21.865305818181817], [80.41673495454545, 21.865305818181817], [80.41673495454545, 21.858607454545457], [80.42983856060606, 21.858607454545457]]]}, "properties": {"confidence_score": 0.0267, "site_id": "balaghat"}}, {"type": "Feature", "geometry": {"type": "Polygon", "coordinates": [[[80.44294216666667, 21.858607454545457], [80.44294216666667, 21.865305818181817], [80.42983856060606, 21.865305818181817], [80.42983856060606, 21.858607454545457], [80.44294216666667, 21.858607454545457]]]}, "properties": {"confidence_score": 0.0385, "site_id": "balaghat"}}, {"type": "Feature", "geometry": {"type": "Polygon", "coordinates": [[[80.45604577272728, 21.858607454545457], [80.45604577272728, 21.865305818181817], [80.44294216666667, 21.865305818181817], [80.44294216666667, 21.858607454545457], [80.45604577272728, 21.858607454545457]]]}, "properties": {"confidence_score": 0.0373, "site_id": "balaghat"}}, {"type": "Feature", "geometry": {"type": "Polygon", "coordinates": [[[80.46914937878788, 21.858607454545457], [80.46914937878788, 21.865305818181817], [80.45604577272726, 21.865305818181817], [80.45604577272726, 21.858607454545457], [80.46914937878788, 21.858607454545457]]]}, "properties": {"confidence_score": 0.0371, "site_id": "balaghat"}}, {"type": "Feature", "geometry": {"type": "Polygon", "coordinates": [[[80.48225298484849, 21.858607454545457], [80.48225298484849, 21.865305818181817], [80.46914937878788, 21.865305818181817], [80.46914937878788, 21.858607454545457], [80.48225298484849, 21.858607454545457]]]}, "properties": {"confidence_score": 0.0494, "site_id": "balaghat"}}, {"type": "Feature", "geometry": {"type": "Polygon", "coordinates": [[[80.4953565909091, 21.858607454545457], [80.4953565909091, 21.865305818181817], [80.48225298484849, 21.865305818181817], [80.48225298484849, 21.858607454545457], [80.4953565909091, 21.858607454545457]]]}, "properties": {"confidence_score": 0.0602, "site_id": "balaghat"}}, {"type": "Feature", "geometry": {"type": "Polygon", "coordinates": [[[80.5084601969697, 21.858607454545457], [80.5084601969697, 21.865305818181817], [80.49535659090908, 21.865305818181817], [80.49535659090908, 21.858607454545457], [80.5084601969697, 21.858607454545457]]]}, "properties": {"confidence_score": 0.0662, "site_id": "balaghat"}}, {"type": "Feature", "geometry": {"type": "Polygon", "coordinates": [[[80.5215638030303, 21.858607454545457], [80.5215638030303, 21.865305818181817], [80.5084601969697, 21.865305818181817], [80.5084601969697, 21.858607454545457], [80.5215638030303, 21.858607454545457]]]}, "properties": {"confidence_score": 0.0709, "site_id": "balaghat"}}, {"type": "Feature", "geometry": {"type": "Polygon", "coordinates": [[[80.19397365151515, 21.86530581818182], [80.19397365151515, 21.87200418181818], [80.18087004545454, 21.87200418181818], [80.18087004545454, 21.86530581818182], [80.19397365151515, 21.86530581818182]]]}, "properties": {"confidence_score": 0.7972, "site_id": "balaghat"}}, {"type": "Feature", "geometry": {"type": "Polygon", "coordinates": [[[80.20707725757576, 21.86530581818182], [80.20707725757576, 21.87200418181818], [80.19397365151515, 21.87200418181818], [80.19397365151515, 21.86530581818182], [80.20707725757576, 21.86530581818182]]]}, "properties": {"confidence_score": 0.8016, "site_id": "balaghat"}}, {"type": "Feature", "geometry": {"type": "Polygon", "coordinates": [[[80.22018086363636, 21.86530581818182], [80.22018086363636, 21.87200418181818], [80.20707725757575, 21.87200418181818], [80.20707725757575, 21.86530581818182], [80.22018086363636, 21.86530581818182]]]}, "properties": {"confidence_score": 0.4342, "site_id": "balaghat"}}, {"type": "Feature", "geometry": {"type": "Polygon", "coordinates": [[[80.23328446969697, 21.86530581818182], [80.23328446969697, 21.87200418181818], [80.22018086363636, 21.87200418181818], [80.22018086363636, 21.86530581818182], [80.23328446969697, 21.86530581818182]]]}, "properties": {"confidence_score": 0.1947, "site_id": "balaghat"}}, {"type": "Feature", "geometry": {"type": "Polygon", "coordinates": [[[80.24638807575758, 21.86530581818182], [80.24638807575758, 21.87200418181818], [80.23328446969697, 21.87200418181818], [80.23328446969697, 21.86530581818182], [80.24638807575758, 21.86530581818182]]]}, "properties": {"confidence_score": 0.5367, "site_id": "balaghat"}}, {"type": "Feature", "geometry": {"type": "Polygon", "coordinates": [[[80.25949168181818, 21.86530581818182], [80.25949168181818, 21.87200418181818], [80.24638807575757, 21.87200418181818], [80.24638807575757, 21.86530581818182], [80.25949168181818, 21.86530581818182]]]}, "properties": {"confidence_score": 0.7756, "site_id": "balaghat"}}, {"type": "Feature", "geometry": {"type": "Polygon", "coordinates": [[[80.27259528787879, 21.86530581818182], [80.27259528787879, 21.87200418181818], [80.25949168181818, 21.87200418181818], [80.25949168181818, 21.86530581818182], [80.27259528787879, 21.86530581818182]]]}, "properties": {"confidence_score": 0.8358, "site_id": "balaghat"}}, {"type": "Feature", "geometry": {"type": "Polygon", "coordinates": [[[80.2856988939394, 21.86530581818182], [80.2856988939394, 21.87200418181818], [80.27259528787879, 21.87200418181818], [80.27259528787879, 21.86530581818182], [80.2856988939394, 21.86530581818182]]]}, "properties": {"confidence_score": 0.7495, "site_id": "balaghat"}}, {"type": "Feature", "geometry": {"type": "Polygon", "coordinates": [[[80.2988025, 21.86530581818182], [80.2988025, 21.87200418181818], [80.28569889393938, 21.87200418181818], [80.28569889393938, 21.86530581818182], [80.2988025, 21.86530581818182]]]}, "properties": {"confidence_score": 0.3049, "site_id": "balaghat"}}, {"type": "Feature", "geometry": {"type": "Polygon", "coordinates": [[[80.3119061060606, 21.86530581818182], [80.3119061060606, 21.87200418181818], [80.2988025, 21.87200418181818], [80.2988025, 21.86530581818182], [80.3119061060606, 21.86530581818182]]]}, "properties": {"confidence_score": 0.0351, "site_id": "balaghat"}}, {"type": "Feature", "geometry": {"type": "Polygon", "coordinates": [[[80.32500971212121, 21.86530581818182], [80.32500971212121, 21.87200418181818], [80.3119061060606, 21.87200418181818], [80.3119061060606, 21.86530581818182], [80.32500971212121, 21.86530581818182]]]}, "properties": {"confidence_score": 0.2951, "site_id": "balaghat"}}, {"type": "Feature", "geometry": {"type": "Polygon", "coordinates": [[[80.33811331818183, 21.86530581818182], [80.33811331818183, 21.87200418181818], [80.32500971212121, 21.87200418181818], [80.32500971212121, 21.86530581818182], [80.33811331818183, 21.86530581818182]]]}, "properties": {"confidence_score": 0.7019, "site_id": "balaghat"}}, {"type": "Feature", "geometry": {"type": "Polygon", "coordinates": [[[80.35121692424242, 21.86530581818182], [80.35121692424242, 21.87200418181818], [80.33811331818181, 21.87200418181818], [80.33811331818181, 21.86530581818182], [80.35121692424242, 21.86530581818182]]]}, "properties": {"confidence_score": 0.6883, "site_id": "balaghat"}}, {"type": "Feature", "geometry": {"type": "Polygon", "coordinates": [[[80.36432053030303, 21.86530581818182], [80.36432053030303, 21.87200418181818], [80.35121692424242, 21.87200418181818], [80.35121692424242, 21.86530581818182], [80.36432053030303, 21.86530581818182]]]}, "properties": {"confidence_score": 0.6797, "site_id": "balaghat"}}, {"type": "Feature", "geometry": {"type": "Polygon", "coordinates": [[[80.37742413636364, 21.86530581818182], [80.37742413636364, 21.87200418181818], [80.36432053030303, 21.87200418181818], [80.36432053030303, 21.86530581818182], [80.37742413636364, 21.86530581818182]]]}, "properties": {"confidence_score": 0.319, "site_id": "balaghat"}}, {"type": "Feature", "geometry": {"type": "Polygon", "coordinates": [[[80.39052774242424, 21.86530581818182], [80.39052774242424, 21.87200418181818], [80.37742413636363, 21.87200418181818], [80.37742413636363, 21.86530581818182], [80.39052774242424, 21.86530581818182]]]}, "properties": {"confidence_score": 0.0011, "site_id": "balaghat"}}, {"type": "Feature", "geometry": {"type": "Polygon", "coordinates": [[[80.40363134848485, 21.86530581818182], [80.40363134848485, 21.87200418181818], [80.39052774242424, 21.87200418181818], [80.39052774242424, 21.86530581818182], [80.40363134848485, 21.86530581818182]]]}, "properties": {"confidence_score": 0.0, "site_id": "balaghat"}}, {"type": "Feature", "geometry": {"type": "Polygon", "coordinates": [[[80.41673495454546, 21.86530581818182], [80.41673495454546, 21.87200418181818], [80.40363134848485, 21.87200418181818], [80.40363134848485, 21.86530581818182], [80.41673495454546, 21.86530581818182]]]}, "properties": {"confidence_score": 0.0, "site_id": "balaghat"}}, {"type": "Feature", "geometry": {"type": "Polygon", "coordinates": [[[80.42983856060606, 21.86530581818182], [80.42983856060606, 21.87200418181818], [80.41673495454545, 21.87200418181818], [80.41673495454545, 21.86530581818182], [80.42983856060606, 21.86530581818182]]]}, "properties": {"confidence_score": 0.0321, "site_id": "balaghat"}}, {"type": "Feature", "geometry": {"type": "Polygon", "coordinates": [[[80.44294216666667, 21.86530581818182], [80.44294216666667, 21.87200418181818], [80.42983856060606, 21.87200418181818], [80.42983856060606, 21.86530581818182], [80.44294216666667, 21.86530581818182]]]}, "properties": {"confidence_score": 0.0396, "site_id": "balaghat"}}, {"type": "Feature", "geometry": {"type": "Polygon", "coordinates": [[[80.45604577272728, 21.86530581818182], [80.45604577272728, 21.87200418181818], [80.44294216666667, 21.87200418181818], [80.44294216666667, 21.86530581818182], [80.45604577272728, 21.86530581818182]]]}, "properties": {"confidence_score": 0.0347, "site_id": "balaghat"}}, {"type": "Feature", "geometry": {"type": "Polygon", "coordinates": [[[80.46914937878788, 21.86530581818182], [80.46914937878788, 21.87200418181818], [80.45604577272726, 21.87200418181818], [80.45604577272726, 21.86530581818182], [80.46914937878788, 21.86530581818182]]]}, "properties": {"confidence_score": 0.0358, "site_id": "balaghat"}}, {"type": "Feature", "geometry": {"type": "Polygon", "coordinates": [[[80.48225298484849, 21.86530581818182], [80.48225298484849, 21.87200418181818], [80.46914937878788, 21.87200418181818], [80.46914937878788, 21.86530581818182], [80.48225298484849, 21.86530581818182]]]}, "properties": {"confidence_score": 0.0492, "site_id": "balaghat"}}, {"type": "Feature", "geometry": {"type": "Polygon", "coordinates": [[[80.4953565909091, 21.86530581818182], [80.4953565909091, 21.87200418181818], [80.48225298484849, 21.87200418181818], [80.48225298484849, 21.86530581818182], [80.4953565909091, 21.86530581818182]]]}, "properties": {"confidence_score": 0.0601, "site_id": "balaghat"}}, {"type": "Feature", "geometry": {"type": "Polygon", "coordinates": [[[80.5084601969697, 21.86530581818182], [80.5084601969697, 21.87200418181818], [80.49535659090908, 21.87200418181818], [80.49535659090908, 21.86530581818182], [80.5084601969697, 21.86530581818182]]]}, "properties": {"confidence_score": 0.065, "site_id": "balaghat"}}, {"type": "Feature", "geometry": {"type": "Polygon", "coordinates": [[[80.5215638030303, 21.86530581818182], [80.5215638030303, 21.87200418181818], [80.5084601969697, 21.87200418181818], [80.5084601969697, 21.86530581818182], [80.5215638030303, 21.86530581818182]]]}, "properties": {"confidence_score": 0.0693, "site_id": "balaghat"}}, {"type": "Feature", "geometry": {"type": "Polygon", "coordinates": [[[80.19397365151515, 21.872004181818184], [80.19397365151515, 21.878702545454544], [80.18087004545454, 21.878702545454544], [80.18087004545454, 21.872004181818184], [80.19397365151515, 21.872004181818184]]]}, "properties": {"confidence_score": 0.6843, "site_id": "balaghat"}}, {"type": "Feature", "geometry": {"type": "Polygon", "coordinates": [[[80.20707725757576, 21.872004181818184], [80.20707725757576, 21.878702545454544], [80.19397365151515, 21.878702545454544], [80.19397365151515, 21.872004181818184], [80.20707725757576, 21.872004181818184]]]}, "properties": {"confidence_score": 0.7735, "site_id": "balaghat"}}, {"type": "Feature", "geometry": {"type": "Polygon", "coordinates": [[[80.22018086363636, 21.872004181818184], [80.22018086363636, 21.878702545454544], [80.20707725757575, 21.878702545454544], [80.20707725757575, 21.872004181818184], [80.22018086363636, 21.872004181818184]]]}, "properties": {"confidence_score": 0.5783, "site_id": "balaghat"}}, {"type": "Feature", "geometry": {"type": "Polygon", "coordinates": [[[80.23328446969697, 21.872004181818184], [80.23328446969697, 21.878702545454544], [80.22018086363636, 21.878702545454544], [80.22018086363636, 21.872004181818184], [80.23328446969697, 21.872004181818184]]]}, "properties": {"confidence_score": 0.4943, "site_id": "balaghat"}}, {"type": "Feature", "geometry": {"type": "Polygon", "coordinates": [[[80.24638807575758, 21.872004181818184], [80.24638807575758, 21.878702545454544], [80.23328446969697, 21.878702545454544], [80.23328446969697, 21.872004181818184], [80.24638807575758, 21.872004181818184]]]}, "properties": {"confidence_score": 0.6215, "site_id": "balaghat"}}, {"type": "Feature", "geometry": {"type": "Polygon", "coordinates": [[[80.25949168181818, 21.872004181818184], [80.25949168181818, 21.878702545454544], [80.24638807575757, 21.878702545454544], [80.24638807575757, 21.872004181818184], [80.25949168181818, 21.872004181818184]]]}, "properties": {"confidence_score": 0.7671, "site_id": "balaghat"}}, {"type": "Feature", "geometry": {"type": "Polygon", "coordinates": [[[80.27259528787879, 21.872004181818184], [80.27259528787879, 21.878702545454544], [80.25949168181818, 21.878702545454544], [80.25949168181818, 21.872004181818184], [80.27259528787879, 21.872004181818184]]]}, "properties": {"confidence_score": 0.7844, "site_id": "balaghat"}}, {"type": "Feature", "geometry": {"type": "Polygon", "coordinates": [[[80.2856988939394, 21.872004181818184], [80.2856988939394, 21.878702545454544], [80.27259528787879, 21.878702545454544], [80.27259528787879, 21.872004181818184], [80.2856988939394, 21.872004181818184]]]}, "properties": {"confidence_score": 0.6932, "site_id": "balaghat"}}, {"type": "Feature", "geometry": {"type": "Polygon", "coordinates": [[[80.2988025, 21.872004181818184], [80.2988025, 21.878702545454544], [80.28569889393938, 21.878702545454544], [80.28569889393938, 21.872004181818184], [80.2988025, 21.872004181818184]]]}, "properties": {"confidence_score": 0.2721, "site_id": "balaghat"}}, {"type": "Feature", "geometry": {"type": "Polygon", "coordinates": [[[80.3119061060606, 21.872004181818184], [80.3119061060606, 21.878702545454544], [80.2988025, 21.878702545454544], [80.2988025, 21.872004181818184], [80.3119061060606, 21.872004181818184]]]}, "properties": {"confidence_score": 0.0362, "site_id": "balaghat"}}, {"type": "Feature", "geometry": {"type": "Polygon", "coordinates": [[[80.32500971212121, 21.872004181818184], [80.32500971212121, 21.878702545454544], [80.3119061060606, 21.878702545454544], [80.3119061060606, 21.872004181818184], [80.32500971212121, 21.872004181818184]]]}, "properties": {"confidence_score": 0.1624, "site_id": "balaghat"}}, {"type": "Feature", "geometry": {"type": "Polygon", "coordinates": [[[80.33811331818183, 21.872004181818184], [80.33811331818183, 21.878702545454544], [80.32500971212121, 21.878702545454544], [80.32500971212121, 21.872004181818184], [80.33811331818183, 21.872004181818184]]]}, "properties": {"confidence_score": 0.371, "site_id": "balaghat"}}, {"type": "Feature", "geometry": {"type": "Polygon", "coordinates": [[[80.35121692424242, 21.872004181818184], [80.35121692424242, 21.878702545454544], [80.33811331818181, 21.878702545454544], [80.33811331818181, 21.872004181818184], [80.35121692424242, 21.872004181818184]]]}, "properties": {"confidence_score": 0.6341, "site_id": "balaghat"}}, {"type": "Feature", "geometry": {"type": "Polygon", "coordinates": [[[80.36432053030303, 21.872004181818184], [80.36432053030303, 21.878702545454544], [80.35121692424242, 21.878702545454544], [80.35121692424242, 21.872004181818184], [80.36432053030303, 21.872004181818184]]]}, "properties": {"confidence_score": 0.7186, "site_id": "balaghat"}}, {"type": "Feature", "geometry": {"type": "Polygon", "coordinates": [[[80.37742413636364, 21.872004181818184], [80.37742413636364, 21.878702545454544], [80.36432053030303, 21.878702545454544], [80.36432053030303, 21.872004181818184], [80.37742413636364, 21.872004181818184]]]}, "properties": {"confidence_score": 0.3443, "site_id": "balaghat"}}, {"type": "Feature", "geometry": {"type": "Polygon", "coordinates": [[[80.39052774242424, 21.872004181818184], [80.39052774242424, 21.878702545454544], [80.37742413636363, 21.878702545454544], [80.37742413636363, 21.872004181818184], [80.39052774242424, 21.872004181818184]]]}, "properties": {"confidence_score": 0.0247, "site_id": "balaghat"}}, {"type": "Feature", "geometry": {"type": "Polygon", "coordinates": [[[80.40363134848485, 21.872004181818184], [80.40363134848485, 21.878702545454544], [80.39052774242424, 21.878702545454544], [80.39052774242424, 21.872004181818184], [80.40363134848485, 21.872004181818184]]]}, "properties": {"confidence_score": 0.0068, "site_id": "balaghat"}}, {"type": "Feature", "geometry": {"type": "Polygon", "coordinates": [[[80.41673495454546, 21.872004181818184], [80.41673495454546, 21.878702545454544], [80.40363134848485, 21.878702545454544], [80.40363134848485, 21.872004181818184], [80.41673495454546, 21.872004181818184]]]}, "properties": {"confidence_score": 0.0, "site_id": "balaghat"}}, {"type": "Feature", "geometry": {"type": "Polygon", "coordinates": [[[80.42983856060606, 21.872004181818184], [80.42983856060606, 21.878702545454544], [80.41673495454545, 21.878702545454544], [80.41673495454545, 21.872004181818184], [80.42983856060606, 21.872004181818184]]]}, "properties": {"confidence_score": 0.0575, "site_id": "balaghat"}}, {"type": "Feature", "geometry": {"type": "Polygon", "coordinates": [[[80.44294216666667, 21.872004181818184], [80.44294216666667, 21.878702545454544], [80.42983856060606, 21.878702545454544], [80.42983856060606, 21.872004181818184], [80.44294216666667, 21.872004181818184]]]}, "properties": {"confidence_score": 0.0408, "site_id": "balaghat"}}, {"type": "Feature", "geometry": {"type": "Polygon", "coordinates": [[[80.45604577272728, 21.872004181818184], [80.45604577272728, 21.878702545454544], [80.44294216666667, 21.878702545454544], [80.44294216666667, 21.872004181818184], [80.45604577272728, 21.872004181818184]]]}, "properties": {"confidence_score": 0.0315, "site_id": "balaghat"}}, {"type": "Feature", "geometry": {"type": "Polygon", "coordinates": [[[80.46914937878788, 21.872004181818184], [80.46914937878788, 21.878702545454544], [80.45604577272726, 21.878702545454544], [80.45604577272726, 21.872004181818184], [80.46914937878788, 21.872004181818184]]]}, "properties": {"confidence_score": 0.0362, "site_id": "balaghat"}}, {"type": "Feature", "geometry": {"type": "Polygon", "coordinates": [[[80.48225298484849, 21.872004181818184], [80.48225298484849, 21.878702545454544], [80.46914937878788, 21.878702545454544], [80.46914937878788, 21.872004181818184], [80.48225298484849, 21.872004181818184]]]}, "properties": {"confidence_score": 0.0492, "site_id": "balaghat"}}, {"type": "Feature", "geometry": {"type": "Polygon", "coordinates": [[[80.4953565909091, 21.872004181818184], [80.4953565909091, 21.878702545454544], [80.48225298484849, 21.878702545454544], [80.48225298484849, 21.872004181818184], [80.4953565909091, 21.872004181818184]]]}, "properties": {"confidence_score": 0.0598, "site_id": "balaghat"}}, {"type": "Feature", "geometry": {"type": "Polygon", "coordinates": [[[80.5084601969697, 21.872004181818184], [80.5084601969697, 21.878702545454544], [80.49535659090908, 21.878702545454544], [80.49535659090908, 21.872004181818184], [80.5084601969697, 21.872004181818184]]]}, "properties": {"confidence_score": 0.0622, "site_id": "balaghat"}}, {"type": "Feature", "geometry": {"type": "Polygon", "coordinates": [[[80.5215638030303, 21.872004181818184], [80.5215638030303, 21.878702545454544], [80.5084601969697, 21.878702545454544], [80.5084601969697, 21.872004181818184], [80.5215638030303, 21.872004181818184]]]}, "properties": {"confidence_score": 0.0651, "site_id": "balaghat"}}, {"type": "Feature", "geometry": {"type": "Polygon", "coordinates": [[[80.19397365151515, 21.878702545454548], [80.19397365151515, 21.885400909090908], [80.18087004545454, 21.885400909090908], [80.18087004545454, 21.878702545454548], [80.19397365151515, 21.878702545454548]]]}, "properties": {"confidence_score": 0.5826, "site_id": "balaghat"}}, {"type": "Feature", "geometry": {"type": "Polygon", "coordinates": [[[80.20707725757576, 21.878702545454548], [80.20707725757576, 21.885400909090908], [80.19397365151515, 21.885400909090908], [80.19397365151515, 21.878702545454548], [80.20707725757576, 21.878702545454548]]]}, "properties": {"confidence_score": 0.7749, "site_id": "balaghat"}}, {"type": "Feature", "geometry": {"type": "Polygon", "coordinates": [[[80.22018086363636, 21.878702545454548], [80.22018086363636, 21.885400909090908], [80.20707725757575, 21.885400909090908], [80.20707725757575, 21.878702545454548], [80.22018086363636, 21.878702545454548]]]}, "properties": {"confidence_score": 0.6957, "site_id": "balaghat"}}, {"type": "Feature", "geometry": {"type": "Polygon", "coordinates": [[[80.23328446969697, 21.878702545454548], [80.23328446969697, 21.885400909090908], [80.22018086363636, 21.885400909090908], [80.22018086363636, 21.878702545454548], [80.23328446969697, 21.878702545454548]]]}, "properties": {"confidence_score": 0.715, "site_id": "balaghat"}}, {"type": "Feature", "geometry": {"type": "Polygon", "coordinates": [[[80.24638807575758, 21.878702545454548], [80.24638807575758, 21.885400909090908], [80.23328446969697, 21.885400909090908], [80.23328446969697, 21.878702545454548], [80.24638807575758, 21.878702545454548]]]}, "properties": {"confidence_score": 0.7041, "site_id": "balaghat"}}, {"type": "Feature", "geometry": {"type": "Polygon", "coordinates": [[[80.25949168181818, 21.878702545454548], [80.25949168181818, 21.885400909090908], [80.24638807575757, 21.885400909090908], [80.24638807575757, 21.878702545454548], [80.25949168181818, 21.878702545454548]]]}, "properties": {"confidence_score": 0.7645, "site_id": "balaghat"}}, {"type": "Feature", "geometry": {"type": "Polygon", "coordinates": [[[80.27259528787879, 21.878702545454548], [80.27259528787879, 21.885400909090908], [80.25949168181818, 21.885400909090908], [80.25949168181818, 21.878702545454548], [80.27259528787879, 21.878702545454548]]]}, "properties": {"confidence_score": 0.6841, "site_id": "balaghat"}}, {"type": "Feature", "geometry": {"type": "Polygon", "coordinates": [[[80.2856988939394, 21.878702545454548], [80.2856988939394, 21.885400909090908], [80.27259528787879, 21.885400909090908], [80.27259528787879, 21.878702545454548], [80.2856988939394, 21.878702545454548]]]}, "properties": {"confidence_score": 0.5935, "site_id": "balaghat"}}, {"type": "Feature", "geometry": {"type": "Polygon", "coordinates": [[[80.2988025, 21.878702545454548], [80.2988025, 21.885400909090908], [80.28569889393938, 21.885400909090908], [80.28569889393938, 21.878702545454548], [80.2988025, 21.878702545454548]]]}, "properties": {"confidence_score": 0.2058, "site_id": "balaghat"}}, {"type": "Feature", "geometry": {"type": "Polygon", "coordinates": [[[80.3119061060606, 21.878702545454548], [80.3119061060606, 21.885400909090908], [80.2988025, 21.885400909090908], [80.2988025, 21.878702545454548], [80.3119061060606, 21.878702545454548]]]}, "properties": {"confidence_score": 0.001, "site_id": "balaghat"}}, {"type": "Feature", "geometry": {"type": "Polygon", "coordinates": [[[80.32500971212121, 21.878702545454548], [80.32500971212121, 21.885400909090908], [80.3119061060606, 21.885400909090908], [80.3119061060606, 21.878702545454548], [80.32500971212121, 21.878702545454548]]]}, "properties": {"confidence_score": 0.0426, "site_id": "balaghat"}}, {"type": "Feature", "geometry": {"type": "Polygon", "coordinates": [[[80.33811331818183, 21.878702545454548], [80.33811331818183, 21.885400909090908], [80.32500971212121, 21.885400909090908], [80.32500971212121, 21.878702545454548], [80.33811331818183, 21.878702545454548]]]}, "properties": {"confidence_score": 0.1077, "site_id": "balaghat"}}, {"type": "Feature", "geometry": {"type": "Polygon", "coordinates": [[[80.35121692424242, 21.878702545454548], [80.35121692424242, 21.885400909090908], [80.33811331818181, 21.885400909090908], [80.33811331818181, 21.878702545454548], [80.35121692424242, 21.878702545454548]]]}, "properties": {"confidence_score": 0.5714, "site_id": "balaghat"}}, {"type": "Feature", "geometry": {"type": "Polygon", "coordinates": [[[80.36432053030303, 21.878702545454548], [80.36432053030303, 21.885400909090908], [80.35121692424242, 21.885400909090908], [80.35121692424242, 21.878702545454548], [80.36432053030303, 21.878702545454548]]]}, "properties": {"confidence_score": 0.7765, "site_id": "balaghat"}}, {"type": "Feature", "geometry": {"type": "Polygon", "coordinates": [[[80.37742413636364, 21.878702545454548], [80.37742413636364, 21.885400909090908], [80.36432053030303, 21.885400909090908], [80.36432053030303, 21.878702545454548], [80.37742413636364, 21.878702545454548]]]}, "properties": {"confidence_score": 0.3567, "site_id": "balaghat"}}, {"type": "Feature", "geometry": {"type": "Polygon", "coordinates": [[[80.39052774242424, 21.878702545454548], [80.39052774242424, 21.885400909090908], [80.37742413636363, 21.885400909090908], [80.37742413636363, 21.878702545454548], [80.39052774242424, 21.878702545454548]]]}, "properties": {"confidence_score": 0.0247, "site_id": "balaghat"}}, {"type": "Feature", "geometry": {"type": "Polygon", "coordinates": [[[80.40363134848485, 21.878702545454548], [80.40363134848485, 21.885400909090908], [80.39052774242424, 21.885400909090908], [80.39052774242424, 21.878702545454548], [80.40363134848485, 21.878702545454548]]]}, "properties": {"confidence_score": 0.0877, "site_id": "balaghat"}}, {"type": "Feature", "geometry": {"type": "Polygon", "coordinates": [[[80.41673495454546, 21.878702545454548], [80.41673495454546, 21.885400909090908], [80.40363134848485, 21.885400909090908], [80.40363134848485, 21.878702545454548], [80.41673495454546, 21.878702545454548]]]}, "properties": {"confidence_score": 0.0777, "site_id": "balaghat"}}, {"type": "Feature", "geometry": {"type": "Polygon", "coordinates": [[[80.42983856060606, 21.878702545454548], [80.42983856060606, 21.885400909090908], [80.41673495454545, 21.885400909090908], [80.41673495454545, 21.878702545454548], [80.42983856060606, 21.878702545454548]]]}, "properties": {"confidence_score": 0.1252, "site_id": "balaghat"}}, {"type": "Feature", "geometry": {"type": "Polygon", "coordinates": [[[80.44294216666667, 21.878702545454548], [80.44294216666667, 21.885400909090908], [80.42983856060606, 21.885400909090908], [80.42983856060606, 21.878702545454548], [80.44294216666667, 21.878702545454548]]]}, "properties": {"confidence_score": 0.0455, "site_id": "balaghat"}}, {"type": "Feature", "geometry": {"type": "Polygon", "coordinates": [[[80.45604577272728, 21.878702545454548], [80.45604577272728, 21.885400909090908], [80.44294216666667, 21.885400909090908], [80.44294216666667, 21.878702545454548], [80.45604577272728, 21.878702545454548]]]}, "properties": {"confidence_score": 0.0277, "site_id": "balaghat"}}, {"type": "Feature", "geometry": {"type": "Polygon", "coordinates": [[[80.46914937878788, 21.878702545454548], [80.46914937878788, 21.885400909090908], [80.45604577272726, 21.885400909090908], [80.45604577272726, 21.878702545454548], [80.46914937878788, 21.878702545454548]]]}, "properties": {"confidence_score": 0.0362, "site_id": "balaghat"}}, {"type": "Feature", "geometry": {"type": "Polygon", "coordinates": [[[80.48225298484849, 21.878702545454548], [80.48225298484849, 21.885400909090908], [80.46914937878788, 21.885400909090908], [80.46914937878788, 21.878702545454548], [80.48225298484849, 21.878702545454548]]]}, "properties": {"confidence_score": 0.0494, "site_id": "balaghat"}}, {"type": "Feature", "geometry": {"type": "Polygon", "coordinates": [[[80.4953565909091, 21.878702545454548], [80.4953565909091, 21.885400909090908], [80.48225298484849, 21.885400909090908], [80.48225298484849, 21.878702545454548], [80.4953565909091, 21.878702545454548]]]}, "properties": {"confidence_score": 0.0587, "site_id": "balaghat"}}, {"type": "Feature", "geometry": {"type": "Polygon", "coordinates": [[[80.5084601969697, 21.878702545454548], [80.5084601969697, 21.885400909090908], [80.49535659090908, 21.885400909090908], [80.49535659090908, 21.878702545454548], [80.5084601969697, 21.878702545454548]]]}, "properties": {"confidence_score": 0.0577, "site_id": "balaghat"}}, {"type": "Feature", "geometry": {"type": "Polygon", "coordinates": [[[80.5215638030303, 21.878702545454548], [80.5215638030303, 21.885400909090908], [80.5084601969697, 21.885400909090908], [80.5084601969697, 21.878702545454548], [80.5215638030303, 21.878702545454548]]]}, "properties": {"confidence_score": 0.0591, "site_id": "balaghat"}}, {"type": "Feature", "geometry": {"type": "Polygon", "coordinates": [[[80.19397365151515, 21.88540090909091], [80.19397365151515, 21.892099272727272], [80.18087004545454, 21.892099272727272], [80.18087004545454, 21.88540090909091], [80.19397365151515, 21.88540090909091]]]}, "properties": {"confidence_score": 0.5059, "site_id": "balaghat"}}, {"type": "Feature", "geometry": {"type": "Polygon", "coordinates": [[[80.20707725757576, 21.88540090909091], [80.20707725757576, 21.892099272727272], [80.19397365151515, 21.892099272727272], [80.19397365151515, 21.88540090909091], [80.20707725757576, 21.88540090909091]]]}, "properties": {"confidence_score": 0.7706, "site_id": "balaghat"}}, {"type": "Feature", "geometry": {"type": "Polygon", "coordinates": [[[80.22018086363636, 21.88540090909091], [80.22018086363636, 21.892099272727272], [80.20707725757575, 21.892099272727272], [80.20707725757575, 21.88540090909091], [80.22018086363636, 21.88540090909091]]]}, "properties": {"confidence_score": 0.7281, "site_id": "balaghat"}}, {"type": "Feature", "geometry": {"type": "Polygon", "coordinates": [[[80.23328446969697, 21.88540090909091], [80.23328446969697, 21.892099272727272], [80.22018086363636, 21.892099272727272], [80.22018086363636, 21.88540090909091], [80.23328446969697, 21.88540090909091]]]}, "properties": {"confidence_score": 0.7494, "site_id": "balaghat"}}, {"type": "Feature", "geometry": {"type": "Polygon", "coordinates": [[[80.24638807575758, 21.88540090909091], [80.24638807575758, 21.892099272727272], [80.23328446969697, 21.892099272727272], [80.23328446969697, 21.88540090909091], [80.24638807575758, 21.88540090909091]]]}, "properties": {"confidence_score": 0.7519, "site_id": "balaghat"}}, {"type": "Feature", "geometry": {"type": "Polygon", "coordinates": [[[80.25949168181818, 21.88540090909091], [80.25949168181818, 21.892099272727272], [80.24638807575757, 21.892099272727272], [80.24638807575757, 21.88540090909091], [80.25949168181818, 21.88540090909091]]]}, "properties": {"confidence_score": 0.7347, "site_id": "balaghat"}}, {"type": "Feature", "geometry": {"type": "Polygon", "coordinates": [[[80.27259528787879, 21.88540090909091], [80.27259528787879, 21.892099272727272], [80.25949168181818, 21.892099272727272], [80.25949168181818, 21.88540090909091], [80.27259528787879, 21.88540090909091]]]}, "properties": {"confidence_score": 0.5283, "site_id": "balaghat"}}, {"type": "Feature", "geometry": {"type": "Polygon", "coordinates": [[[80.2856988939394, 21.88540090909091], [80.2856988939394, 21.892099272727272], [80.27259528787879, 21.892099272727272], [80.27259528787879, 21.88540090909091], [80.2856988939394, 21.88540090909091]]]}, "properties": {"confidence_score": 0.2878, "site_id": "balaghat"}}, {"type": "Feature", "geometry": {"type": "Polygon", "coordinates": [[[80.2988025, 21.88540090909091], [80.2988025, 21.892099272727272], [80.28569889393938, 21.892099272727272], [80.28569889393938, 21.88540090909091], [80.2988025, 21.88540090909091]]]}, "properties": {"confidence_score": 0.1158, "site_id": "balaghat"}}, {"type": "Feature", "geometry": {"type": "Polygon", "coordinates": [[[80.3119061060606, 21.88540090909091], [80.3119061060606, 21.892099272727272], [80.2988025, 21.892099272727272], [80.2988025, 21.88540090909091], [80.3119061060606, 21.88540090909091]]]}, "properties": {"confidence_score": 0.0033, "site_id": "balaghat"}}, {"type": "Feature", "geometry": {"type": "Polygon", "coordinates": [[[80.32500971212121, 21.88540090909091], [80.32500971212121, 21.892099272727272], [80.3119061060606, 21.892099272727272], [80.3119061060606, 21.88540090909091], [80.32500971212121, 21.88540090909091]]]}, "properties": {"confidence_score": 0.0089, "site_id": "balaghat"}}, {"type": "Feature", "geometry": {"type": "Polygon", "coordinates": [[[80.33811331818183, 21.88540090909091], [80.33811331818183, 21.892099272727272], [80.32500971212121, 21.892099272727272], [80.32500971212121, 21.88540090909091], [80.33811331818183, 21.88540090909091]]]}, "properties": {"confidence_score": 0.0864, "site_id": "balaghat"}}, {"type": "Feature", "geometry": {"type": "Polygon", "coordinates": [[[80.35121692424242, 21.88540090909091], [80.35121692424242, 21.892099272727272], [80.33811331818181, 21.892099272727272], [80.33811331818181, 21.88540090909091], [80.35121692424242, 21.88540090909091]]]}, "properties": {"confidence_score": 0.5429, "site_id": "balaghat"}}, {"type": "Feature", "geometry": {"type": "Polygon", "coordinates": [[[80.36432053030303, 21.88540090909091], [80.36432053030303, 21.892099272727272], [80.35121692424242, 21.892099272727272], [80.35121692424242, 21.88540090909091], [80.36432053030303, 21.88540090909091]]]}, "properties": {"confidence_score": 0.728, "site_id": "balaghat"}}, {"type": "Feature", "geometry": {"type": "Polygon", "coordinates": [[[80.37742413636364, 21.88540090909091], [80.37742413636364, 21.892099272727272], [80.36432053030303, 21.892099272727272], [80.36432053030303, 21.88540090909091], [80.37742413636364, 21.88540090909091]]]}, "properties": {"confidence_score": 0.3541, "site_id": "balaghat"}}, {"type": "Feature", "geometry": {"type": "Polygon", "coordinates": [[[80.39052774242424, 21.88540090909091], [80.39052774242424, 21.892099272727272], [80.37742413636363, 21.892099272727272], [80.37742413636363, 21.88540090909091], [80.39052774242424, 21.88540090909091]]]}, "properties": {"confidence_score": 0.0586, "site_id": "balaghat"}}, {"type": "Feature", "geometry": {"type": "Polygon", "coordinates": [[[80.40363134848485, 21.88540090909091], [80.40363134848485, 21.892099272727272], [80.39052774242424, 21.892099272727272], [80.39052774242424, 21.88540090909091], [80.40363134848485, 21.88540090909091]]]}, "properties": {"confidence_score": 0.2266, "site_id": "balaghat"}}, {"type": "Feature", "geometry": {"type": "Polygon", "coordinates": [[[80.41673495454546, 21.88540090909091], [80.41673495454546, 21.892099272727272], [80.40363134848485, 21.892099272727272], [80.40363134848485, 21.88540090909091], [80.41673495454546, 21.88540090909091]]]}, "properties": {"confidence_score": 0.4142, "site_id": "balaghat"}}, {"type": "Feature", "geometry": {"type": "Polygon", "coordinates": [[[80.42983856060606, 21.88540090909091], [80.42983856060606, 21.892099272727272], [80.41673495454545, 21.892099272727272], [80.41673495454545, 21.88540090909091], [80.42983856060606, 21.88540090909091]]]}, "properties": {"confidence_score": 0.2327, "site_id": "balaghat"}}, {"type": "Feature", "geometry": {"type": "Polygon", "coordinates": [[[80.44294216666667, 21.88540090909091], [80.44294216666667, 21.892099272727272], [80.42983856060606, 21.892099272727272], [80.42983856060606, 21.88540090909091], [80.44294216666667, 21.88540090909091]]]}, "properties": {"confidence_score": 0.0508, "site_id": "balaghat"}}, {"type": "Feature", "geometry": {"type": "Polygon", "coordinates": [[[80.45604577272728, 21.88540090909091], [80.45604577272728, 21.892099272727272], [80.44294216666667, 21.892099272727272], [80.44294216666667, 21.88540090909091], [80.45604577272728, 21.88540090909091]]]}, "properties": {"confidence_score": 0.0241, "site_id": "balaghat"}}, {"type": "Feature", "geometry": {"type": "Polygon", "coordinates": [[[80.46914937878788, 21.88540090909091], [80.46914937878788, 21.892099272727272], [80.45604577272726, 21.892099272727272], [80.45604577272726, 21.88540090909091], [80.46914937878788, 21.88540090909091]]]}, "properties": {"confidence_score": 0.0412, "site_id": "balaghat"}}, {"type": "Feature", "geometry": {"type": "Polygon", "coordinates": [[[80.48225298484849, 21.88540090909091], [80.48225298484849, 21.892099272727272], [80.46914937878788, 21.892099272727272], [80.46914937878788, 21.88540090909091], [80.48225298484849, 21.88540090909091]]]}, "properties": {"confidence_score": 0.0511, "site_id": "balaghat"}}, {"type": "Feature", "geometry": {"type": "Polygon", "coordinates": [[[80.4953565909091, 21.88540090909091], [80.4953565909091, 21.892099272727272], [80.48225298484849, 21.892099272727272], [80.48225298484849, 21.88540090909091], [80.4953565909091, 21.88540090909091]]]}, "properties": {"confidence_score": 0.0532, "site_id": "balaghat"}}, {"type": "Feature", "geometry": {"type": "Polygon", "coordinates": [[[80.5084601969697, 21.88540090909091], [80.5084601969697, 21.892099272727272], [80.49535659090908, 21.892099272727272], [80.49535659090908, 21.88540090909091], [80.5084601969697, 21.88540090909091]]]}, "properties": {"confidence_score": 0.0519, "site_id": "balaghat"}}, {"type": "Feature", "geometry": {"type": "Polygon", "coordinates": [[[80.5215638030303, 21.88540090909091], [80.5215638030303, 21.892099272727272], [80.5084601969697, 21.892099272727272], [80.5084601969697, 21.88540090909091], [80.5215638030303, 21.88540090909091]]]}, "properties": {"confidence_score": 0.0527, "site_id": "balaghat"}}, {"type": "Feature", "geometry": {"type": "Polygon", "coordinates": [[[80.19397365151515, 21.892099272727275], [80.19397365151515, 21.898797636363636], [80.18087004545454, 21.898797636363636], [80.18087004545454, 21.892099272727275], [80.19397365151515, 21.892099272727275]]]}, "properties": {"confidence_score": 0.4009, "site_id": "balaghat"}}, {"type": "Feature", "geometry": {"type": "Polygon", "coordinates": [[[80.20707725757576, 21.892099272727275], [80.20707725757576, 21.898797636363636], [80.19397365151515, 21.898797636363636], [80.19397365151515, 21.892099272727275], [80.20707725757576, 21.892099272727275]]]}, "properties": {"confidence_score": 0.7017, "site_id": "balaghat"}}, {"type": "Feature", "geometry": {"type": "Polygon", "coordinates": [[[80.22018086363636, 21.892099272727275], [80.22018086363636, 21.898797636363636], [80.20707725757575, 21.898797636363636], [80.20707725757575, 21.892099272727275], [80.22018086363636, 21.892099272727275]]]}, "properties": {"confidence_score": 0.6943, "site_id": "balaghat"}}, {"type": "Feature", "geometry": {"type": "Polygon", "coordinates": [[[80.23328446969697, 21.892099272727275], [80.23328446969697, 21.898797636363636], [80.22018086363636, 21.898797636363636], [80.22018086363636, 21.892099272727275], [80.23328446969697, 21.892099272727275]]]}, "properties": {"confidence_score": 0.7589, "site_id": "balaghat"}}, {"type": "Feature", "geometry": {"type": "Polygon", "coordinates": [[[80.24638807575758, 21.892099272727275], [80.24638807575758, 21.898797636363636], [80.23328446969697, 21.898797636363636], [80.23328446969697, 21.892099272727275], [80.24638807575758, 21.892099272727275]]]}, "properties": {"confidence_score": 0.7712, "site_id": "balaghat"}}, {"type": "Feature", "geometry": {"type": "Polygon", "coordinates": [[[80.25949168181818, 21.892099272727275], [80.25949168181818, 21.898797636363636], [80.24638807575757, 21.898797636363636], [80.24638807575757, 21.892099272727275], [80.25949168181818, 21.892099272727275]]]}, "properties": {"confidence_score": 0.7132, "site_id": "balaghat"}}, {"type": "Feature", "geometry": {"type": "Polygon", "coordinates": [[[80.27259528787879, 21.892099272727275], [80.27259528787879, 21.898797636363636], [80.25949168181818, 21.898797636363636], [80.25949168181818, 21.892099272727275], [80.27259528787879, 21.892099272727275]]]}, "properties": {"confidence_score": 0.3956, "site_id": "balaghat"}}, {"type": "Feature", "geometry": {"type": "Polygon", "coordinates": [[[80.2856988939394, 21.892099272727275], [80.2856988939394, 21.898797636363636], [80.27259528787879, 21.898797636363636], [80.27259528787879, 21.892099272727275], [80.2856988939394, 21.892099272727275]]]}, "properties": {"confidence_score": 0.0498, "site_id": "balaghat"}}, {"type": "Feature", "geometry": {"type": "Polygon", "coordinates": [[[80.2988025, 21.892099272727275], [80.2988025, 21.898797636363636], [80.28569889393938, 21.898797636363636], [80.28569889393938, 21.892099272727275], [80.2988025, 21.892099272727275]]]}, "properties": {"confidence_score": 0.0381, "site_id": "balaghat"}}, {"type": "Feature", "geometry": {"type": "Polygon", "coordinates": [[[80.3119061060606, 21.892099272727275], [80.3119061060606, 21.898797636363636], [80.2988025, 21.898797636363636], [80.2988025, 21.892099272727275], [80.3119061060606, 21.892099272727275]]]}, "properties": {"confidence_score": 0.0066, "site_id": "balaghat"}}, {"type": "Feature", "geometry": {"type": "Polygon", "coordinates": [[[80.32500971212121, 21.892099272727275], [80.32500971212121, 21.898797636363636], [80.3119061060606, 21.898797636363636], [80.3119061060606, 21.892099272727275], [80.32500971212121, 21.892099272727275]]]}, "properties": {"confidence_score": 0.0666, "site_id": "balaghat"}}, {"type": "Feature", "geometry": {"type": "Polygon", "coordinates": [[[80.33811331818183, 21.892099272727275], [80.33811331818183, 21.898797636363636], [80.32500971212121, 21.898797636363636], [80.32500971212121, 21.892099272727275], [80.33811331818183, 21.892099272727275]]]}, "properties": {"confidence_score": 0.1355, "site_id": "balaghat"}}, {"type": "Feature", "geometry": {"type": "Polygon", "coordinates": [[[80.35121692424242, 21.892099272727275], [80.35121692424242, 21.898797636363636], [80.33811331818181, 21.898797636363636], [80.33811331818181, 21.892099272727275], [80.35121692424242, 21.892099272727275]]]}, "properties": {"confidence_score": 0.5691, "site_id": "balaghat"}}, {"type": "Feature", "geometry": {"type": "Polygon", "coordinates": [[[80.36432053030303, 21.892099272727275], [80.36432053030303, 21.898797636363636], [80.35121692424242, 21.898797636363636], [80.35121692424242, 21.892099272727275], [80.36432053030303, 21.892099272727275]]]}, "properties": {"confidence_score": 0.7413, "site_id": "balaghat"}}, {"type": "Feature", "geometry": {"type": "Polygon", "coordinates": [[[80.37742413636364, 21.892099272727275], [80.37742413636364, 21.898797636363636], [80.36432053030303, 21.898797636363636], [80.36432053030303, 21.892099272727275], [80.37742413636364, 21.892099272727275]]]}, "properties": {"confidence_score": 0.3421, "site_id": "balaghat"}}, {"type": "Feature", "geometry": {"type": "Polygon", "coordinates": [[[80.39052774242424, 21.892099272727275], [80.39052774242424, 21.898797636363636], [80.37742413636363, 21.898797636363636], [80.37742413636363, 21.892099272727275], [80.39052774242424, 21.892099272727275]]]}, "properties": {"confidence_score": 0.0445, "site_id": "balaghat"}}, {"type": "Feature", "geometry": {"type": "Polygon", "coordinates": [[[80.40363134848485, 21.892099272727275], [80.40363134848485, 21.898797636363636], [80.39052774242424, 21.898797636363636], [80.39052774242424, 21.892099272727275], [80.40363134848485, 21.892099272727275]]]}, "properties": {"confidence_score": 0.3538, "site_id": "balaghat"}}, {"type": "Feature", "geometry": {"type": "Polygon", "coordinates": [[[80.41673495454546, 21.892099272727275], [80.41673495454546, 21.898797636363636], [80.40363134848485, 21.898797636363636], [80.40363134848485, 21.892099272727275], [80.41673495454546, 21.892099272727275]]]}, "properties": {"confidence_score": 0.7239, "site_id": "balaghat"}}, {"type": "Feature", "geometry": {"type": "Polygon", "coordinates": [[[80.42983856060606, 21.892099272727275], [80.42983856060606, 21.898797636363636], [80.41673495454545, 21.898797636363636], [80.41673495454545, 21.892099272727275], [80.42983856060606, 21.892099272727275]]]}, "properties": {"confidence_score": 0.329, "site_id": "balaghat"}}, {"type": "Feature", "geometry": {"type": "Polygon", "coordinates": [[[80.44294216666667, 21.892099272727275], [80.44294216666667, 21.898797636363636], [80.42983856060606, 21.898797636363636], [80.42983856060606, 21.892099272727275], [80.44294216666667, 21.892099272727275]]]}, "properties": {"confidence_score": 0.0412, "site_id": "balaghat"}}, {"type": "Feature", "geometry": {"type": "Polygon", "coordinates": [[[80.45604577272728, 21.892099272727275], [80.45604577272728, 21.898797636363636], [80.44294216666667, 21.898797636363636], [80.44294216666667, 21.892099272727275], [80.45604577272728, 21.892099272727275]]]}, "properties": {"confidence_score": 0.0248, "site_id": "balaghat"}}, {"type": "Feature", "geometry": {"type": "Polygon", "coordinates": [[[80.46914937878788, 21.892099272727275], [80.46914937878788, 21.898797636363636], [80.45604577272726, 21.898797636363636], [80.45604577272726, 21.892099272727275], [80.46914937878788, 21.892099272727275]]]}, "properties": {"confidence_score": 0.0481, "site_id": "balaghat"}}, {"type": "Feature", "geometry": {"type": "Polygon", "coordinates": [[[80.48225298484849, 21.892099272727275], [80.48225298484849, 21.898797636363636], [80.46914937878788, 21.898797636363636], [80.46914937878788, 21.892099272727275], [80.48225298484849, 21.892099272727275]]]}, "properties": {"confidence_score": 0.0582, "site_id": "balaghat"}}, {"type": "Feature", "geometry": {"type": "Polygon", "coordinates": [[[80.4953565909091, 21.892099272727275], [80.4953565909091, 21.898797636363636], [80.48225298484849, 21.898797636363636], [80.48225298484849, 21.892099272727275], [80.4953565909091, 21.892099272727275]]]}, "properties": {"confidence_score": 0.0504, "site_id": "balaghat"}}, {"type": "Feature", "geometry": {"type": "Polygon", "coordinates": [[[80.5084601969697, 21.892099272727275], [80.5084601969697, 21.898797636363636], [80.49535659090908, 21.898797636363636], [80.49535659090908, 21.892099272727275], [80.5084601969697, 21.892099272727275]]]}, "properties": {"confidence_score": 0.0461, "site_id": "balaghat"}}, {"type": "Feature", "geometry": {"type": "Polygon", "coordinates": [[[80.5215638030303, 21.892099272727275], [80.5215638030303, 21.898797636363636], [80.5084601969697, 21.898797636363636], [80.5084601969697, 21.892099272727275], [80.5215638030303, 21.892099272727275]]]}, "properties": {"confidence_score": 0.046, "site_id": "balaghat"}}, {"type": "Feature", "geometry": {"type": "Polygon", "coordinates": [[[80.19397365151515, 21.89879763636364], [80.19397365151515, 21.905496], [80.18087004545454, 21.905496], [80.18087004545454, 21.89879763636364], [80.19397365151515, 21.89879763636364]]]}, "properties": {"confidence_score": 0.2305, "site_id": "balaghat"}}, {"type": "Feature", "geometry": {"type": "Polygon", "coordinates": [[[80.20707725757576, 21.89879763636364], [80.20707725757576, 21.905496], [80.19397365151515, 21.905496], [80.19397365151515, 21.89879763636364], [80.20707725757576, 21.89879763636364]]]}, "properties": {"confidence_score": 0.4007, "site_id": "balaghat"}}, {"type": "Feature", "geometry": {"type": "Polygon", "coordinates": [[[80.22018086363636, 21.89879763636364], [80.22018086363636, 21.905496], [80.20707725757575, 21.905496], [80.20707725757575, 21.89879763636364], [80.22018086363636, 21.89879763636364]]]}, "properties": {"confidence_score": 0.6239, "site_id": "balaghat"}}, {"type": "Feature", "geometry": {"type": "Polygon", "coordinates": [[[80.23328446969697, 21.89879763636364], [80.23328446969697, 21.905496], [80.22018086363636, 21.905496], [80.22018086363636, 21.89879763636364], [80.23328446969697, 21.89879763636364]]]}, "properties": {"confidence_score": 0.776, "site_id": "balaghat"}}, {"type": "Feature", "geometry": {"type": "Polygon", "coordinates": [[[80.24638807575758, 21.89879763636364], [80.24638807575758, 21.905496], [80.23328446969697, 21.905496], [80.23328446969697, 21.89879763636364], [80.24638807575758, 21.89879763636364]]]}, "properties": {"confidence_score": 0.7757, "site_id": "balaghat"}}, {"type": "Feature", "geometry": {"type": "Polygon", "coordinates": [[[80.25949168181818, 21.89879763636364], [80.25949168181818, 21.905496], [80.24638807575757, 21.905496], [80.24638807575757, 21.89879763636364], [80.25949168181818, 21.89879763636364]]]}, "properties": {"confidence_score": 0.6619, "site_id": "balaghat"}}, {"type": "Feature", "geometry": {"type": "Polygon", "coordinates": [[[80.27259528787879, 21.89879763636364], [80.27259528787879, 21.905496], [80.25949168181818, 21.905496], [80.25949168181818, 21.89879763636364], [80.27259528787879, 21.89879763636364]]]}, "properties": {"confidence_score": 0.3374, "site_id": "balaghat"}}, {"type": "Feature", "geometry": {"type": "Polygon", "coordinates": [[[80.2856988939394, 21.89879763636364], [80.2856988939394, 21.905496], [80.27259528787879, 21.905496], [80.27259528787879, 21.89879763636364], [80.2856988939394, 21.89879763636364]]]}, "properties": {"confidence_score": 0.0361, "site_id": "balaghat"}}, {"type": "Feature", "geometry": {"type": "Polygon", "coordinates": [[[80.2988025, 21.89879763636364], [80.2988025, 21.905496], [80.28569889393938, 21.905496], [80.28569889393938, 21.89879763636364], [80.2988025, 21.89879763636364]]]}, "properties": {"confidence_score": 0.0, "site_id": "balaghat"}}, {"type": "Feature", "geometry": {"type": "Polygon", "coordinates": [[[80.3119061060606, 21.89879763636364], [80.3119061060606, 21.905496], [80.2988025, 21.905496], [80.2988025, 21.89879763636364], [80.3119061060606, 21.89879763636364]]]}, "properties": {"confidence_score": 0.0213, "site_id": "balaghat"}}, {"type": "Feature", "geometry": {"type": "Polygon", "coordinates": [[[80.32500971212121, 21.89879763636364], [80.32500971212121, 21.905496], [80.3119061060606, 21.905496], [80.3119061060606, 21.89879763636364], [80.32500971212121, 21.89879763636364]]]}, "properties": {"confidence_score": 0.1851, "site_id": "balaghat"}}, {"type": "Feature", "geometry": {"type": "Polygon", "coordinates": [[[80.33811331818183, 21.89879763636364], [80.33811331818183, 21.905496], [80.32500971212121, 21.905496], [80.32500971212121, 21.89879763636364], [80.33811331818183, 21.89879763636364]]]}, "properties": {"confidence_score": 0.4585, "site_id": "balaghat"}}, {"type": "Feature", "geometry": {"type": "Polygon", "coordinates": [[[80.35121692424242, 21.89879763636364], [80.35121692424242, 21.905496], [80.33811331818181, 21.905496], [80.33811331818181, 21.89879763636364], [80.35121692424242, 21.89879763636364]]]}, "properties": {"confidence_score": 0.6215, "site_id": "balaghat"}}, {"type": "Feature", "geometry": {"type": "Polygon", "coordinates": [[[80.36432053030303, 21.89879763636364], [80.36432053030303, 21.905496], [80.35121692424242, 21.905496], [80.35121692424242, 21.89879763636364], [80.36432053030303, 21.89879763636364]]]}, "properties": {"confidence_score": 0.6952, "site_id": "balaghat"}}, {"type": "Feature", "geometry": {"type": "Polygon", "coordinates": [[[80.37742413636364, 21.89879763636364], [80.37742413636364, 21.905496], [80.36432053030303, 21.905496], [80.36432053030303, 21.89879763636364], [80.37742413636364, 21.89879763636364]]]}, "properties": {"confidence_score": 0.3266, "site_id": "balaghat"}}, {"type": "Feature", "geometry": {"type": "Polygon", "coordinates": [[[80.39052774242424, 21.89879763636364], [80.39052774242424, 21.905496], [80.37742413636363, 21.905496], [80.37742413636363, 21.89879763636364], [80.39052774242424, 21.89879763636364]]]}, "properties": {"confidence_score": 0.0801, "site_id": "balaghat"}}, {"type": "Feature", "geometry": {"type": "Polygon", "coordinates": [[[80.40363134848485, 21.89879763636364], [80.40363134848485, 21.905496], [80.39052774242424, 21.905496], [80.39052774242424, 21.89879763636364], [80.40363134848485, 21.89879763636364]]]}, "properties": {"confidence_score": 0.4189, "site_id": "balaghat"}}, {"type": "Feature", "geometry": {"type": "Polygon", "coordinates": [[[80.41673495454546, 21.89879763636364], [80.41673495454546, 21.905496], [80.40363134848485, 21.905496], [80.40363134848485, 21.89879763636364], [80.41673495454546, 21.89879763636364]]]}, "properties": {"confidence_score": 0.7325, "site_id": "balaghat"}}, {"type": "Feature", "geometry": {"type": "Polygon", "coordinates": [[[80.42983856060606, 21.89879763636364], [80.42983856060606, 21.905496], [80.41673495454545, 21.905496], [80.41673495454545, 21.89879763636364], [80.42983856060606, 21.89879763636364]]]}, "properties": {"confidence_score": 0.3766, "site_id": "balaghat"}}, {"type": "Feature", "geometry": {"type": "Polygon", "coordinates": [[[80.44294216666667, 21.89879763636364], [80.44294216666667, 21.905496], [80.42983856060606, 21.905496], [80.42983856060606, 21.89879763636364], [80.44294216666667, 21.89879763636364]]]}, "properties": {"confidence_score": 0.0478, "site_id": "balaghat"}}, {"type": "Feature", "geometry": {"type": "Polygon", "coordinates": [[[80.45604577272728, 21.89879763636364], [80.45604577272728, 21.905496], [80.44294216666667, 21.905496], [80.44294216666667, 21.89879763636364], [80.45604577272728, 21.89879763636364]]]}, "properties": {"confidence_score": 0.0458, "site_id": "balaghat"}}, {"type": "Feature", "geometry": {"type": "Polygon", "coordinates": [[[80.46914937878788, 21.89879763636364], [80.46914937878788, 21.905496], [80.45604577272726, 21.905496], [80.45604577272726, 21.89879763636364], [80.46914937878788, 21.89879763636364]]]}, "properties": {"confidence_score": 0.0476, "site_id": "balaghat"}}, {"type": "Feature", "geometry": {"type": "Polygon", "coordinates": [[[80.48225298484849, 21.89879763636364], [80.48225298484849, 21.905496], [80.46914937878788, 21.905496], [80.46914937878788, 21.89879763636364], [80.48225298484849, 21.89879763636364]]]}, "properties": {"confidence_score": 0.0828, "site_id": "balaghat"}}, {"type": "Feature", "geometry": {"type": "Polygon", "coordinates": [[[80.4953565909091, 21.89879763636364], [80.4953565909091, 21.905496], [80.48225298484849, 21.905496], [80.48225298484849, 21.89879763636364], [80.4953565909091, 21.89879763636364]]]}, "properties": {"confidence_score": 0.0533, "site_id": "balaghat"}}, {"type": "Feature", "geometry": {"type": "Polygon", "coordinates": [[[80.5084601969697, 21.89879763636364], [80.5084601969697, 21.905496], [80.49535659090908, 21.905496], [80.49535659090908, 21.89879763636364], [80.5084601969697, 21.89879763636364]]]}, "properties": {"confidence_score": 0.0403, "site_id": "balaghat"}}, {"type": "Feature", "geometry": {"type": "Polygon", "coordinates": [[[80.5215638030303, 21.89879763636364], [80.5215638030303, 21.905496], [80.5084601969697, 21.905496], [80.5084601969697, 21.89879763636364], [80.5215638030303, 21.89879763636364]]]}, "properties": {"confidence_score": 0.0488, "site_id": "balaghat"}}, {"type": "Feature", "geometry": {"type": "Polygon", "coordinates": [[[80.19397365151515, 21.905496000000003], [80.19397365151515, 21.912194363636363], [80.18087004545454, 21.912194363636363], [80.18087004545454, 21.905496000000003], [80.19397365151515, 21.905496000000003]]]}, "properties": {"confidence_score": 0.0868, "site_id": "balaghat"}}, {"type": "Feature", "geometry": {"type": "Polygon", "coordinates": [[[80.20707725757576, 21.905496000000003], [80.20707725757576, 21.912194363636363], [80.19397365151515, 21.912194363636363], [80.19397365151515, 21.905496000000003], [80.20707725757576, 21.905496000000003]]]}, "properties": {"confidence_score": 0.1538, "site_id": "balaghat"}}, {"type": "Feature", "geometry": {"type": "Polygon", "coordinates": [[[80.22018086363636, 21.905496000000003], [80.22018086363636, 21.912194363636363], [80.20707725757575, 21.912194363636363], [80.20707725757575, 21.905496000000003], [80.22018086363636, 21.905496000000003]]]}, "properties": {"confidence_score": 0.5525, "site_id": "balaghat"}}, {"type": "Feature", "geometry": {"type": "Polygon", "coordinates": [[[80.23328446969697, 21.905496000000003], [80.23328446969697, 21.912194363636363], [80.22018086363636, 21.912194363636363], [80.22018086363636, 21.905496000000003], [80.23328446969697, 21.905496000000003]]]}, "properties": {"confidence_score": 0.798, "site_id": "balaghat"}}, {"type": "Feature", "geometry": {"type": "Polygon", "coordinates": [[[80.24638807575758, 21.905496000000003], [80.24638807575758, 21.912194363636363], [80.23328446969697, 21.912194363636363], [80.23328446969697, 21.905496000000003], [80.24638807575758, 21.905496000000003]]]}, "properties": {"confidence_score": 0.7836, "site_id": "balaghat"}}, {"type": "Feature", "geometry": {"type": "Polygon", "coordinates": [[[80.25949168181818, 21.905496000000003], [80.25949168181818, 21.912194363636363], [80.24638807575757, 21.912194363636363], [80.24638807575757, 21.905496000000003], [80.25949168181818, 21.905496000000003]]]}, "properties": {"confidence_score": 0.6583, "site_id": "balaghat"}}, {"type": "Feature", "geometry": {"type": "Polygon", "coordinates": [[[80.27259528787879, 21.905496000000003], [80.27259528787879, 21.912194363636363], [80.25949168181818, 21.912194363636363], [80.25949168181818, 21.905496000000003], [80.27259528787879, 21.905496000000003]]]}, "properties": {"confidence_score": 0.3271, "site_id": "balaghat"}}, {"type": "Feature", "geometry": {"type": "Polygon", "coordinates": [[[80.2856988939394, 21.905496000000003], [80.2856988939394, 21.912194363636363], [80.27259528787879, 21.912194363636363], [80.27259528787879, 21.905496000000003], [80.2856988939394, 21.905496000000003]]]}, "properties": {"confidence_score": 0.0309, "site_id": "balaghat"}}, {"type": "Feature", "geometry": {"type": "Polygon", "coordinates": [[[80.2988025, 21.905496000000003], [80.2988025, 21.912194363636363], [80.28569889393938, 21.912194363636363], [80.28569889393938, 21.905496000000003], [80.2988025, 21.905496000000003]]]}, "properties": {"confidence_score": 0.0, "site_id": "balaghat"}}, {"type": "Feature", "geometry": {"type": "Polygon", "coordinates": [[[80.3119061060606, 21.905496000000003], [80.3119061060606, 21.912194363636363], [80.2988025, 21.912194363636363], [80.2988025, 21.905496000000003], [80.3119061060606, 21.905496000000003]]]}, "properties": {"confidence_score": 0.0231, "site_id": "balaghat"}}, {"type": "Feature", "geometry": {"type": "Polygon", "coordinates": [[[80.32500971212121, 21.905496000000003], [80.32500971212121, 21.912194363636363], [80.3119061060606, 21.912194363636363], [80.3119061060606, 21.905496000000003], [80.32500971212121, 21.905496000000003]]]}, "properties": {"confidence_score": 0.2407, "site_id": "balaghat"}}, {"type": "Feature", "geometry": {"type": "Polygon", "coordinates": [[[80.33811331818183, 21.905496000000003], [80.33811331818183, 21.912194363636363], [80.32500971212121, 21.912194363636363], [80.32500971212121, 21.905496000000003], [80.33811331818183, 21.905496000000003]]]}, "properties": {"confidence_score": 0.6534, "site_id": "balaghat"}}, {"type": "Feature", "geometry": {"type": "Polygon", "coordinates": [[[80.35121692424242, 21.905496000000003], [80.35121692424242, 21.912194363636363], [80.33811331818181, 21.912194363636363], [80.33811331818181, 21.905496000000003], [80.35121692424242, 21.905496000000003]]]}, "properties": {"confidence_score": 0.6278, "site_id": "balaghat"}}, {"type": "Feature", "geometry": {"type": "Polygon", "coordinates": [[[80.36432053030303, 21.905496000000003], [80.36432053030303, 21.912194363636363], [80.35121692424242, 21.912194363636363], [80.35121692424242, 21.905496000000003], [80.36432053030303, 21.905496000000003]]]}, "properties": {"confidence_score": 0.697, "site_id": "balaghat"}}, {"type": "Feature", "geometry": {"type": "Polygon", "coordinates": [[[80.37742413636364, 21.905496000000003], [80.37742413636364, 21.912194363636363], [80.36432053030303, 21.912194363636363], [80.36432053030303, 21.905496000000003], [80.37742413636364, 21.905496000000003]]]}, "properties": {"confidence_score": 0.3058, "site_id": "balaghat"}}, {"type": "Feature", "geometry": {"type": "Polygon", "coordinates": [[[80.39052774242424, 21.905496000000003], [80.39052774242424, 21.912194363636363], [80.37742413636363, 21.912194363636363], [80.37742413636363, 21.905496000000003], [80.39052774242424, 21.905496000000003]]]}, "properties": {"confidence_score": 0.0425, "site_id": "balaghat"}}, {"type": "Feature", "geometry": {"type": "Polygon", "coordinates": [[[80.40363134848485, 21.905496000000003], [80.40363134848485, 21.912194363636363], [80.39052774242424, 21.912194363636363], [80.39052774242424, 21.905496000000003], [80.40363134848485, 21.905496000000003]]]}, "properties": {"confidence_score": 0.4344, "site_id": "balaghat"}}, {"type": "Feature", "geometry": {"type": "Polygon", "coordinates": [[[80.41673495454546, 21.905496000000003], [80.41673495454546, 21.912194363636363], [80.40363134848485, 21.912194363636363], [80.40363134848485, 21.905496000000003], [80.41673495454546, 21.905496000000003]]]}, "properties": {"confidence_score": 0.7936, "site_id": "balaghat"}}, {"type": "Feature", "geometry": {"type": "Polygon", "coordinates": [[[80.42983856060606, 21.905496000000003], [80.42983856060606, 21.912194363636363], [80.41673495454545, 21.912194363636363], [80.41673495454545, 21.905496000000003], [80.42983856060606, 21.905496000000003]]]}, "properties": {"confidence_score": 0.3851, "site_id": "balaghat"}}, {"type": "Feature", "geometry": {"type": "Polygon", "coordinates": [[[80.44294216666667, 21.905496000000003], [80.44294216666667, 21.912194363636363], [80.42983856060606, 21.912194363636363], [80.42983856060606, 21.905496000000003], [80.44294216666667, 21.905496000000003]]]}, "properties": {"confidence_score": 0.0208, "site_id": "balaghat"}}, {"type": "Feature", "geometry": {"type": "Polygon", "coordinates": [[[80.45604577272728, 21.905496000000003], [80.45604577272728, 21.912194363636363], [80.44294216666667, 21.912194363636363], [80.44294216666667, 21.905496000000003], [80.45604577272728, 21.905496000000003]]]}, "properties": {"confidence_score": 0.1228, "site_id": "balaghat"}}, {"type": "Feature", "geometry": {"type": "Polygon", "coordinates": [[[80.46914937878788, 21.905496000000003], [80.46914937878788, 21.912194363636363], [80.45604577272726, 21.912194363636363], [80.45604577272726, 21.905496000000003], [80.46914937878788, 21.905496000000003]]]}, "properties": {"confidence_score": 0.1168, "site_id": "balaghat"}}, {"type": "Feature", "geometry": {"type": "Polygon", "coordinates": [[[80.48225298484849, 21.905496000000003], [80.48225298484849, 21.912194363636363], [80.46914937878788, 21.912194363636363], [80.46914937878788, 21.905496000000003], [80.48225298484849, 21.905496000000003]]]}, "properties": {"confidence_score": 0.1469, "site_id": "balaghat"}}, {"type": "Feature", "geometry": {"type": "Polygon", "coordinates": [[[80.4953565909091, 21.905496000000003], [80.4953565909091, 21.912194363636363], [80.48225298484849, 21.912194363636363], [80.48225298484849, 21.905496000000003], [80.4953565909091, 21.905496000000003]]]}, "properties": {"confidence_score": 0.0539, "site_id": "balaghat"}}, {"type": "Feature", "geometry": {"type": "Polygon", "coordinates": [[[80.5084601969697, 21.905496000000003], [80.5084601969697, 21.912194363636363], [80.49535659090908, 21.912194363636363], [80.49535659090908, 21.905496000000003], [80.5084601969697, 21.905496000000003]]]}, "properties": {"confidence_score": 0.0307, "site_id": "balaghat"}}, {"type": "Feature", "geometry": {"type": "Polygon", "coordinates": [[[80.5215638030303, 21.905496000000003], [80.5215638030303, 21.912194363636363], [80.5084601969697, 21.912194363636363], [80.5084601969697, 21.905496000000003], [80.5215638030303, 21.905496000000003]]]}, "properties": {"confidence_score": 0.0488, "site_id": "balaghat"}}, {"type": "Feature", "geometry": {"type": "Polygon", "coordinates": [[[80.19397365151515, 21.912194363636367], [80.19397365151515, 21.918892727272727], [80.18087004545454, 21.918892727272727], [80.18087004545454, 21.912194363636367], [80.19397365151515, 21.912194363636367]]]}, "properties": {"confidence_score": 0.0319, "site_id": "balaghat"}}, {"type": "Feature", "geometry": {"type": "Polygon", "coordinates": [[[80.20707725757576, 21.912194363636367], [80.20707725757576, 21.918892727272727], [80.19397365151515, 21.918892727272727], [80.19397365151515, 21.912194363636367], [80.20707725757576, 21.912194363636367]]]}, "properties": {"confidence_score": 0.1219, "site_id": "balaghat"}}, {"type": "Feature", "geometry": {"type": "Polygon", "coordinates": [[[80.22018086363636, 21.912194363636367], [80.22018086363636, 21.918892727272727], [80.20707725757575, 21.918892727272727], [80.20707725757575, 21.912194363636367], [80.22018086363636, 21.912194363636367]]]}, "properties": {"confidence_score": 0.4905, "site_id": "balaghat"}}, {"type": "Feature", "geometry": {"type": "Polygon", "coordinates": [[[80.23328446969697, 21.912194363636367], [80.23328446969697, 21.918892727272727], [80.22018086363636, 21.918892727272727], [80.22018086363636, 21.912194363636367], [80.23328446969697, 21.912194363636367]]]}, "properties": {"confidence_score": 0.7875, "site_id": "balaghat"}}, {"type": "Feature", "geometry": {"type": "Polygon", "coordinates": [[[80.24638807575758, 21.912194363636367], [80.24638807575758, 21.918892727272727], [80.23328446969697, 21.918892727272727], [80.23328446969697, 21.912194363636367], [80.24638807575758, 21.912194363636367]]]}, "properties": {"confidence_score": 0.7883, "site_id": "balaghat"}}, {"type": "Feature", "geometry": {"type": "Polygon", "coordinates": [[[80.25949168181818, 21.912194363636367], [80.25949168181818, 21.918892727272727], [80.24638807575757, 21.918892727272727], [80.24638807575757, 21.912194363636367], [80.25949168181818, 21.912194363636367]]]}, "properties": {"confidence_score": 0.6995, "site_id": "balaghat"}}, {"type": "Feature", "geometry": {"type": "Polygon", "coordinates": [[[80.27259528787879, 21.912194363636367], [80.27259528787879, 21.918892727272727], [80.25949168181818, 21.918892727272727], [80.25949168181818, 21.912194363636367], [80.27259528787879, 21.912194363636367]]]}, "properties": {"confidence_score": 0.3374, "site_id": "balaghat"}}, {"type": "Feature", "geometry": {"type": "Polygon", "coordinates": [[[80.2856988939394, 21.912194363636367], [80.2856988939394, 21.918892727272727], [80.27259528787879, 21.918892727272727], [80.27259528787879, 21.912194363636367], [80.2856988939394, 21.912194363636367]]]}, "properties": {"confidence_score": 0.0435, "site_id": "balaghat"}}, {"type": "Feature", "geometry": {"type": "Polygon", "coordinates": [[[80.2988025, 21.912194363636367], [80.2988025, 21.918892727272727], [80.28569889393938, 21.918892727272727], [80.28569889393938, 21.912194363636367], [80.2988025, 21.912194363636367]]]}, "properties": {"confidence_score": 0.0, "site_id": "balaghat"}}, {"type": "Feature", "geometry": {"type": "Polygon", "coordinates": [[[80.3119061060606, 21.912194363636367], [80.3119061060606, 21.918892727272727], [80.2988025, 21.918892727272727], [80.2988025, 21.912194363636367], [80.3119061060606, 21.912194363636367]]]}, "properties": {"confidence_score": 0.0236, "site_id": "balaghat"}}, {"type": "Feature", "geometry": {"type": "Polygon", "coordinates": [[[80.32500971212121, 21.912194363636367], [80.32500971212121, 21.918892727272727], [80.3119061060606, 21.918892727272727], [80.3119061060606, 21.912194363636367], [80.32500971212121, 21.912194363636367]]]}, "properties": {"confidence_score": 0.1679, "site_id": "balaghat"}}, {"type": "Feature", "geometry": {"type": "Polygon", "coordinates": [[[80.33811331818183, 21.912194363636367], [80.33811331818183, 21.918892727272727], [80.32500971212121, 21.918892727272727], [80.32500971212121, 21.912194363636367], [80.33811331818183, 21.912194363636367]]]}, "properties": {"confidence_score": 0.3572, "site_id": "balaghat"}}, {"type": "Feature", "geometry": {"type": "Polygon", "coordinates": [[[80.35121692424242, 21.912194363636367], [80.35121692424242, 21.918892727272727], [80.33811331818181, 21.918892727272727], [80.33811331818181, 21.912194363636367], [80.35121692424242, 21.912194363636367]]]}, "properties": {"confidence_score": 0.5388, "site_id": "balaghat"}}, {"type": "Feature", "geometry": {"type": "Polygon", "coordinates": [[[80.36432053030303, 21.912194363636367], [80.36432053030303, 21.918892727272727], [80.35121692424242, 21.918892727272727], [80.35121692424242, 21.912194363636367], [80.36432053030303, 21.912194363636367]]]}, "properties": {"confidence_score": 0.6322, "site_id": "balaghat"}}, {"type": "Feature", "geometry": {"type": "Polygon", "coordinates": [[[80.37742413636364, 21.912194363636367], [80.37742413636364, 21.918892727272727], [80.36432053030303, 21.918892727272727], [80.36432053030303, 21.912194363636367], [80.37742413636364, 21.912194363636367]]]}, "properties": {"confidence_score": 0.276, "site_id": "balaghat"}}, {"type": "Feature", "geometry": {"type": "Polygon", "coordinates": [[[80.39052774242424, 21.912194363636367], [80.39052774242424, 21.918892727272727], [80.37742413636363, 21.918892727272727], [80.37742413636363, 21.912194363636367], [80.39052774242424, 21.912194363636367]]]}, "properties": {"confidence_score": 0.0775, "site_id": "balaghat"}}, {"type": "Feature", "geometry": {"type": "Polygon", "coordinates": [[[80.40363134848485, 21.912194363636367], [80.40363134848485, 21.918892727272727], [80.39052774242424, 21.918892727272727], [80.39052774242424, 21.912194363636367], [80.40363134848485, 21.912194363636367]]]}, "properties": {"confidence_score": 0.4065, "site_id": "balaghat"}}, {"type": "Feature", "geometry": {"type": "Polygon", "coordinates": [[[80.41673495454546, 21.912194363636367], [80.41673495454546, 21.918892727272727], [80.40363134848485, 21.918892727272727], [80.40363134848485, 21.912194363636367], [80.41673495454546, 21.912194363636367]]]}, "properties": {"confidence_score": 0.724, "site_id": "balaghat"}}, {"type": "Feature", "geometry": {"type": "Polygon", "coordinates": [[[80.42983856060606, 21.912194363636367], [80.42983856060606, 21.918892727272727], [80.41673495454545, 21.918892727272727], [80.41673495454545, 21.912194363636367], [80.42983856060606, 21.912194363636367]]]}, "properties": {"confidence_score": 0.3761, "site_id": "balaghat"}}, {"type": "Feature", "geometry": {"type": "Polygon", "coordinates": [[[80.44294216666667, 21.912194363636367], [80.44294216666667, 21.918892727272727], [80.42983856060606, 21.918892727272727], [80.42983856060606, 21.912194363636367], [80.44294216666667, 21.912194363636367]]]}, "properties": {"confidence_score": 0.0531, "site_id": "balaghat"}}, {"type": "Feature", "geometry": {"type": "Polygon", "coordinates": [[[80.45604577272728, 21.912194363636367], [80.45604577272728, 21.918892727272727], [80.44294216666667, 21.918892727272727], [80.44294216666667, 21.912194363636367], [80.45604577272728, 21.912194363636367]]]}, "properties": {"confidence_score": 0.2763, "site_id": "balaghat"}}, {"type": "Feature", "geometry": {"type": "Polygon", "coordinates": [[[80.46914937878788, 21.912194363636367], [80.46914937878788, 21.918892727272727], [80.45604577272726, 21.918892727272727], [80.45604577272726, 21.912194363636367], [80.46914937878788, 21.912194363636367]]]}, "properties": {"confidence_score": 0.45, "site_id": "balaghat"}}, {"type": "Feature", "geometry": {"type": "Polygon", "coordinates": [[[80.48225298484849, 21.912194363636367], [80.48225298484849, 21.918892727272727], [80.46914937878788, 21.918892727272727], [80.46914937878788, 21.912194363636367], [80.48225298484849, 21.912194363636367]]]}, "properties": {"confidence_score": 0.2507, "site_id": "balaghat"}}, {"type": "Feature", "geometry": {"type": "Polygon", "coordinates": [[[80.4953565909091, 21.912194363636367], [80.4953565909091, 21.918892727272727], [80.48225298484849, 21.918892727272727], [80.48225298484849, 21.912194363636367], [80.4953565909091, 21.912194363636367]]]}, "properties": {"confidence_score": 0.0424, "site_id": "balaghat"}}, {"type": "Feature", "geometry": {"type": "Polygon", "coordinates": [[[80.5084601969697, 21.912194363636367], [80.5084601969697, 21.918892727272727], [80.49535659090908, 21.918892727272727], [80.49535659090908, 21.912194363636367], [80.5084601969697, 21.912194363636367]]]}, "properties": {"confidence_score": 0.0154, "site_id": "balaghat"}}, {"type": "Feature", "geometry": {"type": "Polygon", "coordinates": [[[80.5215638030303, 21.912194363636367], [80.5215638030303, 21.918892727272727], [80.5084601969697, 21.918892727272727], [80.5084601969697, 21.912194363636367], [80.5215638030303, 21.912194363636367]]]}, "properties": {"confidence_score": 0.0426, "site_id": "balaghat"}}, {"type": "Feature", "geometry": {"type": "Polygon", "coordinates": [[[80.19397365151515, 21.91889272727273], [80.19397365151515, 21.92559109090909], [80.18087004545454, 21.92559109090909], [80.18087004545454, 21.91889272727273], [80.19397365151515, 21.91889272727273]]]}, "properties": {"confidence_score": 0.0227, "site_id": "balaghat"}}, {"type": "Feature", "geometry": {"type": "Polygon", "coordinates": [[[80.20707725757576, 21.91889272727273], [80.20707725757576, 21.92559109090909], [80.19397365151515, 21.92559109090909], [80.19397365151515, 21.91889272727273], [80.20707725757576, 21.91889272727273]]]}, "properties": {"confidence_score": 0.0979, "site_id": "balaghat"}}, {"type": "Feature", "geometry": {"type": "Polygon", "coordinates": [[[80.22018086363636, 21.91889272727273], [80.22018086363636, 21.92559109090909], [80.20707725757575, 21.92559109090909], [80.20707725757575, 21.91889272727273], [80.22018086363636, 21.91889272727273]]]}, "properties": {"confidence_score": 0.3971, "site_id": "balaghat"}}, {"type": "Feature", "geometry": {"type": "Polygon", "coordinates": [[[80.23328446969697, 21.91889272727273], [80.23328446969697, 21.92559109090909], [80.22018086363636, 21.92559109090909], [80.22018086363636, 21.91889272727273], [80.23328446969697, 21.91889272727273]]]}, "properties": {"confidence_score": 0.7218, "site_id": "balaghat"}}, {"type": "Feature", "geometry": {"type": "Polygon", "coordinates": [[[80.24638807575758, 21.91889272727273], [80.24638807575758, 21.92559109090909], [80.23328446969697, 21.92559109090909], [80.23328446969697, 21.91889272727273], [80.24638807575758, 21.91889272727273]]]}, "properties": {"confidence_score": 0.751, "site_id": "balaghat"}}, {"type": "Feature", "geometry": {"type": "Polygon", "coordinates": [[[80.25949168181818, 21.91889272727273], [80.25949168181818, 21.92559109090909], [80.24638807575757, 21.92559109090909], [80.24638807575757, 21.91889272727273], [80.25949168181818, 21.91889272727273]]]}, "properties": {"confidence_score": 0.7511, "site_id": "balaghat"}}, {"type": "Feature", "geometry": {"type": "Polygon", "coordinates": [[[80.27259528787879, 21.91889272727273], [80.27259528787879, 21.92559109090909], [80.25949168181818, 21.92559109090909], [80.25949168181818, 21.91889272727273], [80.27259528787879, 21.91889272727273]]]}, "properties": {"confidence_score": 0.3444, "site_id": "balaghat"}}, {"type": "Feature", "geometry": {"type": "Polygon", "coordinates": [[[80.2856988939394, 21.91889272727273], [80.2856988939394, 21.92559109090909], [80.27259528787879, 21.92559109090909], [80.27259528787879, 21.91889272727273], [80.2856988939394, 21.91889272727273]]]}, "properties": {"confidence_score": 0.0378, "site_id": "balaghat"}}, {"type": "Feature", "geometry": {"type": "Polygon", "coordinates": [[[80.2988025, 21.91889272727273], [80.2988025, 21.92559109090909], [80.28569889393938, 21.92559109090909], [80.28569889393938, 21.91889272727273], [80.2988025, 21.91889272727273]]]}, "properties": {"confidence_score": 0.0, "site_id": "balaghat"}}, {"type": "Feature", "geometry": {"type": "Polygon", "coordinates": [[[80.3119061060606, 21.91889272727273], [80.3119061060606, 21.92559109090909], [80.2988025, 21.92559109090909], [80.2988025, 21.91889272727273], [80.3119061060606, 21.91889272727273]]]}, "properties": {"confidence_score": 0.009, "site_id": "balaghat"}}, {"type": "Feature", "geometry": {"type": "Polygon", "coordinates": [[[80.32500971212121, 21.91889272727273], [80.32500971212121, 21.92559109090909], [80.3119061060606, 21.92559109090909], [80.3119061060606, 21.91889272727273], [80.32500971212121, 21.91889272727273]]]}, "properties": {"confidence_score": 0.0664, "site_id": "balaghat"}}, {"type": "Feature", "geometry": {"type": "Polygon", "coordinates": [[[80.33811331818183, 21.91889272727273], [80.33811331818183, 21.92559109090909], [80.32500971212121, 21.92559109090909], [80.32500971212121, 21.91889272727273], [80.33811331818183, 21.91889272727273]]]}, "properties": {"confidence_score": 0.0825, "site_id": "balaghat"}}, {"type": "Feature", "geometry": {"type": "Polygon", "coordinates": [[[80.35121692424242, 21.91889272727273], [80.35121692424242, 21.92559109090909], [80.33811331818181, 21.92559109090909], [80.33811331818181, 21.91889272727273], [80.35121692424242, 21.91889272727273]]]}, "properties": {"confidence_score": 0.3848, "site_id": "balaghat"}}, {"type": "Feature", "geometry": {"type": "Polygon", "coordinates": [[[80.36432053030303, 21.91889272727273], [80.36432053030303, 21.92559109090909], [80.35121692424242, 21.92559109090909], [80.35121692424242, 21.91889272727273], [80.36432053030303, 21.91889272727273]]]}, "properties": {"confidence_score": 0.5664, "site_id": "balaghat"}}, {"type": "Feature", "geometry": {"type": "Polygon", "coordinates": [[[80.37742413636364, 21.91889272727273], [80.37742413636364, 21.92559109090909], [80.36432053030303, 21.92559109090909], [80.36432053030303, 21.91889272727273], [80.37742413636364, 21.91889272727273]]]}, "properties": {"confidence_score": 0.2216, "site_id": "balaghat"}}, {"type": "Feature", "geometry": {"type": "Polygon", "coordinates": [[[80.39052774242424, 21.91889272727273], [80.39052774242424, 21.92559109090909], [80.37742413636363, 21.92559109090909], [80.37742413636363, 21.91889272727273], [80.39052774242424, 21.91889272727273]]]}, "properties": {"confidence_score": 0.0359, "site_id": "balaghat"}}, {"type": "Feature", "geometry": {"type": "Polygon", "coordinates": [[[80.40363134848485, 21.91889272727273], [80.40363134848485, 21.92559109090909], [80.39052774242424, 21.92559109090909], [80.39052774242424, 21.91889272727273], [80.40363134848485, 21.91889272727273]]]}, "properties": {"confidence_score": 0.327, "site_id": "balaghat"}}, {"type": "Feature", "geometry": {"type": "Polygon", "coordinates": [[[80.41673495454546, 21.91889272727273], [80.41673495454546, 21.92559109090909], [80.40363134848485, 21.92559109090909], [80.40363134848485, 21.91889272727273], [80.41673495454546, 21.91889272727273]]]}, "properties": {"confidence_score": 0.6844, "site_id": "balaghat"}}, {"type": "Feature", "geometry": {"type": "Polygon", "coordinates": [[[80.42983856060606, 21.91889272727273], [80.42983856060606, 21.92559109090909], [80.41673495454545, 21.92559109090909], [80.41673495454545, 21.91889272727273], [80.42983856060606, 21.91889272727273]]]}, "properties": {"confidence_score": 0.3744, "site_id": "balaghat"}}, {"type": "Feature", "geometry": {"type": "Polygon", "coordinates": [[[80.44294216666667, 21.91889272727273], [80.44294216666667, 21.92559109090909], [80.42983856060606, 21.92559109090909], [80.42983856060606, 21.91889272727273], [80.44294216666667, 21.91889272727273]]]}, "properties": {"confidence_score": 0.0845, "site_id": "balaghat"}}, {"type": "Feature", "geometry": {"type": "Polygon", "coordinates": [[[80.45604577272728, 21.91889272727273], [80.45604577272728, 21.92559109090909], [80.44294216666667, 21.92559109090909], [80.44294216666667, 21.91889272727273], [80.45604577272728, 21.91889272727273]]]}, "properties": {"confidence_score": 0.4688, "site_id": "balaghat"}}, {"type": "Feature", "geometry": {"type": "Polygon", "coordinates": [[[80.46914937878788, 21.91889272727273], [80.46914937878788, 21.92559109090909], [80.45604577272726, 21.92559109090909], [80.45604577272726, 21.91889272727273], [80.46914937878788, 21.91889272727273]]]}, "properties": {"confidence_score": 0.7853, "site_id": "balaghat"}}, {"type": "Feature", "geometry": {"type": "Polygon", "coordinates": [[[80.48225298484849, 21.91889272727273], [80.48225298484849, 21.92559109090909], [80.46914937878788, 21.92559109090909], [80.46914937878788, 21.91889272727273], [80.48225298484849, 21.91889272727273]]]}, "properties": {"confidence_score": 0.346, "site_id": "balaghat"}}, {"type": "Feature", "geometry": {"type": "Polygon", "coordinates": [[[80.4953565909091, 21.91889272727273], [80.4953565909091, 21.92559109090909], [80.48225298484849, 21.92559109090909], [80.48225298484849, 21.91889272727273], [80.4953565909091, 21.91889272727273]]]}, "properties": {"confidence_score": 0.0118, "site_id": "balaghat"}}, {"type": "Feature", "geometry": {"type": "Polygon", "coordinates": [[[80.5084601969697, 21.91889272727273], [80.5084601969697, 21.92559109090909], [80.49535659090908, 21.92559109090909], [80.49535659090908, 21.91889272727273], [80.5084601969697, 21.91889272727273]]]}, "properties": {"confidence_score": 0.0, "site_id": "balaghat"}}, {"type": "Feature", "geometry": {"type": "Polygon", "coordinates": [[[80.5215638030303, 21.91889272727273], [80.5215638030303, 21.92559109090909], [80.5084601969697, 21.92559109090909], [80.5084601969697, 21.91889272727273], [80.5215638030303, 21.91889272727273]]]}, "properties": {"confidence_score": 0.0363, "site_id": "balaghat"}}, {"type": "Feature", "geometry": {"type": "Polygon", "coordinates": [[[80.19397365151515, 21.925591090909094], [80.19397365151515, 21.932289454545455], [80.18087004545454, 21.932289454545455], [80.18087004545454, 21.925591090909094], [80.19397365151515, 21.925591090909094]]]}, "properties": {"confidence_score": 0.0297, "site_id": "balaghat"}}, {"type": "Feature", "geometry": {"type": "Polygon", "coordinates": [[[80.20707725757576, 21.925591090909094], [80.20707725757576, 21.932289454545455], [80.19397365151515, 21.932289454545455], [80.19397365151515, 21.925591090909094], [80.20707725757576, 21.925591090909094]]]}, "properties": {"confidence_score": 0.0818, "site_id": "balaghat"}}, {"type": "Feature", "geometry": {"type": "Polygon", "coordinates": [[[80.22018086363636, 21.925591090909094], [80.22018086363636, 21.932289454545455], [80.20707725757575, 21.932289454545455], [80.20707725757575, 21.925591090909094], [80.22018086363636, 21.925591090909094]]]}, "properties": {"confidence_score": 0.2402, "site_id": "balaghat"}}, {"type": "Feature", "geometry": {"type": "Polygon", "coordinates": [[[80.23328446969697, 21.925591090909094], [80.23328446969697, 21.932289454545455], [80.22018086363636, 21.932289454545455], [80.22018086363636, 21.925591090909094], [80.23328446969697, 21.925591090909094]]]}, "properties": {"confidence_score": 0.4187, "site_id": "balaghat"}}, {"type": "Feature", "geometry": {"type": "Polygon", "coordinates": [[[80.24638807575758, 21.925591090909094], [80.24638807575758, 21.932289454545455], [80.23328446969697, 21.932289454545455], [80.23328446969697, 21.925591090909094], [80.24638807575758, 21.925591090909094]]]}, "properties": {"confidence_score": 0.6432, "site_id": "balaghat"}}, {"type": "Feature", "geometry": {"type": "Polygon", "coordinates": [[[80.25949168181818, 21.925591090909094], [80.25949168181818, 21.932289454545455], [80.24638807575757, 21.932289454545455], [80.24638807575757, 21.925591090909094], [80.25949168181818, 21.925591090909094]]]}, "properties": {"confidence_score": 0.7125, "site_id": "balaghat"}}, {"type": "Feature", "geometry": {"type": "Polygon", "coordinates": [[[80.27259528787879, 21.925591090909094], [80.27259528787879, 21.932289454545455], [80.25949168181818, 21.932289454545455], [80.25949168181818, 21.925591090909094], [80.27259528787879, 21.925591090909094]]]}, "properties": {"confidence_score": 0.3295, "site_id": "balaghat"}}, {"type": "Feature", "geometry": {"type": "Polygon", "coordinates": [[[80.2856988939394, 21.925591090909094], [80.2856988939394, 21.932289454545455], [80.27259528787879, 21.932289454545455], [80.27259528787879, 21.925591090909094], [80.2856988939394, 21.925591090909094]]]}, "properties": {"confidence_score": 0.0514, "site_id": "balaghat"}}, {"type": "Feature", "geometry": {"type": "Polygon", "coordinates": [[[80.2988025, 21.925591090909094], [80.2988025, 21.932289454545455], [80.28569889393938, 21.932289454545455], [80.28569889393938, 21.925591090909094], [80.2988025, 21.925591090909094]]]}, "properties": {"confidence_score": 0.0, "site_id": "balaghat"}}, {"type": "Feature", "geometry": {"type": "Polygon", "coordinates": [[[80.3119061060606, 21.925591090909094], [80.3119061060606, 21.932289454545455], [80.2988025, 21.932289454545455], [80.2988025, 21.925591090909094], [80.3119061060606, 21.925591090909094]]]}, "properties": {"confidence_score": 0.0025, "site_id": "balaghat"}}, {"type": "Feature", "geometry": {"type": "Polygon", "coordinates": [[[80.32500971212121, 21.925591090909094], [80.32500971212121, 21.932289454545455], [80.3119061060606, 21.932289454545455], [80.3119061060606, 21.925591090909094], [80.32500971212121, 21.925591090909094]]]}, "properties": {"confidence_score": 0.0175, "site_id": "balaghat"}}, {"type": "Feature", "geometry": {"type": "Polygon", "coordinates": [[[80.33811331818183, 21.925591090909094], [80.33811331818183, 21.932289454545455], [80.32500971212121, 21.932289454545455], [80.32500971212121, 21.925591090909094], [80.33811331818183, 21.925591090909094]]]}, "properties": {"confidence_score": 0.0495, "site_id": "balaghat"}}, {"type": "Feature", "geometry": {"type": "Polygon", "coordinates": [[[80.35121692424242, 21.925591090909094], [80.35121692424242, 21.932289454545455], [80.33811331818181, 21.932289454545455], [80.33811331818181, 21.925591090909094], [80.35121692424242, 21.925591090909094]]]}, "properties": {"confidence_score": 0.2095, "site_id": "balaghat"}}, {"type": "Feature", "geometry": {"type": "Polygon", "coordinates": [[[80.36432053030303, 21.925591090909094], [80.36432053030303, 21.932289454545455], [80.35121692424242, 21.932289454545455], [80.35121692424242, 21.925591090909094], [80.36432053030303, 21.925591090909094]]]}, "properties": {"confidence_score": 0.2648, "site_id": "balaghat"}}, {"type": "Feature", "geometry": {"type": "Polygon", "coordinates": [[[80.37742413636364, 21.925591090909094], [80.37742413636364, 21.932289454545455], [80.36432053030303, 21.932289454545455], [80.36432053030303, 21.925591090909094], [80.37742413636364, 21.925591090909094]]]}, "properties": {"confidence_score": 0.1586, "site_id": "balaghat"}}, {"type": "Feature", "geometry": {"type": "Polygon", "coordinates": [[[80.39052774242424, 21.925591090909094], [80.39052774242424, 21.932289454545455], [80.37742413636363, 21.932289454545455], [80.37742413636363, 21.925591090909094], [80.39052774242424, 21.925591090909094]]]}, "properties": {"confidence_score": 0.0418, "site_id": "balaghat"}}, {"type": "Feature", "geometry": {"type": "Polygon", "coordinates": [[[80.40363134848485, 21.925591090909094], [80.40363134848485, 21.932289454545455], [80.39052774242424, 21.932289454545455], [80.39052774242424, 21.925591090909094], [80.40363134848485, 21.925591090909094]]]}, "properties": {"confidence_score": 0.2068, "site_id": "balaghat"}}, {"type": "Feature", "geometry": {"type": "Polygon", "coordinates": [[[80.41673495454546, 21.925591090909094], [80.41673495454546, 21.932289454545455], [80.40363134848485, 21.932289454545455], [80.40363134848485, 21.925591090909094], [80.41673495454546, 21.925591090909094]]]}, "properties": {"confidence_score": 0.3229, "site_id": "balaghat"}}, {"type": "Feature", "geometry": {"type": "Polygon", "coordinates": [[[80.42983856060606, 21.925591090909094], [80.42983856060606, 21.932289454545455], [80.41673495454545, 21.932289454545455], [80.41673495454545, 21.925591090909094], [80.42983856060606, 21.925591090909094]]]}, "properties": {"confidence_score": 0.3938, "site_id": "balaghat"}}, {"type": "Feature", "geometry": {"type": "Polygon", "coordinates": [[[80.44294216666667, 21.925591090909094], [80.44294216666667, 21.932289454545455], [80.42983856060606, 21.932289454545455], [80.42983856060606, 21.925591090909094], [80.44294216666667, 21.925591090909094]]]}, "properties": {"confidence_score": 0.4852, "site_id": "balaghat"}}, {"type": "Feature", "geometry": {"type": "Polygon", "coordinates": [[[80.45604577272728, 21.925591090909094], [80.45604577272728, 21.932289454545455], [80.44294216666667, 21.932289454545455], [80.44294216666667, 21.925591090909094], [80.45604577272728, 21.925591090909094]]]}, "properties": {"confidence_score": 0.6495, "site_id": "balaghat"}}, {"type": "Feature", "geometry": {"type": "Polygon", "coordinates": [[[80.46914937878788, 21.925591090909094], [80.46914937878788, 21.932289454545455], [80.45604577272726, 21.932289454545455], [80.45604577272726, 21.925591090909094], [80.46914937878788, 21.925591090909094]]]}, "properties": {"confidence_score": 0.7823, "site_id": "balaghat"}}, {"type": "Feature", "geometry": {"type": "Polygon", "coordinates": [[[80.48225298484849, 21.925591090909094], [80.48225298484849, 21.932289454545455], [80.46914937878788, 21.932289454545455], [80.46914937878788, 21.925591090909094], [80.48225298484849, 21.925591090909094]]]}, "properties": {"confidence_score": 0.3943, "site_id": "balaghat"}}, {"type": "Feature", "geometry": {"type": "Polygon", "coordinates": [[[80.4953565909091, 21.925591090909094], [80.4953565909091, 21.932289454545455], [80.48225298484849, 21.932289454545455], [80.48225298484849, 21.925591090909094], [80.4953565909091, 21.925591090909094]]]}, "properties": {"confidence_score": 0.0317, "site_id": "balaghat"}}, {"type": "Feature", "geometry": {"type": "Polygon", "coordinates": [[[80.5084601969697, 21.925591090909094], [80.5084601969697, 21.932289454545455], [80.49535659090908, 21.932289454545455], [80.49535659090908, 21.925591090909094], [80.5084601969697, 21.925591090909094]]]}, "properties": {"confidence_score": 0.0, "site_id": "balaghat"}}, {"type": "Feature", "geometry": {"type": "Polygon", "coordinates": [[[80.5215638030303, 21.925591090909094], [80.5215638030303, 21.932289454545455], [80.5084601969697, 21.932289454545455], [80.5084601969697, 21.925591090909094], [80.5215638030303, 21.925591090909094]]]}, "properties": {"confidence_score": 0.0166, "site_id": "balaghat"}}, {"type": "Feature", "geometry": {"type": "Polygon", "coordinates": [[[80.19397365151515, 21.932289454545455], [80.19397365151515, 21.938987818181815], [80.18087004545454, 21.938987818181815], [80.18087004545454, 21.932289454545455], [80.19397365151515, 21.932289454545455]]]}, "properties": {"confidence_score": 0.0441, "site_id": "balaghat"}}, {"type": "Feature", "geometry": {"type": "Polygon", "coordinates": [[[80.20707725757576, 21.932289454545455], [80.20707725757576, 21.938987818181815], [80.19397365151515, 21.938987818181815], [80.19397365151515, 21.932289454545455], [80.20707725757576, 21.932289454545455]]]}, "properties": {"confidence_score": 0.0597, "site_id": "balaghat"}}, {"type": "Feature", "geometry": {"type": "Polygon", "coordinates": [[[80.22018086363636, 21.932289454545455], [80.22018086363636, 21.938987818181815], [80.20707725757575, 21.938987818181815], [80.20707725757575, 21.932289454545455], [80.22018086363636, 21.932289454545455]]]}, "properties": {"confidence_score": 0.1015, "site_id": "balaghat"}}, {"type": "Feature", "geometry": {"type": "Polygon", "coordinates": [[[80.23328446969697, 21.932289454545455], [80.23328446969697, 21.938987818181815], [80.22018086363636, 21.938987818181815], [80.22018086363636, 21.932289454545455], [80.23328446969697, 21.932289454545455]]]}, "properties": {"confidence_score": 0.1475, "site_id": "balaghat"}}, {"type": "Feature", "geometry": {"type": "Polygon", "coordinates": [[[80.24638807575758, 21.932289454545455], [80.24638807575758, 21.938987818181815], [80.23328446969697, 21.938987818181815], [80.23328446969697, 21.932289454545455], [80.24638807575758, 21.932289454545455]]]}, "properties": {"confidence_score": 0.4809, "site_id": "balaghat"}}, {"type": "Feature", "geometry": {"type": "Polygon", "coordinates": [[[80.25949168181818, 21.932289454545455], [80.25949168181818, 21.938987818181815], [80.24638807575757, 21.938987818181815], [80.24638807575757, 21.932289454545455], [80.25949168181818, 21.932289454545455]]]}, "properties": {"confidence_score": 0.6413, "site_id": "balaghat"}}, {"type": "Feature", "geometry": {"type": "Polygon", "coordinates": [[[80.27259528787879, 21.932289454545455], [80.27259528787879, 21.938987818181815], [80.25949168181818, 21.938987818181815], [80.25949168181818, 21.932289454545455], [80.27259528787879, 21.932289454545455]]]}, "properties": {"confidence_score": 0.2767, "site_id": "balaghat"}}, {"type": "Feature", "geometry": {"type": "Polygon", "coordinates": [[[80.2856988939394, 21.932289454545455], [80.2856988939394, 21.938987818181815], [80.27259528787879, 21.938987818181815], [80.27259528787879, 21.932289454545455], [80.2856988939394, 21.932289454545455]]]}, "properties": {"confidence_score": 0.0409, "site_id": "balaghat"}}, {"type": "Feature", "geometry": {"type": "Polygon", "coordinates": [[[80.2988025, 21.932289454545455], [80.2988025, 21.938987818181815], [80.28569889393938, 21.938987818181815], [80.28569889393938, 21.932289454545455], [80.2988025, 21.932289454545455]]]}, "properties": {"confidence_score": 0.0027, "site_id": "balaghat"}}, {"type": "Feature", "geometry": {"type": "Polygon", "coordinates": [[[80.3119061060606, 21.932289454545455], [80.3119061060606, 21.938987818181815], [80.2988025, 21.938987818181815], [80.2988025, 21.932289454545455], [80.3119061060606, 21.932289454545455]]]}, "properties": {"confidence_score": 0.0009, "site_id": "balaghat"}}, {"type": "Feature", "geometry": {"type": "Polygon", "coordinates": [[[80.32500971212121, 21.932289454545455], [80.32500971212121, 21.938987818181815], [80.3119061060606, 21.938987818181815], [80.3119061060606, 21.932289454545455], [80.32500971212121, 21.932289454545455]]]}, "properties": {"confidence_score": 0.0035, "site_id": "balaghat"}}, {"type": "Feature", "geometry": {"type": "Polygon", "coordinates": [[[80.33811331818183, 21.932289454545455], [80.33811331818183, 21.938987818181815], [80.32500971212121, 21.938987818181815], [80.32500971212121, 21.932289454545455], [80.33811331818183, 21.932289454545455]]]}, "properties": {"confidence_score": 0.0248, "site_id": "balaghat"}}, {"type": "Feature", "geometry": {"type": "Polygon", "coordinates": [[[80.35121692424242, 21.932289454545455], [80.35121692424242, 21.938987818181815], [80.33811331818181, 21.938987818181815], [80.33811331818181, 21.932289454545455], [80.35121692424242, 21.932289454545455]]]}, "properties": {"confidence_score": 0.0742, "site_id": "balaghat"}}, {"type": "Feature", "geometry": {"type": "Polygon", "coordinates": [[[80.36432053030303, 21.932289454545455], [80.36432053030303, 21.938987818181815], [80.35121692424242, 21.938987818181815], [80.35121692424242, 21.932289454545455], [80.36432053030303, 21.932289454545455]]]}, "properties": {"confidence_score": 0.0391, "site_id": "balaghat"}}, {"type": "Feature", "geometry": {"type": "Polygon", "coordinates": [[[80.37742413636364, 21.932289454545455], [80.37742413636364, 21.938987818181815], [80.36432053030303, 21.938987818181815], [80.36432053030303, 21.932289454545455], [80.37742413636364, 21.932289454545455]]]}, "properties": {"confidence_score": 0.1489, "site_id": "balaghat"}}, {"type": "Feature", "geometry": {"type": "Polygon", "coordinates": [[[80.39052774242424, 21.932289454545455], [80.39052774242424, 21.938987818181815], [80.37742413636363, 21.938987818181815], [80.37742413636363, 21.932289454545455], [80.39052774242424, 21.932289454545455]]]}, "properties": {"confidence_score": 0.0671, "site_id": "balaghat"}}, {"type": "Feature", "geometry": {"type": "Polygon", "coordinates": [[[80.40363134848485, 21.932289454545455], [80.40363134848485, 21.938987818181815], [80.39052774242424, 21.938987818181815], [80.39052774242424, 21.932289454545455], [80.40363134848485, 21.932289454545455]]]}, "properties": {"confidence_score": 0.1371, "site_id": "balaghat"}}, {"type": "Feature", "geometry": {"type": "Polygon", "coordinates": [[[80.41673495454546, 21.932289454545455], [80.41673495454546, 21.938987818181815], [80.40363134848485, 21.938987818181815], [80.40363134848485, 21.932289454545455], [80.41673495454546, 21.932289454545455]]]}, "properties": {"confidence_score": 0.0357, "site_id": "balaghat"}}, {"type": "Feature", "geometry": {"type": "Polygon", "coordinates": [[[80.42983856060606, 21.932289454545455], [80.42983856060606, 21.938987818181815], [80.41673495454545, 21.938987818181815], [80.41673495454545, 21.932289454545455], [80.42983856060606, 21.932289454545455]]]}, "properties": {"confidence_score": 0.4077, "site_id": "balaghat"}}, {"type": "Feature", "geometry": {"type": "Polygon", "coordinates": [[[80.44294216666667, 21.932289454545455], [80.44294216666667, 21.938987818181815], [80.42983856060606, 21.938987818181815], [80.42983856060606, 21.932289454545455], [80.44294216666667, 21.932289454545455]]]}, "properties": {"confidence_score": 0.8046, "site_id": "balaghat"}}, {"type": "Feature", "geometry": {"type": "Polygon", "coordinates": [[[80.45604577272728, 21.932289454545455], [80.45604577272728, 21.938987818181815], [80.44294216666667, 21.938987818181815], [80.44294216666667, 21.932289454545455], [80.45604577272728, 21.932289454545455]]]}, "properties": {"confidence_score": 0.7646, "site_id": "balaghat"}}, {"type": "Feature", "geometry": {"type": "Polygon", "coordinates": [[[80.46914937878788, 21.932289454545455], [80.46914937878788, 21.938987818181815], [80.45604577272726, 21.938987818181815], [80.45604577272726, 21.932289454545455], [80.46914937878788, 21.932289454545455]]]}, "properties": {"confidence_score": 0.8341, "site_id": "balaghat"}}, {"type": "Feature", "geometry": {"type": "Polygon", "coordinates": [[[80.48225298484849, 21.932289454545455], [80.48225298484849, 21.938987818181815], [80.46914937878788, 21.938987818181815], [80.46914937878788, 21.932289454545455], [80.48225298484849, 21.932289454545455]]]}, "properties": {"confidence_score": 0.4059, "site_id": "balaghat"}}, {"type": "Feature", "geometry": {"type": "Polygon", "coordinates": [[[80.4953565909091, 21.932289454545455], [80.4953565909091, 21.938987818181815], [80.48225298484849, 21.938987818181815], [80.48225298484849, 21.932289454545455], [80.4953565909091, 21.932289454545455]]]}, "properties": {"confidence_score": 0.0045, "site_id": "balaghat"}}, {"type": "Feature", "geometry": {"type": "Polygon", "coordinates": [[[80.5084601969697, 21.932289454545455], [80.5084601969697, 21.938987818181815], [80.49535659090908, 21.938987818181815], [80.49535659090908, 21.932289454545455], [80.5084601969697, 21.932289454545455]]]}, "properties": {"confidence_score": 0.0, "site_id": "balaghat"}}, {"type": "Feature", "geometry": {"type": "Polygon", "coordinates": [[[80.5215638030303, 21.932289454545455], [80.5215638030303, 21.938987818181815], [80.5084601969697, 21.938987818181815], [80.5084601969697, 21.932289454545455], [80.5215638030303, 21.932289454545455]]]}, "properties": {"confidence_score": 0.0041, "site_id": "balaghat"}}, {"type": "Feature", "geometry": {"type": "Polygon", "coordinates": [[[80.19397365151515, 21.93898781818182], [80.19397365151515, 21.94568618181818], [80.18087004545454, 21.94568618181818], [80.18087004545454, 21.93898781818182], [80.19397365151515, 21.93898781818182]]]}, "properties": {"confidence_score": 0.0744, "site_id": "balaghat"}}, {"type": "Feature", "geometry": {"type": "Polygon", "coordinates": [[[80.20707725757576, 21.93898781818182], [80.20707725757576, 21.94568618181818], [80.19397365151515, 21.94568618181818], [80.19397365151515, 21.93898781818182], [80.20707725757576, 21.93898781818182]]]}, "properties": {"confidence_score": 0.0486, "site_id": "balaghat"}}, {"type": "Feature", "geometry": {"type": "Polygon", "coordinates": [[[80.22018086363636, 21.93898781818182], [80.22018086363636, 21.94568618181818], [80.20707725757575, 21.94568618181818], [80.20707725757575, 21.93898781818182], [80.22018086363636, 21.93898781818182]]]}, "properties": {"confidence_score": 0.0448, "site_id": "balaghat"}}, {"type": "Feature", "geometry": {"type": "Polygon", "coordinates": [[[80.23328446969697, 21.93898781818182], [80.23328446969697, 21.94568618181818], [80.22018086363636, 21.94568618181818], [80.22018086363636, 21.93898781818182], [80.23328446969697, 21.93898781818182]]]}, "properties": {"confidence_score": 0.0947, "site_id": "balaghat"}}, {"type": "Feature", "geometry": {"type": "Polygon", "coordinates": [[[80.24638807575758, 21.93898781818182], [80.24638807575758, 21.94568618181818], [80.23328446969697, 21.94568618181818], [80.23328446969697, 21.93898781818182], [80.24638807575758, 21.93898781818182]]]}, "properties": {"confidence_score": 0.285, "site_id": "balaghat"}}, {"type": "Feature", "geometry": {"type": "Polygon", "coordinates": [[[80.25949168181818, 21.93898781818182], [80.25949168181818, 21.94568618181818], [80.24638807575757, 21.94568618181818], [80.24638807575757, 21.93898781818182], [80.25949168181818, 21.93898781818182]]]}, "properties": {"confidence_score": 0.3347, "site_id": "balaghat"}}, {"type": "Feature", "geometry": {"type": "Polygon", "coordinates": [[[80.27259528787879, 21.93898781818182], [80.27259528787879, 21.94568618181818], [80.25949168181818, 21.94568618181818], [80.25949168181818, 21.93898781818182], [80.27259528787879, 21.93898781818182]]]}, "properties": {"confidence_score": 0.1941, "site_id": "balaghat"}}, {"type": "Feature", "geometry": {"type": "Polygon", "coordinates": [[[80.2856988939394, 21.93898781818182], [80.2856988939394, 21.94568618181818], [80.27259528787879, 21.94568618181818], [80.27259528787879, 21.93898781818182], [80.2856988939394, 21.93898781818182]]]}, "properties": {"confidence_score": 0.0486, "site_id": "balaghat"}}, {"type": "Feature", "geometry": {"type": "Polygon", "coordinates": [[[80.2988025, 21.93898781818182], [80.2988025, 21.94568618181818], [80.28569889393938, 21.94568618181818], [80.28569889393938, 21.93898781818182], [80.2988025, 21.93898781818182]]]}, "properties": {"confidence_score": 0.0084, "site_id": "balaghat"}}, {"type": "Feature", "geometry": {"type": "Polygon", "coordinates": [[[80.3119061060606, 21.93898781818182], [80.3119061060606, 21.94568618181818], [80.2988025, 21.94568618181818], [80.2988025, 21.93898781818182], [80.3119061060606, 21.93898781818182]]]}, "properties": {"confidence_score": 0.0038, "site_id": "balaghat"}}, {"type": "Feature", "geometry": {"type": "Polygon", "coordinates": [[[80.32500971212121, 21.93898781818182], [80.32500971212121, 21.94568618181818], [80.3119061060606, 21.94568618181818], [80.3119061060606, 21.93898781818182], [80.32500971212121, 21.93898781818182]]]}, "properties": {"confidence_score": 0.0, "site_id": "balaghat"}}, {"type": "Feature", "geometry": {"type": "Polygon", "coordinates": [[[80.33811331818183, 21.93898781818182], [80.33811331818183, 21.94568618181818], [80.32500971212121, 21.94568618181818], [80.32500971212121, 21.93898781818182], [80.33811331818183, 21.93898781818182]]]}, "properties": {"confidence_score": 0.0062, "site_id": "balaghat"}}, {"type": "Feature", "geometry": {"type": "Polygon", "coordinates": [[[80.35121692424242, 21.93898781818182], [80.35121692424242, 21.94568618181818], [80.33811331818181, 21.94568618181818], [80.33811331818181, 21.93898781818182], [80.35121692424242, 21.93898781818182]]]}, "properties": {"confidence_score": 0.0074, "site_id": "balaghat"}}, {"type": "Feature", "geometry": {"type": "Polygon", "coordinates": [[[80.36432053030303, 21.93898781818182], [80.36432053030303, 21.94568618181818], [80.35121692424242, 21.94568618181818], [80.35121692424242, 21.93898781818182], [80.36432053030303, 21.93898781818182]]]}, "properties": {"confidence_score": 0.0299, "site_id": "balaghat"}}, {"type": "Feature", "geometry": {"type": "Polygon", "coordinates": [[[80.37742413636364, 21.93898781818182], [80.37742413636364, 21.94568618181818], [80.36432053030303, 21.94568618181818], [80.36432053030303, 21.93898781818182], [80.37742413636364, 21.93898781818182]]]}, "properties": {"confidence_score": 0.2279, "site_id": "balaghat"}}, {"type": "Feature", "geometry": {"type": "Polygon", "coordinates": [[[80.39052774242424, 21.93898781818182], [80.39052774242424, 21.94568618181818], [80.37742413636363, 21.94568618181818], [80.37742413636363, 21.93898781818182], [80.39052774242424, 21.93898781818182]]]}, "properties": {"confidence_score": 0.3478, "site_id": "balaghat"}}, {"type": "Feature", "geometry": {"type": "Polygon", "coordinates": [[[80.40363134848485, 21.93898781818182], [80.40363134848485, 21.94568618181818], [80.39052774242424, 21.94568618181818], [80.39052774242424, 21.93898781818182], [80.40363134848485, 21.93898781818182]]]}, "properties": {"confidence_score": 0.17, "site_id": "balaghat"}}, {"type": "Feature", "geometry": {"type": "Polygon", "coordinates": [[[80.41673495454546, 21.93898781818182], [80.41673495454546, 21.94568618181818], [80.40363134848485, 21.94568618181818], [80.40363134848485, 21.93898781818182], [80.41673495454546, 21.93898781818182]]]}, "properties": {"confidence_score": 0.0481, "site_id": "balaghat"}}, {"type": "Feature", "geometry": {"type": "Polygon", "coordinates": [[[80.42983856060606, 21.93898781818182], [80.42983856060606, 21.94568618181818], [80.41673495454545, 21.94568618181818], [80.41673495454545, 21.93898781818182], [80.42983856060606, 21.93898781818182]]]}, "properties": {"confidence_score": 0.3862, "site_id": "balaghat"}}, {"type": "Feature", "geometry": {"type": "Polygon", "coordinates": [[[80.44294216666667, 21.93898781818182], [80.44294216666667, 21.94568618181818], [80.42983856060606, 21.94568618181818], [80.42983856060606, 21.93898781818182], [80.44294216666667, 21.93898781818182]]]}, "properties": {"confidence_score": 0.7847, "site_id": "balaghat"}}, {"type": "Feature", "geometry": {"type": "Polygon", "coordinates": [[[80.45604577272728, 21.93898781818182], [80.45604577272728, 21.94568618181818], [80.44294216666667, 21.94568618181818], [80.44294216666667, 21.93898781818182], [80.45604577272728, 21.93898781818182]]]}, "properties": {"confidence_score": 0.7654, "site_id": "balaghat"}}, {"type": "Feature", "geometry": {"type": "Polygon", "coordinates": [[[80.46914937878788, 21.93898781818182], [80.46914937878788, 21.94568618181818], [80.45604577272726, 21.94568618181818], [80.45604577272726, 21.93898781818182], [80.46914937878788, 21.93898781818182]]]}, "properties": {"confidence_score": 0.7654, "site_id": "balaghat"}}, {"type": "Feature", "geometry": {"type": "Polygon", "coordinates": [[[80.48225298484849, 21.93898781818182], [80.48225298484849, 21.94568618181818], [80.46914937878788, 21.94568618181818], [80.46914937878788, 21.93898781818182], [80.48225298484849, 21.93898781818182]]]}, "properties": {"confidence_score": 0.4055, "site_id": "balaghat"}}, {"type": "Feature", "geometry": {"type": "Polygon", "coordinates": [[[80.4953565909091, 21.93898781818182], [80.4953565909091, 21.94568618181818], [80.48225298484849, 21.94568618181818], [80.48225298484849, 21.93898781818182], [80.4953565909091, 21.93898781818182]]]}, "properties": {"confidence_score": 0.0246, "site_id": "balaghat"}}, {"type": "Feature", "geometry": {"type": "Polygon", "coordinates": [[[80.5084601969697, 21.93898781818182], [80.5084601969697, 21.94568618181818], [80.49535659090908, 21.94568618181818], [80.49535659090908, 21.93898781818182], [80.5084601969697, 21.93898781818182]]]}, "properties": {"confidence_score": 0.0062, "site_id": "balaghat"}}, {"type": "Feature", "geometry": {"type": "Polygon", "coordinates": [[[80.5215638030303, 21.93898781818182], [80.5215638030303, 21.94568618181818], [80.5084601969697, 21.94568618181818], [80.5084601969697, 21.93898781818182], [80.5215638030303, 21.93898781818182]]]}, "properties": {"confidence_score": 0.0007, "site_id": "balaghat"}}, {"type": "Feature", "geometry": {"type": "Polygon", "coordinates": [[[80.19397365151515, 21.945686181818182], [80.19397365151515, 21.952384545454542], [80.18087004545454, 21.952384545454542], [80.18087004545454, 21.945686181818182], [80.19397365151515, 21.945686181818182]]]}, "properties": {"confidence_score": 0.1388, "site_id": "balaghat"}}, {"type": "Feature", "geometry": {"type": "Polygon", "coordinates": [[[80.20707725757576, 21.945686181818182], [80.20707725757576, 21.952384545454542], [80.19397365151515, 21.952384545454542], [80.19397365151515, 21.945686181818182], [80.20707725757576, 21.945686181818182]]]}, "properties": {"confidence_score": 0.05, "site_id": "balaghat"}}, {"type": "Feature", "geometry": {"type": "Polygon", "coordinates": [[[80.22018086363636, 21.945686181818182], [80.22018086363636, 21.952384545454542], [80.20707725757575, 21.952384545454542], [80.20707725757575, 21.945686181818182], [80.22018086363636, 21.945686181818182]]]}, "properties": {"confidence_score": 0.0348, "site_id": "balaghat"}}, {"type": "Feature", "geometry": {"type": "Polygon", "coordinates": [[[80.23328446969697, 21.945686181818182], [80.23328446969697, 21.952384545454542], [80.22018086363636, 21.952384545454542], [80.22018086363636, 21.945686181818182], [80.23328446969697, 21.945686181818182]]]}, "properties": {"confidence_score": 0.07, "site_id": "balaghat"}}, {"type": "Feature", "geometry": {"type": "Polygon", "coordinates": [[[80.24638807575758, 21.945686181818182], [80.24638807575758, 21.952384545454542], [80.23328446969697, 21.952384545454542], [80.23328446969697, 21.945686181818182], [80.24638807575758, 21.945686181818182]]]}, "properties": {"confidence_score": 0.1361, "site_id": "balaghat"}}, {"type": "Feature", "geometry": {"type": "Polygon", "coordinates": [[[80.25949168181818, 21.945686181818182], [80.25949168181818, 21.952384545454542], [80.24638807575757, 21.952384545454542], [80.24638807575757, 21.945686181818182], [80.25949168181818, 21.945686181818182]]]}, "properties": {"confidence_score": 0.0902, "site_id": "balaghat"}}, {"type": "Feature", "geometry": {"type": "Polygon", "coordinates": [[[80.27259528787879, 21.945686181818182], [80.27259528787879, 21.952384545454542], [80.25949168181818, 21.952384545454542], [80.25949168181818, 21.945686181818182], [80.27259528787879, 21.945686181818182]]]}, "properties": {"confidence_score": 0.1197, "site_id": "balaghat"}}, {"type": "Feature", "geometry": {"type": "Polygon", "coordinates": [[[80.2856988939394, 21.945686181818182], [80.2856988939394, 21.952384545454542], [80.27259528787879, 21.952384545454542], [80.27259528787879, 21.945686181818182], [80.2856988939394, 21.945686181818182]]]}, "properties": {"confidence_score": 0.0431, "site_id": "balaghat"}}, {"type": "Feature", "geometry": {"type": "Polygon", "coordinates": [[[80.2988025, 21.945686181818182], [80.2988025, 21.952384545454542], [80.28569889393938, 21.952384545454542], [80.28569889393938, 21.945686181818182], [80.2988025, 21.945686181818182]]]}, "properties": {"confidence_score": 0.0104, "site_id": "balaghat"}}, {"type": "Feature", "geometry": {"type": "Polygon", "coordinates": [[[80.3119061060606, 21.945686181818182], [80.3119061060606, 21.952384545454542], [80.2988025, 21.952384545454542], [80.2988025, 21.945686181818182], [80.3119061060606, 21.945686181818182]]]}, "properties": {"confidence_score": 0.0068, "site_id": "balaghat"}}, {"type": "Feature", "geometry": {"type": "Polygon", "coordinates": [[[80.32500971212121, 21.945686181818182], [80.32500971212121, 21.952384545454542], [80.3119061060606, 21.952384545454542], [80.3119061060606, 21.945686181818182], [80.32500971212121, 21.945686181818182]]]}, "properties": {"confidence_score": 0.0, "site_id": "balaghat"}}, {"type": "Feature", "geometry": {"type": "Polygon", "coordinates": [[[80.33811331818183, 21.945686181818182], [80.33811331818183, 21.952384545454542], [80.32500971212121, 21.952384545454542], [80.32500971212121, 21.945686181818182], [80.33811331818183, 21.945686181818182]]]}, "properties": {"confidence_score": 0.0, "site_id": "balaghat"}}, {"type": "Feature", "geometry": {"type": "Polygon", "coordinates": [[[80.35121692424242, 21.945686181818182], [80.35121692424242, 21.952384545454542], [80.33811331818181, 21.952384545454542], [80.33811331818181, 21.945686181818182], [80.35121692424242, 21.945686181818182]]]}, "properties": {"confidence_score": 0.0, "site_id": "balaghat"}}, {"type": "Feature", "geometry": {"type": "Polygon", "coordinates": [[[80.36432053030303, 21.945686181818182], [80.36432053030303, 21.952384545454542], [80.35121692424242, 21.952384545454542], [80.35121692424242, 21.945686181818182], [80.36432053030303, 21.945686181818182]]]}, "properties": {"confidence_score": 0.0287, "site_id": "balaghat"}}, {"type": "Feature", "geometry": {"type": "Polygon", "coordinates": [[[80.37742413636364, 21.945686181818182], [80.37742413636364, 21.952384545454542], [80.36432053030303, 21.952384545454542], [80.36432053030303, 21.945686181818182], [80.37742413636364, 21.945686181818182]]]}, "properties": {"confidence_score": 0.3235, "site_id": "balaghat"}}, {"type": "Feature", "geometry": {"type": "Polygon", "coordinates": [[[80.39052774242424, 21.945686181818182], [80.39052774242424, 21.952384545454542], [80.37742413636363, 21.952384545454542], [80.37742413636363, 21.945686181818182], [80.39052774242424, 21.945686181818182]]]}, "properties": {"confidence_score": 0.6325, "site_id": "balaghat"}}, {"type": "Feature", "geometry": {"type": "Polygon", "coordinates": [[[80.40363134848485, 21.945686181818182], [80.40363134848485, 21.952384545454542], [80.39052774242424, 21.952384545454542], [80.39052774242424, 21.945686181818182], [80.40363134848485, 21.945686181818182]]]}, "properties": {"confidence_score": 0.2403, "site_id": "balaghat"}}, {"type": "Feature", "geometry": {"type": "Polygon", "coordinates": [[[80.41673495454546, 21.945686181818182], [80.41673495454546, 21.952384545454542], [80.40363134848485, 21.952384545454542], [80.40363134848485, 21.945686181818182], [80.41673495454546, 21.945686181818182]]]}, "properties": {"confidence_score": 0.0188, "site_id": "balaghat"}}, {"type": "Feature", "geometry": {"type": "Polygon", "coordinates": [[[80.42983856060606, 21.945686181818182], [80.42983856060606, 21.952384545454542], [80.41673495454545, 21.952384545454542], [80.41673495454545, 21.945686181818182], [80.42983856060606, 21.945686181818182]]]}, "properties": {"confidence_score": 0.311, "site_id": "balaghat"}}, {"type": "Feature", "geometry": {"type": "Polygon", "coordinates": [[[80.44294216666667, 21.945686181818182], [80.44294216666667, 21.952384545454542], [80.42983856060606, 21.952384545454542], [80.42983856060606, 21.945686181818182], [80.44294216666667, 21.945686181818182]]]}, "properties": {"confidence_score": 0.7437, "site_id": "balaghat"}}, {"type": "Feature", "geometry": {"type": "Polygon", "coordinates": [[[80.45604577272728, 21.945686181818182], [80.45604577272728, 21.952384545454542], [80.44294216666667, 21.952384545454542], [80.44294216666667, 21.945686181818182], [80.45604577272728, 21.945686181818182]]]}, "properties": {"confidence_score": 0.6428, "site_id": "balaghat"}}, {"type": "Feature", "geometry": {"type": "Polygon", "coordinates": [[[80.46914937878788, 21.945686181818182], [80.46914937878788, 21.952384545454542], [80.45604577272726, 21.952384545454542], [80.45604577272726, 21.945686181818182], [80.46914937878788, 21.945686181818182]]]}, "properties": {"confidence_score": 0.714, "site_id": "balaghat"}}, {"type": "Feature", "geometry": {"type": "Polygon", "coordinates": [[[80.48225298484849, 21.945686181818182], [80.48225298484849, 21.952384545454542], [80.46914937878788, 21.952384545454542], [80.46914937878788, 21.945686181818182], [80.48225298484849, 21.945686181818182]]]}, "properties": {"confidence_score": 0.4246, "site_id": "balaghat"}}, {"type": "Feature", "geometry": {"type": "Polygon", "coordinates": [[[80.4953565909091, 21.945686181818182], [80.4953565909091, 21.952384545454542], [80.48225298484849, 21.952384545454542], [80.48225298484849, 21.945686181818182], [80.4953565909091, 21.945686181818182]]]}, "properties": {"confidence_score": 0.0475, "site_id": "balaghat"}}, {"type": "Feature", "geometry": {"type": "Polygon", "coordinates": [[[80.5084601969697, 21.945686181818182], [80.5084601969697, 21.952384545454542], [80.49535659090908, 21.952384545454542], [80.49535659090908, 21.945686181818182], [80.5084601969697, 21.945686181818182]]]}, "properties": {"confidence_score": 0.0837, "site_id": "balaghat"}}, {"type": "Feature", "geometry": {"type": "Polygon", "coordinates": [[[80.5215638030303, 21.945686181818182], [80.5215638030303, 21.952384545454542], [80.5084601969697, 21.952384545454542], [80.5084601969697, 21.945686181818182], [80.5215638030303, 21.945686181818182]]]}, "properties": {"confidence_score": 0.003, "site_id": "balaghat"}}, {"type": "Feature", "geometry": {"type": "Polygon", "coordinates": [[[80.19397365151515, 21.952384545454546], [80.19397365151515, 21.959082909090906], [80.18087004545454, 21.959082909090906], [80.18087004545454, 21.952384545454546], [80.19397365151515, 21.952384545454546]]]}, "properties": {"confidence_score": 0.2425, "site_id": "balaghat"}}, {"type": "Feature", "geometry": {"type": "Polygon", "coordinates": [[[80.20707725757576, 21.952384545454546], [80.20707725757576, 21.959082909090906], [80.19397365151515, 21.959082909090906], [80.19397365151515, 21.952384545454546], [80.20707725757576, 21.952384545454546]]]}, "properties": {"confidence_score": 0.0623, "site_id": "balaghat"}}, {"type": "Feature", "geometry": {"type": "Polygon", "coordinates": [[[80.22018086363636, 21.952384545454546], [80.22018086363636, 21.959082909090906], [80.20707725757575, 21.959082909090906], [80.20707725757575, 21.952384545454546], [80.22018086363636, 21.952384545454546]]]}, "properties": {"confidence_score": 0.0454, "site_id": "balaghat"}}, {"type": "Feature", "geometry": {"type": "Polygon", "coordinates": [[[80.23328446969697, 21.952384545454546], [80.23328446969697, 21.959082909090906], [80.22018086363636, 21.959082909090906], [80.22018086363636, 21.952384545454546], [80.23328446969697, 21.952384545454546]]]}, "properties": {"confidence_score": 0.059, "site_id": "balaghat"}}, {"type": "Feature", "geometry": {"type": "Polygon", "coordinates": [[[80.24638807575758, 21.952384545454546], [80.24638807575758, 21.959082909090906], [80.23328446969697, 21.959082909090906], [80.23328446969697, 21.952384545454546], [80.24638807575758, 21.952384545454546]]]}, "properties": {"confidence_score": 0.0889, "site_id": "balaghat"}}, {"type": "Feature", "geometry": {"type": "Polygon", "coordinates": [[[80.25949168181818, 21.952384545454546], [80.25949168181818, 21.959082909090906], [80.24638807575757, 21.959082909090906], [80.24638807575757, 21.952384545454546], [80.25949168181818, 21.952384545454546]]]}, "properties": {"confidence_score": 0.0536, "site_id": "balaghat"}}, {"type": "Feature", "geometry": {"type": "Polygon", "coordinates": [[[80.27259528787879, 21.952384545454546], [80.27259528787879, 21.959082909090906], [80.25949168181818, 21.959082909090906], [80.25949168181818, 21.952384545454546], [80.27259528787879, 21.952384545454546]]]}, "properties": {"confidence_score": 0.0912, "site_id": "balaghat"}}, {"type": "Feature", "geometry": {"type": "Polygon", "coordinates": [[[80.2856988939394, 21.952384545454546], [80.2856988939394, 21.959082909090906], [80.27259528787879, 21.959082909090906], [80.27259528787879, 21.952384545454546], [80.2856988939394, 21.952384545454546]]]}, "properties": {"confidence_score": 0.0379, "site_id": "balaghat"}}, {"type": "Feature", "geometry": {"type": "Polygon", "coordinates": [[[80.2988025, 21.952384545454546], [80.2988025, 21.959082909090906], [80.28569889393938, 21.959082909090906], [80.28569889393938, 21.952384545454546], [80.2988025, 21.952384545454546]]]}, "properties": {"confidence_score": 0.0066, "site_id": "balaghat"}}, {"type": "Feature", "geometry": {"type": "Polygon", "coordinates": [[[80.3119061060606, 21.952384545454546], [80.3119061060606, 21.959082909090906], [80.2988025, 21.959082909090906], [80.2988025, 21.952384545454546], [80.3119061060606, 21.952384545454546]]]}, "properties": {"confidence_score": 0.0018, "site_id": "balaghat"}}, {"type": "Feature", "geometry": {"type": "Polygon", "coordinates": [[[80.32500971212121, 21.952384545454546], [80.32500971212121, 21.959082909090906], [80.3119061060606, 21.959082909090906], [80.3119061060606, 21.952384545454546], [80.32500971212121, 21.952384545454546]]]}, "properties": {"confidence_score": 0.0, "site_id": "balaghat"}}, {"type": "Feature", "geometry": {"type": "Polygon", "coordinates": [[[80.33811331818183, 21.952384545454546], [80.33811331818183, 21.959082909090906], [80.32500971212121, 21.959082909090906], [80.32500971212121, 21.952384545454546], [80.33811331818183, 21.952384545454546]]]}, "properties": {"confidence_score": 0.0, "site_id": "balaghat"}}, {"type": "Feature", "geometry": {"type": "Polygon", "coordinates": [[[80.35121692424242, 21.952384545454546], [80.35121692424242, 21.959082909090906], [80.33811331818181, 21.959082909090906], [80.33811331818181, 21.952384545454546], [80.35121692424242, 21.952384545454546]]]}, "properties": {"confidence_score": 0.0, "site_id": "balaghat"}}, {"type": "Feature", "geometry": {"type": "Polygon", "coordinates": [[[80.36432053030303, 21.952384545454546], [80.36432053030303, 21.959082909090906], [80.35121692424242, 21.959082909090906], [80.35121692424242, 21.952384545454546], [80.36432053030303, 21.952384545454546]]]}, "properties": {"confidence_score": 0.0465, "site_id": "balaghat"}}, {"type": "Feature", "geometry": {"type": "Polygon", "coordinates": [[[80.37742413636364, 21.952384545454546], [80.37742413636364, 21.959082909090906], [80.36432053030303, 21.959082909090906], [80.36432053030303, 21.952384545454546], [80.37742413636364, 21.952384545454546]]]}, "properties": {"confidence_score": 0.3729, "site_id": "balaghat"}}, {"type": "Feature", "geometry": {"type": "Polygon", "coordinates": [[[80.39052774242424, 21.952384545454546], [80.39052774242424, 21.959082909090906], [80.37742413636363, 21.959082909090906], [80.37742413636363, 21.952384545454546], [80.39052774242424, 21.952384545454546]]]}, "properties": {"confidence_score": 0.5873, "site_id": "balaghat"}}, {"type": "Feature", "geometry": {"type": "Polygon", "coordinates": [[[80.40363134848485, 21.952384545454546], [80.40363134848485, 21.959082909090906], [80.39052774242424, 21.959082909090906], [80.39052774242424, 21.952384545454546], [80.40363134848485, 21.952384545454546]]]}, "properties": {"confidence_score": 0.2949, "site_id": "balaghat"}}, {"type": "Feature", "geometry": {"type": "Polygon", "coordinates": [[[80.41673495454546, 21.952384545454546], [80.41673495454546, 21.959082909090906], [80.40363134848485, 21.959082909090906], [80.40363134848485, 21.952384545454546], [80.41673495454546, 21.952384545454546]]]}, "properties": {"confidence_score": 0.0451, "site_id": "balaghat"}}, {"type": "Feature", "geometry": {"type": "Polygon", "coordinates": [[[80.42983856060606, 21.952384545454546], [80.42983856060606, 21.959082909090906], [80.41673495454545, 21.959082909090906], [80.41673495454545, 21.952384545454546], [80.42983856060606, 21.952384545454546]]]}, "properties": {"confidence_score": 0.1881, "site_id": "balaghat"}}, {"type": "Feature", "geometry": {"type": "Polygon", "coordinates": [[[80.44294216666667, 21.952384545454546], [80.44294216666667, 21.959082909090906], [80.42983856060606, 21.959082909090906], [80.42983856060606, 21.952384545454546], [80.44294216666667, 21.952384545454546]]]}, "properties": {"confidence_score": 0.3529, "site_id": "balaghat"}}, {"type": "Feature", "geometry": {"type": "Polygon", "coordinates": [[[80.45604577272728, 21.952384545454546], [80.45604577272728, 21.959082909090906], [80.44294216666667, 21.959082909090906], [80.44294216666667, 21.952384545454546], [80.45604577272728, 21.952384545454546]]]}, "properties": {"confidence_score": 0.4317, "site_id": "balaghat"}}, {"type": "Feature", "geometry": {"type": "Polygon", "coordinates": [[[80.46914937878788, 21.952384545454546], [80.46914937878788, 21.959082909090906], [80.45604577272726, 21.959082909090906], [80.45604577272726, 21.952384545454546], [80.46914937878788, 21.952384545454546]]]}, "properties": {"confidence_score": 0.4157, "site_id": "balaghat"}}, {"type": "Feature", "geometry": {"type": "Polygon", "coordinates": [[[80.48225298484849, 21.952384545454546], [80.48225298484849, 21.959082909090906], [80.46914937878788, 21.959082909090906], [80.46914937878788, 21.952384545454546], [80.48225298484849, 21.952384545454546]]]}, "properties": {"confidence_score": 0.4857, "site_id": "balaghat"}}, {"type": "Feature", "geometry": {"type": "Polygon", "coordinates": [[[80.4953565909091, 21.952384545454546], [80.4953565909091, 21.959082909090906], [80.48225298484849, 21.959082909090906], [80.48225298484849, 21.952384545454546], [80.4953565909091, 21.952384545454546]]]}, "properties": {"confidence_score": 0.4567, "site_id": "balaghat"}}, {"type": "Feature", "geometry": {"type": "Polygon", "coordinates": [[[80.5084601969697, 21.952384545454546], [80.5084601969697, 21.959082909090906], [80.49535659090908, 21.959082909090906], [80.49535659090908, 21.952384545454546], [80.5084601969697, 21.952384545454546]]]}, "properties": {"confidence_score": 0.2189, "site_id": "balaghat"}}, {"type": "Feature", "geometry": {"type": "Polygon", "coordinates": [[[80.5215638030303, 21.952384545454546], [80.5215638030303, 21.959082909090906], [80.5084601969697, 21.959082909090906], [80.5084601969697, 21.952384545454546], [80.5215638030303, 21.952384545454546]]]}, "properties": {"confidence_score": 0.0181, "site_id": "balaghat"}}, {"type": "Feature", "geometry": {"type": "Polygon", "coordinates": [[[80.19397365151515, 21.95908290909091], [80.19397365151515, 21.96578127272727], [80.18087004545454, 21.96578127272727], [80.18087004545454, 21.95908290909091], [80.19397365151515, 21.95908290909091]]]}, "properties": {"confidence_score": 0.3729, "site_id": "balaghat"}}, {"type": "Feature", "geometry": {"type": "Polygon", "coordinates": [[[80.20707725757576, 21.95908290909091], [80.20707725757576, 21.96578127272727], [80.19397365151515, 21.96578127272727], [80.19397365151515, 21.95908290909091], [80.20707725757576, 21.95908290909091]]]}, "properties": {"confidence_score": 0.1178, "site_id": "balaghat"}}, {"type": "Feature", "geometry": {"type": "Polygon", "coordinates": [[[80.22018086363636, 21.95908290909091], [80.22018086363636, 21.96578127272727], [80.20707725757575, 21.96578127272727], [80.20707725757575, 21.95908290909091], [80.22018086363636, 21.95908290909091]]]}, "properties": {"confidence_score": 0.0775, "site_id": "balaghat"}}, {"type": "Feature", "geometry": {"type": "Polygon", "coordinates": [[[80.23328446969697, 21.95908290909091], [80.23328446969697, 21.96578127272727], [80.22018086363636, 21.96578127272727], [80.22018086363636, 21.95908290909091], [80.23328446969697, 21.95908290909091]]]}, "properties": {"confidence_score": 0.0637, "site_id": "balaghat"}}, {"type": "Feature", "geometry": {"type": "Polygon", "coordinates": [[[80.24638807575758, 21.95908290909091], [80.24638807575758, 21.96578127272727], [80.23328446969697, 21.96578127272727], [80.23328446969697, 21.95908290909091], [80.24638807575758, 21.95908290909091]]]}, "properties": {"confidence_score": 0.1422, "site_id": "balaghat"}}, {"type": "Feature", "geometry": {"type": "Polygon", "coordinates": [[[80.25949168181818, 21.95908290909091], [80.25949168181818, 21.96578127272727], [80.24638807575757, 21.96578127272727], [80.24638807575757, 21.95908290909091], [80.25949168181818, 21.95908290909091]]]}, "properties": {"confidence_score": 0.1114, "site_id": "balaghat"}}, {"type": "Feature", "geometry": {"type": "Polygon", "coordinates": [[[80.27259528787879, 21.95908290909091], [80.27259528787879, 21.96578127272727], [80.25949168181818, 21.96578127272727], [80.25949168181818, 21.95908290909091], [80.27259528787879, 21.95908290909091]]]}, "properties": {"confidence_score": 0.1168, "site_id": "balaghat"}}, {"type": "Feature", "geometry": {"type": "Polygon", "coordinates": [[[80.2856988939394, 21.95908290909091], [80.2856988939394, 21.96578127272727], [80.27259528787879, 21.96578127272727], [80.27259528787879, 21.95908290909091], [80.2856988939394, 21.95908290909091]]]}, "properties": {"confidence_score": 0.0319, "site_id": "balaghat"}}, {"type": "Feature", "geometry": {"type": "Polygon", "coordinates": [[[80.2988025, 21.95908290909091], [80.2988025, 21.96578127272727], [80.28569889393938, 21.96578127272727], [80.28569889393938, 21.95908290909091], [80.2988025, 21.95908290909091]]]}, "properties": {"confidence_score": 0.0, "site_id": "balaghat"}}, {"type": "Feature", "geometry": {"type": "Polygon", "coordinates": [[[80.3119061060606, 21.95908290909091], [80.3119061060606, 21.96578127272727], [80.2988025, 21.96578127272727], [80.2988025, 21.95908290909091], [80.3119061060606, 21.95908290909091]]]}, "properties": {"confidence_score": 0.0, "site_id": "balaghat"}}, {"type": "Feature", "geometry": {"type": "Polygon", "coordinates": [[[80.32500971212121, 21.95908290909091], [80.32500971212121, 21.96578127272727], [80.3119061060606, 21.96578127272727], [80.3119061060606, 21.95908290909091], [80.32500971212121, 21.95908290909091]]]}, "properties": {"confidence_score": 0.0, "site_id": "balaghat"}}, {"type": "Feature", "geometry": {"type": "Polygon", "coordinates": [[[80.33811331818183, 21.95908290909091], [80.33811331818183, 21.96578127272727], [80.32500971212121, 21.96578127272727], [80.32500971212121, 21.95908290909091], [80.33811331818183, 21.95908290909091]]]}, "properties": {"confidence_score": 0.0012, "site_id": "balaghat"}}, {"type": "Feature", "geometry": {"type": "Polygon", "coordinates": [[[80.35121692424242, 21.95908290909091], [80.35121692424242, 21.96578127272727], [80.33811331818181, 21.96578127272727], [80.33811331818181, 21.95908290909091], [80.35121692424242, 21.95908290909091]]]}, "properties": {"confidence_score": 0.0292, "site_id": "balaghat"}}, {"type": "Feature", "geometry": {"type": "Polygon", "coordinates": [[[80.36432053030303, 21.95908290909091], [80.36432053030303, 21.96578127272727], [80.35121692424242, 21.96578127272727], [80.35121692424242, 21.95908290909091], [80.36432053030303, 21.95908290909091]]]}, "properties": {"confidence_score": 0.0612, "site_id": "balaghat"}}, {"type": "Feature", "geometry": {"type": "Polygon", "coordinates": [[[80.37742413636364, 21.95908290909091], [80.37742413636364, 21.96578127272727], [80.36432053030303, 21.96578127272727], [80.36432053030303, 21.95908290909091], [80.37742413636364, 21.95908290909091]]]}, "properties": {"confidence_score": 0.4103, "site_id": "balaghat"}}, {"type": "Feature", "geometry": {"type": "Polygon", "coordinates": [[[80.39052774242424, 21.95908290909091], [80.39052774242424, 21.96578127272727], [80.37742413636363, 21.96578127272727], [80.37742413636363, 21.95908290909091], [80.39052774242424, 21.95908290909091]]]}, "properties": {"confidence_score": 0.6032, "site_id": "balaghat"}}, {"type": "Feature", "geometry": {"type": "Polygon", "coordinates": [[[80.40363134848485, 21.95908290909091], [80.40363134848485, 21.96578127272727], [80.39052774242424, 21.96578127272727], [80.39052774242424, 21.95908290909091], [80.40363134848485, 21.95908290909091]]]}, "properties": {"confidence_score": 0.3503, "site_id": "balaghat"}}, {"type": "Feature", "geometry": {"type": "Polygon", "coordinates": [[[80.41673495454546, 21.95908290909091], [80.41673495454546, 21.96578127272727], [80.40363134848485, 21.96578127272727], [80.40363134848485, 21.95908290909091], [80.41673495454546, 21.95908290909091]]]}, "properties": {"confidence_score": 0.0428, "site_id": "balaghat"}}, {"type": "Feature", "geometry": {"type": "Polygon", "coordinates": [[[80.42983856060606, 21.95908290909091], [80.42983856060606, 21.96578127272727], [80.41673495454545, 21.96578127272727], [80.41673495454545, 21.95908290909091], [80.42983856060606, 21.95908290909091]]]}, "properties": {"confidence_score": 0.0981, "site_id": "balaghat"}}, {"type": "Feature", "geometry": {"type": "Polygon", "coordinates": [[[80.44294216666667, 21.95908290909091], [80.44294216666667, 21.96578127272727], [80.42983856060606, 21.96578127272727], [80.42983856060606, 21.95908290909091], [80.44294216666667, 21.95908290909091]]]}, "properties": {"confidence_score": 0.0238, "site_id": "balaghat"}}, {"type": "Feature", "geometry": {"type": "Polygon", "coordinates": [[[80.45604577272728, 21.95908290909091], [80.45604577272728, 21.96578127272727], [80.44294216666667, 21.96578127272727], [80.44294216666667, 21.95908290909091], [80.45604577272728, 21.95908290909091]]]}, "properties": {"confidence_score": 0.2701, "site_id": "balaghat"}}, {"type": "Feature", "geometry": {"type": "Polygon", "coordinates": [[[80.46914937878788, 21.95908290909091], [80.46914937878788, 21.96578127272727], [80.45604577272726, 21.96578127272727], [80.45604577272726, 21.95908290909091], [80.46914937878788, 21.95908290909091]]]}, "properties": {"confidence_score": 0.1799, "site_id": "balaghat"}}, {"type": "Feature", "geometry": {"type": "Polygon", "coordinates": [[[80.48225298484849, 21.95908290909091], [80.48225298484849, 21.96578127272727], [80.46914937878788, 21.96578127272727], [80.46914937878788, 21.95908290909091], [80.48225298484849, 21.95908290909091]]]}, "properties": {"confidence_score": 0.5759, "site_id": "balaghat"}}, {"type": "Feature", "geometry": {"type": "Polygon", "coordinates": [[[80.4953565909091, 21.95908290909091], [80.4953565909091, 21.96578127272727], [80.48225298484849, 21.96578127272727], [80.48225298484849, 21.95908290909091], [80.4953565909091, 21.95908290909091]]]}, "properties": {"confidence_score": 0.8562, "site_id": "balaghat"}}, {"type": "Feature", "geometry": {"type": "Polygon", "coordinates": [[[80.5084601969697, 21.95908290909091], [80.5084601969697, 21.96578127272727], [80.49535659090908, 21.96578127272727], [80.49535659090908, 21.95908290909091], [80.5084601969697, 21.95908290909091]]]}, "properties": {"confidence_score": 0.345, "site_id": "balaghat"}}, {"type": "Feature", "geometry": {"type": "Polygon", "coordinates": [[[80.5215638030303, 21.95908290909091], [80.5215638030303, 21.96578127272727], [80.5084601969697, 21.96578127272727], [80.5084601969697, 21.95908290909091], [80.5215638030303, 21.95908290909091]]]}, "properties": {"confidence_score": 0.0075, "site_id": "balaghat"}}, {"type": "Feature", "geometry": {"type": "Polygon", "coordinates": [[[80.19397365151515, 21.965781272727273], [80.19397365151515, 21.972479636363634], [80.18087004545454, 21.972479636363634], [80.18087004545454, 21.965781272727273], [80.19397365151515, 21.965781272727273]]]}, "properties": {"confidence_score": 0.5042, "site_id": "balaghat"}}, {"type": "Feature", "geometry": {"type": "Polygon", "coordinates": [[[80.20707725757576, 21.965781272727273], [80.20707725757576, 21.972479636363634], [80.19397365151515, 21.972479636363634], [80.19397365151515, 21.965781272727273], [80.20707725757576, 21.965781272727273]]]}, "properties": {"confidence_score": 0.3459, "site_id": "balaghat"}}, {"type": "Feature", "geometry": {"type": "Polygon", "coordinates": [[[80.22018086363636, 21.965781272727273], [80.22018086363636, 21.972479636363634], [80.20707725757575, 21.972479636363634], [80.20707725757575, 21.965781272727273], [80.22018086363636, 21.965781272727273]]]}, "properties": {"confidence_score": 0.1272, "site_id": "balaghat"}}, {"type": "Feature", "geometry": {"type": "Polygon", "coordinates": [[[80.23328446969697, 21.965781272727273], [80.23328446969697, 21.972479636363634], [80.22018086363636, 21.972479636363634], [80.22018086363636, 21.965781272727273], [80.23328446969697, 21.965781272727273]]]}, "properties": {"confidence_score": 0.0738, "site_id": "balaghat"}}, {"type": "Feature", "geometry": {"type": "Polygon", "coordinates": [[[80.24638807575758, 21.965781272727273], [80.24638807575758, 21.972479636363634], [80.23328446969697, 21.972479636363634], [80.23328446969697, 21.965781272727273], [80.24638807575758, 21.965781272727273]]]}, "properties": {"confidence_score": 0.2849, "site_id": "balaghat"}}, {"type": "Feature", "geometry": {"type": "Polygon", "coordinates": [[[80.25949168181818, 21.965781272727273], [80.25949168181818, 21.972479636363634], [80.24638807575757, 21.972479636363634], [80.24638807575757, 21.965781272727273], [80.25949168181818, 21.965781272727273]]]}, "properties": {"confidence_score": 0.3757, "site_id": "balaghat"}}, {"type": "Feature", "geometry": {"type": "Polygon", "coordinates": [[[80.27259528787879, 21.965781272727273], [80.27259528787879, 21.972479636363634], [80.25949168181818, 21.972479636363634], [80.25949168181818, 21.965781272727273], [80.27259528787879, 21.965781272727273]]]}, "properties": {"confidence_score": 0.1791, "site_id": "balaghat"}}, {"type": "Feature", "geometry": {"type": "Polygon", "coordinates": [[[80.2856988939394, 21.965781272727273], [80.2856988939394, 21.972479636363634], [80.27259528787879, 21.972479636363634], [80.27259528787879, 21.965781272727273], [80.2856988939394, 21.965781272727273]]]}, "properties": {"confidence_score": 0.0181, "site_id": "balaghat"}}, {"type": "Feature", "geometry": {"type": "Polygon", "coordinates": [[[80.2988025, 21.965781272727273], [80.2988025, 21.972479636363634], [80.28569889393938, 21.972479636363634], [80.28569889393938, 21.965781272727273], [80.2988025, 21.965781272727273]]]}, "properties": {"confidence_score": 0.0, "site_id": "balaghat"}}, {"type": "Feature", "geometry": {"type": "Polygon", "coordinates": [[[80.3119061060606, 21.965781272727273], [80.3119061060606, 21.972479636363634], [80.2988025, 21.972479636363634], [80.2988025, 21.965781272727273], [80.3119061060606, 21.965781272727273]]]}, "properties": {"confidence_score": 0.0018, "site_id": "balaghat"}}, {"type": "Feature", "geometry": {"type": "Polygon", "coordinates": [[[80.32500971212121, 21.965781272727273], [80.32500971212121, 21.972479636363634], [80.3119061060606, 21.972479636363634], [80.3119061060606, 21.965781272727273], [80.32500971212121, 21.965781272727273]]]}, "properties": {"confidence_score": 0.0274, "site_id": "balaghat"}}, {"type": "Feature", "geometry": {"type": "Polygon", "coordinates": [[[80.33811331818183, 21.965781272727273], [80.33811331818183, 21.972479636363634], [80.32500971212121, 21.972479636363634], [80.32500971212121, 21.965781272727273], [80.33811331818183, 21.965781272727273]]]}, "properties": {"confidence_score": 0.011, "site_id": "balaghat"}}, {"type": "Feature", "geometry": {"type": "Polygon", "coordinates": [[[80.35121692424242, 21.965781272727273], [80.35121692424242, 21.972479636363634], [80.33811331818181, 21.972479636363634], [80.33811331818181, 21.965781272727273], [80.35121692424242, 21.965781272727273]]]}, "properties": {"confidence_score": 0.1294, "site_id": "balaghat"}}, {"type": "Feature", "geometry": {"type": "Polygon", "coordinates": [[[80.36432053030303, 21.965781272727273], [80.36432053030303, 21.972479636363634], [80.35121692424242, 21.972479636363634], [80.35121692424242, 21.965781272727273], [80.36432053030303, 21.965781272727273]]]}, "properties": {"confidence_score": 0.2373, "site_id": "balaghat"}}, {"type": "Feature", "geometry": {"type": "Polygon", "coordinates": [[[80.37742413636364, 21.965781272727273], [80.37742413636364, 21.972479636363634], [80.36432053030303, 21.972479636363634], [80.36432053030303, 21.965781272727273], [80.37742413636364, 21.965781272727273]]]}, "properties": {"confidence_score": 0.4664, "site_id": "balaghat"}}, {"type": "Feature", "geometry": {"type": "Polygon", "coordinates": [[[80.39052774242424, 21.965781272727273], [80.39052774242424, 21.972479636363634], [80.37742413636363, 21.972479636363634], [80.37742413636363, 21.965781272727273], [80.39052774242424, 21.965781272727273]]]}, "properties": {"confidence_score": 0.5975, "site_id": "balaghat"}}, {"type": "Feature", "geometry": {"type": "Polygon", "coordinates": [[[80.40363134848485, 21.965781272727273], [80.40363134848485, 21.972479636363634], [80.39052774242424, 21.972479636363634], [80.39052774242424, 21.965781272727273], [80.40363134848485, 21.965781272727273]]]}, "properties": {"confidence_score": 0.432, "site_id": "balaghat"}}, {"type": "Feature", "geometry": {"type": "Polygon", "coordinates": [[[80.41673495454546, 21.965781272727273], [80.41673495454546, 21.972479636363634], [80.40363134848485, 21.972479636363634], [80.40363134848485, 21.965781272727273], [80.41673495454546, 21.965781272727273]]]}, "properties": {"confidence_score": 0.2271, "site_id": "balaghat"}}, {"type": "Feature", "geometry": {"type": "Polygon", "coordinates": [[[80.42983856060606, 21.965781272727273], [80.42983856060606, 21.972479636363634], [80.41673495454545, 21.972479636363634], [80.41673495454545, 21.965781272727273], [80.42983856060606, 21.965781272727273]]]}, "properties": {"confidence_score": 0.0997, "site_id": "balaghat"}}, {"type": "Feature", "geometry": {"type": "Polygon", "coordinates": [[[80.44294216666667, 21.965781272727273], [80.44294216666667, 21.972479636363634], [80.42983856060606, 21.972479636363634], [80.42983856060606, 21.965781272727273], [80.44294216666667, 21.965781272727273]]]}, "properties": {"confidence_score": 0.0242, "site_id": "balaghat"}}, {"type": "Feature", "geometry": {"type": "Polygon", "coordinates": [[[80.45604577272728, 21.965781272727273], [80.45604577272728, 21.972479636363634], [80.44294216666667, 21.972479636363634], [80.44294216666667, 21.965781272727273], [80.45604577272728, 21.965781272727273]]]}, "properties": {"confidence_score": 0.2409, "site_id": "balaghat"}}, {"type": "Feature", "geometry": {"type": "Polygon", "coordinates": [[[80.46914937878788, 21.965781272727273], [80.46914937878788, 21.972479636363634], [80.45604577272726, 21.972479636363634], [80.45604577272726, 21.965781272727273], [80.46914937878788, 21.965781272727273]]]}, "properties": {"confidence_score": 0.4823, "site_id": "balaghat"}}, {"type": "Feature", "geometry": {"type": "Polygon", "coordinates": [[[80.48225298484849, 21.965781272727273], [80.48225298484849, 21.972479636363634], [80.46914937878788, 21.972479636363634], [80.46914937878788, 21.965781272727273], [80.48225298484849, 21.965781272727273]]]}, "properties": {"confidence_score": 0.6579, "site_id": "balaghat"}}, {"type": "Feature", "geometry": {"type": "Polygon", "coordinates": [[[80.4953565909091, 21.965781272727273], [80.4953565909091, 21.972479636363634], [80.48225298484849, 21.972479636363634], [80.48225298484849, 21.965781272727273], [80.4953565909091, 21.965781272727273]]]}, "properties": {"confidence_score": 0.7905, "site_id": "balaghat"}}, {"type": "Feature", "geometry": {"type": "Polygon", "coordinates": [[[80.5084601969697, 21.965781272727273], [80.5084601969697, 21.972479636363634], [80.49535659090908, 21.972479636363634], [80.49535659090908, 21.965781272727273], [80.5084601969697, 21.965781272727273]]]}, "properties": {"confidence_score": 0.4082, "site_id": "balaghat"}}, {"type": "Feature", "geometry": {"type": "Polygon", "coordinates": [[[80.5215638030303, 21.965781272727273], [80.5215638030303, 21.972479636363634], [80.5084601969697, 21.972479636363634], [80.5084601969697, 21.965781272727273], [80.5215638030303, 21.965781272727273]]]}, "properties": {"confidence_score": 0.0418, "site_id": "balaghat"}}, {"type": "Feature", "geometry": {"type": "Polygon", "coordinates": [[[80.19397365151515, 21.972479636363637], [80.19397365151515, 21.979177999999997], [80.18087004545454, 21.979177999999997], [80.18087004545454, 21.972479636363637], [80.19397365151515, 21.972479636363637]]]}, "properties": {"confidence_score": 0.5376, "site_id": "balaghat"}}, {"type": "Feature", "geometry": {"type": "Polygon", "coordinates": [[[80.20707725757576, 21.972479636363637], [80.20707725757576, 21.979177999999997], [80.19397365151515, 21.979177999999997], [80.19397365151515, 21.972479636363637], [80.20707725757576, 21.972479636363637]]]}, "properties": {"confidence_score": 0.5075, "site_id": "balaghat"}}, {"type": "Feature", "geometry": {"type": "Polygon", "coordinates": [[[80.22018086363636, 21.972479636363637], [80.22018086363636, 21.979177999999997], [80.20707725757575, 21.979177999999997], [80.20707725757575, 21.972479636363637], [80.22018086363636, 21.972479636363637]]]}, "properties": {"confidence_score": 0.1828, "site_id": "balaghat"}}, {"type": "Feature", "geometry": {"type": "Polygon", "coordinates": [[[80.23328446969697, 21.972479636363637], [80.23328446969697, 21.979177999999997], [80.22018086363636, 21.979177999999997], [80.22018086363636, 21.972479636363637], [80.23328446969697, 21.972479636363637]]]}, "properties": {"confidence_score": 0.1041, "site_id": "balaghat"}}, {"type": "Feature", "geometry": {"type": "Polygon", "coordinates": [[[80.24638807575758, 21.972479636363637], [80.24638807575758, 21.979177999999997], [80.23328446969697, 21.979177999999997], [80.23328446969697, 21.972479636363637], [80.24638807575758, 21.972479636363637]]]}, "properties": {"confidence_score": 0.4408, "site_id": "balaghat"}}, {"type": "Feature", "geometry": {"type": "Polygon", "coordinates": [[[80.25949168181818, 21.972479636363637], [80.25949168181818, 21.979177999999997], [80.24638807575757, 21.979177999999997], [80.24638807575757, 21.972479636363637], [80.25949168181818, 21.972479636363637]]]}, "properties": {"confidence_score": 0.6427, "site_id": "balaghat"}}, {"type": "Feature", "geometry": {"type": "Polygon", "coordinates": [[[80.27259528787879, 21.972479636363637], [80.27259528787879, 21.979177999999997], [80.25949168181818, 21.979177999999997], [80.25949168181818, 21.972479636363637], [80.27259528787879, 21.972479636363637]]]}, "properties": {"confidence_score": 0.2373, "site_id": "balaghat"}}, {"type": "Feature", "geometry": {"type": "Polygon", "coordinates": [[[80.2856988939394, 21.972479636363637], [80.2856988939394, 21.979177999999997], [80.27259528787879, 21.979177999999997], [80.27259528787879, 21.972479636363637], [80.2856988939394, 21.972479636363637]]]}, "properties": {"confidence_score": 0.0, "site_id": "balaghat"}}, {"type": "Feature", "geometry": {"type": "Polygon", "coordinates": [[[80.2988025, 21.972479636363637], [80.2988025, 21.979177999999997], [80.28569889393938, 21.979177999999997], [80.28569889393938, 21.972479636363637], [80.2988025, 21.972479636363637]]]}, "properties": {"confidence_score": 0.0113, "site_id": "balaghat"}}, {"type": "Feature", "geometry": {"type": "Polygon", "coordinates": [[[80.3119061060606, 21.972479636363637], [80.3119061060606, 21.979177999999997], [80.2988025, 21.979177999999997], [80.2988025, 21.972479636363637], [80.3119061060606, 21.972479636363637]]]}, "properties": {"confidence_score": 0.0332, "site_id": "balaghat"}}, {"type": "Feature", "geometry": {"type": "Polygon", "coordinates": [[[80.32500971212121, 21.972479636363637], [80.32500971212121, 21.979177999999997], [80.3119061060606, 21.979177999999997], [80.3119061060606, 21.972479636363637], [80.32500971212121, 21.972479636363637]]]}, "properties": {"confidence_score": 0.1261, "site_id": "balaghat"}}, {"type": "Feature", "geometry": {"type": "Polygon", "coordinates": [[[80.33811331818183, 21.972479636363637], [80.33811331818183, 21.979177999999997], [80.32500971212121, 21.979177999999997], [80.32500971212121, 21.972479636363637], [80.33811331818183, 21.972479636363637]]]}, "properties": {"confidence_score": 0.0762, "site_id": "balaghat"}}, {"type": "Feature", "geometry": {"type": "Polygon", "coordinates": [[[80.35121692424242, 21.972479636363637], [80.35121692424242, 21.979177999999997], [80.33811331818181, 21.979177999999997], [80.33811331818181, 21.972479636363637], [80.35121692424242, 21.972479636363637]]]}, "properties": {"confidence_score": 0.283, "site_id": "balaghat"}}, {"type": "Feature", "geometry": {"type": "Polygon", "coordinates": [[[80.36432053030303, 21.972479636363637], [80.36432053030303, 21.979177999999997], [80.35121692424242, 21.979177999999997], [80.35121692424242, 21.972479636363637], [80.36432053030303, 21.972479636363637]]]}, "properties": {"confidence_score": 0.4046, "site_id": "balaghat"}}, {"type": "Feature", "geometry": {"type": "Polygon", "coordinates": [[[80.37742413636364, 21.972479636363637], [80.37742413636364, 21.979177999999997], [80.36432053030303, 21.979177999999997], [80.36432053030303, 21.972479636363637], [80.37742413636364, 21.972479636363637]]]}, "properties": {"confidence_score": 0.5322, "site_id": "balaghat"}}, {"type": "Feature", "geometry": {"type": "Polygon", "coordinates": [[[80.39052774242424, 21.972479636363637], [80.39052774242424, 21.979177999999997], [80.37742413636363, 21.979177999999997], [80.37742413636363, 21.972479636363637], [80.39052774242424, 21.972479636363637]]]}, "properties": {"confidence_score": 0.639, "site_id": "balaghat"}}, {"type": "Feature", "geometry": {"type": "Polygon", "coordinates": [[[80.40363134848485, 21.972479636363637], [80.40363134848485, 21.979177999999997], [80.39052774242424, 21.979177999999997], [80.39052774242424, 21.972479636363637], [80.40363134848485, 21.972479636363637]]]}, "properties": {"confidence_score": 0.5144, "site_id": "balaghat"}}, {"type": "Feature", "geometry": {"type": "Polygon", "coordinates": [[[80.41673495454546, 21.972479636363637], [80.41673495454546, 21.979177999999997], [80.40363134848485, 21.979177999999997], [80.40363134848485, 21.972479636363637], [80.41673495454546, 21.972479636363637]]]}, "properties": {"confidence_score": 0.4018, "site_id": "balaghat"}}, {"type": "Feature", "geometry": {"type": "Polygon", "coordinates": [[[80.42983856060606, 21.972479636363637], [80.42983856060606, 21.979177999999997], [80.41673495454545, 21.979177999999997], [80.41673495454545, 21.972479636363637], [80.42983856060606, 21.972479636363637]]]}, "properties": {"confidence_score": 0.151, "site_id": "balaghat"}}, {"type": "Feature", "geometry": {"type": "Polygon", "coordinates": [[[80.44294216666667, 21.972479636363637], [80.44294216666667, 21.979177999999997], [80.42983856060606, 21.979177999999997], [80.42983856060606, 21.972479636363637], [80.44294216666667, 21.972479636363637]]]}, "properties": {"confidence_score": 0.0102, "site_id": "balaghat"}}, {"type": "Feature", "geometry": {"type": "Polygon", "coordinates": [[[80.45604577272728, 21.972479636363637], [80.45604577272728, 21.979177999999997], [80.44294216666667, 21.979177999999997], [80.44294216666667, 21.972479636363637], [80.45604577272728, 21.972479636363637]]]}, "properties": {"confidence_score": 0.2359, "site_id": "balaghat"}}, {"type": "Feature", "geometry": {"type": "Polygon", "coordinates": [[[80.46914937878788, 21.972479636363637], [80.46914937878788, 21.979177999999997], [80.45604577272726, 21.979177999999997], [80.45604577272726, 21.972479636363637], [80.46914937878788, 21.972479636363637]]]}, "properties": {"confidence_score": 0.7416, "site_id": "balaghat"}}, {"type": "Feature", "geometry": {"type": "Polygon", "coordinates": [[[80.48225298484849, 21.972479636363637], [80.48225298484849, 21.979177999999997], [80.46914937878788, 21.979177999999997], [80.46914937878788, 21.972479636363637], [80.48225298484849, 21.972479636363637]]]}, "properties": {"confidence_score": 0.6683, "site_id": "balaghat"}}, {"type": "Feature", "geometry": {"type": "Polygon", "coordinates": [[[80.4953565909091, 21.972479636363637], [80.4953565909091, 21.979177999999997], [80.48225298484849, 21.979177999999997], [80.48225298484849, 21.972479636363637], [80.4953565909091, 21.972479636363637]]]}, "properties": {"confidence_score": 0.7916, "site_id": "balaghat"}}, {"type": "Feature", "geometry": {"type": "Polygon", "coordinates": [[[80.5084601969697, 21.972479636363637], [80.5084601969697, 21.979177999999997], [80.49535659090908, 21.979177999999997], [80.49535659090908, 21.972479636363637], [80.5084601969697, 21.972479636363637]]]}, "properties": {"confidence_score": 0.4302, "site_id": "balaghat"}}, {"type": "Feature", "geometry": {"type": "Polygon", "coordinates": [[[80.5215638030303, 21.972479636363637], [80.5215638030303, 21.979177999999997], [80.5084601969697, 21.979177999999997], [80.5084601969697, 21.972479636363637], [80.5215638030303, 21.972479636363637]]]}, "properties": {"confidence_score": 0.025, "site_id": "balaghat"}}, {"type": "Feature", "geometry": {"type": "Polygon", "coordinates": [[[80.19397365151515, 21.979178], [80.19397365151515, 21.98587636363636], [80.18087004545454, 21.98587636363636], [80.18087004545454, 21.979178], [80.19397365151515, 21.979178]]]}, "properties": {"confidence_score": 0.4094, "site_id": "balaghat"}}, {"type": "Feature", "geometry": {"type": "Polygon", "coordinates": [[[80.20707725757576, 21.979178], [80.20707725757576, 21.98587636363636], [80.19397365151515, 21.98587636363636], [80.19397365151515, 21.979178], [80.20707725757576, 21.979178]]]}, "properties": {"confidence_score": 0.3135, "site_id": "balaghat"}}, {"type": "Feature", "geometry": {"type": "Polygon", "coordinates": [[[80.22018086363636, 21.979178], [80.22018086363636, 21.98587636363636], [80.20707725757575, 21.98587636363636], [80.20707725757575, 21.979178], [80.22018086363636, 21.979178]]]}, "properties": {"confidence_score": 0.2443, "site_id": "balaghat"}}, {"type": "Feature", "geometry": {"type": "Polygon", "coordinates": [[[80.23328446969697, 21.979178], [80.23328446969697, 21.98587636363636], [80.22018086363636, 21.98587636363636], [80.22018086363636, 21.979178], [80.23328446969697, 21.979178]]]}, "properties": {"confidence_score": 0.3053, "site_id": "balaghat"}}, {"type": "Feature", "geometry": {"type": "Polygon", "coordinates": [[[80.24638807575758, 21.979178], [80.24638807575758, 21.98587636363636], [80.23328446969697, 21.98587636363636], [80.23328446969697, 21.979178], [80.24638807575758, 21.979178]]]}, "properties": {"confidence_score": 0.537, "site_id": "balaghat"}}, {"type": "Feature", "geometry": {"type": "Polygon", "coordinates": [[[80.25949168181818, 21.979178], [80.25949168181818, 21.98587636363636], [80.24638807575757, 21.98587636363636], [80.24638807575757, 21.979178], [80.25949168181818, 21.979178]]]}, "properties": {"confidence_score": 0.6293, "site_id": "balaghat"}}, {"type": "Feature", "geometry": {"type": "Polygon", "coordinates": [[[80.27259528787879, 21.979178], [80.27259528787879, 21.98587636363636], [80.25949168181818, 21.98587636363636], [80.25949168181818, 21.979178], [80.27259528787879, 21.979178]]]}, "properties": {"confidence_score": 0.2611, "site_id": "balaghat"}}, {"type": "Feature", "geometry": {"type": "Polygon", "coordinates": [[[80.2856988939394, 21.979178], [80.2856988939394, 21.98587636363636], [80.27259528787879, 21.98587636363636], [80.27259528787879, 21.979178], [80.2856988939394, 21.979178]]]}, "properties": {"confidence_score": 0.0179, "site_id": "balaghat"}}, {"type": "Feature", "geometry": {"type": "Polygon", "coordinates": [[[80.2988025, 21.979178], [80.2988025, 21.98587636363636], [80.28569889393938, 21.98587636363636], [80.28569889393938, 21.979178], [80.2988025, 21.979178]]]}, "properties": {"confidence_score": 0.0656, "site_id": "balaghat"}}, {"type": "Feature", "geometry": {"type": "Polygon", "coordinates": [[[80.3119061060606, 21.979178], [80.3119061060606, 21.98587636363636], [80.2988025, 21.98587636363636], [80.2988025, 21.979178], [80.3119061060606, 21.979178]]]}, "properties": {"confidence_score": 0.1584, "site_id": "balaghat"}}, {"type": "Feature", "geometry": {"type": "Polygon", "coordinates": [[[80.32500971212121, 21.979178], [80.32500971212121, 21.98587636363636], [80.3119061060606, 21.98587636363636], [80.3119061060606, 21.979178], [80.32500971212121, 21.979178]]]}, "properties": {"confidence_score": 0.3166, "site_id": "balaghat"}}, {"type": "Feature", "geometry": {"type": "Polygon", "coordinates": [[[80.33811331818183, 21.979178], [80.33811331818183, 21.98587636363636], [80.32500971212121, 21.98587636363636], [80.32500971212121, 21.979178], [80.33811331818183, 21.979178]]]}, "properties": {"confidence_score": 0.4369, "site_id": "balaghat"}}, {"type": "Feature", "geometry": {"type": "Polygon", "coordinates": [[[80.35121692424242, 21.979178], [80.35121692424242, 21.98587636363636], [80.33811331818181, 21.98587636363636], [80.33811331818181, 21.979178], [80.35121692424242, 21.979178]]]}, "properties": {"confidence_score": 0.4638, "site_id": "balaghat"}}, {"type": "Feature", "geometry": {"type": "Polygon", "coordinates": [[[80.36432053030303, 21.979178], [80.36432053030303, 21.98587636363636], [80.35121692424242, 21.98587636363636], [80.35121692424242, 21.979178], [80.36432053030303, 21.979178]]]}, "properties": {"confidence_score": 0.5269, "site_id": "balaghat"}}, {"type": "Feature", "geometry": {"type": "Polygon", "coordinates": [[[80.37742413636364, 21.979178], [80.37742413636364, 21.98587636363636], [80.36432053030303, 21.98587636363636], [80.36432053030303, 21.979178], [80.37742413636364, 21.979178]]]}, "properties": {"confidence_score": 0.5763, "site_id": "balaghat"}}, {"type": "Feature", "geometry": {"type": "Polygon", "coordinates": [[[80.39052774242424, 21.979178], [80.39052774242424, 21.98587636363636], [80.37742413636363, 21.98587636363636], [80.37742413636363, 21.979178], [80.39052774242424, 21.979178]]]}, "properties": {"confidence_score": 0.644, "site_id": "balaghat"}}, {"type": "Feature", "geometry": {"type": "Polygon", "coordinates": [[[80.40363134848485, 21.979178], [80.40363134848485, 21.98587636363636], [80.39052774242424, 21.98587636363636], [80.39052774242424, 21.979178], [80.40363134848485, 21.979178]]]}, "properties": {"confidence_score": 0.5503, "site_id": "balaghat"}}, {"type": "Feature", "geometry": {"type": "Polygon", "coordinates": [[[80.41673495454546, 21.979178], [80.41673495454546, 21.98587636363636], [80.40363134848485, 21.98587636363636], [80.40363134848485, 21.979178], [80.41673495454546, 21.979178]]]}, "properties": {"confidence_score": 0.496, "site_id": "balaghat"}}, {"type": "Feature", "geometry": {"type": "Polygon", "coordinates": [[[80.42983856060606, 21.979178], [80.42983856060606, 21.98587636363636], [80.41673495454545, 21.98587636363636], [80.41673495454545, 21.979178], [80.42983856060606, 21.979178]]]}, "properties": {"confidence_score": 0.1942, "site_id": "balaghat"}}, {"type": "Feature", "geometry": {"type": "Polygon", "coordinates": [[[80.44294216666667, 21.979178], [80.44294216666667, 21.98587636363636], [80.42983856060606, 21.98587636363636], [80.42983856060606, 21.979178], [80.44294216666667, 21.979178]]]}, "properties": {"confidence_score": 0.03, "site_id": "balaghat"}}, {"type": "Feature", "geometry": {"type": "Polygon", "coordinates": [[[80.45604577272728, 21.979178], [80.45604577272728, 21.98587636363636], [80.44294216666667, 21.98587636363636], [80.44294216666667, 21.979178], [80.45604577272728, 21.979178]]]}, "properties": {"confidence_score": 0.1542, "site_id": "balaghat"}}, {"type": "Feature", "geometry": {"type": "Polygon", "coordinates": [[[80.46914937878788, 21.979178], [80.46914937878788, 21.98587636363636], [80.45604577272726, 21.98587636363636], [80.45604577272726, 21.979178], [80.46914937878788, 21.979178]]]}, "properties": {"confidence_score": 0.3782, "site_id": "balaghat"}}, {"type": "Feature", "geometry": {"type": "Polygon", "coordinates": [[[80.48225298484849, 21.979178], [80.48225298484849, 21.98587636363636], [80.46914937878788, 21.98587636363636], [80.46914937878788, 21.979178], [80.48225298484849, 21.979178]]]}, "properties": {"confidence_score": 0.5622, "site_id": "balaghat"}}, {"type": "Feature", "geometry": {"type": "Polygon", "coordinates": [[[80.4953565909091, 21.979178], [80.4953565909091, 21.98587636363636], [80.48225298484849, 21.98587636363636], [80.48225298484849, 21.979178], [80.4953565909091, 21.979178]]]}, "properties": {"confidence_score": 0.7085, "site_id": "balaghat"}}, {"type": "Feature", "geometry": {"type": "Polygon", "coordinates": [[[80.5084601969697, 21.979178], [80.5084601969697, 21.98587636363636], [80.49535659090908, 21.98587636363636], [80.49535659090908, 21.979178], [80.5084601969697, 21.979178]]]}, "properties": {"confidence_score": 0.4297, "site_id": "balaghat"}}, {"type": "Feature", "geometry": {"type": "Polygon", "coordinates": [[[80.5215638030303, 21.979178], [80.5215638030303, 21.98587636363636], [80.5084601969697, 21.98587636363636], [80.5084601969697, 21.979178], [80.5215638030303, 21.979178]]]}, "properties": {"confidence_score": 0.1709, "site_id": "balaghat"}}, {"type": "Feature", "geometry": {"type": "Polygon", "coordinates": [[[80.19397365151515, 21.985876363636365], [80.19397365151515, 21.992574727272725], [80.18087004545454, 21.992574727272725], [80.18087004545454, 21.985876363636365], [80.19397365151515, 21.985876363636365]]]}, "properties": {"confidence_score": 0.2313, "site_id": "balaghat"}}, {"type": "Feature", "geometry": {"type": "Polygon", "coordinates": [[[80.20707725757576, 21.985876363636365], [80.20707725757576, 21.992574727272725], [80.19397365151515, 21.992574727272725], [80.19397365151515, 21.985876363636365], [80.20707725757576, 21.985876363636365]]]}, "properties": {"confidence_score": 0.0949, "site_id": "balaghat"}}, {"type": "Feature", "geometry": {"type": "Polygon", "coordinates": [[[80.22018086363636, 21.985876363636365], [80.22018086363636, 21.992574727272725], [80.20707725757575, 21.992574727272725], [80.20707725757575, 21.985876363636365], [80.22018086363636, 21.985876363636365]]]}, "properties": {"confidence_score": 0.288, "site_id": "balaghat"}}, {"type": "Feature", "geometry": {"type": "Polygon", "coordinates": [[[80.23328446969697, 21.985876363636365], [80.23328446969697, 21.992574727272725], [80.22018086363636, 21.992574727272725], [80.22018086363636, 21.985876363636365], [80.23328446969697, 21.985876363636365]]]}, "properties": {"confidence_score": 0.4765, "site_id": "balaghat"}}, {"type": "Feature", "geometry": {"type": "Polygon", "coordinates": [[[80.24638807575758, 21.985876363636365], [80.24638807575758, 21.992574727272725], [80.23328446969697, 21.992574727272725], [80.23328446969697, 21.985876363636365], [80.24638807575758, 21.985876363636365]]]}, "properties": {"confidence_score": 0.5836, "site_id": "balaghat"}}, {"type": "Feature", "geometry": {"type": "Polygon", "coordinates": [[[80.25949168181818, 21.985876363636365], [80.25949168181818, 21.992574727272725], [80.24638807575757, 21.992574727272725], [80.24638807575757, 21.985876363636365], [80.25949168181818, 21.985876363636365]]]}, "properties": {"confidence_score": 0.614, "site_id": "balaghat"}}, {"type": "Feature", "geometry": {"type": "Polygon", "coordinates": [[[80.27259528787879, 21.985876363636365], [80.27259528787879, 21.992574727272725], [80.25949168181818, 21.992574727272725], [80.25949168181818, 21.985876363636365], [80.27259528787879, 21.985876363636365]]]}, "properties": {"confidence_score": 0.2525, "site_id": "balaghat"}}, {"type": "Feature", "geometry": {"type": "Polygon", "coordinates": [[[80.2856988939394, 21.985876363636365], [80.2856988939394, 21.992574727272725], [80.27259528787879, 21.992574727272725], [80.27259528787879, 21.985876363636365], [80.2856988939394, 21.985876363636365]]]}, "properties": {"confidence_score": 0.0145, "site_id": "balaghat"}}, {"type": "Feature", "geometry": {"type": "Polygon", "coordinates": [[[80.2988025, 21.985876363636365], [80.2988025, 21.992574727272725], [80.28569889393938, 21.992574727272725], [80.28569889393938, 21.985876363636365], [80.2988025, 21.985876363636365]]]}, "properties": {"confidence_score": 0.1528, "site_id": "balaghat"}}, {"type": "Feature", "geometry": {"type": "Polygon", "coordinates": [[[80.3119061060606, 21.985876363636365], [80.3119061060606, 21.992574727272725], [80.2988025, 21.992574727272725], [80.2988025, 21.985876363636365], [80.3119061060606, 21.985876363636365]]]}, "properties": {"confidence_score": 0.3032, "site_id": "balaghat"}}, {"type": "Feature", "geometry": {"type": "Polygon", "coordinates": [[[80.32500971212121, 21.985876363636365], [80.32500971212121, 21.992574727272725], [80.3119061060606, 21.992574727272725], [80.3119061060606, 21.985876363636365], [80.32500971212121, 21.985876363636365]]]}, "properties": {"confidence_score": 0.5048, "site_id": "balaghat"}}, {"type": "Feature", "geometry": {"type": "Polygon", "coordinates": [[[80.33811331818183, 21.985876363636365], [80.33811331818183, 21.992574727272725], [80.32500971212121, 21.992574727272725], [80.32500971212121, 21.985876363636365], [80.33811331818183, 21.985876363636365]]]}, "properties": {"confidence_score": 0.7713, "site_id": "balaghat"}}, {"type": "Feature", "geometry": {"type": "Polygon", "coordinates": [[[80.35121692424242, 21.985876363636365], [80.35121692424242, 21.992574727272725], [80.33811331818181, 21.992574727272725], [80.33811331818181, 21.985876363636365], [80.35121692424242, 21.985876363636365]]]}, "properties": {"confidence_score": 0.6068, "site_id": "balaghat"}}, {"type": "Feature", "geometry": {"type": "Polygon", "coordinates": [[[80.36432053030303, 21.985876363636365], [80.36432053030303, 21.992574727272725], [80.35121692424242, 21.992574727272725], [80.35121692424242, 21.985876363636365], [80.36432053030303, 21.985876363636365]]]}, "properties": {"confidence_score": 0.6283, "site_id": "balaghat"}}, {"type": "Feature", "geometry": {"type": "Polygon", "coordinates": [[[80.37742413636364, 21.985876363636365], [80.37742413636364, 21.992574727272725], [80.36432053030303, 21.992574727272725], [80.36432053030303, 21.985876363636365], [80.37742413636364, 21.985876363636365]]]}, "properties": {"confidence_score": 0.5609, "site_id": "balaghat"}}, {"type": "Feature", "geometry": {"type": "Polygon", "coordinates": [[[80.39052774242424, 21.985876363636365], [80.39052774242424, 21.992574727272725], [80.37742413636363, 21.992574727272725], [80.37742413636363, 21.985876363636365], [80.39052774242424, 21.985876363636365]]]}, "properties": {"confidence_score": 0.6213, "site_id": "balaghat"}}, {"type": "Feature", "geometry": {"type": "Polygon", "coordinates": [[[80.40363134848485, 21.985876363636365], [80.40363134848485, 21.992574727272725], [80.39052774242424, 21.992574727272725], [80.39052774242424, 21.985876363636365], [80.40363134848485, 21.985876363636365]]]}, "properties": {"confidence_score": 0.4886, "site_id": "balaghat"}}, {"type": "Feature", "geometry": {"type": "Polygon", "coordinates": [[[80.41673495454546, 21.985876363636365], [80.41673495454546, 21.992574727272725], [80.40363134848485, 21.992574727272725], [80.40363134848485, 21.985876363636365], [80.41673495454546, 21.985876363636365]]]}, "properties": {"confidence_score": 0.5694, "site_id": "balaghat"}}, {"type": "Feature", "geometry": {"type": "Polygon", "coordinates": [[[80.42983856060606, 21.985876363636365], [80.42983856060606, 21.992574727272725], [80.41673495454545, 21.992574727272725], [80.41673495454545, 21.985876363636365], [80.42983856060606, 21.985876363636365]]]}, "properties": {"confidence_score": 0.189, "site_id": "balaghat"}}, {"type": "Feature", "geometry": {"type": "Polygon", "coordinates": [[[80.44294216666667, 21.985876363636365], [80.44294216666667, 21.992574727272725], [80.42983856060606, 21.992574727272725], [80.42983856060606, 21.985876363636365], [80.44294216666667, 21.985876363636365]]]}, "properties": {"confidence_score": 0.0021, "site_id": "balaghat"}}, {"type": "Feature", "geometry": {"type": "Polygon", "coordinates": [[[80.45604577272728, 21.985876363636365], [80.45604577272728, 21.992574727272725], [80.44294216666667, 21.992574727272725], [80.44294216666667, 21.985876363636365], [80.45604577272728, 21.985876363636365]]]}, "properties": {"confidence_score": 0.0502, "site_id": "balaghat"}}, {"type": "Feature", "geometry": {"type": "Polygon", "coordinates": [[[80.46914937878788, 21.985876363636365], [80.46914937878788, 21.992574727272725], [80.45604577272726, 21.992574727272725], [80.45604577272726, 21.985876363636365], [80.46914937878788, 21.985876363636365]]]}, "properties": {"confidence_score": 0.0229, "site_id": "balaghat"}}, {"type": "Feature", "geometry": {"type": "Polygon", "coordinates": [[[80.48225298484849, 21.985876363636365], [80.48225298484849, 21.992574727272725], [80.46914937878788, 21.992574727272725], [80.46914937878788, 21.985876363636365], [80.48225298484849, 21.985876363636365]]]}, "properties": {"confidence_score": 0.3897, "site_id": "balaghat"}}, {"type": "Feature", "geometry": {"type": "Polygon", "coordinates": [[[80.4953565909091, 21.985876363636365], [80.4953565909091, 21.992574727272725], [80.48225298484849, 21.992574727272725], [80.48225298484849, 21.985876363636365], [80.4953565909091, 21.985876363636365]]]}, "properties": {"confidence_score": 0.6716, "site_id": "balaghat"}}, {"type": "Feature", "geometry": {"type": "Polygon", "coordinates": [[[80.5084601969697, 21.985876363636365], [80.5084601969697, 21.992574727272725], [80.49535659090908, 21.992574727272725], [80.49535659090908, 21.985876363636365], [80.5084601969697, 21.985876363636365]]]}, "properties": {"confidence_score": 0.3737, "site_id": "balaghat"}}, {"type": "Feature", "geometry": {"type": "Polygon", "coordinates": [[[80.5215638030303, 21.985876363636365], [80.5215638030303, 21.992574727272725], [80.5084601969697, 21.992574727272725], [80.5084601969697, 21.985876363636365], [80.5215638030303, 21.985876363636365]]]}, "properties": {"confidence_score": 0.2621, "site_id": "balaghat"}}, {"type": "Feature", "geometry": {"type": "Polygon", "coordinates": [[[80.19397365151515, 21.99257472727273], [80.19397365151515, 21.99927309090909], [80.18087004545454, 21.99927309090909], [80.18087004545454, 21.99257472727273], [80.19397365151515, 21.99257472727273]]]}, "properties": {"confidence_score": 0.1085, "site_id": "balaghat"}}, {"type": "Feature", "geometry": {"type": "Polygon", "coordinates": [[[80.20707725757576, 21.99257472727273], [80.20707725757576, 21.99927309090909], [80.19397365151515, 21.99927309090909], [80.19397365151515, 21.99257472727273], [80.20707725757576, 21.99257472727273]]]}, "properties": {"confidence_score": 0.0682, "site_id": "balaghat"}}, {"type": "Feature", "geometry": {"type": "Polygon", "coordinates": [[[80.22018086363636, 21.99257472727273], [80.22018086363636, 21.99927309090909], [80.20707725757575, 21.99927309090909], [80.20707725757575, 21.99257472727273], [80.22018086363636, 21.99257472727273]]]}, "properties": {"confidence_score": 0.3072, "site_id": "balaghat"}}, {"type": "Feature", "geometry": {"type": "Polygon", "coordinates": [[[80.23328446969697, 21.99257472727273], [80.23328446969697, 21.99927309090909], [80.22018086363636, 21.99927309090909], [80.22018086363636, 21.99257472727273], [80.23328446969697, 21.99257472727273]]]}, "properties": {"confidence_score": 0.5197, "site_id": "balaghat"}}, {"type": "Feature", "geometry": {"type": "Polygon", "coordinates": [[[80.24638807575758, 21.99257472727273], [80.24638807575758, 21.99927309090909], [80.23328446969697, 21.99927309090909], [80.23328446969697, 21.99257472727273], [80.24638807575758, 21.99257472727273]]]}, "properties": {"confidence_score": 0.5862, "site_id": "balaghat"}}, {"type": "Feature", "geometry": {"type": "Polygon", "coordinates": [[[80.25949168181818, 21.99257472727273], [80.25949168181818, 21.99927309090909], [80.24638807575757, 21.99927309090909], [80.24638807575757, 21.99257472727273], [80.25949168181818, 21.99257472727273]]]}, "properties": {"confidence_score": 0.542, "site_id": "balaghat"}}, {"type": "Feature", "geometry": {"type": "Polygon", "coordinates": [[[80.27259528787879, 21.99257472727273], [80.27259528787879, 21.99927309090909], [80.25949168181818, 21.99927309090909], [80.25949168181818, 21.99257472727273], [80.27259528787879, 21.99257472727273]]]}, "properties": {"confidence_score": 0.2305, "site_id": "balaghat"}}, {"type": "Feature", "geometry": {"type": "Polygon", "coordinates": [[[80.2856988939394, 21.99257472727273], [80.2856988939394, 21.99927309090909], [80.27259528787879, 21.99927309090909], [80.27259528787879, 21.99257472727273], [80.2856988939394, 21.99257472727273]]]}, "properties": {"confidence_score": 0.0518, "site_id": "balaghat"}}, {"type": "Feature", "geometry": {"type": "Polygon", "coordinates": [[[80.2988025, 21.99257472727273], [80.2988025, 21.99927309090909], [80.28569889393938, 21.99927309090909], [80.28569889393938, 21.99257472727273], [80.2988025, 21.99257472727273]]]}, "properties": {"confidence_score": 0.2609, "site_id": "balaghat"}}, {"type": "Feature", "geometry": {"type": "Polygon", "coordinates": [[[80.3119061060606, 21.99257472727273], [80.3119061060606, 21.99927309090909], [80.2988025, 21.99927309090909], [80.2988025, 21.99257472727273], [80.3119061060606, 21.99257472727273]]]}, "properties": {"confidence_score": 0.4968, "site_id": "balaghat"}}, {"type": "Feature", "geometry": {"type": "Polygon", "coordinates": [[[80.32500971212121, 21.99257472727273], [80.32500971212121, 21.99927309090909], [80.3119061060606, 21.99927309090909], [80.3119061060606, 21.99257472727273], [80.32500971212121, 21.99257472727273]]]}, "properties": {"confidence_score": 0.592, "site_id": "balaghat"}}, {"type": "Feature", "geometry": {"type": "Polygon", "coordinates": [[[80.33811331818183, 21.99257472727273], [80.33811331818183, 21.99927309090909], [80.32500971212121, 21.99927309090909], [80.32500971212121, 21.99257472727273], [80.33811331818183, 21.99257472727273]]]}, "properties": {"confidence_score": 0.7145, "site_id": "balaghat"}}, {"type": "Feature", "geometry": {"type": "Polygon", "coordinates": [[[80.35121692424242, 21.99257472727273], [80.35121692424242, 21.99927309090909], [80.33811331818181, 21.99927309090909], [80.33811331818181, 21.99257472727273], [80.35121692424242, 21.99257472727273]]]}, "properties": {"confidence_score": 0.6454, "site_id": "balaghat"}}, {"type": "Feature", "geometry": {"type": "Polygon", "coordinates": [[[80.36432053030303, 21.99257472727273], [80.36432053030303, 21.99927309090909], [80.35121692424242, 21.99927309090909], [80.35121692424242, 21.99257472727273], [80.36432053030303, 21.99257472727273]]]}, "properties": {"confidence_score": 0.6683, "site_id": "balaghat"}}, {"type": "Feature", "geometry": {"type": "Polygon", "coordinates": [[[80.37742413636364, 21.99257472727273], [80.37742413636364, 21.99927309090909], [80.36432053030303, 21.99927309090909], [80.36432053030303, 21.99257472727273], [80.37742413636364, 21.99257472727273]]]}, "properties": {"confidence_score": 0.4607, "site_id": "balaghat"}}, {"type": "Feature", "geometry": {"type": "Polygon", "coordinates": [[[80.39052774242424, 21.99257472727273], [80.39052774242424, 21.99927309090909], [80.37742413636363, 21.99927309090909], [80.37742413636363, 21.99257472727273], [80.39052774242424, 21.99257472727273]]]}, "properties": {"confidence_score": 0.3298, "site_id": "balaghat"}}, {"type": "Feature", "geometry": {"type": "Polygon", "coordinates": [[[80.40363134848485, 21.99257472727273], [80.40363134848485, 21.99927309090909], [80.39052774242424, 21.99927309090909], [80.39052774242424, 21.99257472727273], [80.40363134848485, 21.99257472727273]]]}, "properties": {"confidence_score": 0.3127, "site_id": "balaghat"}}, {"type": "Feature", "geometry": {"type": "Polygon", "coordinates": [[[80.41673495454546, 21.99257472727273], [80.41673495454546, 21.99927309090909], [80.40363134848485, 21.99927309090909], [80.40363134848485, 21.99257472727273], [80.41673495454546, 21.99257472727273]]]}, "properties": {"confidence_score": 0.2825, "site_id": "balaghat"}}, {"type": "Feature", "geometry": {"type": "Polygon", "coordinates": [[[80.42983856060606, 21.99257472727273], [80.42983856060606, 21.99927309090909], [80.41673495454545, 21.99927309090909], [80.41673495454545, 21.99257472727273], [80.42983856060606, 21.99257472727273]]]}, "properties": {"confidence_score": 0.1279, "site_id": "balaghat"}}, {"type": "Feature", "geometry": {"type": "Polygon", "coordinates": [[[80.44294216666667, 21.99257472727273], [80.44294216666667, 21.99927309090909], [80.42983856060606, 21.99927309090909], [80.42983856060606, 21.99257472727273], [80.44294216666667, 21.99257472727273]]]}, "properties": {"confidence_score": 0.0079, "site_id": "balaghat"}}, {"type": "Feature", "geometry": {"type": "Polygon", "coordinates": [[[80.45604577272728, 21.99257472727273], [80.45604577272728, 21.99927309090909], [80.44294216666667, 21.99927309090909], [80.44294216666667, 21.99257472727273], [80.45604577272728, 21.99257472727273]]]}, "properties": {"confidence_score": 0.0, "site_id": "balaghat"}}, {"type": "Feature", "geometry": {"type": "Polygon", "coordinates": [[[80.46914937878788, 21.99257472727273], [80.46914937878788, 21.99927309090909], [80.45604577272726, 21.99927309090909], [80.45604577272726, 21.99257472727273], [80.46914937878788, 21.99257472727273]]]}, "properties": {"confidence_score": 0.0161, "site_id": "balaghat"}}, {"type": "Feature", "geometry": {"type": "Polygon", "coordinates": [[[80.48225298484849, 21.99257472727273], [80.48225298484849, 21.99927309090909], [80.46914937878788, 21.99927309090909], [80.46914937878788, 21.99257472727273], [80.48225298484849, 21.99257472727273]]]}, "properties": {"confidence_score": 0.2151, "site_id": "balaghat"}}, {"type": "Feature", "geometry": {"type": "Polygon", "coordinates": [[[80.4953565909091, 21.99257472727273], [80.4953565909091, 21.99927309090909], [80.48225298484849, 21.99927309090909], [80.48225298484849, 21.99257472727273], [80.4953565909091, 21.99257472727273]]]}, "properties": {"confidence_score": 0.3192, "site_id": "balaghat"}}, {"type": "Feature", "geometry": {"type": "Polygon", "coordinates": [[[80.5084601969697, 21.99257472727273], [80.5084601969697, 21.99927309090909], [80.49535659090908, 21.99927309090909], [80.49535659090908, 21.99257472727273], [80.5084601969697, 21.99257472727273]]]}, "properties": {"confidence_score": 0.2422, "site_id": "balaghat"}}, {"type": "Feature", "geometry": {"type": "Polygon", "coordinates": [[[80.5215638030303, 21.99257472727273], [80.5215638030303, 21.99927309090909], [80.5084601969697, 21.99927309090909], [80.5084601969697, 21.99257472727273], [80.5215638030303, 21.99257472727273]]]}, "properties": {"confidence_score": 0.1388, "site_id": "balaghat"}}, {"type": "Feature", "geometry": {"type": "Polygon", "coordinates": [[[80.19397365151515, 21.999273090909092], [80.19397365151515, 22.005971454545453], [80.18087004545454, 22.005971454545453], [80.18087004545454, 21.999273090909092], [80.19397365151515, 21.999273090909092]]]}, "properties": {"confidence_score": 0.0379, "site_id": "balaghat"}}, {"type": "Feature", "geometry": {"type": "Polygon", "coordinates": [[[80.20707725757576, 21.999273090909092], [80.20707725757576, 22.005971454545453], [80.19397365151515, 22.005971454545453], [80.19397365151515, 21.999273090909092], [80.20707725757576, 21.999273090909092]]]}, "properties": {"confidence_score": 0.057, "site_id": "balaghat"}}, {"type": "Feature", "geometry": {"type": "Polygon", "coordinates": [[[80.22018086363636, 21.999273090909092], [80.22018086363636, 22.005971454545453], [80.20707725757575, 22.005971454545453], [80.20707725757575, 21.999273090909092], [80.22018086363636, 21.999273090909092]]]}, "properties": {"confidence_score": 0.3157, "site_id": "balaghat"}}, {"type": "Feature", "geometry": {"type": "Polygon", "coordinates": [[[80.23328446969697, 21.999273090909092], [80.23328446969697, 22.005971454545453], [80.22018086363636, 22.005971454545453], [80.22018086363636, 21.999273090909092], [80.23328446969697, 21.999273090909092]]]}, "properties": {"confidence_score": 0.5403, "site_id": "balaghat"}}, {"type": "Feature", "geometry": {"type": "Polygon", "coordinates": [[[80.24638807575758, 21.999273090909092], [80.24638807575758, 22.005971454545453], [80.23328446969697, 22.005971454545453], [80.23328446969697, 21.999273090909092], [80.24638807575758, 21.999273090909092]]]}, "properties": {"confidence_score": 0.5612, "site_id": "balaghat"}}, {"type": "Feature", "geometry": {"type": "Polygon", "coordinates": [[[80.25949168181818, 21.999273090909092], [80.25949168181818, 22.005971454545453], [80.24638807575757, 22.005971454545453], [80.24638807575757, 21.999273090909092], [80.25949168181818, 21.999273090909092]]]}, "properties": {"confidence_score": 0.4941, "site_id": "balaghat"}}, {"type": "Feature", "geometry": {"type": "Polygon", "coordinates": [[[80.27259528787879, 21.999273090909092], [80.27259528787879, 22.005971454545453], [80.25949168181818, 22.005971454545453], [80.25949168181818, 21.999273090909092], [80.27259528787879, 21.999273090909092]]]}, "properties": {"confidence_score": 0.2039, "site_id": "balaghat"}}, {"type": "Feature", "geometry": {"type": "Polygon", "coordinates": [[[80.2856988939394, 21.999273090909092], [80.2856988939394, 22.005971454545453], [80.27259528787879, 22.005971454545453], [80.27259528787879, 21.999273090909092], [80.2856988939394, 21.999273090909092]]]}, "properties": {"confidence_score": 0.0478, "site_id": "balaghat"}}, {"type": "Feature", "geometry": {"type": "Polygon", "coordinates": [[[80.2988025, 21.999273090909092], [80.2988025, 22.005971454545453], [80.28569889393938, 22.005971454545453], [80.28569889393938, 21.999273090909092], [80.2988025, 21.999273090909092]]]}, "properties": {"confidence_score": 0.351, "site_id": "balaghat"}}, {"type": "Feature", "geometry": {"type": "Polygon", "coordinates": [[[80.3119061060606, 21.999273090909092], [80.3119061060606, 22.005971454545453], [80.2988025, 22.005971454545453], [80.2988025, 21.999273090909092], [80.3119061060606, 21.999273090909092]]]}, "properties": {"confidence_score": 0.6722, "site_id": "balaghat"}}, {"type": "Feature", "geometry": {"type": "Polygon", "coordinates": [[[80.32500971212121, 21.999273090909092], [80.32500971212121, 22.005971454545453], [80.3119061060606, 22.005971454545453], [80.3119061060606, 21.999273090909092], [80.32500971212121, 21.999273090909092]]]}, "properties": {"confidence_score": 0.5738, "site_id": "balaghat"}}, {"type": "Feature", "geometry": {"type": "Polygon", "coordinates": [[[80.33811331818183, 21.999273090909092], [80.33811331818183, 22.005971454545453], [80.32500971212121, 22.005971454545453], [80.32500971212121, 21.999273090909092], [80.33811331818183, 21.999273090909092]]]}, "properties": {"confidence_score": 0.5897, "site_id": "balaghat"}}, {"type": "Feature", "geometry": {"type": "Polygon", "coordinates": [[[80.35121692424242, 21.999273090909092], [80.35121692424242, 22.005971454545453], [80.33811331818181, 22.005971454545453], [80.33811331818181, 21.999273090909092], [80.35121692424242, 21.999273090909092]]]}, "properties": {"confidence_score": 0.5541, "site_id": "balaghat"}}, {"type": "Feature", "geometry": {"type": "Polygon", "coordinates": [[[80.36432053030303, 21.999273090909092], [80.36432053030303, 22.005971454545453], [80.35121692424242, 22.005971454545453], [80.35121692424242, 21.999273090909092], [80.36432053030303, 21.999273090909092]]]}, "properties": {"confidence_score": 0.673, "site_id": "balaghat"}}, {"type": "Feature", "geometry": {"type": "Polygon", "coordinates": [[[80.37742413636364, 21.999273090909092], [80.37742413636364, 22.005971454545453], [80.36432053030303, 22.005971454545453], [80.36432053030303, 21.999273090909092], [80.37742413636364, 21.999273090909092]]]}, "properties": {"confidence_score": 0.3139, "site_id": "balaghat"}}, {"type": "Feature", "geometry": {"type": "Polygon", "coordinates": [[[80.39052774242424, 21.999273090909092], [80.39052774242424, 22.005971454545453], [80.37742413636363, 22.005971454545453], [80.37742413636363, 21.999273090909092], [80.39052774242424, 21.999273090909092]]]}, "properties": {"confidence_score": 0.0275, "site_id": "balaghat"}}, {"type": "Feature", "geometry": {"type": "Polygon", "coordinates": [[[80.40363134848485, 21.999273090909092], [80.40363134848485, 22.005971454545453], [80.39052774242424, 22.005971454545453], [80.39052774242424, 21.999273090909092], [80.40363134848485, 21.999273090909092]]]}, "properties": {"confidence_score": 0.1268, "site_id": "balaghat"}}, {"type": "Feature", "geometry": {"type": "Polygon", "coordinates": [[[80.41673495454546, 21.999273090909092], [80.41673495454546, 22.005971454545453], [80.40363134848485, 22.005971454545453], [80.40363134848485, 21.999273090909092], [80.41673495454546, 21.999273090909092]]]}, "properties": {"confidence_score": 0.0172, "site_id": "balaghat"}}, {"type": "Feature", "geometry": {"type": "Polygon", "coordinates": [[[80.42983856060606, 21.999273090909092], [80.42983856060606, 22.005971454545453], [80.41673495454545, 22.005971454545453], [80.41673495454545, 21.999273090909092], [80.42983856060606, 21.999273090909092]]]}, "properties": {"confidence_score": 0.0553, "site_id": "balaghat"}}, {"type": "Feature", "geometry": {"type": "Polygon", "coordinates": [[[80.44294216666667, 21.999273090909092], [80.44294216666667, 22.005971454545453], [80.42983856060606, 22.005971454545453], [80.42983856060606, 21.999273090909092], [80.44294216666667, 21.999273090909092]]]}, "properties": {"confidence_score": 0.0, "site_id": "balaghat"}}, {"type": "Feature", "geometry": {"type": "Polygon", "coordinates": [[[80.45604577272728, 21.999273090909092], [80.45604577272728, 22.005971454545453], [80.44294216666667, 22.005971454545453], [80.44294216666667, 21.999273090909092], [80.45604577272728, 21.999273090909092]]]}, "properties": {"confidence_score": 0.0, "site_id": "balaghat"}}, {"type": "Feature", "geometry": {"type": "Polygon", "coordinates": [[[80.46914937878788, 21.999273090909092], [80.46914937878788, 22.005971454545453], [80.45604577272726, 22.005971454545453], [80.45604577272726, 21.999273090909092], [80.46914937878788, 21.999273090909092]]]}, "properties": {"confidence_score": 0.003, "site_id": "balaghat"}}, {"type": "Feature", "geometry": {"type": "Polygon", "coordinates": [[[80.48225298484849, 21.999273090909092], [80.48225298484849, 22.005971454545453], [80.46914937878788, 22.005971454545453], [80.46914937878788, 21.999273090909092], [80.48225298484849, 21.999273090909092]]]}, "properties": {"confidence_score": 0.0855, "site_id": "balaghat"}}, {"type": "Feature", "geometry": {"type": "Polygon", "coordinates": [[[80.4953565909091, 21.999273090909092], [80.4953565909091, 22.005971454545453], [80.48225298484849, 22.005971454545453], [80.48225298484849, 21.999273090909092], [80.4953565909091, 21.999273090909092]]]}, "properties": {"confidence_score": 0.0173, "site_id": "balaghat"}}, {"type": "Feature", "geometry": {"type": "Polygon", "coordinates": [[[80.5084601969697, 21.999273090909092], [80.5084601969697, 22.005971454545453], [80.49535659090908, 22.005971454545453], [80.49535659090908, 21.999273090909092], [80.5084601969697, 21.999273090909092]]]}, "properties": {"confidence_score": 0.1052, "site_id": "balaghat"}}, {"type": "Feature", "geometry": {"type": "Polygon", "coordinates": [[[80.5215638030303, 21.999273090909092], [80.5215638030303, 22.005971454545453], [80.5084601969697, 22.005971454545453], [80.5084601969697, 21.999273090909092], [80.5215638030303, 21.999273090909092]]]}, "properties": {"confidence_score": 0.0026, "site_id": "balaghat"}}, {"type": "Feature", "geometry": {"type": "Polygon", "coordinates": [[[80.19397365151515, 22.005971454545456], [80.19397365151515, 22.012669818181816], [80.18087004545454, 22.012669818181816], [80.18087004545454, 22.005971454545456], [80.19397365151515, 22.005971454545456]]]}, "properties": {"confidence_score": 0.0091, "site_id": "balaghat"}}, {"type": "Feature", "geometry": {"type": "Polygon", "coordinates": [[[80.20707725757576, 22.005971454545456], [80.20707725757576, 22.012669818181816], [80.19397365151515, 22.012669818181816], [80.19397365151515, 22.005971454545456], [80.20707725757576, 22.005971454545456]]]}, "properties": {"confidence_score": 0.0646, "site_id": "balaghat"}}, {"type": "Feature", "geometry": {"type": "Polygon", "coordinates": [[[80.22018086363636, 22.005971454545456], [80.22018086363636, 22.012669818181816], [80.20707725757575, 22.012669818181816], [80.20707725757575, 22.005971454545456], [80.22018086363636, 22.005971454545456]]]}, "properties": {"confidence_score": 0.3132, "site_id": "balaghat"}}, {"type": "Feature", "geometry": {"type": "Polygon", "coordinates": [[[80.23328446969697, 22.005971454545456], [80.23328446969697, 22.012669818181816], [80.22018086363636, 22.012669818181816], [80.22018086363636, 22.005971454545456], [80.23328446969697, 22.005971454545456]]]}, "properties": {"confidence_score": 0.5163, "site_id": "balaghat"}}, {"type": "Feature", "geometry": {"type": "Polygon", "coordinates": [[[80.24638807575758, 22.005971454545456], [80.24638807575758, 22.012669818181816], [80.23328446969697, 22.012669818181816], [80.23328446969697, 22.005971454545456], [80.24638807575758, 22.005971454545456]]]}, "properties": {"confidence_score": 0.5165, "site_id": "balaghat"}}, {"type": "Feature", "geometry": {"type": "Polygon", "coordinates": [[[80.25949168181818, 22.005971454545456], [80.25949168181818, 22.012669818181816], [80.24638807575757, 22.012669818181816], [80.24638807575757, 22.005971454545456], [80.25949168181818, 22.005971454545456]]]}, "properties": {"confidence_score": 0.427, "site_id": "balaghat"}}, {"type": "Feature", "geometry": {"type": "Polygon", "coordinates": [[[80.27259528787879, 22.005971454545456], [80.27259528787879, 22.012669818181816], [80.25949168181818, 22.012669818181816], [80.25949168181818, 22.005971454545456], [80.27259528787879, 22.005971454545456]]]}, "properties": {"confidence_score": 0.1837, "site_id": "balaghat"}}, {"type": "Feature", "geometry": {"type": "Polygon", "coordinates": [[[80.2856988939394, 22.005971454545456], [80.2856988939394, 22.012669818181816], [80.27259528787879, 22.012669818181816], [80.27259528787879, 22.005971454545456], [80.2856988939394, 22.005971454545456]]]}, "properties": {"confidence_score": 0.0831, "site_id": "balaghat"}}, {"type": "Feature", "geometry": {"type": "Polygon", "coordinates": [[[80.2988025, 22.005971454545456], [80.2988025, 22.012669818181816], [80.28569889393938, 22.012669818181816], [80.28569889393938, 22.005971454545456], [80.2988025, 22.005971454545456]]]}, "properties": {"confidence_score": 0.387, "site_id": "balaghat"}}, {"type": "Feature", "geometry": {"type": "Polygon", "coordinates": [[[80.3119061060606, 22.005971454545456], [80.3119061060606, 22.012669818181816], [80.2988025, 22.012669818181816], [80.2988025, 22.005971454545456], [80.3119061060606, 22.005971454545456]]]}, "properties": {"confidence_score": 0.646, "site_id": "balaghat"}}, {"type": "Feature", "geometry": {"type": "Polygon", "coordinates": [[[80.32500971212121, 22.005971454545456], [80.32500971212121, 22.012669818181816], [80.3119061060606, 22.012669818181816], [80.3119061060606, 22.005971454545456], [80.32500971212121, 22.005971454545456]]]}, "properties": {"confidence_score": 0.47, "site_id": "balaghat"}}, {"type": "Feature", "geometry": {"type": "Polygon", "coordinates": [[[80.33811331818183, 22.005971454545456], [80.33811331818183, 22.012669818181816], [80.32500971212121, 22.012669818181816], [80.32500971212121, 22.005971454545456], [80.33811331818183, 22.005971454545456]]]}, "properties": {"confidence_score": 0.323, "site_id": "balaghat"}}, {"type": "Feature", "geometry": {"type": "Polygon", "coordinates": [[[80.35121692424242, 22.005971454545456], [80.35121692424242, 22.012669818181816], [80.33811331818181, 22.012669818181816], [80.33811331818181, 22.005971454545456], [80.35121692424242, 22.005971454545456]]]}, "properties": {"confidence_score": 0.3475, "site_id": "balaghat"}}, {"type": "Feature", "geometry": {"type": "Polygon", "coordinates": [[[80.36432053030303, 22.005971454545456], [80.36432053030303, 22.012669818181816], [80.35121692424242, 22.012669818181816], [80.35121692424242, 22.005971454545456], [80.36432053030303, 22.005971454545456]]]}, "properties": {"confidence_score": 0.3393, "site_id": "balaghat"}}, {"type": "Feature", "geometry": {"type": "Polygon", "coordinates": [[[80.37742413636364, 22.005971454545456], [80.37742413636364, 22.012669818181816], [80.36432053030303, 22.012669818181816], [80.36432053030303, 22.005971454545456], [80.37742413636364, 22.005971454545456]]]}, "properties": {"confidence_score": 0.1737, "site_id": "balaghat"}}, {"type": "Feature", "geometry": {"type": "Polygon", "coordinates": [[[80.39052774242424, 22.005971454545456], [80.39052774242424, 22.012669818181816], [80.37742413636363, 22.012669818181816], [80.37742413636363, 22.005971454545456], [80.39052774242424, 22.005971454545456]]]}, "properties": {"confidence_score": 0.0067, "site_id": "balaghat"}}, {"type": "Feature", "geometry": {"type": "Polygon", "coordinates": [[[80.40363134848485, 22.005971454545456], [80.40363134848485, 22.012669818181816], [80.39052774242424, 22.012669818181816], [80.39052774242424, 22.005971454545456], [80.40363134848485, 22.005971454545456]]]}, "properties": {"confidence_score": 0.0281, "site_id": "balaghat"}}, {"type": "Feature", "geometry": {"type": "Polygon", "coordinates": [[[80.41673495454546, 22.005971454545456], [80.41673495454546, 22.012669818181816], [80.40363134848485, 22.012669818181816], [80.40363134848485, 22.005971454545456], [80.41673495454546, 22.005971454545456]]]}, "properties": {"confidence_score": 0.0, "site_id": "balaghat"}}, {"type": "Feature", "geometry": {"type": "Polygon", "coordinates": [[[80.42983856060606, 22.005971454545456], [80.42983856060606, 22.012669818181816], [80.41673495454545, 22.012669818181816], [80.41673495454545, 22.005971454545456], [80.42983856060606, 22.005971454545456]]]}, "properties": {"confidence_score": 0.0152, "site_id": "balaghat"}}, {"type": "Feature", "geometry": {"type": "Polygon", "coordinates": [[[80.44294216666667, 22.005971454545456], [80.44294216666667, 22.012669818181816], [80.42983856060606, 22.012669818181816], [80.42983856060606, 22.005971454545456], [80.44294216666667, 22.005971454545456]]]}, "properties": {"confidence_score": 0.0, "site_id": "balaghat"}}, {"type": "Feature", "geometry": {"type": "Polygon", "coordinates": [[[80.45604577272728, 22.005971454545456], [80.45604577272728, 22.012669818181816], [80.44294216666667, 22.012669818181816], [80.44294216666667, 22.005971454545456], [80.45604577272728, 22.005971454545456]]]}, "properties": {"confidence_score": 0.0, "site_id": "balaghat"}}, {"type": "Feature", "geometry": {"type": "Polygon", "coordinates": [[[80.46914937878788, 22.005971454545456], [80.46914937878788, 22.012669818181816], [80.45604577272726, 22.012669818181816], [80.45604577272726, 22.005971454545456], [80.46914937878788, 22.005971454545456]]]}, "properties": {"confidence_score": 0.0, "site_id": "balaghat"}}, {"type": "Feature", "geometry": {"type": "Polygon", "coordinates": [[[80.48225298484849, 22.005971454545456], [80.48225298484849, 22.012669818181816], [80.46914937878788, 22.012669818181816], [80.46914937878788, 22.005971454545456], [80.48225298484849, 22.005971454545456]]]}, "properties": {"confidence_score": 0.0237, "site_id": "balaghat"}}, {"type": "Feature", "geometry": {"type": "Polygon", "coordinates": [[[80.4953565909091, 22.005971454545456], [80.4953565909091, 22.012669818181816], [80.48225298484849, 22.012669818181816], [80.48225298484849, 22.005971454545456], [80.4953565909091, 22.005971454545456]]]}, "properties": {"confidence_score": 0.0005, "site_id": "balaghat"}}, {"type": "Feature", "geometry": {"type": "Polygon", "coordinates": [[[80.5084601969697, 22.005971454545456], [80.5084601969697, 22.012669818181816], [80.49535659090908, 22.012669818181816], [80.49535659090908, 22.005971454545456], [80.5084601969697, 22.005971454545456]]]}, "properties": {"confidence_score": 0.0307, "site_id": "balaghat"}}, {"type": "Feature", "geometry": {"type": "Polygon", "coordinates": [[[80.5215638030303, 22.005971454545456], [80.5215638030303, 22.012669818181816], [80.5084601969697, 22.012669818181816], [80.5084601969697, 22.005971454545456], [80.5215638030303, 22.005971454545456]]]}, "properties": {"confidence_score": 0.0023, "site_id": "balaghat"}}, {"type": "Feature", "geometry": {"type": "Polygon", "coordinates": [[[80.19397365151515, 22.01266981818182], [80.19397365151515, 22.01936818181818], [80.18087004545454, 22.01936818181818], [80.18087004545454, 22.01266981818182], [80.19397365151515, 22.01266981818182]]]}, "properties": {"confidence_score": 0.0091, "site_id": "balaghat"}}, {"type": "Feature", "geometry": {"type": "Polygon", "coordinates": [[[80.20707725757576, 22.01266981818182], [80.20707725757576, 22.01936818181818], [80.19397365151515, 22.01936818181818], [80.19397365151515, 22.01266981818182], [80.20707725757576, 22.01266981818182]]]}, "properties": {"confidence_score": 0.062, "site_id": "balaghat"}}, {"type": "Feature", "geometry": {"type": "Polygon", "coordinates": [[[80.22018086363636, 22.01266981818182], [80.22018086363636, 22.01936818181818], [80.20707725757575, 22.01936818181818], [80.20707725757575, 22.01266981818182], [80.22018086363636, 22.01266981818182]]]}, "properties": {"confidence_score": 0.2985, "site_id": "balaghat"}}, {"type": "Feature", "geometry": {"type": "Polygon", "coordinates": [[[80.23328446969697, 22.01266981818182], [80.23328446969697, 22.01936818181818], [80.22018086363636, 22.01936818181818], [80.22018086363636, 22.01266981818182], [80.23328446969697, 22.01266981818182]]]}, "properties": {"confidence_score": 0.4921, "site_id": "balaghat"}}, {"type": "Feature", "geometry": {"type": "Polygon", "coordinates": [[[80.24638807575758, 22.01266981818182], [80.24638807575758, 22.01936818181818], [80.23328446969697, 22.01936818181818], [80.23328446969697, 22.01266981818182], [80.24638807575758, 22.01266981818182]]]}, "properties": {"confidence_score": 0.4583, "site_id": "balaghat"}}, {"type": "Feature", "geometry": {"type": "Polygon", "coordinates": [[[80.25949168181818, 22.01266981818182], [80.25949168181818, 22.01936818181818], [80.24638807575757, 22.01936818181818], [80.24638807575757, 22.01266981818182], [80.25949168181818, 22.01266981818182]]]}, "properties": {"confidence_score": 0.3788, "site_id": "balaghat"}}, {"type": "Feature", "geometry": {"type": "Polygon", "coordinates": [[[80.27259528787879, 22.01266981818182], [80.27259528787879, 22.01936818181818], [80.25949168181818, 22.01936818181818], [80.25949168181818, 22.01266981818182], [80.27259528787879, 22.01266981818182]]]}, "properties": {"confidence_score": 0.1721, "site_id": "balaghat"}}, {"type": "Feature", "geometry": {"type": "Polygon", "coordinates": [[[80.2856988939394, 22.01266981818182], [80.2856988939394, 22.01936818181818], [80.27259528787879, 22.01936818181818], [80.27259528787879, 22.01266981818182], [80.2856988939394, 22.01266981818182]]]}, "properties": {"confidence_score": 0.0768, "site_id": "balaghat"}}, {"type": "Feature", "geometry": {"type": "Polygon", "coordinates": [[[80.2988025, 22.01266981818182], [80.2988025, 22.01936818181818], [80.28569889393938, 22.01936818181818], [80.28569889393938, 22.01266981818182], [80.2988025, 22.01266981818182]]]}, "properties": {"confidence_score": 0.3777, "site_id": "balaghat"}}, {"type": "Feature", "geometry": {"type": "Polygon", "coordinates": [[[80.3119061060606, 22.01266981818182], [80.3119061060606, 22.01936818181818], [80.2988025, 22.01936818181818], [80.2988025, 22.01266981818182], [80.3119061060606, 22.01266981818182]]]}, "properties": {"confidence_score": 0.6232, "site_id": "balaghat"}}, {"type": "Feature", "geometry": {"type": "Polygon", "coordinates": [[[80.32500971212121, 22.01266981818182], [80.32500971212121, 22.01936818181818], [80.3119061060606, 22.01936818181818], [80.3119061060606, 22.01266981818182], [80.32500971212121, 22.01266981818182]]]}, "properties": {"confidence_score": 0.3443, "site_id": "balaghat"}}, {"type": "Feature", "geometry": {"type": "Polygon", "coordinates": [[[80.33811331818183, 22.01266981818182], [80.33811331818183, 22.01936818181818], [80.32500971212121, 22.01936818181818], [80.32500971212121, 22.01266981818182], [80.33811331818183, 22.01266981818182]]]}, "properties": {"confidence_score": 0.05, "site_id": "balaghat"}}, {"type": "Feature", "geometry": {"type": "Polygon", "coordinates": [[[80.35121692424242, 22.01266981818182], [80.35121692424242, 22.01936818181818], [80.33811331818181, 22.01936818181818], [80.33811331818181, 22.01266981818182], [80.35121692424242, 22.01266981818182]]]}, "properties": {"confidence_score": 0.1444, "site_id": "balaghat"}}, {"type": "Feature", "geometry": {"type": "Polygon", "coordinates": [[[80.36432053030303, 22.01266981818182], [80.36432053030303, 22.01936818181818], [80.35121692424242, 22.01936818181818], [80.35121692424242, 22.01266981818182], [80.36432053030303, 22.01266981818182]]]}, "properties": {"confidence_score": 0.0324, "site_id": "balaghat"}}, {"type": "Feature", "geometry": {"type": "Polygon", "coordinates": [[[80.37742413636364, 22.01266981818182], [80.37742413636364, 22.01936818181818], [80.36432053030303, 22.01936818181818], [80.36432053030303, 22.01266981818182], [80.37742413636364, 22.01266981818182]]]}, "properties": {"confidence_score": 0.0694, "site_id": "balaghat"}}, {"type": "Feature", "geometry": {"type": "Polygon", "coordinates": [[[80.39052774242424, 22.01266981818182], [80.39052774242424, 22.01936818181818], [80.37742413636363, 22.01936818181818], [80.37742413636363, 22.01266981818182], [80.39052774242424, 22.01266981818182]]]}, "properties": {"confidence_score": 0.0, "site_id": "balaghat"}}, {"type": "Feature", "geometry": {"type": "Polygon", "coordinates": [[[80.40363134848485, 22.01266981818182], [80.40363134848485, 22.01936818181818], [80.39052774242424, 22.01936818181818], [80.39052774242424, 22.01266981818182], [80.40363134848485, 22.01266981818182]]]}, "properties": {"confidence_score": 0.0003, "site_id": "balaghat"}}, {"type": "Feature", "geometry": {"type": "Polygon", "coordinates": [[[80.41673495454546, 22.01266981818182], [80.41673495454546, 22.01936818181818], [80.40363134848485, 22.01936818181818], [80.40363134848485, 22.01266981818182], [80.41673495454546, 22.01266981818182]]]}, "properties": {"confidence_score": 0.0, "site_id": "balaghat"}}, {"type": "Feature", "geometry": {"type": "Polygon", "coordinates": [[[80.42983856060606, 22.01266981818182], [80.42983856060606, 22.01936818181818], [80.41673495454545, 22.01936818181818], [80.41673495454545, 22.01266981818182], [80.42983856060606, 22.01266981818182]]]}, "properties": {"confidence_score": 0.006, "site_id": "balaghat"}}, {"type": "Feature", "geometry": {"type": "Polygon", "coordinates": [[[80.44294216666667, 22.01266981818182], [80.44294216666667, 22.01936818181818], [80.42983856060606, 22.01936818181818], [80.42983856060606, 22.01266981818182], [80.44294216666667, 22.01266981818182]]]}, "properties": {"confidence_score": 0.0001, "site_id": "balaghat"}}, {"type": "Feature", "geometry": {"type": "Polygon", "coordinates": [[[80.45604577272728, 22.01266981818182], [80.45604577272728, 22.01936818181818], [80.44294216666667, 22.01936818181818], [80.44294216666667, 22.01266981818182], [80.45604577272728, 22.01266981818182]]]}, "properties": {"confidence_score": 0.0, "site_id": "balaghat"}}, {"type": "Feature", "geometry": {"type": "Polygon", "coordinates": [[[80.46914937878788, 22.01266981818182], [80.46914937878788, 22.01936818181818], [80.45604577272726, 22.01936818181818], [80.45604577272726, 22.01266981818182], [80.46914937878788, 22.01266981818182]]]}, "properties": {"confidence_score": 0.0007, "site_id": "balaghat"}}, {"type": "Feature", "geometry": {"type": "Polygon", "coordinates": [[[80.48225298484849, 22.01266981818182], [80.48225298484849, 22.01936818181818], [80.46914937878788, 22.01936818181818], [80.46914937878788, 22.01266981818182], [80.48225298484849, 22.01266981818182]]]}, "properties": {"confidence_score": 0.0084, "site_id": "balaghat"}}, {"type": "Feature", "geometry": {"type": "Polygon", "coordinates": [[[80.4953565909091, 22.01266981818182], [80.4953565909091, 22.01936818181818], [80.48225298484849, 22.01936818181818], [80.48225298484849, 22.01266981818182], [80.4953565909091, 22.01266981818182]]]}, "properties": {"confidence_score": 0.0001, "site_id": "balaghat"}}, {"type": "Feature", "geometry": {"type": "Polygon", "coordinates": [[[80.5084601969697, 22.01266981818182], [80.5084601969697, 22.01936818181818], [80.49535659090908, 22.01936818181818], [80.49535659090908, 22.01266981818182], [80.5084601969697, 22.01266981818182]]]}, "properties": {"confidence_score": 0.0099, "site_id": "balaghat"}}, {"type": "Feature", "geometry": {"type": "Polygon", "coordinates": [[[80.5215638030303, 22.01266981818182], [80.5215638030303, 22.01936818181818], [80.5084601969697, 22.01936818181818], [80.5084601969697, 22.01266981818182], [80.5215638030303, 22.01266981818182]]]}, "properties": {"confidence_score": 0.0, "site_id": "balaghat"}}]}