site_id,date,rainfall_mm,rainfall_source,soil_moisture_m3m3,soil_moisture_source,lst_day_c,lst_source,ndvi,ndvi_age_days,ndvi_source
balaghat,2025-01-01,0.00,CHIRPS,0.1560,SMAP_L4,18.63,MODIS_MOD11A1,,,
balaghat,2025-01-02,0.00,CHIRPS,0.1504,SMAP_L4,21.85,MODIS_MOD11A1,,,
balaghat,2025-01-03,0.00,CHIRPS,0.1412,SMAP_L4,,,,,
balaghat,2025-01-04,0.00,CHIRPS,0.1358,SMAP_L4,22.89,MODIS_MOD11A1,,,
balaghat,2025-01-05,0.00,CHIRPS,0.1362,SMAP_L4,23.42,MODIS_MOD11A1,,,
balaghat,2025-01-06,3.90,CHIRPS,0.1295,SMAP_L4,,,,,
balaghat,2025-01-07,0.00,CHIRPS,0.1261,SMAP_L4,20.55,MODIS_MOD11A1,,,
balaghat,2025-01-08,0.00,CHIRPS,0.1265,SMAP_L4,,,,,
balaghat,2025-01-09,0.00,CHIRPS,0.1233,SMAP_L4,20.51,MODIS_MOD11A1,,,
balaghat,2025-01-10,2.01,CHIRPS,0.1233,SMAP_L4,20.10,MODIS_MOD11A1,,,
balaghat,2025-01-11,0.00,CHIRPS,0.1199,SMAP_L4,18.41,MODIS_MOD11A1,,,
balaghat,2025-01-12,4.25,CHIRPS,0.1198,SMAP_L4,,,,,
balaghat,2025-01-13,0.69,CHIRPS,0.1174,SMAP_L4,,,,,
balaghat,2025-01-14,0.00,CHIRPS,0.1154,SMAP_L4,19.53,MODIS_MOD11A1,,,
balaghat,2025-01-15,0.00,CHIRPS,0.1242,SMAP_L4,22.26,MODIS_MOD11A1,,,
balaghat,2025-01-16,1.11,CHIRPS,0.1304,SMAP_L4,,,,,
balaghat,2025-01-17,0.00,CHIRPS,0.1354,SMAP_L4,,,,,
balaghat,2025-01-18,0.37,CHIRPS,0.1177,SMAP_L4,,,,,
balaghat,2025-01-19,0.00,CHIRPS,0.1184,SMAP_L4,23.24,MODIS_MOD11A1,,,
balaghat,2025-01-20,0.00,CHIRPS,0.1183,SMAP_L4,25.01,MODIS_MOD11A1,,,
balaghat,2025-01-21,0.00,CHIRPS,0.1188,SMAP_L4,23.86,MODIS_MOD11A1,,,
balaghat,2025-01-22,0.00,CHIRPS,0.1152,SMAP_L4,25.22,MODIS_MOD11A1,,,
balaghat,2025-01-23,0.00,CHIRPS,0.1135,SMAP_L4,,,,,
balaghat,2025-01-24,0.65,CHIRPS,0.1103,SMAP_L4,24.12,MODIS_MOD11A1,,,
balaghat,2025-01-25,0.00,CHIRPS,0.1112,SMAP_L4,24.10,MODIS_MOD11A1,,,
balaghat,2025-01-26,0.00,CHIRPS,0.1096,SMAP_L4,23.81,MODIS_MOD11A1,,,
balaghat,2025-01-27,0.00,CHIRPS,0.1085,SMAP_L4,24.78,MODIS_MOD11A1,,,
balaghat,2025-01-28,0.00,CHIRPS,0.1078,SMAP_L4,,,,,
balaghat,2025-01-29,0.00,CHIRPS,0.1095,SMAP_L4,23.82,MODIS_MOD11A1,,,
balaghat,2025-01-30,0.00,CHIRPS,0.1133,SMAP_L4,24.50,MODIS_MOD11A1,,,
balaghat,2025-01-31,0.00,CHIRPS,0.1199,SMAP_L4,,,,,
balaghat,2025-02-01,0.00,CHIRPS,0.1165,SMAP_L4,25.94,MODIS_MOD11A1,,,
balaghat,2025-02-02,0.00,CHIRPS,0.1127,SMAP_L4,,,,,
balaghat,2025-02-03,0.00,CHIRPS,0.1150,SMAP_L4,27.41,MODIS_MOD11A1,,,
balaghat,2025-02-04,0.00,CHIRPS,0.1155,SMAP_L4,25.23,MODIS_MOD11A1,,,
balaghat,2025-02-05,0.00,CHIRPS,0.1180,SMAP_L4,27.26,MODIS_MOD11A1,,,
balaghat,2025-02-06,2.47,CHIRPS,0.1226,SMAP_L4,23.98,MODIS_MOD11A1,,,
balaghat,2025-02-07,1.89,CHIRPS,0.1138,SMAP_L4,,,,,
balaghat,2025-02-08,1.36,CHIRPS,0.1112,SMAP_L4,25.01,MODIS_MOD11A1,,,
balaghat,2025-02-09,0.00,CHIRPS,0.1083,SMAP_L4,,,,,
balaghat,2025-02-10,0.00,CHIRPS,0.1099,SMAP_L4,25.21,MODIS_MOD11A1,,,
balaghat,2025-02-11,0.00,CHIRPS,0.1127,SMAP_L4,27.04,MODIS_MOD11A1,,,
balaghat,2025-02-12,0.00,CHIRPS,0.1151,SMAP_L4,25.39,MODIS_MOD11A1,,,
balaghat,2025-02-13,0.00,CHIRPS,0.1143,SMAP_L4,26.26,MODIS_MOD11A1,,,
balaghat,2025-02-14,0.00,CHIRPS,0.1105,SMAP_L4,,,,,
balaghat,2025-02-15,0.00,CHIRPS,0.1066,SMAP_L4,26.15,MODIS_MOD11A1,,,
balaghat,2025-02-16,0.00,CHIRPS,0.1135,SMAP_L4,28.01,MODIS_MOD11A1,,,
balaghat,2025-02-17,0.00,CHIRPS,0.1089,SMAP_L4,25.97,MODIS_MOD11A1,,,
balaghat,2025-02-18,0.00,CHIRPS,0.1060,SMAP_L4,27.82,MODIS_MOD11A1,,,
balaghat,2025-02-19,0.00,CHIRPS,0.1205,SMAP_L4,,,,,
balaghat,2025-02-20,0.00,CHIRPS,0.1159,SMAP_L4,28.60,MODIS_MOD11A1,,,
balaghat,2025-02-21,0.00,CHIRPS,0.1124,SMAP_L4,29.21,MODIS_MOD11A1,,,
balaghat,2025-02-22,0.00,CHIRPS,0.1154,SMAP_L4,25.77,MODIS_MOD11A1,,,
balaghat,2025-02-23,0.00,CHIRPS,0.1135,SMAP_L4,28.98,MODIS_MOD11A1,,,
balaghat,2025-02-24,0.00,CHIRPS,0.1166,SMAP_L4,,,,,
balaghat,2025-02-25,0.00,CHIRPS,0.1098,SMAP_L4,28.09,MODIS_MOD11A1,,,
balaghat,2025-02-26,0.00,CHIRPS,0.1060,SMAP_L4,29.12,MODIS_MOD11A1,,,
balaghat,2025-02-27,0.43,CHIRPS,0.1123,SMAP_L4,28.47,MODIS_MOD11A1,,,
balaghat,2025-02-28,2.80,CHIRPS,0.1074,SMAP_L4,,,,,
balaghat,2025-03-01,0.00,CHIRPS,0.1060,SMAP_L4,25.64,MODIS_MOD11A1,,,
balaghat,2025-03-02,0.00,CHIRPS,0.1045,SMAP_L4,29.68,MODIS_MOD11A1,,,
balaghat,2025-03-03,0.00,CHIRPS,0.1014,SMAP_L4,30.01,MODIS_MOD11A1,,,
balaghat,2025-03-04,0.00,CHIRPS,0.1099,SMAP_L4,29.89,MODIS_MOD11A1,,,
balaghat,2025-03-05,0.56,CHIRPS,0.0983,SMAP_L4,27.31,MODIS_MOD11A1,,,
balaghat,2025-03-06,0.00,CHIRPS,0.0891,SMAP_L4,,,,,
balaghat,2025-03-07,0.00,CHIRPS,0.0929,SMAP_L4,29.55,MODIS_MOD11A1,,,
balaghat,2025-03-08,0.00,CHIRPS,0.0889,SMAP_L4,30.33,MODIS_MOD11A1,,,
balaghat,2025-03-09,0.00,CHIRPS,0.0873,SMAP_L4,31.06,MODIS_MOD11A1,,,
balaghat,2025-03-10,0.00,CHIRPS,0.0900,SMAP_L4,30.90,MODIS_MOD11A1,,,
balaghat,2025-03-11,0.00,CHIRPS,0.0820,SMAP_L4,30.09,MODIS_MOD11A1,,,
balaghat,2025-03-12,0.00,CHIRPS,0.0873,SMAP_L4,32.34,MODIS_MOD11A1,,,
balaghat,2025-03-13,0.00,CHIRPS,0.0863,SMAP_L4,32.45,MODIS_MOD11A1,,,
balaghat,2025-03-14,0.00,CHIRPS,0.0853,SMAP_L4,32.09,MODIS_MOD11A1,,,
balaghat,2025-03-15,0.00,CHIRPS,0.0854,SMAP_L4,32.19,MODIS_MOD11A1,,,
balaghat,2025-03-16,5.60,CHIRPS,0.0834,SMAP_L4,,,,,
balaghat,2025-03-17,0.00,CHIRPS,0.0814,SMAP_L4,32.34,MODIS_MOD11A1,,,
balaghat,2025-03-18,0.00,CHIRPS,0.0847,SMAP_L4,32.28,MODIS_MOD11A1,,,
balaghat,2025-03-19,0.00,CHIRPS,0.0789,SMAP_L4,30.48,MODIS_MOD11A1,,,
balaghat,2025-03-20,0.00,CHIRPS,0.0854,SMAP_L4,31.82,MODIS_MOD11A1,,,
balaghat,2025-03-21,0.00,CHIRPS,0.0798,SMAP_L4,,,,,
balaghat,2025-03-22,0.00,CHIRPS,0.0782,SMAP_L4,32.23,MODIS_MOD11A1,,,
balaghat,2025-03-23,2.78,CHIRPS,0.0814,SMAP_L4,30.55,MODIS_MOD11A1,,,
balaghat,2025-03-24,0.00,CHIRPS,0.0787,SMAP_L4,35.12,MODIS_MOD11A1,,,
balaghat,2025-03-25,0.00,CHIRPS,0.0776,SMAP_L4,34.70,MODIS_MOD11A1,,,
balaghat,2025-03-26,0.00,CHIRPS,0.0801,SMAP_L4,32.55,MODIS_MOD11A1,,,
balaghat,2025-03-27,0.00,CHIRPS,0.0773,SMAP_L4,34.71,MODIS_MOD11A1,,,
balaghat,2025-03-28,0.00,CHIRPS,0.0800,SMAP_L4,,,,,
balaghat,2025-03-29,0.00,CHIRPS,0.0747,SMAP_L4,33.34,MODIS_MOD11A1,,,
balaghat,2025-03-30,1.74,CHIRPS,0.0748,SMAP_L4,34.84,MODIS_MOD11A1,,,
balaghat,2025-03-31,0.00,CHIRPS,0.0763,SMAP_L4,31.15,MODIS_MOD11A1,,,
balaghat,2025-04-01,0.00,CHIRPS,0.0852,SMAP_L4,,,,,
balaghat,2025-04-02,0.00,CHIRPS,0.1115,SMAP_L4,,,,,
balaghat,2025-04-03,0.10,CHIRPS,0.1418,SMAP_L4,,,,,
balaghat,2025-04-04,0.00,CHIRPS,0.1529,SMAP_L4,30.04,MODIS_MOD11A1,,,
balaghat,2025-04-05,0.00,CHIRPS,0.1102,SMAP_L4,32.92,MODIS_MOD11A1,,,
balaghat,2025-04-06,0.00,CHIRPS,0.0819,SMAP_L4,36.77,MODIS_MOD11A1,,,
balaghat,2025-04-07,0.00,CHIRPS,0.0767,SMAP_L4,,,,,
balaghat,2025-04-08,0.00,CHIRPS,0.0674,SMAP_L4,35.01,MODIS_MOD11A1,,,
balaghat,2025-04-09,4.35,CHIRPS,0.0701,SMAP_L4,33.41,MODIS_MOD11A1,,,
balaghat,2025-04-10,0.00,CHIRPS,0.0805,SMAP_L4,32.99,MODIS_MOD11A1,,,
balaghat,2025-04-11,0.00,CHIRPS,0.0899,SMAP_L4,34.81,MODIS_MOD11A1,,,
balaghat,2025-04-12,0.00,CHIRPS,0.0693,SMAP_L4,,,,,
balaghat,2025-04-13,0.00,CHIRPS,0.0662,SMAP_L4,35.92,MODIS_MOD11A1,,,
balaghat,2025-04-14,0.00,CHIRPS,0.0826,SMAP_L4,,,,,
balaghat,2025-04-15,0.00,CHIRPS,0.0717,SMAP_L4,33.62,MODIS_MOD11A1,,,
balaghat,2025-04-16,0.00,CHIRPS,0.0717,SMAP_L4,35.75,MODIS_MOD11A1,,,
balaghat,2025-04-17,0.00,CHIRPS,0.0682,SMAP_L4,,,,,
balaghat,2025-04-18,0.00,CHIRPS,0.0669,SMAP_L4,36.48,MODIS_MOD11A1,,,
balaghat,2025-04-19,0.81,CHIRPS,0.0698,SMAP_L4,33.45,MODIS_MOD11A1,,,
balaghat,2025-04-20,2.31,CHIRPS,0.0648,SMAP_L4,38.10,MODIS_MOD11A1,,,
balaghat,2025-04-21,0.00,CHIRPS,0.0625,SMAP_L4,39.86,MODIS_MOD11A1,,,
balaghat,2025-04-22,0.00,CHIRPS,0.0608,SMAP_L4,34.74,MODIS_MOD11A1,,,
balaghat,2025-04-23,0.74,CHIRPS,0.0601,SMAP_L4,39.26,MODIS_MOD11A1,,,
balaghat,2025-04-24,0.00,CHIRPS,0.0640,SMAP_L4,38.65,MODIS_MOD11A1,,,
balaghat,2025-04-25,0.00,CHIRPS,0.0614,SMAP_L4,37.75,MODIS_MOD11A1,,,
balaghat,2025-04-26,5.27,CHIRPS,0.0606,SMAP_L4,38.60,MODIS_MOD11A1,,,
balaghat,2025-04-27,0.00,CHIRPS,0.0959,SMAP_L4,,,,,
balaghat,2025-04-28,0.00,CHIRPS,0.1180,SMAP_L4,31.44,MODIS_MOD11A1,,,
balaghat,2025-04-29,0.00,CHIRPS,0.1019,SMAP_L4,29.63,MODIS_MOD11A1,,,
balaghat,2025-04-30,0.00,CHIRPS,0.0958,SMAP_L4,35.08,MODIS_MOD11A1,,,
balaghat,2025-05-01,0.68,CHIRPS,0.0982,SMAP_L4,34.75,MODIS_MOD11A1,,,
balaghat,2025-05-02,0.00,CHIRPS,0.0921,SMAP_L4,26.90,MODIS_MOD11A1,,,
balaghat,2025-05-03,0.29,CHIRPS,0.1415,SMAP_L4,35.19,MODIS_MOD11A1,,,
balaghat,2025-05-04,0.00,CHIRPS,0.1743,SMAP_L4,29.64,MODIS_MOD11A1,,,
balaghat,2025-05-05,0.07,CHIRPS,0.1853,SMAP_L4,32.75,MODIS_MOD11A1,,,
balaghat,2025-05-06,0.00,CHIRPS,0.1633,SMAP_L4,32.65,MODIS_MOD11A1,,,
balaghat,2025-05-07,0.00,CHIRPS,0.1247,SMAP_L4,,,,,
balaghat,2025-05-08,0.39,CHIRPS,0.0876,SMAP_L4,35.17,MODIS_MOD11A1,,,
balaghat,2025-05-09,0.60,CHIRPS,0.0713,SMAP_L4,36.28,MODIS_MOD11A1,,,
balaghat,2025-05-10,0.14,CHIRPS,0.0670,SMAP_L4,37.50,MODIS_MOD11A1,,,
balaghat,2025-05-11,0.00,CHIRPS,0.0676,SMAP_L4,38.01,MODIS_MOD11A1,,,
balaghat,2025-05-12,0.00,CHIRPS,0.0686,SMAP_L4,,,,,
balaghat,2025-05-13,0.00,CHIRPS,0.0684,SMAP_L4,,,,,
balaghat,2025-05-14,0.00,CHIRPS,0.0714,SMAP_L4,,,,,
balaghat,2025-05-15,0.00,CHIRPS,0.0664,SMAP_L4,,,,,
balaghat,2025-05-16,1.66,CHIRPS,0.0641,SMAP_L4,,,,,
balaghat,2025-05-17,0.80,CHIRPS,0.1102,SMAP_L4,,,,,
balaghat,2025-05-18,0.75,CHIRPS,0.1714,SMAP_L4,31.47,MODIS_MOD11A1,,,
balaghat,2025-05-19,0.00,CHIRPS,0.1358,SMAP_L4,28.46,MODIS_MOD11A1,,,
balaghat,2025-05-20,0.05,CHIRPS,0.1470,SMAP_L4,34.53,MODIS_MOD11A1,,,
balaghat,2025-05-21,0.01,CHIRPS,0.1503,SMAP_L4,,,,,
balaghat,2025-05-22,0.00,CHIRPS,0.1650,SMAP_L4,,,,,
balaghat,2025-05-23,0.00,CHIRPS,0.1354,SMAP_L4,,,,,
balaghat,2025-05-24,8.38,CHIRPS,0.1310,SMAP_L4,,,,,
balaghat,2025-05-25,0.00,CHIRPS,0.1106,SMAP_L4,,,,,
balaghat,2025-05-26,2.83,CHIRPS,0.1361,SMAP_L4,,,,,
balaghat,2025-05-27,9.50,CHIRPS,0.2156,SMAP_L4,,,,,
balaghat,2025-05-28,8.85,CHIRPS,0.2248,SMAP_L4,,,,,
balaghat,2025-05-29,3.71,CHIRPS,0.2081,SMAP_L4,,,,,
balaghat,2025-05-30,1.69,CHIRPS,0.1741,SMAP_L4,,,,,
balaghat,2025-05-31,1.99,CHIRPS,0.1602,SMAP_L4,,,,,
balaghat,2025-06-01,0.00,CHIRPS,0.1547,SMAP_L4,,,,,
balaghat,2025-06-02,0.00,CHIRPS,0.1279,SMAP_L4,34.27,MODIS_MOD11A1,,,
balaghat,2025-06-03,0.00,CHIRPS,0.0989,SMAP_L4,,,,,
balaghat,2025-06-04,0.00,CHIRPS,0.0985,SMAP_L4,32.98,MODIS_MOD11A1,,,
balaghat,2025-06-05,0.00,CHIRPS,0.1030,SMAP_L4,33.03,MODIS_MOD11A1,,,
balaghat,2025-06-06,0.00,CHIRPS,0.0730,SMAP_L4,33.43,MODIS_MOD11A1,,,
balaghat,2025-06-07,0.00,CHIRPS,0.0696,SMAP_L4,,,,,
balaghat,2025-06-08,0.00,CHIRPS,0.0635,SMAP_L4,,,,,
balaghat,2025-06-09,0.00,CHIRPS,0.0670,SMAP_L4,36.77,MODIS_MOD11A1,,,
balaghat,2025-06-10,21.43,CHIRPS,0.1396,SMAP_L4,,,,,
balaghat,2025-06-11,0.00,CHIRPS,0.1706,SMAP_L4,,,,,
balaghat,2025-06-12,0.32,CHIRPS,0.1227,SMAP_L4,35.38,MODIS_MOD11A1,,,
balaghat,2025-06-13,0.00,CHIRPS,0.1007,SMAP_L4,,,,,
balaghat,2025-06-14,6.29,CHIRPS,0.0799,SMAP_L4,35.59,MODIS_MOD11A1,,,
balaghat,2025-06-15,8.18,CHIRPS,0.1246,SMAP_L4,,,,,
balaghat,2025-06-16,0.00,CHIRPS,0.1776,SMAP_L4,,,,,
balaghat,2025-06-17,0.09,CHIRPS,0.1708,SMAP_L4,,,,,
balaghat,2025-06-18,3.41,CHIRPS,0.1558,SMAP_L4,,,,,
balaghat,2025-06-19,0.82,CHIRPS,0.1488,SMAP_L4,,,,,
balaghat,2025-06-20,3.93,CHIRPS,0.1871,SMAP_L4,,,,,
balaghat,2025-06-21,0.00,CHIRPS,0.1755,SMAP_L4,,,,,
balaghat,2025-06-22,0.00,CHIRPS,0.1634,SMAP_L4,,,,,
balaghat,2025-06-23,9.31,CHIRPS,0.1878,SMAP_L4,,,,,
balaghat,2025-06-24,9.35,CHIRPS,0.2017,SMAP_L4,,,,,
balaghat,2025-06-25,16.53,CHIRPS,0.2027,SMAP_L4,,,,,
balaghat,2025-06-26,16.50,CHIRPS,0.1982,SMAP_L4,,,,,
balaghat,2025-06-27,29.88,CHIRPS,0.2135,SMAP_L4,,,,,
balaghat,2025-06-28,9.93,CHIRPS,0.2325,SMAP_L4,,,,,
balaghat,2025-06-29,0.00,CHIRPS,0.2108,SMAP_L4,,,,,
balaghat,2025-06-30,0.00,CHIRPS,0.2204,SMAP_L4,,,,,
balaghat,2025-07-01,7.85,CHIRPS,0.2431,SMAP_L4,,,,,
balaghat,2025-07-02,3.97,CHIRPS,0.2420,SMAP_L4,,,,,
balaghat,2025-07-03,19.85,CHIRPS,0.2621,SMAP_L4,,,,,
balaghat,2025-07-04,25.90,CHIRPS,0.2854,SMAP_L4,,,,,
balaghat,2025-07-05,13.50,CHIRPS,0.2879,SMAP_L4,,,,,
balaghat,2025-07-06,45.54,CHIRPS,0.3069,SMAP_L4,,,,,
balaghat,2025-07-07,40.53,CHIRPS,0.3888,SMAP_L4,,,,,
balaghat,2025-07-08,37.06,CHIRPS,0.3624,SMAP_L4,,,,,
balaghat,2025-07-09,9.88,CHIRPS,0.3482,SMAP_L4,,,,,
balaghat,2025-07-10,22.40,CHIRPS,0.3586,SMAP_L4,,,,,
balaghat,2025-07-11,0.00,CHIRPS,0.3409,SMAP_L4,,,,,
balaghat,2025-07-12,16.59,CHIRPS,0.3442,SMAP_L4,,,,,
balaghat,2025-07-13,4.84,CHIRPS,0.3427,SMAP_L4,,,,,
balaghat,2025-07-14,28.04,CHIRPS,0.3608,SMAP_L4,,,,,
balaghat,2025-07-15,38.28,CHIRPS,0.3725,SMAP_L4,,,,,
balaghat,2025-07-16,18.43,CHIRPS,0.3768,SMAP_L4,,,,,
balaghat,2025-07-17,11.26,CHIRPS,0.3784,SMAP_L4,,,,,
balaghat,2025-07-18,1.72,CHIRPS,0.3679,SMAP_L4,,,,,
balaghat,2025-07-19,3.95,CHIRPS,0.3532,SMAP_L4,28.95,MODIS_MOD11A1,,,
balaghat,2025-07-20,8.31,CHIRPS,0.3824,SMAP_L4,,,,,
balaghat,2025-07-21,3.17,CHIRPS,0.3714,SMAP_L4,,,,,
balaghat,2025-07-22,12.00,CHIRPS,0.3772,SMAP_L4,,,,,
balaghat,2025-07-23,24.45,CHIRPS,0.4121,SMAP_L4,,,,,
balaghat,2025-07-24,39.59,CHIRPS,0.4166,SMAP_L4,,,,,
balaghat,2025-07-25,29.19,CHIRPS,0.4279,SMAP_L4,,,,,
balaghat,2025-07-26,43.18,CHIRPS,0.4267,SMAP_L4,,,,,
balaghat,2025-07-27,0.00,CHIRPS,0.4201,SMAP_L4,,,,,
balaghat,2025-07-28,39.98,CHIRPS,0.4173,SMAP_L4,,,,,
balaghat,2025-07-29,52.17,CHIRPS,0.4320,SMAP_L4,,,,,
balaghat,2025-07-30,0.00,CHIRPS,0.4237,SMAP_L4,,,,,
balaghat,2025-07-31,0.00,CHIRPS,0.4148,SMAP_L4,,,,,
balaghat,2025-08-01,0.00,CHIRPS,0.4096,SMAP_L4,,,,,
balaghat,2025-08-02,7.98,CHIRPS,0.4089,SMAP_L4,,,,,
balaghat,2025-08-03,0.00,CHIRPS,0.4071,SMAP_L4,,,,,
balaghat,2025-08-04,0.00,CHIRPS,0.3978,SMAP_L4,,,,,
balaghat,2025-08-05,0.00,CHIRPS,0.3860,SMAP_L4,,,,,
balaghat,2025-08-06,17.97,CHIRPS,0.3849,SMAP_L4,,,,,
balaghat,2025-08-07,21.23,CHIRPS,0.4069,SMAP_L4,,,,,
balaghat,2025-08-08,6.62,CHIRPS,0.4084,SMAP_L4,,,,,
balaghat,2025-08-09,0.00,CHIRPS,0.4076,SMAP_L4,,,,,
balaghat,2025-08-10,0.00,CHIRPS,0.3878,SMAP_L4,,,,,
balaghat,2025-08-11,0.00,CHIRPS,0.3774,SMAP_L4,,,,,
balaghat,2025-08-12,12.55,CHIRPS,0.3923,SMAP_L4,,,,,
balaghat,2025-08-13,31.60,CHIRPS,0.4128,SMAP_L4,,,,,
balaghat,2025-08-14,9.03,CHIRPS,0.4010,SMAP_L4,,,,,
balaghat,2025-08-15,33.89,CHIRPS,0.4071,SMAP_L4,,,,,
balaghat,2025-08-16,3.75,CHIRPS,0.3985,SMAP_L4,,,,,
balaghat,2025-08-17,21.54,CHIRPS,0.3840,SMAP_L4,,,,,
balaghat,2025-08-18,9.80,CHIRPS,0.3819,SMAP_L4,,,,,
balaghat,2025-08-19,44.33,CHIRPS,0.4162,SMAP_L4,,,,,
balaghat,2025-08-20,37.91,CHIRPS,0.4167,SMAP_L4,,,,,
balaghat,2025-08-21,31.70,CHIRPS,0.4113,SMAP_L4,,,,,
balaghat,2025-08-22,40.46,CHIRPS,0.4223,SMAP_L4,,,,,
balaghat,2025-08-23,2.18,CHIRPS,0.4264,SMAP_L4,,,,,
balaghat,2025-08-24,0.00,CHIRPS,0.4149,SMAP_L4,,,,,
balaghat,2025-08-25,0.00,CHIRPS,0.4069,SMAP_L4,,,,,
balaghat,2025-08-26,26.05,CHIRPS,0.4159,SMAP_L4,,,,,
balaghat,2025-08-27,3.78,CHIRPS,0.4147,SMAP_L4,,,,,
balaghat,2025-08-28,7.27,CHIRPS,0.4025,SMAP_L4,,,,,
balaghat,2025-08-29,0.00,CHIRPS,0.3928,SMAP_L4,,,,,
balaghat,2025-08-30,0.94,CHIRPS,0.3855,SMAP_L4,,,,,
balaghat,2025-08-31,42.22,CHIRPS,0.4076,SMAP_L4,,,,,
balaghat,2025-09-01,21.04,CHIRPS,0.4174,SMAP_L4,,,,,
balaghat,2025-09-02,28.61,CHIRPS,0.4229,SMAP_L4,,,,,
balaghat,2025-09-03,1.23,CHIRPS,0.4211,SMAP_L4,,,,,
balaghat,2025-09-04,12.63,CHIRPS,0.4102,SMAP_L4,,,,,
balaghat,2025-09-05,0.00,CHIRPS,0.4030,SMAP_L4,,,,,
balaghat,2025-09-06,4.09,CHIRPS,0.4007,SMAP_L4,,,,,
balaghat,2025-09-07,12.81,CHIRPS,0.3961,SMAP_L4,,,,,
balaghat,2025-09-08,7.12,CHIRPS,0.4029,SMAP_L4,,,,,
balaghat,2025-09-09,0.74,CHIRPS,0.4016,SMAP_L4,25.97,MODIS_MOD11A1,,,
balaghat,2025-09-10,9.95,CHIRPS,0.4022,SMAP_L4,,,,,
balaghat,2025-09-11,32.53,CHIRPS,0.4002,SMAP_L4,,,,,
balaghat,2025-09-12,13.76,CHIRPS,0.4162,SMAP_L4,,,,,
balaghat,2025-09-13,3.28,CHIRPS,0.4037,SMAP_L4,,,,,
balaghat,2025-09-14,7.07,CHIRPS,0.3866,SMAP_L4,,,,,
balaghat,2025-09-15,11.53,CHIRPS,0.3994,SMAP_L4,,,,,
balaghat,2025-09-16,3.54,CHIRPS,0.4109,SMAP_L4,,,,,
balaghat,2025-09-17,9.84,CHIRPS,0.3964,SMAP_L4,,,,,
balaghat,2025-09-18,0.00,CHIRPS,0.3921,SMAP_L4,,,,,
balaghat,2025-09-19,0.00,CHIRPS,0.3764,SMAP_L4,26.56,MODIS_MOD11A1,,,
balaghat,2025-09-20,32.70,CHIRPS,0.3868,SMAP_L4,,,,,
balaghat,2025-09-21,10.00,CHIRPS,0.3884,SMAP_L4,,,,,
balaghat,2025-09-22,0.42,CHIRPS,0.3645,SMAP_L4,26.50,MODIS_MOD11A1,,,
balaghat,2025-09-23,0.00,CHIRPS,0.3518,SMAP_L4,,,,,
balaghat,2025-09-24,1.16,CHIRPS,0.3677,SMAP_L4,,,,,
balaghat,2025-09-25,25.16,CHIRPS,0.3942,SMAP_L4,,,,,
balaghat,2025-09-26,36.00,CHIRPS,0.4047,SMAP_L4,,,,,
balaghat,2025-09-27,6.57,CHIRPS,0.4067,SMAP_L4,,,,,
balaghat,2025-09-28,3.08,CHIRPS,0.3906,SMAP_L4,,,,,
balaghat,2025-09-29,0.00,CHIRPS,0.3763,SMAP_L4,,,,,
balaghat,2025-09-30,5.05,CHIRPS,0.3702,SMAP_L4,24.70,MODIS_MOD11A1,,,
balaghat,2025-10-01,17.92,CHIRPS,0.3897,SMAP_L4,,,,,
balaghat,2025-10-02,51.84,CHIRPS,0.3963,SMAP_L4,,,,,
balaghat,2025-10-03,11.20,CHIRPS,0.3858,SMAP_L4,,,,,
balaghat,2025-10-04,0.00,CHIRPS,0.3685,SMAP_L4,,,,,
balaghat,2025-10-05,27.84,CHIRPS,0.3944,SMAP_L4,,,,,
balaghat,2025-10-06,1.12,CHIRPS,0.3953,SMAP_L4,,,,,
balaghat,2025-10-07,0.95,CHIRPS,0.3723,SMAP_L4,26.10,MODIS_MOD11A1,,,
balaghat,2025-10-08,0.52,CHIRPS,0.3489,SMAP_L4,,,,,
balaghat,2025-10-09,0.41,CHIRPS,0.3350,SMAP_L4,27.78,MODIS_MOD11A1,,,
balaghat,2025-10-10,0.33,CHIRPS,0.3379,SMAP_L4,,,,,
balaghat,2025-10-11,0.00,CHIRPS,0.3446,SMAP_L4,,,,,
balaghat,2025-10-12,0.00,CHIRPS,0.3358,SMAP_L4,,,,,
balaghat,2025-10-13,0.00,CHIRPS,0.3325,SMAP_L4,,,,,
balaghat,2025-10-14,0.00,CHIRPS,0.3221,SMAP_L4,27.13,MODIS_MOD11A1,,,
balaghat,2025-10-15,0.00,CHIRPS,0.3183,SMAP_L4,26.58,MODIS_MOD11A1,,,
balaghat,2025-10-16,0.00,CHIRPS,0.3118,SMAP_L4,,,,,
balaghat,2025-10-17,0.00,CHIRPS,0.3017,SMAP_L4,26.79,MODIS_MOD11A1,,,
balaghat,2025-10-18,0.00,CHIRPS,0.3016,SMAP_L4,,,,,
balaghat,2025-10-19,0.00,CHIRPS,0.2993,SMAP_L4,25.74,MODIS_MOD11A1,,,
balaghat,2025-10-20,0.00,CHIRPS,0.2866,SMAP_L4,,,,,
balaghat,2025-10-21,0.00,CHIRPS,0.2904,SMAP_L4,25.46,MODIS_MOD11A1,,,
balaghat,2025-10-22,0.00,CHIRPS,0.2836,SMAP_L4,27.81,MODIS_MOD11A1,,,
balaghat,2025-10-23,0.00,CHIRPS,0.2768,SMAP_L4,,,,,
balaghat,2025-10-24,0.00,CHIRPS,0.2682,SMAP_L4,27.29,MODIS_MOD11A1,,,
balaghat,2025-10-25,0.00,CHIRPS,0.3196,SMAP_L4,,,,,
balaghat,2025-10-26,0.00,CHIRPS,0.3419,SMAP_L4,,,,,
balaghat,2025-10-27,0.00,CHIRPS,0.3185,SMAP_L4,,,,,
balaghat,2025-10-28,0.00,CHIRPS,0.3132,SMAP_L4,,,,,
balaghat,2025-10-29,1.25,CHIRPS,0.3104,SMAP_L4,,,,,
balaghat,2025-10-30,0.00,CHIRPS,0.3447,SMAP_L4,,,,,
balaghat,2025-10-31,0.00,CHIRPS,0.3257,SMAP_L4,,,,,
balaghat,2025-11-01,0.00,CHIRPS,0.3168,SMAP_L4,25.45,MODIS_MOD11A1,,,
balaghat,2025-11-02,0.00,CHIRPS,0.3086,SMAP_L4,,,,,
balaghat,2025-11-03,0.00,CHIRPS,0.3009,SMAP_L4,,,,,
balaghat,2025-11-04,0.00,CHIRPS,0.2928,SMAP_L4,,,,,
balaghat,2025-11-05,0.00,CHIRPS,0.2962,SMAP_L4,24.56,MODIS_MOD11A1,,,
balaghat,2025-11-06,0.00,CHIRPS,0.2870,SMAP_L4,26.37,MODIS_MOD11A1,,,
balaghat,2025-11-07,0.00,CHIRPS,0.2848,SMAP_L4,,,,,
balaghat,2025-11-08,0.00,CHIRPS,0.2737,SMAP_L4,23.55,MODIS_MOD11A1,,,
balaghat,2025-11-09,0.00,CHIRPS,0.2673,SMAP_L4,23.09,MODIS_MOD11A1,,,
balaghat,2025-11-10,0.00,CHIRPS,0.2623,SMAP_L4,21.50,MODIS_MOD11A1,,,
balaghat,2025-11-11,0.00,CHIRPS,0.2607,SMAP_L4,22.57,MODIS_MOD11A1,,,
balaghat,2025-11-12,0.00,CHIRPS,0.2560,SMAP_L4,,,,,
balaghat,2025-11-13,0.00,CHIRPS,0.2482,SMAP_L4,21.77,MODIS_MOD11A1,,,
balaghat,2025-11-14,0.00,CHIRPS,0.2455,SMAP_L4,22.97,MODIS_MOD11A1,,,
balaghat,2025-11-15,0.00,CHIRPS,0.2470,SMAP_L4,20.79,MODIS_MOD11A1,,,
balaghat,2025-11-16,0.00,CHIRPS,0.2313,SMAP_L4,21.82,MODIS_MOD11A1,,,
balaghat,2025-11-17,0.00,CHIRPS,0.2306,SMAP_L4,,,,,
balaghat,2025-11-18,0.00,CHIRPS,0.2296,SMAP_L4,20.86,MODIS_MOD11A1,,,
balaghat,2025-11-19,0.00,CHIRPS,0.2326,SMAP_L4,21.35,MODIS_MOD11A1,,,
balaghat,2025-11-20,0.00,CHIRPS,0.2332,SMAP_L4,20.97,MODIS_MOD11A1,,,
balaghat,2025-11-21,0.84,CHIRPS,0.2242,SMAP_L4,23.26,MODIS_MOD11A1,,,
balaghat,2025-11-22,2.04,CHIRPS,0.2200,SMAP_L4,,,,,
balaghat,2025-11-23,0.12,CHIRPS,0.2182,SMAP_L4,22.49,MODIS_MOD11A1,,,
balaghat,2025-11-24,1.32,CHIRPS,0.2171,SMAP_L4,,,,,
balaghat,2025-11-25,0.00,CHIRPS,0.2131,SMAP_L4,,,,,
balaghat,2025-11-26,1.80,CHIRPS,0.2047,SMAP_L4,,,,,
balaghat,2025-11-27,0.00,CHIRPS,0.2033,SMAP_L4,,,,,
balaghat,2025-11-28,0.00,CHIRPS,0.2034,SMAP_L4,20.97,MODIS_MOD11A1,,,
balaghat,2025-11-29,2.27,CHIRPS,0.1992,SMAP_L4,21.85,MODIS_MOD11A1,,,
balaghat,2025-11-30,0.00,CHIRPS,0.1993,SMAP_L4,19.79,MODIS_MOD11A1,,,
balaghat,2025-12-01,0.00,CHIRPS,0.1951,SMAP_L4,22.56,MODIS_MOD11A1,,,
balaghat,2025-12-02,0.00,CHIRPS,0.1990,SMAP_L4,,,,,
balaghat,2025-12-03,0.00,CHIRPS,0.1874,SMAP_L4,20.43,MODIS_MOD11A1,,,
balaghat,2025-12-04,0.00,CHIRPS,0.1718,SMAP_L4,22.83,MODIS_MOD11A1,,,
balaghat,2025-12-05,2.49,CHIRPS,0.1765,SMAP_L4,19.60,MODIS_MOD11A1,,,
balaghat,2025-12-06,0.00,CHIRPS,0.1776,SMAP_L4,15.32,MODIS_MOD11A1,,,
balaghat,2025-12-07,2.24,CHIRPS,0.1724,SMAP_L4,,,,,
balaghat,2025-12-08,0.00,CHIRPS,0.1704,SMAP_L4,20.69,MODIS_MOD11A1,,,
balaghat,2025-12-09,0.40,CHIRPS,0.1663,SMAP_L4,,,,,
balaghat,2025-12-10,0.00,CHIRPS,0.1612,SMAP_L4,19.83,MODIS_MOD11A1,,,
balaghat,2025-12-11,0.00,CHIRPS,0.1586,SMAP_L4,20.97,MODIS_MOD11A1,,,
balaghat,2025-12-12,0.00,CHIRPS,0.1512,SMAP_L4,,,,,
balaghat,2025-12-13,0.00,CHIRPS,0.1571,SMAP_L4,20.17,MODIS_MOD11A1,,,
balaghat,2025-12-14,0.00,CHIRPS,0.1596,SMAP_L4,21.29,MODIS_MOD11A1,,,
balaghat,2025-12-15,0.00,CHIRPS,0.1562,SMAP_L4,,,,,
balaghat,2025-12-16,0.00,CHIRPS,0.1555,SMAP_L4,19.93,MODIS_MOD11A1,,,
balaghat,2025-12-17,0.00,CHIRPS,0.1555,SMAP_L4,,,,,
balaghat,2025-12-18,0.00,CHIRPS,0.1510,SMAP_L4,20.34,MODIS_MOD11A1,,,
balaghat,2025-12-19,0.00,CHIRPS,0.1458,SMAP_L4,20.05,MODIS_MOD11A1,,,
balaghat,2025-12-20,0.00,CHIRPS,0.1373,SMAP_L4,17.62,MODIS_MOD11A1,,,
balaghat,2025-12-21,0.00,CHIRPS,0.1440,SMAP_L4,16.45,MODIS_MOD11A1,,,
balaghat,2025-12-22,0.00,CHIRPS,0.1491,SMAP_L4,,,,,
balaghat,2025-12-23,0.00,CHIRPS,0.1481,SMAP_L4,19.32,MODIS_MOD11A1,,,
balaghat,2025-12-24,0.00,CHIRPS,0.1429,SMAP_L4,21.32,MODIS_MOD11A1,,,
balaghat,2025-12-25,0.00,CHIRPS,0.1423,SMAP_L4,19.53,MODIS_MOD11A1,,,
balaghat,2025-12-26,0.00,CHIRPS,0.1354,SMAP_L4,20.11,MODIS_MOD11A1,,,
balaghat,2025-12-27,0.00,CHIRPS,0.1318,SMAP_L4,,,,,
balaghat,2025-12-28,0.00,CHIRPS,0.1227,SMAP_L4,18.40,MODIS_MOD11A1,,,
balaghat,2025-12-29,0.35,CHIRPS,0.1303,SMAP_L4,,,,,
balaghat,2025-12-30,0.00,CHIRPS,0.1359,SMAP_L4,17.84,MODIS_MOD11A1,,,
balaghat,2025-12-31,0.00,CHIRPS,0.1317,SMAP_L4,,,,,
balaghat,2026-01-01,0.00,CHIRPS,0.1380,SMAP_L4,,,,,
balaghat,2026-01-02,0.48,CHIRPS,0.1319,SMAP_L4,,,,,
balaghat,2026-01-03,1.00,CHIRPS,0.1235,SMAP_L4,,,,,
balaghat,2026-01-04,0.00,CHIRPS,0.1320,SMAP_L4,,,,,
balaghat,2026-01-05,0.00,CHIRPS,0.1257,SMAP_L4,19.11,MODIS_MOD11A1,,,
balaghat,2026-01-06,0.00,CHIRPS,0.1264,SMAP_L4,,,,,
balaghat,2026-01-07,3.25,CHIRPS,0.1284,SMAP_L4,18.67,MODIS_MOD11A1,,,
balaghat,2026-01-08,0.00,CHIRPS,0.1226,SMAP_L4,20.01,MODIS_MOD11A1,,,
balaghat,2026-01-09,0.00,CHIRPS,0.1213,SMAP_L4,17.69,MODIS_MOD11A1,,,
balaghat,2026-01-10,0.00,CHIRPS,0.1192,SMAP_L4,19.79,MODIS_MOD11A1,,,
balaghat,2026-01-11,4.88,CHIRPS,0.1111,SMAP_L4,,,,,
balaghat,2026-01-12,0.00,CHIRPS,0.1119,SMAP_L4,19.79,MODIS_MOD11A1,,,
balaghat,2026-01-13,0.00,CHIRPS,0.1094,SMAP_L4,20.94,MODIS_MOD11A1,,,
balaghat,2026-01-14,0.00,CHIRPS,0.1182,SMAP_L4,18.50,MODIS_MOD11A1,,,
balaghat,2026-01-15,0.00,CHIRPS,0.1222,SMAP_L4,21.24,MODIS_MOD11A1,,,
balaghat,2026-01-16,0.00,CHIRPS,0.1136,SMAP_L4,,,,,
balaghat,2026-01-17,2.90,CHIRPS,0.1138,SMAP_L4,19.83,MODIS_MOD11A1,,,
balaghat,2026-01-18,0.00,CHIRPS,0.1139,SMAP_L4,23.11,MODIS_MOD11A1,,,
balaghat,2026-01-19,0.00,CHIRPS,0.1086,SMAP_L4,,,,,
balaghat,2026-01-20,0.00,CHIRPS,0.1088,SMAP_L4,,,,,
balaghat,2026-01-21,0.00,CHIRPS,0.1051,SMAP_L4,,,,,
balaghat,2026-01-22,0.00,CHIRPS,0.1075,SMAP_L4,20.67,MODIS_MOD11A1,,,
balaghat,2026-01-23,0.00,CHIRPS,0.1105,SMAP_L4,22.24,MODIS_MOD11A1,,,
balaghat,2026-01-24,0.11,CHIRPS,0.1059,SMAP_L4,,,,,
balaghat,2026-01-25,0.00,CHIRPS,0.1114,SMAP_L4,20.18,MODIS_MOD11A1,,,
balaghat,2026-01-26,0.00,CHIRPS,0.1143,SMAP_L4,,,,,
balaghat,2026-01-27,0.00,CHIRPS,0.1089,SMAP_L4,21.39,MODIS_MOD11A1,,,
balaghat,2026-01-28,4.75,CHIRPS,0.1084,SMAP_L4,,,,,
balaghat,2026-01-29,0.00,CHIRPS,0.0981,SMAP_L4,,,,,
balaghat,2026-01-30,0.00,CHIRPS,0.1067,SMAP_L4,18.62,MODIS_MOD11A1,,,
balaghat,2026-01-31,0.00,CHIRPS,0.1109,SMAP_L4,,,,,
balaghat,2026-02-01,0.00,CHIRPS,0.1044,SMAP_L4,,,,,
balaghat,2026-02-02,0.00,CHIRPS,0.1069,SMAP_L4,22.12,MODIS_MOD11A1,,,
balaghat,2026-02-03,0.00,CHIRPS,0.1064,SMAP_L4,,,,,
balaghat,2026-02-04,0.00,CHIRPS,0.1010,SMAP_L4,,,,,
balaghat,2026-02-05,0.00,CHIRPS,0.1009,SMAP_L4,,,,,
balaghat,2026-02-06,0.00,CHIRPS,0.0965,SMAP_L4,21.95,MODIS_MOD11A1,,,
balaghat,2026-02-07,0.00,CHIRPS,0.0967,SMAP_L4,23.85,MODIS_MOD11A1,,,
balaghat,2026-02-08,0.00,CHIRPS,0.0968,SMAP_L4,21.23,MODIS_MOD11A1,,,
balaghat,2026-02-09,0.00,CHIRPS,0.0989,SMAP_L4,23.36,MODIS_MOD11A1,,,
balaghat,2026-02-10,0.00,CHIRPS,0.1022,SMAP_L4,20.70,MODIS_MOD11A1,,,
balaghat,2026-02-11,0.00,CHIRPS,0.1032,SMAP_L4,23.30,MODIS_MOD11A1,,,
balaghat,2026-02-12,0.00,CHIRPS,0.1000,SMAP_L4,23.49,MODIS_MOD11A1,,,
balaghat,2026-02-13,0.00,CHIRPS,0.1003,SMAP_L4,,,,,
balaghat,2026-02-14,0.00,CHIRPS,0.1046,SMAP_L4,23.44,MODIS_MOD11A1,,,
balaghat,2026-02-15,0.00,CHIRPS,0.1060,SMAP_L4,,,,,
balaghat,2026-02-16,0.00,CHIRPS,0.1044,SMAP_L4,24.28,MODIS_MOD11A1,,,
balaghat,2026-02-17,0.00,CHIRPS,0.1010,SMAP_L4,25.32,MODIS_MOD11A1,,,
balaghat,2026-02-18,0.00,CHIRPS,0.1084,SMAP_L4,23.73,MODIS_MOD11A1,,,
balaghat,2026-02-19,0.00,CHIRPS,0.1094,SMAP_L4,23.78,MODIS_MOD11A1,,,
balaghat,2026-02-20,0.00,CHIRPS,0.0968,SMAP_L4,,,,,
balaghat,2026-02-21,0.05,CHIRPS,0.0963,SMAP_L4,23.70,MODIS_MOD11A1,,,
balaghat,2026-02-22,0.00,CHIRPS,0.1022,SMAP_L4,,,,,
balaghat,2026-02-23,13.28,CHIRPS,0.1067,SMAP_L4,,,,,
balaghat,2026-02-24,0.00,CHIRPS,0.1082,SMAP_L4,25.44,MODIS_MOD11A1,,,
balaghat,2026-02-25,0.00,CHIRPS,0.1107,SMAP_L4,,,,,
balaghat,2026-02-26,0.00,CHIRPS,0.1125,SMAP_L4,25.44,MODIS_MOD11A1,,,
balaghat,2026-02-27,0.00,CHIRPS,0.1183,SMAP_L4,,,,,
balaghat,2026-02-28,0.00,CHIRPS,0.1085,SMAP_L4,,,,,
balaghat,2026-03-01,0.00,CHIRPS,0.1002,SMAP_L4,27.88,MODIS_MOD11A1,,,
balaghat,2026-03-02,0.00,CHIRPS,0.0961,SMAP_L4,25.90,MODIS_MOD11A1,,,
balaghat,2026-03-03,0.00,CHIRPS,0.0994,SMAP_L4,27.85,MODIS_MOD11A1,,,
balaghat,2026-03-04,0.00,CHIRPS,0.0995,SMAP_L4,29.94,MODIS_MOD11A1,,,
balaghat,2026-03-05,0.00,CHIRPS,0.0924,SMAP_L4,28.20,MODIS_MOD11A1,,,
balaghat,2026-03-06,0.00,CHIRPS,0.0924,SMAP_L4,30.09,MODIS_MOD11A1,,,
balaghat,2026-03-07,0.00,CHIRPS,0.0984,SMAP_L4,27.17,MODIS_MOD11A1,,,
balaghat,2026-03-08,0.00,CHIRPS,0.0917,SMAP_L4,29.67,MODIS_MOD11A1,,,
balaghat,2026-03-09,0.00,CHIRPS,0.0874,SMAP_L4,32.18,MODIS_MOD11A1,,,
balaghat,2026-03-10,0.00,CHIRPS,0.0858,SMAP_L4,29.33,MODIS_MOD11A1,,,
balaghat,2026-03-11,0.00,CHIRPS,0.0889,SMAP_L4,31.18,MODIS_MOD11A1,,,
balaghat,2026-03-12,0.00,CHIRPS,0.0901,SMAP_L4,28.08,MODIS_MOD11A1,,,
balaghat,2026-03-13,0.00,CHIRPS,0.0846,SMAP_L4,31.06,MODIS_MOD11A1,,,
balaghat,2026-03-14,0.20,CHIRPS,0.0845,SMAP_L4,29.12,MODIS_MOD11A1,,,
balaghat,2026-03-15,0.00,CHIRPS,0.0899,SMAP_L4,27.53,MODIS_MOD11A1,,,
balaghat,2026-03-16,3.73,CHIRPS,0.0843,SMAP_L4,29.30,MODIS_MOD11A1,,,
balaghat,2026-03-17,10.93,CHIRPS,0.1212,SMAP_L4,,,,,
balaghat,2026-03-18,5.32,CHIRPS,0.1930,SMAP_L4,,,,,
balaghat,2026-03-19,1.82,CHIRPS,0.1694,SMAP_L4,,,,,
balaghat,2026-03-20,0.93,CHIRPS,0.1490,SMAP_L4,,,,,
balaghat,2026-03-21,0.00,CHIRPS,0.1269,SMAP_L4,28.70,MODIS_MOD11A1,,,
balaghat,2026-03-22,0.00,CHIRPS,0.1108,SMAP_L4,27.44,MODIS_MOD11A1,,,
balaghat,2026-03-23,0.00,CHIRPS,0.0960,SMAP_L4,30.61,MODIS_MOD11A1,,,
balaghat,2026-03-24,0.37,CHIRPS,0.0844,SMAP_L4,29.43,MODIS_MOD11A1,,,
balaghat,2026-03-25,0.00,CHIRPS,0.0842,SMAP_L4,29.98,MODIS_MOD11A1,,,
balaghat,2026-03-26,0.11,CHIRPS,0.0837,SMAP_L4,33.15,MODIS_MOD11A1,,,
balaghat,2026-03-27,0.00,CHIRPS,0.0855,SMAP_L4,,,,,
balaghat,2026-03-28,0.34,CHIRPS,0.0845,SMAP_L4,32.81,MODIS_MOD11A1,,,
balaghat,2026-03-29,0.00,CHIRPS,0.0826,SMAP_L4,32.57,MODIS_MOD11A1,,,
balaghat,2026-03-30,0.00,CHIRPS,0.1073,SMAP_L4,32.61,MODIS_MOD11A1,,,
balaghat,2026-03-31,0.00,CHIRPS,0.1295,SMAP_L4,,,,,
balaghat,2026-04-01,26.95,CHIRPS,0.1176,SMAP_L4,29.29,MODIS_MOD11A1,,,
balaghat,2026-04-02,0.00,CHIRPS,0.1232,SMAP_L4,,,,,
balaghat,2026-04-03,3.17,CHIRPS,0.1304,SMAP_L4,32.00,MODIS_MOD11A1,,,
balaghat,2026-04-04,0.00,CHIRPS,0.1283,SMAP_L4,,,,,
balaghat,2026-04-05,0.00,CHIRPS,0.1115,SMAP_L4,,,,,
balaghat,2026-04-06,0.00,CHIRPS,0.1020,SMAP_L4,30.99,MODIS_MOD11A1,,,
balaghat,2026-04-07,0.00,CHIRPS,0.0923,SMAP_L4,33.24,MODIS_MOD11A1,,,
balaghat,2026-04-08,0.00,CHIRPS,0.0950,SMAP_L4,30.23,MODIS_MOD11A1,,,
balaghat,2026-04-09,0.00,CHIRPS,0.0901,SMAP_L4,31.89,MODIS_MOD11A1,,,
balaghat,2026-04-10,0.00,CHIRPS,0.0828,SMAP_L4,34.02,MODIS_MOD11A1,,,
balaghat,2026-04-11,0.00,CHIRPS,0.0734,SMAP_L4,31.29,MODIS_MOD11A1,,,
balaghat,2026-04-12,0.00,CHIRPS,0.0731,SMAP_L4,34.75,MODIS_MOD11A1,,,
balaghat,2026-04-13,0.00,CHIRPS,0.0743,SMAP_L4,34.06,MODIS_MOD11A1,,,
balaghat,2026-04-14,0.00,CHIRPS,0.0786,SMAP_L4,34.44,MODIS_MOD11A1,,,
balaghat,2026-04-15,0.00,CHIRPS,0.0742,SMAP_L4,35.65,MODIS_MOD11A1,,,
balaghat,2026-04-16,0.00,CHIRPS,0.0779,SMAP_L4,,,,,
balaghat,2026-04-17,0.00,CHIRPS,0.0669,SMAP_L4,36.28,MODIS_MOD11A1,,,
balaghat,2026-04-18,0.00,CHIRPS,0.0690,SMAP_L4,,,,,
balaghat,2026-04-19,0.00,CHIRPS,0.0718,SMAP_L4,34.99,MODIS_MOD11A1,,,
balaghat,2026-04-20,0.00,CHIRPS,0.0717,SMAP_L4,34.54,MODIS_MOD11A1,,,
balaghat,2026-04-21,0.00,CHIRPS,0.0720,SMAP_L4,,,,,
balaghat,2026-04-22,0.00,CHIRPS,0.0695,SMAP_L4,36.71,MODIS_MOD11A1,,,
balaghat,2026-04-23,0.00,CHIRPS,0.0709,SMAP_L4,32.40,MODIS_MOD11A1,,,
balaghat,2026-04-24,0.00,CHIRPS,0.0758,SMAP_L4,35.37,MODIS_MOD11A1,,,
balaghat,2026-04-25,0.00,CHIRPS,0.0677,SMAP_L4,38.49,MODIS_MOD11A1,,,
balaghat,2026-04-26,0.00,CHIRPS,0.0650,SMAP_L4,,,,,
balaghat,2026-04-27,0.00,CHIRPS,0.0677,SMAP_L4,35.20,MODIS_MOD11A1,,,
balaghat,2026-04-28,0.00,CHIRPS,0.0711,SMAP_L4,35.49,MODIS_MOD11A1,,,
balaghat,2026-04-29,0.00,CHIRPS,0.0711,SMAP_L4,,,,,
balaghat,2026-04-30,0.00,CHIRPS,0.0680,SMAP_L4,35.25,MODIS_MOD11A1,,,
balaghat,2026-05-01,0.00,CHIRPS,0.0832,SMAP_L4,,,,,
balaghat,2026-05-02,0.49,CHIRPS,0.0924,SMAP_L4,36.01,MODIS_MOD11A1,,,
balaghat,2026-05-03,0.00,CHIRPS,0.1044,SMAP_L4,32.39,MODIS_MOD11A1,,,
balaghat,2026-05-04,0.00,CHIRPS,0.0875,SMAP_L4,31.82,MODIS_MOD11A1,,,
balaghat,2026-05-05,0.79,CHIRPS,0.0956,SMAP_L4,34.05,MODIS_MOD11A1,,,
balaghat,2026-05-06,0.00,CHIRPS,0.1340,SMAP_L4,,,,,
balaghat,2026-05-07,0.00,CHIRPS,0.1305,SMAP_L4,32.79,MODIS_MOD11A1,,,
balaghat,2026-05-08,0.00,CHIRPS,0.1029,SMAP_L4,34.33,MODIS_MOD11A1,,,
balaghat,2026-05-09,0.00,CHIRPS,0.1044,SMAP_L4,,,,,
balaghat,2026-05-10,0.00,CHIRPS,0.0940,SMAP_L4,34.03,MODIS_MOD11A1,,,
balaghat,2026-05-11,0.00,CHIRPS,0.0816,SMAP_L4,,,,,
balaghat,2026-05-12,0.00,CHIRPS,0.0754,SMAP_L4,36.25,MODIS_MOD11A1,,,
balaghat,2026-05-13,0.62,CHIRPS,0.0845,SMAP_L4,32.14,MODIS_MOD11A1,,,
balaghat,2026-05-14,0.00,CHIRPS,0.1113,SMAP_L4,31.45,MODIS_MOD11A1,,,
balaghat,2026-05-15,0.74,CHIRPS,0.1101,SMAP_L4,30.31,MODIS_MOD11A1,,,
balaghat,2026-05-16,4.02,CHIRPS,0.1201,SMAP_L4,,,,,
balaghat,2026-05-17,0.00,CHIRPS,0.1088,SMAP_L4,29.01,MODIS_MOD11A1,,,
balaghat,2026-05-18,0.00,CHIRPS,0.0862,SMAP_L4,33.57,MODIS_MOD11A1,,,
balaghat,2026-05-19,0.29,CHIRPS,0.0733,SMAP_L4,31.12,MODIS_MOD11A1,,,
balaghat,2026-05-20,0.00,CHIRPS,0.0668,SMAP_L4,35.10,MODIS_MOD11A1,,,
balaghat,2026-05-21,0.00,CHIRPS,0.0607,SMAP_L4,,,,,
balaghat,2026-05-22,0.00,CHIRPS,0.0575,SMAP_L4,35.72,MODIS_MOD11A1,,,
balaghat,2026-05-23,0.00,CHIRPS,0.0547,SMAP_L4,37.90,MODIS_MOD11A1,,,
balaghat,2026-05-24,0.00,CHIRPS,0.0556,SMAP_L4,31.81,MODIS_MOD11A1,,,
balaghat,2026-05-25,0.00,CHIRPS,0.0567,SMAP_L4,38.14,MODIS_MOD11A1,,,
balaghat,2026-05-26,0.00,CHIRPS,0.0570,SMAP_L4,,,,,
balaghat,2026-05-27,0.00,CHIRPS,0.0516,SMAP_L4,37.59,MODIS_MOD11A1,,,
balaghat,2026-05-28,0.00,CHIRPS,0.0518,SMAP_L4,35.81,MODIS_MOD11A1,,,
balaghat,2026-05-29,0.00,CHIRPS,0.0637,SMAP_L4,33.43,MODIS_MOD11A1,,,
balaghat,2026-05-30,19.68,CHIRPS,0.1201,SMAP_L4,35.23,MODIS_MOD11A1,,,
balaghat,2026-05-31,0.00,CHIRPS,0.1434,SMAP_L4,,,,,
balaghat,2026-06-01,2.26,CHIRPS,0.1082,SMAP_L4,35.49,MODIS_MOD11A1,,,
balaghat,2026-06-02,0.01,CHIRPS,0.0937,SMAP_L4,,,,,
balaghat,2026-06-03,1.36,CHIRPS,0.0748,SMAP_L4,32.34,MODIS_MOD11A1,,,
balaghat,2026-06-04,1.50,CHIRPS,0.0626,SMAP_L4,35.56,MODIS_MOD11A1,,,
balaghat,2026-06-05,7.55,CHIRPS,0.0729,SMAP_L4,,,,,
balaghat,2026-06-06,0.00,CHIRPS,0.0785,SMAP_L4,36.01,MODIS_MOD11A1,,,
balaghat,2026-06-07,0.00,CHIRPS,0.0724,SMAP_L4,34.20,MODIS_MOD11A1,,,
balaghat,2026-06-08,0.00,CHIRPS,0.0712,SMAP_L4,,,,,
balaghat,2026-06-09,0.00,CHIRPS,0.1288,SMAP_L4,31.28,MODIS_MOD11A1,,,
balaghat,2026-06-10,0.00,CHIRPS,0.1365,SMAP_L4,,,,,
balaghat,2026-06-11,0.00,CHIRPS,0.1306,SMAP_L4,33.39,MODIS_MOD11A1,,,
balaghat,2026-06-12,0.01,CHIRPS,0.0958,SMAP_L4,32.94,MODIS_MOD11A1,,,
balaghat,2026-06-13,0.00,CHIRPS,0.0932,SMAP_L4,,,,,
balaghat,2026-06-14,0.00,CHIRPS,0.0812,SMAP_L4,,,,,
balaghat,2026-06-15,0.00,CHIRPS,0.0842,SMAP_L4,,,,,
balaghat,2026-06-16,0.00,CHIRPS,0.0757,SMAP_L4,35.83,MODIS_MOD11A1,,,
balaghat,2026-06-17,0.93,CHIRPS,0.0804,SMAP_L4,36.13,MODIS_MOD11A1,,,
balaghat,2026-06-18,0.79,CHIRPS,0.0989,SMAP_L4,,,,,
balaghat,2026-06-19,12.20,CHIRPS,0.0797,SMAP_L4,,,,,
balaghat,2026-06-20,0.00,CHIRPS,0.0630,SMAP_L4,,,,,
balaghat,2026-06-21,0.00,CHIRPS,0.0719,SMAP_L4,36.86,MODIS_MOD11A1,,,
balaghat,2026-06-22,8.31,CHIRPS,0.1179,SMAP_L4,,,,,
balaghat,2026-06-23,10.44,CHIRPS,0.1861,SMAP_L4,,,,,
balaghat,2026-06-24,0.00,CHIRPS,0.1740,SMAP_L4,30.17,MODIS_MOD11A1,,,
balaghat,2026-06-25,21.60,CHIRPS,0.1553,SMAP_L4,,,,,
balaghat,2026-06-26,14.39,CHIRPS,0.2108,SMAP_L4,29.35,MODIS_MOD11A1,,,
balaghat,2026-06-27,16.44,CHIRPS,0.2172,SMAP_L4,27.75,MODIS_MOD11A1,,,
balaghat,2026-06-28,8.94,CHIRPS,0.1946,SMAP_L4,,,,,
balaghat,2026-06-29,26.63,CHIRPS,0.2097,SMAP_L4,,,,,
balaghat,2026-06-30,11.86,CHIRPS,0.2299,SMAP_L4,,,,,
balaghat,2026-07-01,13.33,CHIRPS,0.2642,SMAP_L4,,,,,
balaghat,2026-07-02,20.93,CHIRPS,0.2757,SMAP_L4,,,,,
balaghat,2026-07-03,21.49,CHIRPS,0.3335,SMAP_L4,,,,,
balaghat,2026-07-04,16.98,CHIRPS,0.3180,SMAP_L4,,,,,
balaghat,2026-07-05,22.77,CHIRPS,0.3448,SMAP_L4,,,,,
balaghat,2026-07-06,66.46,CHIRPS,0.3556,SMAP_L4,,,,,
balaghat,2026-07-07,3.99,CHIRPS,0.3521,SMAP_L4,,,,,
balaghat,2026-07-08,0.00,CHIRPS,0.3278,SMAP_L4,,,,,
balaghat,2026-07-09,3.89,CHIRPS,0.3394,SMAP_L4,,,,,
balaghat,2026-07-10,0.00,CHIRPS,0.3340,SMAP_L4,,,,,
balaghat,2026-07-11,0.00,CHIRPS,0.3095,SMAP_L4,,,,,
balaghat,2026-07-12,0.00,CHIRPS,0.2968,SMAP_L4,,,,,
balaghat,2026-07-13,0.00,CHIRPS,0.2871,SMAP_L4,,,,,
balaghat,2026-07-14,0.00,CHIRPS,0.2676,SMAP_L4,,,,,
balaghat,2026-07-15,0.00,CHIRPS,0.2868,SMAP_L4,,,,,
balaghat,2026-07-16,19.70,CHIRPS,0.3202,SMAP_L4,,,,,
balaghat,2026-07-17,26.62,CHIRPS,0.3668,SMAP_L4,,,,,
balaghat,2026-07-18,12.83,CHIRPS,0.3725,SMAP_L4,,,,,
balaghat,2026-07-19,12.06,CHIRPS,0.3715,SMAP_L4,,,,,
balaghat,2026-07-20,26.80,CHIRPS,0.3841,SMAP_L4,,,,,
balaghat,2026-07-21,65.31,CHIRPS,0.3981,SMAP_L4,,,,,
balaghat,2026-07-22,0.00,CHIRPS,0.3953,SMAP_L4,,,,,
balaghat,2026-07-23,0.00,CHIRPS,0.3893,SMAP_L4,,,,,
balaghat,2026-07-24,0.00,CHIRPS,0.3706,SMAP_L4,,,,,
balaghat,2026-07-25,1.51,CHIRPS,0.3682,SMAP_L4,,,,,
balaghat,2026-07-26,0.00,CHIRPS,0.3707,SMAP_L4,,,,,
balaghat,2026-07-27,57.35,CHIRPS,0.3904,SMAP_L4,,,,,
balaghat,2026-07-28,46.72,CHIRPS,0.4108,SMAP_L4,,,,,
balaghat,2026-07-29,17.35,CHIRPS,0.4120,SMAP_L4,,,,,
balaghat,2026-07-30,0.00,CHIRPS,0.3992,SMAP_L4,,,,,
balaghat,2026-07-31,0.00,CHIRPS,0.3961,SMAP_L4,,,,,
balaghat,2026-08-01,0.00,CHIRPS,0.3897,SMAP_L4,,,,,
balaghat,2026-08-02,0.00,CHIRPS,0.3879,SMAP_L4,,,,,
balaghat,2026-08-03,10.30,CHIRPS,0.3912,SMAP_L4,,,,,
balaghat,2026-08-04,16.11,CHIRPS,0.4024,SMAP_L4,,,,,
balaghat,2026-08-05,7.06,CHIRPS,0.4080,SMAP_L4,,,,,
balaghat,2026-08-06,3.85,CHIRPS,0.4052,SMAP_L4,,,,,
balaghat,2026-08-07,3.71,CHIRPS,0.4098,SMAP_L4,,,,,
balaghat,2026-08-08,35.69,CHIRPS,0.4240,SMAP_L4,,,,,
balaghat,2026-08-09,24.32,CHIRPS,0.4171,SMAP_L4,,,,,
balaghat,2026-08-10,0.00,CHIRPS,0.4153,SMAP_L4,,,,,
balaghat,2026-08-11,0.00,CHIRPS,0.4122,SMAP_L4,,,,,
balaghat,2026-08-12,0.00,CHIRPS,0.4108,SMAP_L4,,,,,
balaghat,2026-08-13,20.90,CHIRPS,0.4093,SMAP_L4,,,,,
balaghat,2026-08-14,16.90,CHIRPS,0.4199,SMAP_L4,,,,,
balaghat,2026-08-15,16.94,CHIRPS,0.4268,SMAP_L4,,,,,
balaghat,2026-08-16,16.17,CHIRPS,0.4270,SMAP_L4,,,,,
balaghat,2026-08-17,20.73,CHIRPS,0.4296,SMAP_L4,,,,,
balaghat,2026-08-18,11.86,CHIRPS,0.4325,SMAP_L4,,,,,
balaghat,2026-08-19,28.69,CHIRPS,0.4381,SMAP_L4,,,,,
balaghat,2026-08-20,13.79,CHIRPS,0.4354,SMAP_L4,,,,,
balaghat,2026-08-21,15.24,CHIRPS,0.4408,SMAP_L4,,,,,
balaghat,2026-08-22,41.64,CHIRPS,0.4426,SMAP_L4,,,,,
balaghat,2026-08-23,11.68,CHIRPS,0.4406,SMAP_L4,,,,,
balaghat,2026-08-24,29.33,CHIRPS,0.4419,SMAP_L4,,,,,
balaghat,2026-08-25,8.87,CHIRPS,0.4414,SMAP_L4,,,,,
balaghat,2026-08-26,14.95,CHIRPS,0.4384,SMAP_L4,,,,,
balaghat,2026-08-27,0.47,CHIRPS,0.4341,SMAP_L4,,,,,
balaghat,2026-08-28,3.20,CHIRPS,0.4284,SMAP_L4,,,,,
balaghat,2026-08-29,12.37,CHIRPS,0.4314,SMAP_L4,,,,,
balaghat,2026-08-30,9.28,CHIRPS,0.4335,SMAP_L4,,,,,
balaghat,2026-08-31,1.75,CHIRPS,0.4275,SMAP_L4,,,,,
balaghat,2026-09-01,5.85,IMERG,0.4309,SMAP_L4,,,,,
balaghat,2026-09-02,56.68,IMERG,0.4459,SMAP_L4,,,,,
balaghat,2026-09-03,21.22,IMERG,0.4417,SMAP_L4,,,,,
balaghat,2026-09-04,1.35,IMERG,0.4383,SMAP_L4,,,,,
balaghat,2026-09-05,3.32,IMERG,0.4344,SMAP_L4,,,,,
balaghat,2026-09-06,2.41,IMERG,0.4303,SMAP_L4,,,,,
balaghat,2026-09-07,3.41,IMERG,0.4256,SMAP_L4,,,,,
balaghat,2026-09-08,2.41,IMERG,0.4232,SMAP_L4,,,,,
balaghat,2026-09-09,2.84,IMERG,0.4186,SMAP_L4,,,,,
balaghat,2026-09-10,4.32,IMERG,0.4171,SMAP_L4,,,,,
balaghat,2026-09-11,9.38,IMERG,0.4263,SMAP_L4,,,,,
balaghat,2026-09-12,15.13,IMERG,0.4278,SMAP_L4,,,,,
balaghat,2026-09-13,5.04,IMERG,0.4243,SMAP_L4,,,,,
balaghat,2026-09-14,0.03,IMERG,0.4140,SMAP_L4,,,,,
balaghat,2026-09-15,0.45,IMERG,0.4072,SMAP_L4,,,,,
balaghat,2026-09-16,4.55,IMERG,0.4038,SMAP_L4,,,,,
balaghat,2026-09-17,4.85,IMERG,0.4024,SMAP_L4,,,,,
balaghat,2026-09-18,1.83,IMERG,0.4053,SMAP_L4,25.34,MODIS_MOD11A1,,,
balaghat,2026-09-19,7.96,IMERG,,,27.32,MODIS_MOD11A1,,,
balaghat,2026-09-20,6.40,IMERG,,,25.95,MODIS_MOD11A1,,,
balaghat,2026-09-21,0.00,IMERG,,,,,,,
balaghat,2026-09-22,,,,,,,,,
bhandara,2025-01-01,0.00,CHIRPS,0.2057,SMAP_L4,22.88,MODIS_MOD11A1,,,
bhandara,2025-01-02,1.06,CHIRPS,0.2056,SMAP_L4,23.82,MODIS_MOD11A1,,,
bhandara,2025-01-03,0.00,CHIRPS,0.2006,SMAP_L4,26.43,MODIS_MOD11A1,,,
bhandara,2025-01-04,0.00,CHIRPS,0.1967,SMAP_L4,24.61,MODIS_MOD11A1,,,
bhandara,2025-01-05,0.00,CHIRPS,0.2037,SMAP_L4,26.04,MODIS_MOD11A1,,,
bhandara,2025-01-06,0.00,CHIRPS,0.1975,SMAP_L4,22.37,MODIS_MOD11A1,,,
bhandara,2025-01-07,0.00,CHIRPS,0.1992,SMAP_L4,23.05,MODIS_MOD11A1,,,
bhandara,2025-01-08,1.71,CHIRPS,0.1983,SMAP_L4,,,,,
bhandara,2025-01-09,0.00,CHIRPS,0.1951,SMAP_L4,21.86,MODIS_MOD11A1,,,
bhandara,2025-01-10,0.00,CHIRPS,0.1969,SMAP_L4,20.75,MODIS_MOD11A1,,,
bhandara,2025-01-11,0.69,CHIRPS,0.1917,SMAP_L4,,,,,
bhandara,2025-01-12,0.00,CHIRPS,0.1937,SMAP_L4,24.08,MODIS_MOD11A1,,,
bhandara,2025-01-13,0.00,CHIRPS,0.1958,SMAP_L4,,,,,
bhandara,2025-01-14,0.00,CHIRPS,0.1878,SMAP_L4,21.76,MODIS_MOD11A1,,,
bhandara,2025-01-15,0.00,CHIRPS,0.1907,SMAP_L4,,,,,
bhandara,2025-01-16,0.00,CHIRPS,0.1910,SMAP_L4,,,,,
bhandara,2025-01-17,0.00,CHIRPS,0.1925,SMAP_L4,,,,,
bhandara,2025-01-18,0.00,CHIRPS,0.1897,SMAP_L4,,,,,
bhandara,2025-01-19,0.00,CHIRPS,0.1860,SMAP_L4,24.97,MODIS_MOD11A1,,,
bhandara,2025-01-20,0.00,CHIRPS,0.1817,SMAP_L4,26.96,MODIS_MOD11A1,,,
bhandara,2025-01-21,0.00,CHIRPS,0.1810,SMAP_L4,25.01,MODIS_MOD11A1,,,
bhandara,2025-01-22,0.07,CHIRPS,0.1796,SMAP_L4,26.68,MODIS_MOD11A1,,,
bhandara,2025-01-23,0.31,CHIRPS,0.1848,SMAP_L4,22.63,MODIS_MOD11A1,,,
bhandara,2025-01-24,0.02,CHIRPS,0.1827,SMAP_L4,26.22,MODIS_MOD11A1,,,
bhandara,2025-01-25,0.24,CHIRPS,0.1833,SMAP_L4,26.13,MODIS_MOD11A1,,,
bhandara,2025-01-26,0.00,CHIRPS,0.1849,SMAP_L4,25.28,MODIS_MOD11A1,,,
bhandara,2025-01-27,0.00,CHIRPS,0.1824,SMAP_L4,26.27,MODIS_MOD11A1,,,
bhandara,2025-01-28,0.75,CHIRPS,0.1791,SMAP_L4,,,,,
bhandara,2025-01-29,0.00,CHIRPS,0.1864,SMAP_L4,25.04,MODIS_MOD11A1,,,
bhandara,2025-01-30,0.00,CHIRPS,0.1846,SMAP_L4,27.36,MODIS_MOD11A1,,,
bhandara,2025-01-31,0.00,CHIRPS,0.1891,SMAP_L4,25.95,MODIS_MOD11A1,,,
bhandara,2025-02-01,0.00,CHIRPS,0.1850,SMAP_L4,28.06,MODIS_MOD11A1,,,
bhandara,2025-02-02,0.00,CHIRPS,0.1836,SMAP_L4,,,,,
bhandara,2025-02-03,0.00,CHIRPS,0.1873,SMAP_L4,29.22,MODIS_MOD11A1,,,
bhandara,2025-02-04,0.00,CHIRPS,0.1836,SMAP_L4,26.05,MODIS_MOD11A1,,,
bhandara,2025-02-05,0.00,CHIRPS,0.1802,SMAP_L4,28.53,MODIS_MOD11A1,,,
bhandara,2025-02-06,0.00,CHIRPS,0.1886,SMAP_L4,25.25,MODIS_MOD11A1,,,
bhandara,2025-02-07,1.59,CHIRPS,0.1810,SMAP_L4,,,,,
bhandara,2025-02-08,2.26,CHIRPS,0.1828,SMAP_L4,26.11,MODIS_MOD11A1,,,
bhandara,2025-02-09,0.13,CHIRPS,0.1793,SMAP_L4,27.24,MODIS_MOD11A1,,,
bhandara,2025-02-10,0.00,CHIRPS,0.1789,SMAP_L4,26.98,MODIS_MOD11A1,,,
bhandara,2025-02-11,0.00,CHIRPS,0.1862,SMAP_L4,28.51,MODIS_MOD11A1,,,
bhandara,2025-02-12,0.00,CHIRPS,0.1787,SMAP_L4,26.92,MODIS_MOD11A1,,,
bhandara,2025-02-13,0.00,CHIRPS,0.1716,SMAP_L4,27.38,MODIS_MOD11A1,,,
bhandara,2025-02-14,0.00,CHIRPS,0.1812,SMAP_L4,,,,,
bhandara,2025-02-15,0.00,CHIRPS,0.1772,SMAP_L4,27.52,MODIS_MOD11A1,,,
bhandara,2025-02-16,0.00,CHIRPS,0.1807,SMAP_L4,30.17,MODIS_MOD11A1,,,
bhandara,2025-02-17,0.00,CHIRPS,0.1764,SMAP_L4,27.53,MODIS_MOD11A1,,,
bhandara,2025-02-18,0.00,CHIRPS,0.1724,SMAP_L4,29.85,MODIS_MOD11A1,,,
bhandara,2025-02-19,0.00,CHIRPS,0.1842,SMAP_L4,,,,,
bhandara,2025-02-20,0.00,CHIRPS,0.1780,SMAP_L4,30.33,MODIS_MOD11A1,,,
bhandara,2025-02-21,0.00,CHIRPS,0.1722,SMAP_L4,32.13,MODIS_MOD11A1,,,
bhandara,2025-02-22,0.00,CHIRPS,0.1793,SMAP_L4,27.75,MODIS_MOD11A1,,,
bhandara,2025-02-23,0.00,CHIRPS,0.1772,SMAP_L4,30.58,MODIS_MOD11A1,,,
bhandara,2025-02-24,0.00,CHIRPS,0.1815,SMAP_L4,,,,,
bhandara,2025-02-25,0.00,CHIRPS,0.1709,SMAP_L4,28.90,MODIS_MOD11A1,,,
bhandara,2025-02-26,0.04,CHIRPS,0.1689,SMAP_L4,31.87,MODIS_MOD11A1,,,
bhandara,2025-02-27,0.00,CHIRPS,0.1779,SMAP_L4,29.28,MODIS_MOD11A1,,,
bhandara,2025-02-28,1.85,CHIRPS,0.1705,SMAP_L4,25.53,MODIS_MOD11A1,,,
bhandara,2025-03-01,0.90,CHIRPS,0.1659,SMAP_L4,,,,,
bhandara,2025-03-02,0.00,CHIRPS,0.1757,SMAP_L4,30.43,MODIS_MOD11A1,,,
bhandara,2025-03-03,0.00,CHIRPS,0.1645,SMAP_L4,32.96,MODIS_MOD11A1,,,
bhandara,2025-03-04,2.62,CHIRPS,0.1744,SMAP_L4,30.73,MODIS_MOD11A1,,,
bhandara,2025-03-05,0.00,CHIRPS,0.1660,SMAP_L4,30.01,MODIS_MOD11A1,,,
bhandara,2025-03-06,0.00,CHIRPS,0.1589,SMAP_L4,,,,,
bhandara,2025-03-07,0.00,CHIRPS,0.1670,SMAP_L4,31.84,MODIS_MOD11A1,,,
bhandara,2025-03-08,0.00,CHIRPS,0.1573,SMAP_L4,33.12,MODIS_MOD11A1,,,
bhandara,2025-03-09,0.00,CHIRPS,0.1505,SMAP_L4,31.23,MODIS_MOD11A1,,,
bhandara,2025-03-10,0.00,CHIRPS,0.1655,SMAP_L4,32.78,MODIS_MOD11A1,,,
bhandara,2025-03-11,0.00,CHIRPS,0.1532,SMAP_L4,29.60,MODIS_MOD11A1,,,
bhandara,2025-03-12,0.00,CHIRPS,0.1595,SMAP_L4,33.93,MODIS_MOD11A1,,,
bhandara,2025-03-13,0.00,CHIRPS,0.1516,SMAP_L4,34.60,MODIS_MOD11A1,,,
bhandara,2025-03-14,0.75,CHIRPS,0.1496,SMAP_L4,33.17,MODIS_MOD11A1,,,
bhandara,2025-03-15,0.00,CHIRPS,0.1477,SMAP_L4,34.16,MODIS_MOD11A1,,,
bhandara,2025-03-16,0.00,CHIRPS,0.1460,SMAP_L4,,,,,
bhandara,2025-03-17,0.00,CHIRPS,0.1462,SMAP_L4,34.64,MODIS_MOD11A1,,,
bhandara,2025-03-18,0.00,CHIRPS,0.1410,SMAP_L4,34.35,MODIS_MOD11A1,,,
bhandara,2025-03-19,0.00,CHIRPS,0.1358,SMAP_L4,31.77,MODIS_MOD11A1,,,
bhandara,2025-03-20,0.00,CHIRPS,0.1418,SMAP_L4,34.24,MODIS_MOD11A1,,,
bhandara,2025-03-21,0.00,CHIRPS,0.1406,SMAP_L4,,,,,
bhandara,2025-03-22,0.00,CHIRPS,0.1413,SMAP_L4,34.82,MODIS_MOD11A1,,,
bhandara,2025-03-23,5.83,CHIRPS,0.1451,SMAP_L4,32.85,MODIS_MOD11A1,,,
bhandara,2025-03-24,0.00,CHIRPS,0.1429,SMAP_L4,34.45,MODIS_MOD11A1,,,
bhandara,2025-03-25,0.00,CHIRPS,0.1397,SMAP_L4,36.41,MODIS_MOD11A1,,,
bhandara,2025-03-26,0.00,CHIRPS,0.1449,SMAP_L4,33.01,MODIS_MOD11A1,,,
bhandara,2025-03-27,0.00,CHIRPS,0.1317,SMAP_L4,35.87,MODIS_MOD11A1,,,
bhandara,2025-03-28,0.00,CHIRPS,0.1367,SMAP_L4,35.33,MODIS_MOD11A1,,,
bhandara,2025-03-29,0.00,CHIRPS,0.1417,SMAP_L4,33.28,MODIS_MOD11A1,,,
bhandara,2025-03-30,0.76,CHIRPS,0.1393,SMAP_L4,35.86,MODIS_MOD11A1,,,
bhandara,2025-03-31,0.00,CHIRPS,0.1426,SMAP_L4,29.89,MODIS_MOD11A1,,,
bhandara,2025-04-01,0.00,CHIRPS,0.1640,SMAP_L4,31.49,MODIS_MOD11A1,,,
bhandara,2025-04-02,0.00,CHIRPS,0.2065,SMAP_L4,,,,,
bhandara,2025-04-03,0.00,CHIRPS,0.2189,SMAP_L4,,,,,
bhandara,2025-04-04,0.00,CHIRPS,0.2010,SMAP_L4,29.71,MODIS_MOD11A1,,,
bhandara,2025-04-05,0.00,CHIRPS,0.1723,SMAP_L4,33.38,MODIS_MOD11A1,,,
bhandara,2025-04-06,0.00,CHIRPS,0.1445,SMAP_L4,38.06,MODIS_MOD11A1,,,
bhandara,2025-04-07,0.00,CHIRPS,0.1379,SMAP_L4,,,,,
bhandara,2025-04-08,0.00,CHIRPS,0.1383,SMAP_L4,35.19,MODIS_MOD11A1,,,
bhandara,2025-04-09,0.00,CHIRPS,0.1504,SMAP_L4,35.14,MODIS_MOD11A1,,,
bhandara,2025-04-10,0.00,CHIRPS,0.1804,SMAP_L4,33.10,MODIS_MOD11A1,,,
bhandara,2025-04-11,0.00,CHIRPS,0.1649,SMAP_L4,35.92,MODIS_MOD11A1,,,
bhandara,2025-04-12,0.00,CHIRPS,0.1363,SMAP_L4,,,,,
bhandara,2025-04-13,0.00,CHIRPS,0.1261,SMAP_L4,38.14,MODIS_MOD11A1,,,
bhandara,2025-04-14,4.64,CHIRPS,0.1336,SMAP_L4,,,,,
bhandara,2025-04-15,0.00,CHIRPS,0.1292,SMAP_L4,34.62,MODIS_MOD11A1,,,
bhandara,2025-04-16,0.14,CHIRPS,0.1337,SMAP_L4,37.66,MODIS_MOD11A1,,,
bhandara,2025-04-17,0.00,CHIRPS,0.1299,SMAP_L4,,,,,
bhandara,2025-04-18,0.00,CHIRPS,0.1254,SMAP_L4,37.24,MODIS_MOD11A1,,,
bhandara,2025-04-19,0.00,CHIRPS,0.1388,SMAP_L4,37.35,MODIS_MOD11A1,,,
bhandara,2025-04-20,1.49,CHIRPS,0.1218,SMAP_L4,39.22,MODIS_MOD11A1,,,
bhandara,2025-04-21,0.00,CHIRPS,0.1190,SMAP_L4,42.29,MODIS_MOD11A1,,,
bhandara,2025-04-22,0.00,CHIRPS,0.1131,SMAP_L4,,,,,
bhandara,2025-04-23,0.00,CHIRPS,0.1101,SMAP_L4,41.57,MODIS_MOD11A1,,,
bhandara,2025-04-24,0.00,CHIRPS,0.1133,SMAP_L4,41.59,MODIS_MOD11A1,,,
bhandara,2025-04-25,0.00,CHIRPS,0.1083,SMAP_L4,39.20,MODIS_MOD11A1,,,
bhandara,2025-04-26,2.91,CHIRPS,0.1079,SMAP_L4,40.12,MODIS_MOD11A1,,,
bhandara,2025-04-27,0.00,CHIRPS,0.1435,SMAP_L4,,,,,
bhandara,2025-04-28,0.00,CHIRPS,0.1539,SMAP_L4,33.88,MODIS_MOD11A1,,,
bhandara,2025-04-29,1.10,CHIRPS,0.1507,SMAP_L4,32.99,MODIS_MOD11A1,,,
bhandara,2025-04-30,0.00,CHIRPS,0.1506,SMAP_L4,33.76,MODIS_MOD11A1,,,
bhandara,2025-05-01,0.19,CHIRPS,0.1683,SMAP_L4,37.11,MODIS_MOD11A1,,,
bhandara,2025-05-02,0.00,CHIRPS,0.1909,SMAP_L4,,,,,
bhandara,2025-05-03,0.02,CHIRPS,0.1915,SMAP_L4,34.18,MODIS_MOD11A1,,,
bhandara,2025-05-04,0.00,CHIRPS,0.1963,SMAP_L4,33.97,MODIS_MOD11A1,,,
bhandara,2025-05-05,0.00,CHIRPS,0.2002,SMAP_L4,,,,,
bhandara,2025-05-06,0.00,CHIRPS,0.1725,SMAP_L4,36.18,MODIS_MOD11A1,,,
bhandara,2025-05-07,0.00,CHIRPS,0.1624,SMAP_L4,,,,,
bhandara,2025-05-08,0.13,CHIRPS,0.1292,SMAP_L4,38.48,MODIS_MOD11A1,,,
bhandara,2025-05-09,0.00,CHIRPS,0.1250,SMAP_L4,37.69,MODIS_MOD11A1,,,
bhandara,2025-05-10,0.34,CHIRPS,0.1261,SMAP_L4,37.92,MODIS_MOD11A1,,,
bhandara,2025-05-11,0.00,CHIRPS,0.1262,SMAP_L4,40.82,MODIS_MOD11A1,,,
bhandara,2025-05-12,0.00,CHIRPS,0.1341,SMAP_L4,,,,,
bhandara,2025-05-13,0.00,CHIRPS,0.1373,SMAP_L4,39.32,MODIS_MOD11A1,,,
bhandara,2025-05-14,0.00,CHIRPS,0.1241,SMAP_L4,41.11,MODIS_MOD11A1,,,
bhandara,2025-05-15,0.00,CHIRPS,0.1205,SMAP_L4,,,,,
bhandara,2025-05-16,0.49,CHIRPS,0.1106,SMAP_L4,,,,,
bhandara,2025-05-17,0.68,CHIRPS,0.1171,SMAP_L4,,,,,
bhandara,2025-05-18,0.52,CHIRPS,0.1115,SMAP_L4,38.66,MODIS_MOD11A1,,,
bhandara,2025-05-19,0.02,CHIRPS,0.1139,SMAP_L4,,,,,
bhandara,2025-05-20,0.15,CHIRPS,0.1538,SMAP_L4,39.56,MODIS_MOD11A1,,,
bhandara,2025-05-21,5.38,CHIRPS,0.1961,SMAP_L4,,,,,
bhandara,2025-05-22,0.00,CHIRPS,0.2099,SMAP_L4,,,,,
bhandara,2025-05-23,0.00,CHIRPS,0.1968,SMAP_L4,37.59,MODIS_MOD11A1,,,
bhandara,2025-05-24,7.15,CHIRPS,0.1834,SMAP_L4,,,,,
bhandara,2025-05-25,0.23,CHIRPS,0.2008,SMAP_L4,,,,,
bhandara,2025-05-26,3.86,CHIRPS,0.2201,SMAP_L4,,,,,
bhandara,2025-05-27,9.48,CHIRPS,0.2346,SMAP_L4,,,,,
bhandara,2025-05-28,9.46,CHIRPS,0.2310,SMAP_L4,,,,,
bhandara,2025-05-29,0.26,CHIRPS,0.2100,SMAP_L4,,,,,
bhandara,2025-05-30,1.30,CHIRPS,0.1922,SMAP_L4,,,,,
bhandara,2025-05-31,0.00,CHIRPS,0.1829,SMAP_L4,28.15,MODIS_MOD11A1,,,
bhandara,2025-06-01,0.00,CHIRPS,0.1440,SMAP_L4,,,,,
bhandara,2025-06-02,0.00,CHIRPS,0.1300,SMAP_L4,38.64,MODIS_MOD11A1,,,
bhandara,2025-06-03,0.00,CHIRPS,0.1017,SMAP_L4,35.01,MODIS_MOD11A1,,,
bhandara,2025-06-04,0.00,CHIRPS,0.1259,SMAP_L4,,,,,
bhandara,2025-06-05,0.00,CHIRPS,0.1505,SMAP_L4,37.50,MODIS_MOD11A1,,,
bhandara,2025-06-06,0.00,CHIRPS,0.1040,SMAP_L4,35.39,MODIS_MOD11A1,,,
bhandara,2025-06-07,0.00,CHIRPS,0.0867,SMAP_L4,,,,,
bhandara,2025-06-08,0.00,CHIRPS,0.0668,SMAP_L4,,,,,
bhandara,2025-06-09,10.68,CHIRPS,0.0841,SMAP_L4,40.58,MODIS_MOD11A1,,,
bhandara,2025-06-10,17.95,CHIRPS,0.1800,SMAP_L4,,,,,
bhandara,2025-06-11,0.02,CHIRPS,0.2039,SMAP_L4,,,,,
bhandara,2025-06-12,0.95,CHIRPS,0.1453,SMAP_L4,,,,,
bhandara,2025-06-13,0.08,CHIRPS,0.1188,SMAP_L4,,,,,
bhandara,2025-06-14,12.46,CHIRPS,0.1151,SMAP_L4,36.75,MODIS_MOD11A1,,,
bhandara,2025-06-15,5.69,CHIRPS,0.1155,SMAP_L4,,,,,
bhandara,2025-06-16,0.00,CHIRPS,0.0859,SMAP_L4,,,,,
bhandara,2025-06-17,0.32,CHIRPS,0.0939,SMAP_L4,,,,,
bhandara,2025-06-18,0.00,CHIRPS,0.0810,SMAP_L4,,,,,
bhandara,2025-06-19,0.11,CHIRPS,0.0751,SMAP_L4,,,,,
bhandara,2025-06-20,0.00,CHIRPS,0.1156,SMAP_L4,,,,,
bhandara,2025-06-21,0.00,CHIRPS,0.1206,SMAP_L4,,,,,
bhandara,2025-06-22,0.00,CHIRPS,0.0829,SMAP_L4,,,,,
bhandara,2025-06-23,2.08,CHIRPS,0.1179,SMAP_L4,,,,,
bhandara,2025-06-24,5.32,CHIRPS,0.1671,SMAP_L4,,,,,
bhandara,2025-06-25,15.47,CHIRPS,0.1853,SMAP_L4,,,,,
bhandara,2025-06-26,7.33,CHIRPS,0.2058,SMAP_L4,,,,,
bhandara,2025-06-27,18.47,CHIRPS,0.2094,SMAP_L4,,,,,
bhandara,2025-06-28,13.51,CHIRPS,0.2379,SMAP_L4,,,,,
bhandara,2025-06-29,0.00,CHIRPS,0.2155,SMAP_L4,,,,,
bhandara,2025-06-30,0.29,CHIRPS,0.2418,SMAP_L4,,,,,
bhandara,2025-07-01,9.46,CHIRPS,0.2485,SMAP_L4,,,,,
bhandara,2025-07-02,4.72,CHIRPS,0.2427,SMAP_L4,,,,,
bhandara,2025-07-03,13.50,CHIRPS,0.2566,SMAP_L4,,,,,
bhandara,2025-07-04,11.75,CHIRPS,0.2571,SMAP_L4,,,,,
bhandara,2025-07-05,12.11,CHIRPS,0.2448,SMAP_L4,,,,,
bhandara,2025-07-06,25.49,CHIRPS,0.2660,SMAP_L4,,,,,
bhandara,2025-07-07,54.40,CHIRPS,0.3875,SMAP_L4,,,,,
bhandara,2025-07-08,34.64,CHIRPS,0.3800,SMAP_L4,,,,,
bhandara,2025-07-09,44.85,CHIRPS,0.3725,SMAP_L4,,,,,
bhandara,2025-07-10,0.43,CHIRPS,0.3677,SMAP_L4,,,,,
bhandara,2025-07-11,0.00,CHIRPS,0.3430,SMAP_L4,,,,,
bhandara,2025-07-12,3.66,CHIRPS,0.3405,SMAP_L4,,,,,
bhandara,2025-07-13,2.81,CHIRPS,0.3372,SMAP_L4,,,,,
bhandara,2025-07-14,7.91,CHIRPS,0.3453,SMAP_L4,,,,,
bhandara,2025-07-15,36.18,CHIRPS,0.3740,SMAP_L4,,,,,
bhandara,2025-07-16,10.32,CHIRPS,0.3849,SMAP_L4,,,,,
bhandara,2025-07-17,15.29,CHIRPS,0.3826,SMAP_L4,,,,,
bhandara,2025-07-18,2.65,CHIRPS,0.3909,SMAP_L4,,,,,
bhandara,2025-07-19,0.00,CHIRPS,0.3746,SMAP_L4,,,,,
bhandara,2025-07-20,6.08,CHIRPS,0.3780,SMAP_L4,,,,,
bhandara,2025-07-21,4.88,CHIRPS,0.3743,SMAP_L4,,,,,
bhandara,2025-07-22,12.91,CHIRPS,0.3854,SMAP_L4,,,,,
bhandara,2025-07-23,26.15,CHIRPS,0.4176,SMAP_L4,,,,,
bhandara,2025-07-24,31.79,CHIRPS,0.4380,SMAP_L4,,,,,
bhandara,2025-07-25,26.20,CHIRPS,0.4451,SMAP_L4,,,,,
bhandara,2025-07-26,49.45,CHIRPS,0.4527,SMAP_L4,,,,,
bhandara,2025-07-27,0.00,CHIRPS,0.4358,SMAP_L4,,,,,
bhandara,2025-07-28,5.74,CHIRPS,0.4383,SMAP_L4,,,,,
bhandara,2025-07-29,3.89,CHIRPS,0.4461,SMAP_L4,,,,,
bhandara,2025-07-30,0.00,CHIRPS,0.4483,SMAP_L4,,,,,
bhandara,2025-07-31,0.00,CHIRPS,0.4298,SMAP_L4,,,,,
bhandara,2025-08-01,0.00,CHIRPS,0.4238,SMAP_L4,,,,,
bhandara,2025-08-02,0.00,CHIRPS,0.4176,SMAP_L4,,,,,
bhandara,2025-08-03,0.00,CHIRPS,0.4199,SMAP_L4,,,,,
bhandara,2025-08-04,0.09,CHIRPS,0.4113,SMAP_L4,,,,,
bhandara,2025-08-05,0.00,CHIRPS,0.4038,SMAP_L4,,,,,
bhandara,2025-08-06,5.64,CHIRPS,0.4023,SMAP_L4,,,,,
bhandara,2025-08-07,24.00,CHIRPS,0.4335,SMAP_L4,,,,,
bhandara,2025-08-08,5.94,CHIRPS,0.4404,SMAP_L4,,,,,
bhandara,2025-08-09,1.13,CHIRPS,0.4320,SMAP_L4,,,,,
bhandara,2025-08-10,1.25,CHIRPS,0.4156,SMAP_L4,,,,,
bhandara,2025-08-11,0.54,CHIRPS,0.4109,SMAP_L4,,,,,
bhandara,2025-08-12,4.16,CHIRPS,0.4150,SMAP_L4,,,,,
bhandara,2025-08-13,28.17,CHIRPS,0.4467,SMAP_L4,,,,,
bhandara,2025-08-14,9.95,CHIRPS,0.4406,SMAP_L4,,,,,
bhandara,2025-08-15,30.94,CHIRPS,0.4490,SMAP_L4,,,,,
bhandara,2025-08-16,24.07,CHIRPS,0.4435,SMAP_L4,,,,,
bhandara,2025-08-17,26.25,CHIRPS,0.4405,SMAP_L4,,,,,
bhandara,2025-08-18,3.58,CHIRPS,0.4442,SMAP_L4,27.35,MODIS_MOD11A1,,,
bhandara,2025-08-19,39.20,CHIRPS,0.4630,SMAP_L4,,,,,
bhandara,2025-08-20,38.16,CHIRPS,0.4620,SMAP_L4,,,,,
bhandara,2025-08-21,22.00,CHIRPS,0.4605,SMAP_L4,,,,,
bhandara,2025-08-22,13.40,CHIRPS,0.4608,SMAP_L4,,,,,
bhandara,2025-08-23,0.00,CHIRPS,0.4575,SMAP_L4,,,,,
bhandara,2025-08-24,0.00,CHIRPS,0.4483,SMAP_L4,,,,,
bhandara,2025-08-25,0.00,CHIRPS,0.4436,SMAP_L4,,,,,
bhandara,2025-08-26,26.01,CHIRPS,0.4500,SMAP_L4,,,,,
bhandara,2025-08-27,0.00,CHIRPS,0.4536,SMAP_L4,,,,,
bhandara,2025-08-28,24.04,CHIRPS,0.4580,SMAP_L4,,,,,
bhandara,2025-08-29,0.00,CHIRPS,0.4543,SMAP_L4,,,,,
bhandara,2025-08-30,0.00,CHIRPS,0.4452,SMAP_L4,,,,,
bhandara,2025-08-31,27.97,CHIRPS,0.4493,SMAP_L4,,,,,
bhandara,2025-09-01,25.57,CHIRPS,0.4641,SMAP_L4,,,,,
bhandara,2025-09-02,14.75,CHIRPS,0.4666,SMAP_L4,,,,,
bhandara,2025-09-03,4.13,CHIRPS,0.4622,SMAP_L4,,,,,
bhandara,2025-09-04,1.51,CHIRPS,0.4537,SMAP_L4,,,,,
bhandara,2025-09-05,0.00,CHIRPS,0.4449,SMAP_L4,24.42,MODIS_MOD11A1,,,
bhandara,2025-09-06,0.00,CHIRPS,0.4379,SMAP_L4,,,,,
bhandara,2025-09-07,0.00,CHIRPS,0.4467,SMAP_L4,,,,,
bhandara,2025-09-08,11.58,CHIRPS,0.4546,SMAP_L4,,,,,
bhandara,2025-09-09,2.65,CHIRPS,0.4464,SMAP_L4,,,,,
bhandara,2025-09-10,7.48,CHIRPS,0.4432,SMAP_L4,,,,,
bhandara,2025-09-11,21.78,CHIRPS,0.4503,SMAP_L4,,,,,
bhandara,2025-09-12,17.37,CHIRPS,0.4625,SMAP_L4,,,,,
bhandara,2025-09-13,2.40,CHIRPS,0.4496,SMAP_L4,,,,,
bhandara,2025-09-14,20.03,CHIRPS,0.4482,SMAP_L4,,,,,
bhandara,2025-09-15,23.65,CHIRPS,0.4660,SMAP_L4,,,,,
bhandara,2025-09-16,14.45,CHIRPS,0.4699,SMAP_L4,,,,,
bhandara,2025-09-17,0.00,CHIRPS,0.4602,SMAP_L4,,,,,
bhandara,2025-09-18,2.08,CHIRPS,0.4508,SMAP_L4,,,,,
bhandara,2025-09-19,0.00,CHIRPS,0.4386,SMAP_L4,27.10,MODIS_MOD11A1,,,
bhandara,2025-09-20,21.53,CHIRPS,0.4397,SMAP_L4,,,,,
bhandara,2025-09-21,2.76,CHIRPS,0.4384,SMAP_L4,,,,,
bhandara,2025-09-22,0.00,CHIRPS,0.4269,SMAP_L4,26.75,MODIS_MOD11A1,,,
bhandara,2025-09-23,0.00,CHIRPS,0.4142,SMAP_L4,,,,,
bhandara,2025-09-24,5.74,CHIRPS,0.4269,SMAP_L4,,,,,
bhandara,2025-09-25,19.61,CHIRPS,0.4478,SMAP_L4,,,,,
bhandara,2025-09-26,33.80,CHIRPS,0.4626,SMAP_L4,25.30,MODIS_MOD11A1,,,
bhandara,2025-09-27,47.89,CHIRPS,0.4754,SMAP_L4,,,,,
bhandara,2025-09-28,2.99,CHIRPS,0.4564,SMAP_L4,,,,,
bhandara,2025-09-29,0.00,CHIRPS,0.4469,SMAP_L4,,,,,
bhandara,2025-09-30,0.00,CHIRPS,0.4402,SMAP_L4,,,,,
bhandara,2025-10-01,0.00,CHIRPS,0.4342,SMAP_L4,26.32,MODIS_MOD11A1,,,
bhandara,2025-10-02,48.12,CHIRPS,0.4420,SMAP_L4,,,,,
bhandara,2025-10-03,8.29,CHIRPS,0.4543,SMAP_L4,,,,,
bhandara,2025-10-04,0.01,CHIRPS,0.4428,SMAP_L4,,,,,
bhandara,2025-10-05,26.66,CHIRPS,0.4482,SMAP_L4,,,,,
bhandara,2025-10-06,2.36,CHIRPS,0.4534,SMAP_L4,,,,,
bhandara,2025-10-07,1.22,CHIRPS,0.4369,SMAP_L4,26.83,MODIS_MOD11A1,,,
bhandara,2025-10-08,0.88,CHIRPS,0.4203,SMAP_L4,,,,,
bhandara,2025-10-09,0.35,CHIRPS,0.4063,SMAP_L4,27.51,MODIS_MOD11A1,,,
bhandara,2025-10-10,0.29,CHIRPS,0.4086,SMAP_L4,,,,,
bhandara,2025-10-11,0.00,CHIRPS,0.4127,SMAP_L4,,,,,
bhandara,2025-10-12,0.00,CHIRPS,0.4039,SMAP_L4,26.62,MODIS_MOD11A1,,,
bhandara,2025-10-13,0.00,CHIRPS,0.3961,SMAP_L4,,,,,
bhandara,2025-10-14,0.00,CHIRPS,0.3856,SMAP_L4,27.50,MODIS_MOD11A1,,,
bhandara,2025-10-15,0.00,CHIRPS,0.3820,SMAP_L4,27.09,MODIS_MOD11A1,,,
bhandara,2025-10-16,0.00,CHIRPS,0.3749,SMAP_L4,,,,,
bhandara,2025-10-17,0.00,CHIRPS,0.3673,SMAP_L4,28.27,MODIS_MOD11A1,,,
bhandara,2025-10-18,0.00,CHIRPS,0.3693,SMAP_L4,,,,,
bhandara,2025-10-19,0.00,CHIRPS,0.3666,SMAP_L4,26.19,MODIS_MOD11A1,,,
bhandara,2025-10-20,0.00,CHIRPS,0.3567,SMAP_L4,27.04,MODIS_MOD11A1,,,
bhandara,2025-10-21,0.00,CHIRPS,0.3594,SMAP_L4,,,,,
bhandara,2025-10-22,0.00,CHIRPS,0.3541,SMAP_L4,28.55,MODIS_MOD11A1,,,
bhandara,2025-10-23,0.00,CHIRPS,0.3444,SMAP_L4,,,,,
bhandara,2025-10-24,0.00,CHIRPS,0.3513,SMAP_L4,27.84,MODIS_MOD11A1,,,
bhandara,2025-10-25,0.00,CHIRPS,0.3929,SMAP_L4,,,,,
bhandara,2025-10-26,0.00,CHIRPS,0.3907,SMAP_L4,,,,,
bhandara,2025-10-27,0.00,CHIRPS,0.3704,SMAP_L4,,,,,
bhandara,2025-10-28,0.00,CHIRPS,0.3717,SMAP_L4,,,,,
bhandara,2025-10-29,33.91,CHIRPS,0.3784,SMAP_L4,,,,,
bhandara,2025-10-30,0.00,CHIRPS,0.4038,SMAP_L4,,,,,
bhandara,2025-10-31,0.00,CHIRPS,0.3767,SMAP_L4,,,,,
bhandara,2025-11-01,0.55,CHIRPS,0.3716,SMAP_L4,27.59,MODIS_MOD11A1,,,
bhandara,2025-11-02,4.74,CHIRPS,0.3672,SMAP_L4,,,,,
bhandara,2025-11-03,0.00,CHIRPS,0.3618,SMAP_L4,26.53,MODIS_MOD11A1,,,
bhandara,2025-11-04,0.00,CHIRPS,0.3565,SMAP_L4,24.34,MODIS_MOD11A1,,,
bhandara,2025-11-05,0.00,CHIRPS,0.3562,SMAP_L4,25.23,MODIS_MOD11A1,,,
bhandara,2025-11-06,0.58,CHIRPS,0.3466,SMAP_L4,27.18,MODIS_MOD11A1,,,
bhandara,2025-11-07,0.00,CHIRPS,0.3432,SMAP_L4,,,,,
bhandara,2025-11-08,0.00,CHIRPS,0.3382,SMAP_L4,24.32,MODIS_MOD11A1,,,
bhandara,2025-11-09,0.00,CHIRPS,0.3346,SMAP_L4,24.54,MODIS_MOD11A1,,,
bhandara,2025-11-10,0.00,CHIRPS,0.3332,SMAP_L4,22.42,MODIS_MOD11A1,,,
bhandara,2025-11-11,0.00,CHIRPS,0.3319,SMAP_L4,23.48,MODIS_MOD11A1,,,
bhandara,2025-11-12,0.00,CHIRPS,0.3302,SMAP_L4,,,,,
bhandara,2025-11-13,0.00,CHIRPS,0.3224,SMAP_L4,22.43,MODIS_MOD11A1,,,
bhandara,2025-11-14,0.00,CHIRPS,0.3219,SMAP_L4,24.01,MODIS_MOD11A1,,,
bhandara,2025-11-15,0.00,CHIRPS,0.3219,SMAP_L4,21.63,MODIS_MOD11A1,,,
bhandara,2025-11-16,0.00,CHIRPS,0.3103,SMAP_L4,22.73,MODIS_MOD11A1,,,
bhandara,2025-11-17,0.00,CHIRPS,0.3118,SMAP_L4,,,,,
bhandara,2025-11-18,0.00,CHIRPS,0.3120,SMAP_L4,21.56,MODIS_MOD11A1,,,
bhandara,2025-11-19,0.00,CHIRPS,0.3125,SMAP_L4,23.03,MODIS_MOD11A1,,,
bhandara,2025-11-20,0.00,CHIRPS,0.3122,SMAP_L4,21.08,MODIS_MOD11A1,,,
bhandara,2025-11-21,0.00,CHIRPS,0.3090,SMAP_L4,24.23,MODIS_MOD11A1,,,
bhandara,2025-11-22,0.00,CHIRPS,0.3036,SMAP_L4,,,,,
bhandara,2025-11-23,1.22,CHIRPS,0.3040,SMAP_L4,23.70,MODIS_MOD11A1,,,
bhandara,2025-11-24,0.00,CHIRPS,0.3013,SMAP_L4,,,,,
bhandara,2025-11-25,1.41,CHIRPS,0.2972,SMAP_L4,23.17,MODIS_MOD11A1,,,
bhandara,2025-11-26,0.57,CHIRPS,0.2946,SMAP_L4,,,,,
bhandara,2025-11-27,1.26,CHIRPS,0.2907,SMAP_L4,,,,,
bhandara,2025-11-28,0.00,CHIRPS,0.2896,SMAP_L4,21.88,MODIS_MOD11A1,,,
bhandara,2025-11-29,1.05,CHIRPS,0.2934,SMAP_L4,22.04,MODIS_MOD11A1,,,
bhandara,2025-11-30,0.00,CHIRPS,0.2889,SMAP_L4,,,,,
bhandara,2025-12-01,0.00,CHIRPS,0.2893,SMAP_L4,23.44,MODIS_MOD11A1,,,
bhandara,2025-12-02,0.00,CHIRPS,0.2852,SMAP_L4,,,,,
bhandara,2025-12-03,0.00,CHIRPS,0.2808,SMAP_L4,21.74,MODIS_MOD11A1,,,
bhandara,2025-12-04,0.00,CHIRPS,0.2704,SMAP_L4,24.19,MODIS_MOD11A1,,,
bhandara,2025-12-05,0.00,CHIRPS,0.2711,SMAP_L4,21.06,MODIS_MOD11A1,,,
bhandara,2025-12-06,0.00,CHIRPS,0.2697,SMAP_L4,17.52,MODIS_MOD11A1,,,
bhandara,2025-12-07,0.00,CHIRPS,0.2718,SMAP_L4,,,,,
bhandara,2025-12-08,0.00,CHIRPS,0.2641,SMAP_L4,21.85,MODIS_MOD11A1,,,
bhandara,2025-12-09,0.00,CHIRPS,0.2613,SMAP_L4,,,,,
bhandara,2025-12-10,0.00,CHIRPS,0.2502,SMAP_L4,21.39,MODIS_MOD11A1,,,
bhandara,2025-12-11,0.00,CHIRPS,0.2526,SMAP_L4,22.66,MODIS_MOD11A1,,,
bhandara,2025-12-12,0.52,CHIRPS,0.2460,SMAP_L4,,,,,
bhandara,2025-12-13,0.00,CHIRPS,0.2513,SMAP_L4,21.56,MODIS_MOD11A1,,,
bhandara,2025-12-14,0.00,CHIRPS,0.2539,SMAP_L4,23.15,MODIS_MOD11A1,,,
bhandara,2025-12-15,0.00,CHIRPS,0.2521,SMAP_L4,19.14,MODIS_MOD11A1,,,
bhandara,2025-12-16,0.00,CHIRPS,0.2513,SMAP_L4,21.37,MODIS_MOD11A1,,,
bhandara,2025-12-17,0.00,CHIRPS,0.2478,SMAP_L4,,,,,
bhandara,2025-12-18,2.35,CHIRPS,0.2389,SMAP_L4,21.73,MODIS_MOD11A1,,,
bhandara,2025-12-19,0.00,CHIRPS,0.2390,SMAP_L4,23.40,MODIS_MOD11A1,,,
bhandara,2025-12-20,0.00,CHIRPS,0.2353,SMAP_L4,19.37,MODIS_MOD11A1,,,
bhandara,2025-12-21,0.00,CHIRPS,0.2396,SMAP_L4,16.45,MODIS_MOD11A1,,,
bhandara,2025-12-22,2.00,CHIRPS,0.2408,SMAP_L4,,,,,
bhandara,2025-12-23,0.00,CHIRPS,0.2380,SMAP_L4,20.87,MODIS_MOD11A1,,,
bhandara,2025-12-24,0.48,CHIRPS,0.2335,SMAP_L4,24.21,MODIS_MOD11A1,,,
bhandara,2025-12-25,0.00,CHIRPS,0.2344,SMAP_L4,21.01,MODIS_MOD11A1,,,
bhandara,2025-12-26,0.00,CHIRPS,0.2217,SMAP_L4,21.83,MODIS_MOD11A1,,,
bhandara,2025-12-27,0.00,CHIRPS,0.2230,SMAP_L4,,,,,
bhandara,2025-12-28,0.00,CHIRPS,0.2221,SMAP_L4,20.09,MODIS_MOD11A1,,,
bhandara,2025-12-29,0.00,CHIRPS,0.2266,SMAP_L4,,,,,
bhandara,2025-12-30,0.00,CHIRPS,0.2281,SMAP_L4,18.92,MODIS_MOD11A1,,,
bhandara,2025-12-31,0.00,CHIRPS,0.2298,SMAP_L4,,,,,
bhandara,2026-01-01,0.00,CHIRPS,0.2296,SMAP_L4,,,,,
bhandara,2026-01-02,0.00,CHIRPS,0.2270,SMAP_L4,20.93,MODIS_MOD11A1,,,
bhandara,2026-01-03,1.60,CHIRPS,0.2141,SMAP_L4,,,,,
bhandara,2026-01-04,0.00,CHIRPS,0.2215,SMAP_L4,,,,,
bhandara,2026-01-05,0.00,CHIRPS,0.2231,SMAP_L4,20.86,MODIS_MOD11A1,,,
bhandara,2026-01-06,0.00,CHIRPS,0.2197,SMAP_L4,,,,,
bhandara,2026-01-07,0.00,CHIRPS,0.2188,SMAP_L4,19.92,MODIS_MOD11A1,,,
bhandara,2026-01-08,0.00,CHIRPS,0.2172,SMAP_L4,21.73,MODIS_MOD11A1,,,
bhandara,2026-01-09,0.00,CHIRPS,0.2102,SMAP_L4,19.36,MODIS_MOD11A1,,,
bhandara,2026-01-10,0.00,CHIRPS,0.2069,SMAP_L4,21.53,MODIS_MOD11A1,,,
bhandara,2026-01-11,0.00,CHIRPS,0.1918,SMAP_L4,,,,,
bhandara,2026-01-12,0.00,CHIRPS,0.1966,SMAP_L4,20.71,MODIS_MOD11A1,,,
bhandara,2026-01-13,0.00,CHIRPS,0.2000,SMAP_L4,22.33,MODIS_MOD11A1,,,
bhandara,2026-01-14,0.00,CHIRPS,0.2046,SMAP_L4,19.98,MODIS_MOD11A1,,,
bhandara,2026-01-15,0.00,CHIRPS,0.2051,SMAP_L4,22.74,MODIS_MOD11A1,,,
bhandara,2026-01-16,0.00,CHIRPS,0.2002,SMAP_L4,,,,,
bhandara,2026-01-17,0.00,CHIRPS,0.1986,SMAP_L4,21.05,MODIS_MOD11A1,,,
bhandara,2026-01-18,1.09,CHIRPS,0.1964,SMAP_L4,24.24,MODIS_MOD11A1,,,
bhandara,2026-01-19,0.00,CHIRPS,0.1849,SMAP_L4,,,,,
bhandara,2026-01-20,0.00,CHIRPS,0.1910,SMAP_L4,23.23,MODIS_MOD11A1,,,
bhandara,2026-01-21,0.00,CHIRPS,0.1881,SMAP_L4,,,,,
bhandara,2026-01-22,0.00,CHIRPS,0.1911,SMAP_L4,21.80,MODIS_MOD11A1,,,
bhandara,2026-01-23,0.00,CHIRPS,0.1943,SMAP_L4,23.22,MODIS_MOD11A1,,,
bhandara,2026-01-24,0.00,CHIRPS,0.1957,SMAP_L4,20.71,MODIS_MOD11A1,,,
bhandara,2026-01-25,2.92,CHIRPS,0.1964,SMAP_L4,22.22,MODIS_MOD11A1,,,
bhandara,2026-01-26,0.00,CHIRPS,0.2000,SMAP_L4,,,,,
bhandara,2026-01-27,0.17,CHIRPS,0.1852,SMAP_L4,21.91,MODIS_MOD11A1,,,
bhandara,2026-01-28,0.00,CHIRPS,0.1888,SMAP_L4,,,,,
bhandara,2026-01-29,3.80,CHIRPS,0.1914,SMAP_L4,,,,,
bhandara,2026-01-30,0.00,CHIRPS,0.1961,SMAP_L4,21.28,MODIS_MOD11A1,,,
bhandara,2026-01-31,0.00,CHIRPS,0.1945,SMAP_L4,,,,,
bhandara,2026-02-01,0.00,CHIRPS,0.1934,SMAP_L4,,,,,
bhandara,2026-02-02,0.00,CHIRPS,0.1901,SMAP_L4,21.54,MODIS_MOD11A1,,,
bhandara,2026-02-03,0.00,CHIRPS,0.1995,SMAP_L4,22.22,MODIS_MOD11A1,,,
bhandara,2026-02-04,0.00,CHIRPS,0.1935,SMAP_L4,23.92,MODIS_MOD11A1,,,
bhandara,2026-02-05,0.00,CHIRPS,0.1932,SMAP_L4,,,,,
bhandara,2026-02-06,0.00,CHIRPS,0.1928,SMAP_L4,23.17,MODIS_MOD11A1,,,
bhandara,2026-02-07,0.00,CHIRPS,0.1898,SMAP_L4,24.25,MODIS_MOD11A1,,,
bhandara,2026-02-08,0.00,CHIRPS,0.1859,SMAP_L4,21.74,MODIS_MOD11A1,,,
bhandara,2026-02-09,0.00,CHIRPS,0.1884,SMAP_L4,24.31,MODIS_MOD11A1,,,
bhandara,2026-02-10,0.00,CHIRPS,0.1884,SMAP_L4,21.42,MODIS_MOD11A1,,,
bhandara,2026-02-11,0.00,CHIRPS,0.1934,SMAP_L4,24.23,MODIS_MOD11A1,,,
bhandara,2026-02-12,0.00,CHIRPS,0.1889,SMAP_L4,25.20,MODIS_MOD11A1,,,
bhandara,2026-02-13,0.00,CHIRPS,0.1880,SMAP_L4,22.57,MODIS_MOD11A1,,,
bhandara,2026-02-14,0.00,CHIRPS,0.1898,SMAP_L4,25.55,MODIS_MOD11A1,,,
bhandara,2026-02-15,0.00,CHIRPS,0.1884,SMAP_L4,,,,,
bhandara,2026-02-16,0.00,CHIRPS,0.1827,SMAP_L4,24.85,MODIS_MOD11A1,,,
bhandara,2026-02-17,0.00,CHIRPS,0.1844,SMAP_L4,26.36,MODIS_MOD11A1,,,
bhandara,2026-02-18,0.00,CHIRPS,0.1880,SMAP_L4,23.11,MODIS_MOD11A1,,,
bhandara,2026-02-19,0.00,CHIRPS,0.1923,SMAP_L4,25.13,MODIS_MOD11A1,,,
bhandara,2026-02-20,0.00,CHIRPS,0.1864,SMAP_L4,,,,,
bhandara,2026-02-21,0.00,CHIRPS,0.1828,SMAP_L4,24.40,MODIS_MOD11A1,,,
bhandara,2026-02-22,0.00,CHIRPS,0.1914,SMAP_L4,,,,,
bhandara,2026-02-23,5.38,CHIRPS,0.2204,SMAP_L4,,,,,
bhandara,2026-02-24,5.05,CHIRPS,0.2024,SMAP_L4,22.74,MODIS_MOD11A1,,,
bhandara,2026-02-25,0.00,CHIRPS,0.2013,SMAP_L4,,,,,
bhandara,2026-02-26,0.00,CHIRPS,0.1895,SMAP_L4,25.88,MODIS_MOD11A1,,,
bhandara,2026-02-27,0.00,CHIRPS,0.1919,SMAP_L4,,,,,
bhandara,2026-02-28,0.00,CHIRPS,0.1884,SMAP_L4,25.45,MODIS_MOD11A1,,,
bhandara,2026-03-01,0.00,CHIRPS,0.1818,SMAP_L4,29.06,MODIS_MOD11A1,,,
bhandara,2026-03-02,0.00,CHIRPS,0.1834,SMAP_L4,25.39,MODIS_MOD11A1,,,
bhandara,2026-03-03,0.00,CHIRPS,0.1725,SMAP_L4,28.94,MODIS_MOD11A1,,,
bhandara,2026-03-04,1.36,CHIRPS,0.1652,SMAP_L4,31.52,MODIS_MOD11A1,,,
bhandara,2026-03-05,0.00,CHIRPS,0.1726,SMAP_L4,29.08,MODIS_MOD11A1,,,
bhandara,2026-03-06,0.00,CHIRPS,0.1666,SMAP_L4,31.79,MODIS_MOD11A1,,,
bhandara,2026-03-07,0.00,CHIRPS,0.1724,SMAP_L4,27.51,MODIS_MOD11A1,,,
bhandara,2026-03-08,0.00,CHIRPS,0.1688,SMAP_L4,31.28,MODIS_MOD11A1,,,
bhandara,2026-03-09,0.00,CHIRPS,0.1647,SMAP_L4,33.08,MODIS_MOD11A1,,,
bhandara,2026-03-10,0.00,CHIRPS,0.1707,SMAP_L4,29.46,MODIS_MOD11A1,,,
bhandara,2026-03-11,0.00,CHIRPS,0.1662,SMAP_L4,32.07,MODIS_MOD11A1,,,
bhandara,2026-03-12,0.54,CHIRPS,0.1601,SMAP_L4,27.58,MODIS_MOD11A1,,,
bhandara,2026-03-13,0.00,CHIRPS,0.1643,SMAP_L4,31.72,MODIS_MOD11A1,,,
bhandara,2026-03-14,0.00,CHIRPS,0.1581,SMAP_L4,30.27,MODIS_MOD11A1,,,
bhandara,2026-03-15,0.00,CHIRPS,0.1712,SMAP_L4,28.38,MODIS_MOD11A1,,,
bhandara,2026-03-16,0.00,CHIRPS,0.1645,SMAP_L4,28.73,MODIS_MOD11A1,,,
bhandara,2026-03-17,6.59,CHIRPS,0.1629,SMAP_L4,25.18,MODIS_MOD11A1,,,
bhandara,2026-03-18,13.20,CHIRPS,0.1935,SMAP_L4,,,,,
bhandara,2026-03-19,0.01,CHIRPS,0.1956,SMAP_L4,,,,,
bhandara,2026-03-20,0.94,CHIRPS,0.1925,SMAP_L4,,,,,
bhandara,2026-03-21,0.00,CHIRPS,0.1791,SMAP_L4,30.26,MODIS_MOD11A1,,,
bhandara,2026-03-22,0.00,CHIRPS,0.1647,SMAP_L4,27.39,MODIS_MOD11A1,,,
bhandara,2026-03-23,0.00,CHIRPS,0.1659,SMAP_L4,32.06,MODIS_MOD11A1,,,
bhandara,2026-03-24,0.00,CHIRPS,0.1579,SMAP_L4,31.63,MODIS_MOD11A1,,,
bhandara,2026-03-25,0.00,CHIRPS,0.1514,SMAP_L4,31.57,MODIS_MOD11A1,,,
bhandara,2026-03-26,0.00,CHIRPS,0.1466,SMAP_L4,34.19,MODIS_MOD11A1,,,
bhandara,2026-03-27,0.00,CHIRPS,0.1446,SMAP_L4,,,,,
bhandara,2026-03-28,1.03,CHIRPS,0.1412,SMAP_L4,34.94,MODIS_MOD11A1,,,
bhandara,2026-03-29,0.00,CHIRPS,0.1553,SMAP_L4,35.25,MODIS_MOD11A1,,,
bhandara,2026-03-30,0.00,CHIRPS,0.1736,SMAP_L4,33.58,MODIS_MOD11A1,,,
bhandara,2026-03-31,0.00,CHIRPS,0.1949,SMAP_L4,,,,,
bhandara,2026-04-01,19.66,CHIRPS,0.1749,SMAP_L4,,,,,
bhandara,2026-04-02,0.00,CHIRPS,0.2071,SMAP_L4,,,,,
bhandara,2026-04-03,0.24,CHIRPS,0.1944,SMAP_L4,31.95,MODIS_MOD11A1,,,
bhandara,2026-04-04,0.00,CHIRPS,0.1983,SMAP_L4,,,,,
bhandara,2026-04-05,0.00,CHIRPS,0.1868,SMAP_L4,30.46,MODIS_MOD11A1,,,
bhandara,2026-04-06,0.00,CHIRPS,0.1753,SMAP_L4,,,,,
bhandara,2026-04-07,0.00,CHIRPS,0.1631,SMAP_L4,33.54,MODIS_MOD11A1,,,
bhandara,2026-04-08,0.00,CHIRPS,0.1618,SMAP_L4,32.68,MODIS_MOD11A1,,,
bhandara,2026-04-09,0.00,CHIRPS,0.1520,SMAP_L4,32.23,MODIS_MOD11A1,,,
bhandara,2026-04-10,0.00,CHIRPS,0.1437,SMAP_L4,34.83,MODIS_MOD11A1,,,
bhandara,2026-04-11,0.00,CHIRPS,0.1409,SMAP_L4,,,,,
bhandara,2026-04-12,0.00,CHIRPS,0.1357,SMAP_L4,35.95,MODIS_MOD11A1,,,
bhandara,2026-04-13,0.00,CHIRPS,0.1331,SMAP_L4,35.52,MODIS_MOD11A1,,,
bhandara,2026-04-14,0.00,CHIRPS,0.1385,SMAP_L4,33.87,MODIS_MOD11A1,,,
bhandara,2026-04-15,0.00,CHIRPS,0.1318,SMAP_L4,38.42,MODIS_MOD11A1,,,
bhandara,2026-04-16,0.00,CHIRPS,0.1325,SMAP_L4,,,,,
bhandara,2026-04-17,0.00,CHIRPS,0.1332,SMAP_L4,34.67,MODIS_MOD11A1,,,
bhandara,2026-04-18,0.01,CHIRPS,0.1377,SMAP_L4,,,,,
bhandara,2026-04-19,0.00,CHIRPS,0.1325,SMAP_L4,35.48,MODIS_MOD11A1,,,
bhandara,2026-04-20,0.00,CHIRPS,0.1334,SMAP_L4,32.69,MODIS_MOD11A1,,,
bhandara,2026-04-21,0.00,CHIRPS,0.1350,SMAP_L4,,,,,
bhandara,2026-04-22,0.00,CHIRPS,0.1257,SMAP_L4,36.14,MODIS_MOD11A1,,,
bhandara,2026-04-23,0.00,CHIRPS,0.1250,SMAP_L4,35.26,MODIS_MOD11A1,,,
bhandara,2026-04-24,0.00,CHIRPS,0.1299,SMAP_L4,36.46,MODIS_MOD11A1,,,
bhandara,2026-04-25,0.00,CHIRPS,0.1222,SMAP_L4,40.45,MODIS_MOD11A1,,,
bhandara,2026-04-26,0.00,CHIRPS,0.1212,SMAP_L4,,,,,
bhandara,2026-04-27,0.00,CHIRPS,0.1260,SMAP_L4,36.24,MODIS_MOD11A1,,,
bhandara,2026-04-28,0.00,CHIRPS,0.1251,SMAP_L4,36.87,MODIS_MOD11A1,,,
bhandara,2026-04-29,0.00,CHIRPS,0.1232,SMAP_L4,,,,,
bhandara,2026-04-30,0.00,CHIRPS,0.1249,SMAP_L4,39.53,MODIS_MOD11A1,,,
bhandara,2026-05-01,0.01,CHIRPS,0.1438,SMAP_L4,,,,,
bhandara,2026-05-02,0.25,CHIRPS,0.1510,SMAP_L4,37.50,MODIS_MOD11A1,,,
bhandara,2026-05-03,0.00,CHIRPS,0.1318,SMAP_L4,38.55,MODIS_MOD11A1,,,
bhandara,2026-05-04,0.00,CHIRPS,0.1246,SMAP_L4,33.59,MODIS_MOD11A1,,,
bhandara,2026-05-05,0.23,CHIRPS,0.1314,SMAP_L4,37.10,MODIS_MOD11A1,,,
bhandara,2026-05-06,0.00,CHIRPS,0.1868,SMAP_L4,,,,,
bhandara,2026-05-07,0.00,CHIRPS,0.1756,SMAP_L4,34.23,MODIS_MOD11A1,,,
bhandara,2026-05-08,0.00,CHIRPS,0.1669,SMAP_L4,35.60,MODIS_MOD11A1,,,
bhandara,2026-05-09,0.00,CHIRPS,0.1516,SMAP_L4,,,,,
bhandara,2026-05-10,0.00,CHIRPS,0.1409,SMAP_L4,37.37,MODIS_MOD11A1,,,
bhandara,2026-05-11,0.00,CHIRPS,0.1248,SMAP_L4,,,,,
bhandara,2026-05-12,0.00,CHIRPS,0.1253,SMAP_L4,37.82,MODIS_MOD11A1,,,
bhandara,2026-05-13,0.00,CHIRPS,0.1399,SMAP_L4,34.26,MODIS_MOD11A1,,,
bhandara,2026-05-14,0.00,CHIRPS,0.1436,SMAP_L4,31.58,MODIS_MOD11A1,,,
bhandara,2026-05-15,0.00,CHIRPS,0.1347,SMAP_L4,37.05,MODIS_MOD11A1,,,
bhandara,2026-05-16,2.77,CHIRPS,0.1296,SMAP_L4,,,,,
bhandara,2026-05-17,0.00,CHIRPS,0.1614,SMAP_L4,32.02,MODIS_MOD11A1,,,
bhandara,2026-05-18,0.00,CHIRPS,0.1438,SMAP_L4,38.74,MODIS_MOD11A1,,,
bhandara,2026-05-19,0.00,CHIRPS,0.1277,SMAP_L4,33.95,MODIS_MOD11A1,,,
bhandara,2026-05-20,0.00,CHIRPS,0.1187,SMAP_L4,36.23,MODIS_MOD11A1,,,
bhandara,2026-05-21,0.00,CHIRPS,0.1080,SMAP_L4,,,,,
bhandara,2026-05-22,0.00,CHIRPS,0.1018,SMAP_L4,37.90,MODIS_MOD11A1,,,
bhandara,2026-05-23,0.00,CHIRPS,0.0975,SMAP_L4,41.83,MODIS_MOD11A1,,,
bhandara,2026-05-24,0.00,CHIRPS,0.0914,SMAP_L4,35.48,MODIS_MOD11A1,,,
bhandara,2026-05-25,0.00,CHIRPS,0.0952,SMAP_L4,42.52,MODIS_MOD11A1,,,
bhandara,2026-05-26,0.01,CHIRPS,0.0986,SMAP_L4,,,,,
bhandara,2026-05-27,0.00,CHIRPS,0.1065,SMAP_L4,38.10,MODIS_MOD11A1,,,
bhandara,2026-05-28,0.00,CHIRPS,0.1042,SMAP_L4,36.60,MODIS_MOD11A1,,,
bhandara,2026-05-29,0.00,CHIRPS,0.1023,SMAP_L4,35.05,MODIS_MOD11A1,,,
bhandara,2026-05-30,20.72,CHIRPS,0.1252,SMAP_L4,38.78,MODIS_MOD11A1,,,
bhandara,2026-05-31,0.08,CHIRPS,0.1527,SMAP_L4,,,,,
bhandara,2026-06-01,1.73,CHIRPS,0.1526,SMAP_L4,38.78,MODIS_MOD11A1,,,
bhandara,2026-06-02,0.25,CHIRPS,0.1347,SMAP_L4,40.14,MODIS_MOD11A1,,,
bhandara,2026-06-03,0.59,CHIRPS,0.1079,SMAP_L4,37.43,MODIS_MOD11A1,,,
bhandara,2026-06-04,0.00,CHIRPS,0.1016,SMAP_L4,40.08,MODIS_MOD11A1,,,
bhandara,2026-06-05,0.01,CHIRPS,0.0940,SMAP_L4,,,,,
bhandara,2026-06-06,0.00,CHIRPS,0.0848,SMAP_L4,39.46,MODIS_MOD11A1,,,
bhandara,2026-06-07,0.00,CHIRPS,0.0850,SMAP_L4,41.35,MODIS_MOD11A1,,,
bhandara,2026-06-08,0.00,CHIRPS,0.0921,SMAP_L4,36.77,MODIS_MOD11A1,,,
bhandara,2026-06-09,0.00,CHIRPS,0.1370,SMAP_L4,35.70,MODIS_MOD11A1,,,
bhandara,2026-06-10,0.00,CHIRPS,0.1440,SMAP_L4,,,,,
bhandara,2026-06-11,0.00,CHIRPS,0.1384,SMAP_L4,34.81,MODIS_MOD11A1,,,
bhandara,2026-06-12,4.03,CHIRPS,0.1329,SMAP_L4,35.56,MODIS_MOD11A1,,,
bhandara,2026-06-13,1.99,CHIRPS,0.1836,SMAP_L4,,,,,
bhandara,2026-06-14,0.00,CHIRPS,0.1922,SMAP_L4,34.97,MODIS_MOD11A1,,,
bhandara,2026-06-15,0.00,CHIRPS,0.1677,SMAP_L4,,,,,
bhandara,2026-06-16,0.00,CHIRPS,0.1396,SMAP_L4,37.81,MODIS_MOD11A1,,,
bhandara,2026-06-17,0.00,CHIRPS,0.0931,SMAP_L4,39.34,MODIS_MOD11A1,,,
bhandara,2026-06-18,0.22,CHIRPS,0.1314,SMAP_L4,,,,,
bhandara,2026-06-19,4.12,CHIRPS,0.1538,SMAP_L4,37.65,MODIS_MOD11A1,,,
bhandara,2026-06-20,0.00,CHIRPS,0.1078,SMAP_L4,,,,,
bhandara,2026-06-21,0.00,CHIRPS,0.1053,SMAP_L4,39.75,MODIS_MOD11A1,,,
bhandara,2026-06-22,2.72,CHIRPS,0.1094,SMAP_L4,40.30,MODIS_MOD11A1,,,
bhandara,2026-06-23,17.42,CHIRPS,0.2270,SMAP_L4,,,,,
bhandara,2026-06-24,0.00,CHIRPS,0.2251,SMAP_L4,30.64,MODIS_MOD11A1,,,
bhandara,2026-06-25,0.74,CHIRPS,0.1877,SMAP_L4,,,,,
bhandara,2026-06-26,8.37,CHIRPS,0.1865,SMAP_L4,,,,,
bhandara,2026-06-27,11.52,CHIRPS,0.2036,SMAP_L4,,,,,
bhandara,2026-06-28,9.29,CHIRPS,0.2133,SMAP_L4,,,,,
bhandara,2026-06-29,24.93,CHIRPS,0.2294,SMAP_L4,,,,,
bhandara,2026-06-30,15.41,CHIRPS,0.2374,SMAP_L4,,,,,
bhandara,2026-07-01,18.70,CHIRPS,0.2671,SMAP_L4,,,,,
bhandara,2026-07-02,16.43,CHIRPS,0.2893,SMAP_L4,,,,,
bhandara,2026-07-03,33.05,CHIRPS,0.3243,SMAP_L4,,,,,
bhandara,2026-07-04,20.33,CHIRPS,0.3173,SMAP_L4,,,,,
bhandara,2026-07-05,38.13,CHIRPS,0.3297,SMAP_L4,,,,,
bhandara,2026-07-06,23.33,CHIRPS,0.3092,SMAP_L4,,,,,
bhandara,2026-07-07,3.98,CHIRPS,0.3136,SMAP_L4,,,,,
bhandara,2026-07-08,0.01,CHIRPS,0.2987,SMAP_L4,,,,,
bhandara,2026-07-09,5.52,CHIRPS,0.2954,SMAP_L4,,,,,
bhandara,2026-07-10,0.00,CHIRPS,0.2857,SMAP_L4,,,,,
bhandara,2026-07-11,0.00,CHIRPS,0.2570,SMAP_L4,,,,,
bhandara,2026-07-12,0.00,CHIRPS,0.2394,SMAP_L4,,,,,
bhandara,2026-07-13,0.00,CHIRPS,0.2125,SMAP_L4,,,,,
bhandara,2026-07-14,0.00,CHIRPS,0.2197,SMAP_L4,,,,,
bhandara,2026-07-15,0.00,CHIRPS,0.2194,SMAP_L4,,,,,
bhandara,2026-07-16,18.12,CHIRPS,0.2913,SMAP_L4,,,,,
bhandara,2026-07-17,31.34,CHIRPS,0.3456,SMAP_L4,,,,,
bhandara,2026-07-18,13.16,CHIRPS,0.3590,SMAP_L4,,,,,
bhandara,2026-07-19,14.37,CHIRPS,0.3502,SMAP_L4,,,,,
bhandara,2026-07-20,28.67,CHIRPS,0.3751,SMAP_L4,,,,,
bhandara,2026-07-21,55.43,CHIRPS,0.4066,SMAP_L4,,,,,
bhandara,2026-07-22,8.64,CHIRPS,0.4027,SMAP_L4,,,,,
bhandara,2026-07-23,0.00,CHIRPS,0.3959,SMAP_L4,,,,,
bhandara,2026-07-24,6.09,CHIRPS,0.3690,SMAP_L4,,,,,
bhandara,2026-07-25,0.00,CHIRPS,0.3627,SMAP_L4,,,,,
bhandara,2026-07-26,0.81,CHIRPS,0.3596,SMAP_L4,,,,,
bhandara,2026-07-27,47.73,CHIRPS,0.4007,SMAP_L4,,,,,
bhandara,2026-07-28,46.79,CHIRPS,0.4184,SMAP_L4,,,,,
bhandara,2026-07-29,51.96,CHIRPS,0.4428,SMAP_L4,,,,,
bhandara,2026-07-30,0.01,CHIRPS,0.4334,SMAP_L4,,,,,
bhandara,2026-07-31,0.00,CHIRPS,0.4273,SMAP_L4,,,,,
bhandara,2026-08-01,0.08,CHIRPS,0.4174,SMAP_L4,,,,,
bhandara,2026-08-02,0.00,CHIRPS,0.4193,SMAP_L4,,,,,
bhandara,2026-08-03,8.06,CHIRPS,0.4170,SMAP_L4,,,,,
bhandara,2026-08-04,16.19,CHIRPS,0.4345,SMAP_L4,,,,,
bhandara,2026-08-05,7.60,CHIRPS,0.4286,SMAP_L4,,,,,
bhandara,2026-08-06,4.20,CHIRPS,0.4244,SMAP_L4,,,,,
bhandara,2026-08-07,2.67,CHIRPS,0.4356,SMAP_L4,,,,,
bhandara,2026-08-08,13.20,CHIRPS,0.4499,SMAP_L4,,,,,
bhandara,2026-08-09,13.15,CHIRPS,0.4506,SMAP_L4,,,,,
bhandara,2026-08-10,0.00,CHIRPS,0.4470,SMAP_L4,,,,,
bhandara,2026-08-11,0.00,CHIRPS,0.4444,SMAP_L4,,,,,
bhandara,2026-08-12,0.00,CHIRPS,0.4395,SMAP_L4,,,,,
bhandara,2026-08-13,2.60,CHIRPS,0.4326,SMAP_L4,,,,,
bhandara,2026-08-14,9.74,CHIRPS,0.4469,SMAP_L4,,,,,
bhandara,2026-08-15,18.32,CHIRPS,0.4561,SMAP_L4,,,,,
bhandara,2026-08-16,23.88,CHIRPS,0.4545,SMAP_L4,,,,,
bhandara,2026-08-17,8.86,CHIRPS,0.4507,SMAP_L4,,,,,
bhandara,2026-08-18,1.47,CHIRPS,0.4479,SMAP_L4,,,,,
bhandara,2026-08-19,18.95,CHIRPS,0.4541,SMAP_L4,,,,,
bhandara,2026-08-20,2.51,CHIRPS,0.4394,SMAP_L4,,,,,
bhandara,2026-08-21,6.01,CHIRPS,0.4442,SMAP_L4,,,,,
bhandara,2026-08-22,5.46,CHIRPS,0.4559,SMAP_L4,,,,,
bhandara,2026-08-23,13.67,CHIRPS,0.4573,SMAP_L4,,,,,
bhandara,2026-08-24,8.02,CHIRPS,0.4625,SMAP_L4,,,,,
bhandara,2026-08-25,14.27,CHIRPS,0.4537,SMAP_L4,,,,,
bhandara,2026-08-26,0.65,CHIRPS,0.4491,SMAP_L4,,,,,
bhandara,2026-08-27,0.38,CHIRPS,0.4473,SMAP_L4,,,,,
bhandara,2026-08-28,0.43,CHIRPS,0.4461,SMAP_L4,,,,,
bhandara,2026-08-29,11.72,CHIRPS,0.4607,SMAP_L4,,,,,
bhandara,2026-08-30,1.04,CHIRPS,0.4585,SMAP_L4,,,,,
bhandara,2026-08-31,0.64,CHIRPS,0.4545,SMAP_L4,,,,,
bhandara,2026-09-01,2.41,IMERG,0.4486,SMAP_L4,,,,,
bhandara,2026-09-02,26.21,IMERG,0.4673,SMAP_L4,,,,,
bhandara,2026-09-03,14.42,IMERG,0.4671,SMAP_L4,,,,,
bhandara,2026-09-04,7.55,IMERG,0.4649,SMAP_L4,,,,,
bhandara,2026-09-05,16.06,IMERG,0.4686,SMAP_L4,,,,,
bhandara,2026-09-06,4.17,IMERG,0.4619,SMAP_L4,,,,,
bhandara,2026-09-07,0.42,IMERG,0.4547,SMAP_L4,27.12,MODIS_MOD11A1,,,
bhandara,2026-09-08,2.90,IMERG,0.4526,SMAP_L4,,,,,
bhandara,2026-09-09,0.99,IMERG,0.4466,SMAP_L4,,,,,
bhandara,2026-09-10,1.41,IMERG,0.4377,SMAP_L4,,,,,
bhandara,2026-09-11,6.44,IMERG,0.4509,SMAP_L4,,,,,
bhandara,2026-09-12,30.87,IMERG,0.4645,SMAP_L4,,,,,
bhandara,2026-09-13,5.50,IMERG,0.4609,SMAP_L4,,,,,
bhandara,2026-09-14,0.91,IMERG,0.4536,SMAP_L4,,,,,
bhandara,2026-09-15,0.04,IMERG,0.4471,SMAP_L4,,,,,
bhandara,2026-09-16,0.56,IMERG,0.4342,SMAP_L4,,,,,
bhandara,2026-09-17,0.04,IMERG,0.4253,SMAP_L4,,,,,
bhandara,2026-09-18,23.82,IMERG,0.4413,SMAP_L4,26.33,MODIS_MOD11A1,,,
bhandara,2026-09-19,0.19,IMERG,,,27.52,MODIS_MOD11A1,,,
bhandara,2026-09-20,6.06,IMERG,,,27.16,MODIS_MOD11A1,,,
bhandara,2026-09-21,0.00,IMERG,,,,,,,
bhandara,2026-09-22,,,,,,,,,
nagpur,2025-01-01,0.00,CHIRPS,0.2408,SMAP_L4,22.63,MODIS_MOD11A1,,,
nagpur,2025-01-02,3.10,CHIRPS,0.2380,SMAP_L4,23.96,MODIS_MOD11A1,,,
nagpur,2025-01-03,0.00,CHIRPS,0.2336,SMAP_L4,27.02,MODIS_MOD11A1,,,
nagpur,2025-01-04,0.00,CHIRPS,0.2317,SMAP_L4,25.31,MODIS_MOD11A1,,,
nagpur,2025-01-05,0.00,CHIRPS,0.2337,SMAP_L4,26.19,MODIS_MOD11A1,,,
nagpur,2025-01-06,0.00,CHIRPS,0.2321,SMAP_L4,,,,,
nagpur,2025-01-07,0.00,CHIRPS,0.2347,SMAP_L4,24.24,MODIS_MOD11A1,,,
nagpur,2025-01-08,2.35,CHIRPS,0.2339,SMAP_L4,,,,,
nagpur,2025-01-09,0.00,CHIRPS,0.2249,SMAP_L4,22.96,MODIS_MOD11A1,,,
nagpur,2025-01-10,0.00,CHIRPS,0.2277,SMAP_L4,22.15,MODIS_MOD11A1,,,
nagpur,2025-01-11,0.00,CHIRPS,0.2248,SMAP_L4,,,,,
nagpur,2025-01-12,0.00,CHIRPS,0.2271,SMAP_L4,,,,,
nagpur,2025-01-13,0.00,CHIRPS,0.2319,SMAP_L4,,,,,
nagpur,2025-01-14,0.00,CHIRPS,0.2281,SMAP_L4,22.30,MODIS_MOD11A1,,,
nagpur,2025-01-15,0.00,CHIRPS,0.2297,SMAP_L4,,,,,
nagpur,2025-01-16,0.00,CHIRPS,0.2284,SMAP_L4,,,,,
nagpur,2025-01-17,0.00,CHIRPS,0.2278,SMAP_L4,25.26,MODIS_MOD11A1,,,
nagpur,2025-01-18,0.00,CHIRPS,0.2181,SMAP_L4,,,,,
nagpur,2025-01-19,0.00,CHIRPS,0.2178,SMAP_L4,25.99,MODIS_MOD11A1,,,
nagpur,2025-01-20,0.00,CHIRPS,0.2150,SMAP_L4,27.85,MODIS_MOD11A1,,,
nagpur,2025-01-21,0.00,CHIRPS,0.2111,SMAP_L4,26.06,MODIS_MOD11A1,,,
nagpur,2025-01-22,0.00,CHIRPS,0.2072,SMAP_L4,27.89,MODIS_MOD11A1,,,
nagpur,2025-01-23,0.00,CHIRPS,0.2115,SMAP_L4,,,,,
nagpur,2025-01-24,0.00,CHIRPS,0.2142,SMAP_L4,27.28,MODIS_MOD11A1,,,
nagpur,2025-01-25,0.00,CHIRPS,0.2133,SMAP_L4,27.57,MODIS_MOD11A1,,,
nagpur,2025-01-26,0.00,CHIRPS,0.2105,SMAP_L4,26.29,MODIS_MOD11A1,,,
nagpur,2025-01-27,0.00,CHIRPS,0.2049,SMAP_L4,27.90,MODIS_MOD11A1,,,
nagpur,2025-01-28,1.52,CHIRPS,0.2009,SMAP_L4,,,,,
nagpur,2025-01-29,0.00,CHIRPS,0.2012,SMAP_L4,27.30,MODIS_MOD11A1,,,
nagpur,2025-01-30,0.00,CHIRPS,0.2008,SMAP_L4,29.38,MODIS_MOD11A1,,,
nagpur,2025-01-31,0.00,CHIRPS,0.2065,SMAP_L4,27.25,MODIS_MOD11A1,,,
nagpur,2025-02-01,0.00,CHIRPS,0.2042,SMAP_L4,29.60,MODIS_MOD11A1,,,
nagpur,2025-02-02,0.00,CHIRPS,0.2017,SMAP_L4,,,,,
nagpur,2025-02-03,0.00,CHIRPS,0.2021,SMAP_L4,30.79,MODIS_MOD11A1,,,
nagpur,2025-02-04,0.00,CHIRPS,0.1977,SMAP_L4,27.57,MODIS_MOD11A1,,,
nagpur,2025-02-05,0.00,CHIRPS,0.1958,SMAP_L4,29.88,MODIS_MOD11A1,,,
nagpur,2025-02-06,0.00,CHIRPS,0.1991,SMAP_L4,26.92,MODIS_MOD11A1,,,
nagpur,2025-02-07,1.14,CHIRPS,0.1949,SMAP_L4,,,,,
nagpur,2025-02-08,2.06,CHIRPS,0.1979,SMAP_L4,27.61,MODIS_MOD11A1,,,
nagpur,2025-02-09,0.56,CHIRPS,0.1894,SMAP_L4,29.05,MODIS_MOD11A1,,,
nagpur,2025-02-10,0.00,CHIRPS,0.1863,SMAP_L4,28.42,MODIS_MOD11A1,,,
nagpur,2025-02-11,0.00,CHIRPS,0.1845,SMAP_L4,30.81,MODIS_MOD11A1,,,
nagpur,2025-02-12,0.00,CHIRPS,0.1787,SMAP_L4,28.40,MODIS_MOD11A1,,,
nagpur,2025-02-13,0.00,CHIRPS,0.1765,SMAP_L4,29.58,MODIS_MOD11A1,,,
nagpur,2025-02-14,0.00,CHIRPS,0.1807,SMAP_L4,,,,,
nagpur,2025-02-15,0.00,CHIRPS,0.1763,SMAP_L4,30.22,MODIS_MOD11A1,,,
nagpur,2025-02-16,0.00,CHIRPS,0.1798,SMAP_L4,32.45,MODIS_MOD11A1,,,
nagpur,2025-02-17,0.00,CHIRPS,0.1808,SMAP_L4,29.76,MODIS_MOD11A1,,,
nagpur,2025-02-18,0.00,CHIRPS,0.1735,SMAP_L4,32.23,MODIS_MOD11A1,,,
nagpur,2025-02-19,0.00,CHIRPS,0.1726,SMAP_L4,,,,,
nagpur,2025-02-20,0.00,CHIRPS,0.1700,SMAP_L4,33.13,MODIS_MOD11A1,,,
nagpur,2025-02-21,0.00,CHIRPS,0.1674,SMAP_L4,34.67,MODIS_MOD11A1,,,
nagpur,2025-02-22,0.00,CHIRPS,0.1710,SMAP_L4,30.27,MODIS_MOD11A1,,,
nagpur,2025-02-23,0.00,CHIRPS,0.1634,SMAP_L4,33.07,MODIS_MOD11A1,,,
nagpur,2025-02-24,0.00,CHIRPS,0.1676,SMAP_L4,,,,,
nagpur,2025-02-25,0.00,CHIRPS,0.1641,SMAP_L4,30.36,MODIS_MOD11A1,,,
nagpur,2025-02-26,0.59,CHIRPS,0.1628,SMAP_L4,33.37,MODIS_MOD11A1,,,
nagpur,2025-02-27,0.59,CHIRPS,0.1601,SMAP_L4,31.33,MODIS_MOD11A1,,,
nagpur,2025-02-28,0.59,CHIRPS,0.1587,SMAP_L4,28.24,MODIS_MOD11A1,,,
nagpur,2025-03-01,0.00,CHIRPS,0.1599,SMAP_L4,,,,,
nagpur,2025-03-02,0.00,CHIRPS,0.1565,SMAP_L4,,,,,
nagpur,2025-03-03,0.00,CHIRPS,0.1525,SMAP_L4,33.74,MODIS_MOD11A1,,,
nagpur,2025-03-04,1.70,CHIRPS,0.1561,SMAP_L4,32.69,MODIS_MOD11A1,,,
nagpur,2025-03-05,0.00,CHIRPS,0.1509,SMAP_L4,33.13,MODIS_MOD11A1,,,
nagpur,2025-03-06,0.00,CHIRPS,0.1466,SMAP_L4,,,,,
nagpur,2025-03-07,0.00,CHIRPS,0.1350,SMAP_L4,35.30,MODIS_MOD11A1,,,
nagpur,2025-03-08,0.00,CHIRPS,0.1350,SMAP_L4,36.27,MODIS_MOD11A1,,,
nagpur,2025-03-09,0.00,CHIRPS,0.1369,SMAP_L4,34.06,MODIS_MOD11A1,,,
nagpur,2025-03-10,0.00,CHIRPS,0.1385,SMAP_L4,34.18,MODIS_MOD11A1,,,
nagpur,2025-03-11,0.00,CHIRPS,0.1359,SMAP_L4,31.71,MODIS_MOD11A1,,,
nagpur,2025-03-12,0.00,CHIRPS,0.1392,SMAP_L4,37.47,MODIS_MOD11A1,,,
nagpur,2025-03-13,0.00,CHIRPS,0.1310,SMAP_L4,38.84,MODIS_MOD11A1,,,
nagpur,2025-03-14,0.00,CHIRPS,0.1311,SMAP_L4,37.34,MODIS_MOD11A1,,,
nagpur,2025-03-15,0.00,CHIRPS,0.1327,SMAP_L4,37.26,MODIS_MOD11A1,,,
nagpur,2025-03-16,0.00,CHIRPS,0.1254,SMAP_L4,32.60,MODIS_MOD11A1,,,
nagpur,2025-03-17,0.00,CHIRPS,0.1258,SMAP_L4,36.91,MODIS_MOD11A1,,,
nagpur,2025-03-18,0.00,CHIRPS,0.1351,SMAP_L4,36.86,MODIS_MOD11A1,,,
nagpur,2025-03-19,0.00,CHIRPS,0.1290,SMAP_L4,33.81,MODIS_MOD11A1,,,
nagpur,2025-03-20,0.63,CHIRPS,0.1294,SMAP_L4,37.89,MODIS_MOD11A1,,,
nagpur,2025-03-21,0.00,CHIRPS,0.1360,SMAP_L4,,,,,
nagpur,2025-03-22,5.22,CHIRPS,0.1311,SMAP_L4,38.10,MODIS_MOD11A1,,,
nagpur,2025-03-23,0.00,CHIRPS,0.1181,SMAP_L4,37.04,MODIS_MOD11A1,,,
nagpur,2025-03-24,0.00,CHIRPS,0.1132,SMAP_L4,37.21,MODIS_MOD11A1,,,
nagpur,2025-03-25,0.00,CHIRPS,0.1102,SMAP_L4,40.24,MODIS_MOD11A1,,,
nagpur,2025-03-26,0.00,CHIRPS,0.1173,SMAP_L4,35.99,MODIS_MOD11A1,,,
nagpur,2025-03-27,0.00,CHIRPS,0.1096,SMAP_L4,39.86,MODIS_MOD11A1,,,
nagpur,2025-03-28,0.00,CHIRPS,0.1162,SMAP_L4,37.45,MODIS_MOD11A1,,,
nagpur,2025-03-29,0.00,CHIRPS,0.1250,SMAP_L4,36.58,MODIS_MOD11A1,,,
nagpur,2025-03-30,1.62,CHIRPS,0.1228,SMAP_L4,38.98,MODIS_MOD11A1,,,
nagpur,2025-03-31,0.00,CHIRPS,0.1203,SMAP_L4,31.05,MODIS_MOD11A1,,,
nagpur,2025-04-01,0.00,CHIRPS,0.1684,SMAP_L4,34.37,MODIS_MOD11A1,,,
nagpur,2025-04-02,0.00,CHIRPS,0.2255,SMAP_L4,,,,,
nagpur,2025-04-03,0.22,CHIRPS,0.2255,SMAP_L4,,,,,
nagpur,2025-04-04,0.00,CHIRPS,0.2080,SMAP_L4,32.02,MODIS_MOD11A1,,,
nagpur,2025-04-05,0.00,CHIRPS,0.1837,SMAP_L4,35.10,MODIS_MOD11A1,,,
nagpur,2025-04-06,0.00,CHIRPS,0.1537,SMAP_L4,40.77,MODIS_MOD11A1,,,
nagpur,2025-04-07,0.00,CHIRPS,0.1357,SMAP_L4,,,,,
nagpur,2025-04-08,1.52,CHIRPS,0.1164,SMAP_L4,38.38,MODIS_MOD11A1,,,
nagpur,2025-04-09,1.48,CHIRPS,0.1644,SMAP_L4,39.15,MODIS_MOD11A1,,,
nagpur,2025-04-10,1.69,CHIRPS,0.2097,SMAP_L4,34.82,MODIS_MOD11A1,,,
nagpur,2025-04-11,0.00,CHIRPS,0.1666,SMAP_L4,39.82,MODIS_MOD11A1,,,
nagpur,2025-04-12,1.13,CHIRPS,0.1301,SMAP_L4,,,,,
nagpur,2025-04-13,0.00,CHIRPS,0.1126,SMAP_L4,41.42,MODIS_MOD11A1,,,
nagpur,2025-04-14,3.18,CHIRPS,0.1134,SMAP_L4,37.65,MODIS_MOD11A1,,,
nagpur,2025-04-15,0.00,CHIRPS,0.1044,SMAP_L4,38.19,MODIS_MOD11A1,,,
nagpur,2025-04-16,0.00,CHIRPS,0.0952,SMAP_L4,40.69,MODIS_MOD11A1,,,
nagpur,2025-04-17,0.00,CHIRPS,0.0999,SMAP_L4,,,,,
nagpur,2025-04-18,0.00,CHIRPS,0.1015,SMAP_L4,42.58,MODIS_MOD11A1,,,
nagpur,2025-04-19,0.00,CHIRPS,0.1038,SMAP_L4,41.38,MODIS_MOD11A1,,,
nagpur,2025-04-20,1.09,CHIRPS,0.0933,SMAP_L4,42.34,MODIS_MOD11A1,,,
nagpur,2025-04-21,0.00,CHIRPS,0.0953,SMAP_L4,45.22,MODIS_MOD11A1,,,
nagpur,2025-04-22,0.00,CHIRPS,0.0944,SMAP_L4,,,,,
nagpur,2025-04-23,0.00,CHIRPS,0.0865,SMAP_L4,45.11,MODIS_MOD11A1,,,
nagpur,2025-04-24,0.00,CHIRPS,0.0734,SMAP_L4,45.66,MODIS_MOD11A1,,,
nagpur,2025-04-25,0.00,CHIRPS,0.0709,SMAP_L4,41.93,MODIS_MOD11A1,,,
nagpur,2025-04-26,0.11,CHIRPS,0.0717,SMAP_L4,41.34,MODIS_MOD11A1,,,
nagpur,2025-04-27,0.21,CHIRPS,0.0973,SMAP_L4,,,,,
nagpur,2025-04-28,0.00,CHIRPS,0.0977,SMAP_L4,40.65,MODIS_MOD11A1,,,
nagpur,2025-04-29,0.00,CHIRPS,0.1046,SMAP_L4,38.14,MODIS_MOD11A1,,,
nagpur,2025-04-30,0.00,CHIRPS,0.1007,SMAP_L4,38.14,MODIS_MOD11A1,,,
nagpur,2025-05-01,0.00,CHIRPS,0.1007,SMAP_L4,41.75,MODIS_MOD11A1,,,
nagpur,2025-05-02,0.00,CHIRPS,0.1030,SMAP_L4,,,,,
nagpur,2025-05-03,0.00,CHIRPS,0.1271,SMAP_L4,40.01,MODIS_MOD11A1,,,
nagpur,2025-05-04,0.00,CHIRPS,0.1729,SMAP_L4,38.10,MODIS_MOD11A1,,,
nagpur,2025-05-05,0.00,CHIRPS,0.2196,SMAP_L4,33.02,MODIS_MOD11A1,,,
nagpur,2025-05-06,0.00,CHIRPS,0.1957,SMAP_L4,37.08,MODIS_MOD11A1,,,
nagpur,2025-05-07,0.03,CHIRPS,0.1735,SMAP_L4,34.39,MODIS_MOD11A1,,,
nagpur,2025-05-08,0.34,CHIRPS,0.1282,SMAP_L4,39.39,MODIS_MOD11A1,,,
nagpur,2025-05-09,0.00,CHIRPS,0.1366,SMAP_L4,39.37,MODIS_MOD11A1,,,
nagpur,2025-05-10,1.13,CHIRPS,0.1466,SMAP_L4,36.97,MODIS_MOD11A1,,,
nagpur,2025-05-11,0.00,CHIRPS,0.1457,SMAP_L4,,,,,
nagpur,2025-05-12,0.00,CHIRPS,0.1551,SMAP_L4,,,,,
nagpur,2025-05-13,0.00,CHIRPS,0.1310,SMAP_L4,41.78,MODIS_MOD11A1,,,
nagpur,2025-05-14,0.00,CHIRPS,0.1201,SMAP_L4,41.10,MODIS_MOD11A1,,,
nagpur,2025-05-15,0.00,CHIRPS,0.1197,SMAP_L4,,,,,
nagpur,2025-05-16,1.30,CHIRPS,0.1023,SMAP_L4,,,,,
nagpur,2025-05-17,2.26,CHIRPS,0.1456,SMAP_L4,,,,,
nagpur,2025-05-18,1.52,CHIRPS,0.1746,SMAP_L4,38.91,MODIS_MOD11A1,,,
nagpur,2025-05-19,0.24,CHIRPS,0.1646,SMAP_L4,,,,,
nagpur,2025-05-20,0.96,CHIRPS,0.1926,SMAP_L4,40.93,MODIS_MOD11A1,,,
nagpur,2025-05-21,10.77,CHIRPS,0.2396,SMAP_L4,39.77,MODIS_MOD11A1,,,
nagpur,2025-05-22,0.00,CHIRPS,0.2385,SMAP_L4,,,,,
nagpur,2025-05-23,0.00,CHIRPS,0.2257,SMAP_L4,34.20,MODIS_MOD11A1,,,
nagpur,2025-05-24,2.76,CHIRPS,0.2110,SMAP_L4,,,,,
nagpur,2025-05-25,1.73,CHIRPS,0.2072,SMAP_L4,,,,,
nagpur,2025-05-26,7.64,CHIRPS,0.2265,SMAP_L4,,,,,
nagpur,2025-05-27,12.51,CHIRPS,0.2660,SMAP_L4,,,,,
nagpur,2025-05-28,9.30,CHIRPS,0.2731,SMAP_L4,,,,,
nagpur,2025-05-29,0.61,CHIRPS,0.2536,SMAP_L4,,,,,
nagpur,2025-05-30,4.17,CHIRPS,0.2324,SMAP_L4,,,,,
nagpur,2025-05-31,0.00,CHIRPS,0.2211,SMAP_L4,28.12,MODIS_MOD11A1,,,
nagpur,2025-06-01,0.00,CHIRPS,0.1722,SMAP_L4,,,,,
nagpur,2025-06-02,0.00,CHIRPS,0.1539,SMAP_L4,36.89,MODIS_MOD11A1,,,
nagpur,2025-06-03,0.00,CHIRPS,0.1288,SMAP_L4,33.25,MODIS_MOD11A1,,,
nagpur,2025-06-04,0.00,CHIRPS,0.1412,SMAP_L4,36.49,MODIS_MOD11A1,,,
nagpur,2025-06-05,0.00,CHIRPS,0.1506,SMAP_L4,38.28,MODIS_MOD11A1,,,
nagpur,2025-06-06,0.00,CHIRPS,0.1045,SMAP_L4,35.19,MODIS_MOD11A1,,,
nagpur,2025-06-07,0.00,CHIRPS,0.1132,SMAP_L4,,,,,
nagpur,2025-06-08,0.00,CHIRPS,0.1090,SMAP_L4,32.49,MODIS_MOD11A1,,,
nagpur,2025-06-09,16.74,CHIRPS,0.1066,SMAP_L4,39.14,MODIS_MOD11A1,,,
nagpur,2025-06-10,19.81,CHIRPS,0.1679,SMAP_L4,,,,,
nagpur,2025-06-11,0.05,CHIRPS,0.2360,SMAP_L4,,,,,
nagpur,2025-06-12,0.92,CHIRPS,0.1794,SMAP_L4,39.18,MODIS_MOD11A1,,,
nagpur,2025-06-13,0.33,CHIRPS,0.1562,SMAP_L4,,,,,
nagpur,2025-06-14,14.17,CHIRPS,0.1444,SMAP_L4,37.14,MODIS_MOD11A1,,,
nagpur,2025-06-15,3.09,CHIRPS,0.1478,SMAP_L4,,,,,
nagpur,2025-06-16,0.00,CHIRPS,0.1279,SMAP_L4,,,,,
nagpur,2025-06-17,1.09,CHIRPS,0.1239,SMAP_L4,,,,,
nagpur,2025-06-18,0.00,CHIRPS,0.1219,SMAP_L4,,,,,
nagpur,2025-06-19,0.00,CHIRPS,0.1104,SMAP_L4,,,,,
nagpur,2025-06-20,0.00,CHIRPS,0.1335,SMAP_L4,,,,,
nagpur,2025-06-21,0.00,CHIRPS,0.1451,SMAP_L4,,,,,
nagpur,2025-06-22,0.00,CHIRPS,0.1146,SMAP_L4,,,,,
nagpur,2025-06-23,0.00,CHIRPS,0.1439,SMAP_L4,,,,,
nagpur,2025-06-24,4.76,CHIRPS,0.1871,SMAP_L4,,,,,
nagpur,2025-06-25,19.22,CHIRPS,0.2348,SMAP_L4,,,,,
nagpur,2025-06-26,0.00,CHIRPS,0.2511,SMAP_L4,,,,,
nagpur,2025-06-27,24.40,CHIRPS,0.2421,SMAP_L4,,,,,
nagpur,2025-06-28,12.03,CHIRPS,0.2508,SMAP_L4,,,,,
nagpur,2025-06-29,0.89,CHIRPS,0.2471,SMAP_L4,,,,,
nagpur,2025-06-30,0.22,CHIRPS,0.2641,SMAP_L4,,,,,
nagpur,2025-07-01,12.11,CHIRPS,0.2795,SMAP_L4,,,,,
nagpur,2025-07-02,6.37,CHIRPS,0.2627,SMAP_L4,,,,,
nagpur,2025-07-03,14.03,CHIRPS,0.2898,SMAP_L4,,,,,
nagpur,2025-07-04,9.17,CHIRPS,0.2939,SMAP_L4,,,,,
nagpur,2025-07-05,19.02,CHIRPS,0.2826,SMAP_L4,,,,,
nagpur,2025-07-06,22.51,CHIRPS,0.2978,SMAP_L4,,,,,
nagpur,2025-07-07,41.73,CHIRPS,0.4002,SMAP_L4,,,,,
nagpur,2025-07-08,41.63,CHIRPS,0.4406,SMAP_L4,,,,,
nagpur,2025-07-09,40.00,CHIRPS,0.4231,SMAP_L4,,,,,
nagpur,2025-07-10,1.41,CHIRPS,0.4075,SMAP_L4,,,,,
nagpur,2025-07-11,0.00,CHIRPS,0.3780,SMAP_L4,,,,,
nagpur,2025-07-12,0.21,CHIRPS,0.3641,SMAP_L4,,,,,
nagpur,2025-07-13,0.00,CHIRPS,0.3667,SMAP_L4,,,,,
nagpur,2025-07-14,0.00,CHIRPS,0.3614,SMAP_L4,,,,,
nagpur,2025-07-15,32.82,CHIRPS,0.3884,SMAP_L4,,,,,
nagpur,2025-07-16,6.93,CHIRPS,0.4049,SMAP_L4,,,,,
nagpur,2025-07-17,14.44,CHIRPS,0.4129,SMAP_L4,,,,,
nagpur,2025-07-18,5.82,CHIRPS,0.4180,SMAP_L4,,,,,
nagpur,2025-07-19,0.00,CHIRPS,0.3970,SMAP_L4,,,,,
nagpur,2025-07-20,5.08,CHIRPS,0.3913,SMAP_L4,,,,,
nagpur,2025-07-21,2.07,CHIRPS,0.3954,SMAP_L4,,,,,
nagpur,2025-07-22,14.51,CHIRPS,0.4063,SMAP_L4,,,,,
nagpur,2025-07-23,28.26,CHIRPS,0.4334,SMAP_L4,,,,,
nagpur,2025-07-24,15.24,CHIRPS,0.4545,SMAP_L4,,,,,
nagpur,2025-07-25,16.20,CHIRPS,0.4567,SMAP_L4,,,,,
nagpur,2025-07-26,50.17,CHIRPS,0.4668,SMAP_L4,,,,,
nagpur,2025-07-27,0.00,CHIRPS,0.4476,SMAP_L4,,,,,
nagpur,2025-07-28,0.00,CHIRPS,0.4462,SMAP_L4,,,,,
nagpur,2025-07-29,6.29,CHIRPS,0.4568,SMAP_L4,,,,,
nagpur,2025-07-30,0.00,CHIRPS,0.4573,SMAP_L4,,,,,
nagpur,2025-07-31,0.00,CHIRPS,0.4332,SMAP_L4,,,,,
nagpur,2025-08-01,0.00,CHIRPS,0.4233,SMAP_L4,,,,,
nagpur,2025-08-02,0.10,CHIRPS,0.4132,SMAP_L4,,,,,
nagpur,2025-08-03,0.34,CHIRPS,0.4189,SMAP_L4,,,,,
nagpur,2025-08-04,0.11,CHIRPS,0.4039,SMAP_L4,,,,,
nagpur,2025-08-05,0.00,CHIRPS,0.3887,SMAP_L4,,,,,
nagpur,2025-08-06,5.84,CHIRPS,0.3877,SMAP_L4,,,,,
nagpur,2025-08-07,15.97,CHIRPS,0.4445,SMAP_L4,,,,,
nagpur,2025-08-08,3.92,CHIRPS,0.4481,SMAP_L4,,,,,
nagpur,2025-08-09,2.75,CHIRPS,0.4432,SMAP_L4,,,,,
nagpur,2025-08-10,1.77,CHIRPS,0.4247,SMAP_L4,,,,,
nagpur,2025-08-11,1.48,CHIRPS,0.4204,SMAP_L4,,,,,
nagpur,2025-08-12,4.11,CHIRPS,0.4232,SMAP_L4,,,,,
nagpur,2025-08-13,26.04,CHIRPS,0.4637,SMAP_L4,,,,,
nagpur,2025-08-14,7.16,CHIRPS,0.4564,SMAP_L4,,,,,
nagpur,2025-08-15,16.73,CHIRPS,0.4555,SMAP_L4,,,,,
nagpur,2025-08-16,25.48,CHIRPS,0.4556,SMAP_L4,,,,,
nagpur,2025-08-17,14.07,CHIRPS,0.4514,SMAP_L4,,,,,
nagpur,2025-08-18,11.20,CHIRPS,0.4649,SMAP_L4,,,,,
nagpur,2025-08-19,36.92,CHIRPS,0.4865,SMAP_L4,,,,,
nagpur,2025-08-20,27.22,CHIRPS,0.4889,SMAP_L4,,,,,
nagpur,2025-08-21,20.35,CHIRPS,0.4859,SMAP_L4,,,,,
nagpur,2025-08-22,11.91,CHIRPS,0.4833,SMAP_L4,,,,,
nagpur,2025-08-23,0.00,CHIRPS,0.4787,SMAP_L4,,,,,
nagpur,2025-08-24,0.00,CHIRPS,0.4738,SMAP_L4,,,,,
nagpur,2025-08-25,0.00,CHIRPS,0.4698,SMAP_L4,,,,,
nagpur,2025-08-26,22.86,CHIRPS,0.4712,SMAP_L4,,,,,
nagpur,2025-08-27,5.57,CHIRPS,0.4742,SMAP_L4,,,,,
nagpur,2025-08-28,20.18,CHIRPS,0.4797,SMAP_L4,,,,,
nagpur,2025-08-29,0.00,CHIRPS,0.4749,SMAP_L4,,,,,
nagpur,2025-08-30,0.00,CHIRPS,0.4679,SMAP_L4,,,,,
nagpur,2025-08-31,27.72,CHIRPS,0.4767,SMAP_L4,,,,,
nagpur,2025-09-01,28.53,CHIRPS,0.4962,SMAP_L4,,,,,
nagpur,2025-09-02,15.81,CHIRPS,0.4974,SMAP_L4,,,,,
nagpur,2025-09-03,0.13,CHIRPS,0.4941,SMAP_L4,,,,,
nagpur,2025-09-04,2.59,CHIRPS,0.4869,SMAP_L4,,,,,
nagpur,2025-09-05,0.00,CHIRPS,0.4830,SMAP_L4,,,,,
nagpur,2025-09-06,0.00,CHIRPS,0.4836,SMAP_L4,,,,,
nagpur,2025-09-07,0.00,CHIRPS,0.4831,SMAP_L4,,,,,
nagpur,2025-09-08,9.77,CHIRPS,0.4760,SMAP_L4,,,,,
nagpur,2025-09-09,6.38,CHIRPS,0.4742,SMAP_L4,,,,,
nagpur,2025-09-10,6.70,CHIRPS,0.4853,SMAP_L4,,,,,
nagpur,2025-09-11,20.07,CHIRPS,0.4948,SMAP_L4,,,,,
nagpur,2025-09-12,14.46,CHIRPS,0.5033,SMAP_L4,,,,,
nagpur,2025-09-13,3.22,CHIRPS,0.4973,SMAP_L4,,,,,
nagpur,2025-09-14,13.60,CHIRPS,0.4917,SMAP_L4,,,,,
nagpur,2025-09-15,18.76,CHIRPS,0.5003,SMAP_L4,,,,,
nagpur,2025-09-16,14.12,CHIRPS,0.5057,SMAP_L4,,,,,
nagpur,2025-09-17,0.00,CHIRPS,0.5021,SMAP_L4,,,,,
nagpur,2025-09-18,0.01,CHIRPS,0.4956,SMAP_L4,,,,,
nagpur,2025-09-19,0.00,CHIRPS,0.4895,SMAP_L4,,,,,
nagpur,2025-09-20,17.37,CHIRPS,0.4918,SMAP_L4,,,,,
nagpur,2025-09-21,5.50,CHIRPS,0.4953,SMAP_L4,,,,,
nagpur,2025-09-22,0.00,CHIRPS,0.4859,SMAP_L4,,,,,
nagpur,2025-09-23,0.00,CHIRPS,0.4786,SMAP_L4,,,,,
nagpur,2025-09-24,0.00,CHIRPS,0.4777,SMAP_L4,29.73,MODIS_MOD11A1,,,
nagpur,2025-09-25,10.70,CHIRPS,0.4862,SMAP_L4,,,,,
nagpur,2025-09-26,33.14,CHIRPS,0.4957,SMAP_L4,,,,,
nagpur,2025-09-27,36.60,CHIRPS,0.5080,SMAP_L4,,,,,
nagpur,2025-09-28,0.00,CHIRPS,0.5025,SMAP_L4,,,,,
nagpur,2025-09-29,0.00,CHIRPS,0.4953,SMAP_L4,,,,,
nagpur,2025-09-30,0.00,CHIRPS,0.4913,SMAP_L4,28.90,MODIS_MOD11A1,,,
nagpur,2025-10-01,1.04,CHIRPS,0.4886,SMAP_L4,28.48,MODIS_MOD11A1,,,
nagpur,2025-10-02,31.79,CHIRPS,0.4942,SMAP_L4,,,,,
nagpur,2025-10-03,7.04,CHIRPS,0.4934,SMAP_L4,,,,,
nagpur,2025-10-04,2.15,CHIRPS,0.4885,SMAP_L4,,,,,
nagpur,2025-10-05,20.80,CHIRPS,0.4900,SMAP_L4,,,,,
nagpur,2025-10-06,14.16,CHIRPS,0.4985,SMAP_L4,,,,,
nagpur,2025-10-07,5.66,CHIRPS,0.4901,SMAP_L4,28.35,MODIS_MOD11A1,,,
nagpur,2025-10-08,4.20,CHIRPS,0.4776,SMAP_L4,,,,,
nagpur,2025-10-09,0.65,CHIRPS,0.4738,SMAP_L4,28.79,MODIS_MOD11A1,,,
nagpur,2025-10-10,0.83,CHIRPS,0.4686,SMAP_L4,26.14,MODIS_MOD11A1,,,
nagpur,2025-10-11,0.00,CHIRPS,0.4679,SMAP_L4,,,,,
nagpur,2025-10-12,0.00,CHIRPS,0.4591,SMAP_L4,29.04,MODIS_MOD11A1,,,
nagpur,2025-10-13,0.00,CHIRPS,0.4539,SMAP_L4,,,,,
nagpur,2025-10-14,0.00,CHIRPS,0.4501,SMAP_L4,29.07,MODIS_MOD11A1,,,
nagpur,2025-10-15,0.00,CHIRPS,0.4413,SMAP_L4,28.44,MODIS_MOD11A1,,,
nagpur,2025-10-16,0.00,CHIRPS,0.4404,SMAP_L4,,,,,
nagpur,2025-10-17,0.00,CHIRPS,0.4363,SMAP_L4,29.37,MODIS_MOD11A1,,,
nagpur,2025-10-18,0.00,CHIRPS,0.4298,SMAP_L4,,,,,
nagpur,2025-10-19,0.00,CHIRPS,0.4264,SMAP_L4,27.79,MODIS_MOD11A1,,,
nagpur,2025-10-20,0.00,CHIRPS,0.4163,SMAP_L4,29.34,MODIS_MOD11A1,,,
nagpur,2025-10-21,0.00,CHIRPS,0.4122,SMAP_L4,,,,,
nagpur,2025-10-22,0.00,CHIRPS,0.4068,SMAP_L4,30.39,MODIS_MOD11A1,,,
nagpur,2025-10-23,0.00,CHIRPS,0.4002,SMAP_L4,,,,,
nagpur,2025-10-24,0.00,CHIRPS,0.4103,SMAP_L4,29.81,MODIS_MOD11A1,,,
nagpur,2025-10-25,0.00,CHIRPS,0.4412,SMAP_L4,,,,,
nagpur,2025-10-26,0.00,CHIRPS,0.4314,SMAP_L4,,,,,
nagpur,2025-10-27,0.00,CHIRPS,0.4205,SMAP_L4,,,,,
nagpur,2025-10-28,0.00,CHIRPS,0.4243,SMAP_L4,,,,,
nagpur,2025-10-29,42.84,CHIRPS,0.4345,SMAP_L4,,,,,
nagpur,2025-10-30,0.00,CHIRPS,0.4443,SMAP_L4,,,,,
nagpur,2025-10-31,0.00,CHIRPS,0.4225,SMAP_L4,,,,,
nagpur,2025-11-01,0.00,CHIRPS,0.4155,SMAP_L4,28.85,MODIS_MOD11A1,,,
nagpur,2025-11-02,24.69,CHIRPS,0.4318,SMAP_L4,,,,,
nagpur,2025-11-03,0.00,CHIRPS,0.4247,SMAP_L4,27.87,MODIS_MOD11A1,,,
nagpur,2025-11-04,0.00,CHIRPS,0.4114,SMAP_L4,25.08,MODIS_MOD11A1,,,
nagpur,2025-11-05,0.00,CHIRPS,0.4040,SMAP_L4,25.36,MODIS_MOD11A1,,,
nagpur,2025-11-06,0.00,CHIRPS,0.3955,SMAP_L4,27.88,MODIS_MOD11A1,,,
nagpur,2025-11-07,0.00,CHIRPS,0.3914,SMAP_L4,,,,,
nagpur,2025-11-08,0.00,CHIRPS,0.3873,SMAP_L4,25.71,MODIS_MOD11A1,,,
nagpur,2025-11-09,0.00,CHIRPS,0.3818,SMAP_L4,26.01,MODIS_MOD11A1,,,
nagpur,2025-11-10,0.00,CHIRPS,0.3737,SMAP_L4,23.88,MODIS_MOD11A1,,,
nagpur,2025-11-11,0.00,CHIRPS,0.3766,SMAP_L4,25.13,MODIS_MOD11A1,,,
nagpur,2025-11-12,0.00,CHIRPS,0.3778,SMAP_L4,,,,,
nagpur,2025-11-13,0.00,CHIRPS,0.3648,SMAP_L4,23.99,MODIS_MOD11A1,,,
nagpur,2025-11-14,0.00,CHIRPS,0.3720,SMAP_L4,24.91,MODIS_MOD11A1,,,
nagpur,2025-11-15,0.00,CHIRPS,0.3724,SMAP_L4,22.87,MODIS_MOD11A1,,,
nagpur,2025-11-16,0.00,CHIRPS,0.3618,SMAP_L4,23.80,MODIS_MOD11A1,,,
nagpur,2025-11-17,0.00,CHIRPS,0.3609,SMAP_L4,,,,,
nagpur,2025-11-18,0.00,CHIRPS,0.3528,SMAP_L4,22.80,MODIS_MOD11A1,,,
nagpur,2025-11-19,0.00,CHIRPS,0.3603,SMAP_L4,24.25,MODIS_MOD11A1,,,
nagpur,2025-11-20,0.00,CHIRPS,0.3638,SMAP_L4,22.09,MODIS_MOD11A1,,,
nagpur,2025-11-21,0.00,CHIRPS,0.3540,SMAP_L4,25.18,MODIS_MOD11A1,,,
nagpur,2025-11-22,0.00,CHIRPS,0.3485,SMAP_L4,,,,,
nagpur,2025-11-23,0.25,CHIRPS,0.3460,SMAP_L4,24.23,MODIS_MOD11A1,,,
nagpur,2025-11-24,0.00,CHIRPS,0.3404,SMAP_L4,,,,,
nagpur,2025-11-25,1.06,CHIRPS,0.3401,SMAP_L4,,,,,
nagpur,2025-11-26,0.27,CHIRPS,0.3291,SMAP_L4,,,,,
nagpur,2025-11-27,0.91,CHIRPS,0.3278,SMAP_L4,,,,,
nagpur,2025-11-28,0.00,CHIRPS,0.3291,SMAP_L4,23.03,MODIS_MOD11A1,,,
nagpur,2025-11-29,0.39,CHIRPS,0.3261,SMAP_L4,23.55,MODIS_MOD11A1,,,
nagpur,2025-11-30,0.00,CHIRPS,0.3260,SMAP_L4,,,,,
nagpur,2025-12-01,0.00,CHIRPS,0.3270,SMAP_L4,23.65,MODIS_MOD11A1,,,
nagpur,2025-12-02,0.00,CHIRPS,0.3186,SMAP_L4,,,,,
nagpur,2025-12-03,0.00,CHIRPS,0.3145,SMAP_L4,22.96,MODIS_MOD11A1,,,
nagpur,2025-12-04,0.00,CHIRPS,0.3043,SMAP_L4,24.94,MODIS_MOD11A1,,,
nagpur,2025-12-05,0.00,CHIRPS,0.3074,SMAP_L4,21.51,MODIS_MOD11A1,,,
nagpur,2025-12-06,0.00,CHIRPS,0.3090,SMAP_L4,18.43,MODIS_MOD11A1,,,
nagpur,2025-12-07,0.00,CHIRPS,0.3056,SMAP_L4,,,,,
nagpur,2025-12-08,0.00,CHIRPS,0.3029,SMAP_L4,22.81,MODIS_MOD11A1,,,
nagpur,2025-12-09,0.00,CHIRPS,0.3001,SMAP_L4,,,,,
nagpur,2025-12-10,0.00,CHIRPS,0.2931,SMAP_L4,21.60,MODIS_MOD11A1,,,
nagpur,2025-12-11,0.00,CHIRPS,0.2902,SMAP_L4,23.18,MODIS_MOD11A1,,,
nagpur,2025-12-12,0.17,CHIRPS,0.2859,SMAP_L4,,,,,
nagpur,2025-12-13,0.00,CHIRPS,0.2892,SMAP_L4,22.54,MODIS_MOD11A1,,,
nagpur,2025-12-14,0.00,CHIRPS,0.2926,SMAP_L4,24.29,MODIS_MOD11A1,,,
nagpur,2025-12-15,0.00,CHIRPS,0.2857,SMAP_L4,19.75,MODIS_MOD11A1,,,
nagpur,2025-12-16,0.00,CHIRPS,0.2769,SMAP_L4,21.88,MODIS_MOD11A1,,,
nagpur,2025-12-17,0.00,CHIRPS,0.2812,SMAP_L4,,,,,
nagpur,2025-12-18,3.20,CHIRPS,0.2784,SMAP_L4,23.07,MODIS_MOD11A1,,,
nagpur,2025-12-19,0.00,CHIRPS,0.2726,SMAP_L4,24.23,MODIS_MOD11A1,,,
nagpur,2025-12-20,0.00,CHIRPS,0.2718,SMAP_L4,19.73,MODIS_MOD11A1,,,
nagpur,2025-12-21,0.00,CHIRPS,0.2722,SMAP_L4,16.10,MODIS_MOD11A1,,,
nagpur,2025-12-22,2.99,CHIRPS,0.2741,SMAP_L4,,,,,
nagpur,2025-12-23,0.00,CHIRPS,0.2688,SMAP_L4,21.63,MODIS_MOD11A1,,,
nagpur,2025-12-24,0.00,CHIRPS,0.2666,SMAP_L4,24.62,MODIS_MOD11A1,,,
nagpur,2025-12-25,0.00,CHIRPS,0.2703,SMAP_L4,21.26,MODIS_MOD11A1,,,
nagpur,2025-12-26,0.00,CHIRPS,0.2659,SMAP_L4,22.45,MODIS_MOD11A1,,,
nagpur,2025-12-27,0.00,CHIRPS,0.2622,SMAP_L4,,,,,
nagpur,2025-12-28,0.00,CHIRPS,0.2565,SMAP_L4,21.19,MODIS_MOD11A1,,,
nagpur,2025-12-29,0.00,CHIRPS,0.2543,SMAP_L4,,,,,
nagpur,2025-12-30,0.00,CHIRPS,0.2545,SMAP_L4,19.70,MODIS_MOD11A1,,,
nagpur,2025-12-31,0.00,CHIRPS,0.2591,SMAP_L4,,,,,
nagpur,2026-01-01,0.00,CHIRPS,0.2639,SMAP_L4,,,,,
nagpur,2026-01-02,0.00,CHIRPS,0.2640,SMAP_L4,,,,,
nagpur,2026-01-03,0.12,CHIRPS,0.2605,SMAP_L4,,,,,
nagpur,2026-01-04,0.00,CHIRPS,0.2624,SMAP_L4,,,,,
nagpur,2026-01-05,0.00,CHIRPS,0.2540,SMAP_L4,,,,,
nagpur,2026-01-06,0.00,CHIRPS,0.2437,SMAP_L4,,,,,
nagpur,2026-01-07,0.00,CHIRPS,0.2408,SMAP_L4,20.83,MODIS_MOD11A1,,,
nagpur,2026-01-08,0.00,CHIRPS,0.2443,SMAP_L4,22.63,MODIS_MOD11A1,,,
nagpur,2026-01-09,0.00,CHIRPS,0.2317,SMAP_L4,18.52,MODIS_MOD11A1,,,
nagpur,2026-01-10,0.25,CHIRPS,0.2369,SMAP_L4,22.00,MODIS_MOD11A1,,,
nagpur,2026-01-11,0.00,CHIRPS,0.2267,SMAP_L4,,,,,
nagpur,2026-01-12,0.00,CHIRPS,0.2331,SMAP_L4,21.24,MODIS_MOD11A1,,,
nagpur,2026-01-13,0.00,CHIRPS,0.2334,SMAP_L4,22.85,MODIS_MOD11A1,,,
nagpur,2026-01-14,0.00,CHIRPS,0.2348,SMAP_L4,20.47,MODIS_MOD11A1,,,
nagpur,2026-01-15,0.00,CHIRPS,0.2359,SMAP_L4,23.35,MODIS_MOD11A1,,,
nagpur,2026-01-16,0.00,CHIRPS,0.2310,SMAP_L4,,,,,
nagpur,2026-01-17,0.00,CHIRPS,0.2260,SMAP_L4,22.17,MODIS_MOD11A1,,,
nagpur,2026-01-18,4.15,CHIRPS,0.2310,SMAP_L4,25.06,MODIS_MOD11A1,,,
nagpur,2026-01-19,0.00,CHIRPS,0.2230,SMAP_L4,,,,,
nagpur,2026-01-20,0.00,CHIRPS,0.2220,SMAP_L4,23.64,MODIS_MOD11A1,,,
nagpur,2026-01-21,0.00,CHIRPS,0.2199,SMAP_L4,,,,,
nagpur,2026-01-22,0.00,CHIRPS,0.2167,SMAP_L4,22.82,MODIS_MOD11A1,,,
nagpur,2026-01-23,0.00,CHIRPS,0.2187,SMAP_L4,23.98,MODIS_MOD11A1,,,
nagpur,2026-01-24,0.00,CHIRPS,0.2166,SMAP_L4,22.18,MODIS_MOD11A1,,,
nagpur,2026-01-25,4.66,CHIRPS,0.2153,SMAP_L4,23.07,MODIS_MOD11A1,,,
nagpur,2026-01-26,0.00,CHIRPS,0.2189,SMAP_L4,,,,,
nagpur,2026-01-27,0.00,CHIRPS,0.2071,SMAP_L4,22.70,MODIS_MOD11A1,,,
nagpur,2026-01-28,0.00,CHIRPS,0.2108,SMAP_L4,,,,,
nagpur,2026-01-29,4.45,CHIRPS,0.2114,SMAP_L4,21.83,MODIS_MOD11A1,,,
nagpur,2026-01-30,0.00,CHIRPS,0.2136,SMAP_L4,23.68,MODIS_MOD11A1,,,
nagpur,2026-01-31,0.46,CHIRPS,0.2123,SMAP_L4,,,,,
nagpur,2026-02-01,0.00,CHIRPS,0.2091,SMAP_L4,,,,,
nagpur,2026-02-02,0.00,CHIRPS,0.2087,SMAP_L4,22.12,MODIS_MOD11A1,,,
nagpur,2026-02-03,0.00,CHIRPS,0.2163,SMAP_L4,22.83,MODIS_MOD11A1,,,
nagpur,2026-02-04,0.00,CHIRPS,0.2071,SMAP_L4,25.16,MODIS_MOD11A1,,,
nagpur,2026-02-05,0.00,CHIRPS,0.2081,SMAP_L4,,,,,
nagpur,2026-02-06,0.00,CHIRPS,0.2045,SMAP_L4,24.89,MODIS_MOD11A1,,,
nagpur,2026-02-07,0.00,CHIRPS,0.2038,SMAP_L4,25.69,MODIS_MOD11A1,,,
nagpur,2026-02-08,0.00,CHIRPS,0.2012,SMAP_L4,23.00,MODIS_MOD11A1,,,
nagpur,2026-02-09,0.00,CHIRPS,0.1922,SMAP_L4,25.80,MODIS_MOD11A1,,,
nagpur,2026-02-10,0.00,CHIRPS,0.1784,SMAP_L4,,,,,
nagpur,2026-02-11,0.00,CHIRPS,0.1878,SMAP_L4,25.49,MODIS_MOD11A1,,,
nagpur,2026-02-12,0.00,CHIRPS,0.1934,SMAP_L4,26.55,MODIS_MOD11A1,,,
nagpur,2026-02-13,0.00,CHIRPS,0.1940,SMAP_L4,,,,,
nagpur,2026-02-14,0.00,CHIRPS,0.1894,SMAP_L4,27.59,MODIS_MOD11A1,,,
nagpur,2026-02-15,0.00,CHIRPS,0.1899,SMAP_L4,,,,,
nagpur,2026-02-16,0.00,CHIRPS,0.1880,SMAP_L4,26.76,MODIS_MOD11A1,,,
nagpur,2026-02-17,0.00,CHIRPS,0.1806,SMAP_L4,27.76,MODIS_MOD11A1,,,
nagpur,2026-02-18,0.00,CHIRPS,0.1819,SMAP_L4,24.69,MODIS_MOD11A1,,,
nagpur,2026-02-19,0.00,CHIRPS,0.1921,SMAP_L4,26.59,MODIS_MOD11A1,,,
nagpur,2026-02-20,0.00,CHIRPS,0.1835,SMAP_L4,,,,,
nagpur,2026-02-21,0.00,CHIRPS,0.1828,SMAP_L4,25.70,MODIS_MOD11A1,,,
nagpur,2026-02-22,0.00,CHIRPS,0.1787,SMAP_L4,,,,,
nagpur,2026-02-23,0.67,CHIRPS,0.2101,SMAP_L4,,,,,
nagpur,2026-02-24,9.27,CHIRPS,0.2066,SMAP_L4,25.70,MODIS_MOD11A1,,,
nagpur,2026-02-25,0.00,CHIRPS,0.1931,SMAP_L4,,,,,
nagpur,2026-02-26,0.00,CHIRPS,0.1884,SMAP_L4,27.00,MODIS_MOD11A1,,,
nagpur,2026-02-27,0.00,CHIRPS,0.1860,SMAP_L4,,,,,
nagpur,2026-02-28,0.00,CHIRPS,0.1763,SMAP_L4,28.14,MODIS_MOD11A1,,,
nagpur,2026-03-01,0.00,CHIRPS,0.1725,SMAP_L4,31.66,MODIS_MOD11A1,,,
nagpur,2026-03-02,0.00,CHIRPS,0.1605,SMAP_L4,,,,,
nagpur,2026-03-03,0.23,CHIRPS,0.1651,SMAP_L4,31.33,MODIS_MOD11A1,,,
nagpur,2026-03-04,0.00,CHIRPS,0.1670,SMAP_L4,34.38,MODIS_MOD11A1,,,
nagpur,2026-03-05,0.00,CHIRPS,0.1592,SMAP_L4,31.58,MODIS_MOD11A1,,,
nagpur,2026-03-06,0.00,CHIRPS,0.1473,SMAP_L4,34.76,MODIS_MOD11A1,,,
nagpur,2026-03-07,0.00,CHIRPS,0.1465,SMAP_L4,,,,,
nagpur,2026-03-08,0.00,CHIRPS,0.1554,SMAP_L4,34.10,MODIS_MOD11A1,,,
nagpur,2026-03-09,0.00,CHIRPS,0.1524,SMAP_L4,35.49,MODIS_MOD11A1,,,
nagpur,2026-03-10,0.00,CHIRPS,0.1530,SMAP_L4,32.05,MODIS_MOD11A1,,,
nagpur,2026-03-11,0.00,CHIRPS,0.1563,SMAP_L4,34.75,MODIS_MOD11A1,,,
nagpur,2026-03-12,0.00,CHIRPS,0.1569,SMAP_L4,,,,,
nagpur,2026-03-13,0.00,CHIRPS,0.1457,SMAP_L4,34.42,MODIS_MOD11A1,,,
nagpur,2026-03-14,0.00,CHIRPS,0.1452,SMAP_L4,33.08,MODIS_MOD11A1,,,
nagpur,2026-03-15,0.00,CHIRPS,0.1531,SMAP_L4,30.44,MODIS_MOD11A1,,,
nagpur,2026-03-16,0.00,CHIRPS,0.1563,SMAP_L4,33.26,MODIS_MOD11A1,,,
nagpur,2026-03-17,3.09,CHIRPS,0.1571,SMAP_L4,,,,,
nagpur,2026-03-18,17.95,CHIRPS,0.1840,SMAP_L4,,,,,
nagpur,2026-03-19,0.00,CHIRPS,0.1764,SMAP_L4,30.03,MODIS_MOD11A1,,,
nagpur,2026-03-20,0.00,CHIRPS,0.1885,SMAP_L4,,,,,
nagpur,2026-03-21,0.00,CHIRPS,0.1645,SMAP_L4,32.41,MODIS_MOD11A1,,,
nagpur,2026-03-22,0.00,CHIRPS,0.1497,SMAP_L4,,,,,
nagpur,2026-03-23,0.00,CHIRPS,0.1465,SMAP_L4,34.03,MODIS_MOD11A1,,,
nagpur,2026-03-24,0.00,CHIRPS,0.1493,SMAP_L4,34.58,MODIS_MOD11A1,,,
nagpur,2026-03-25,0.00,CHIRPS,0.1414,SMAP_L4,34.88,MODIS_MOD11A1,,,
nagpur,2026-03-26,0.00,CHIRPS,0.1392,SMAP_L4,36.81,MODIS_MOD11A1,,,
nagpur,2026-03-27,0.00,CHIRPS,0.1330,SMAP_L4,,,,,
nagpur,2026-03-28,0.17,CHIRPS,0.1291,SMAP_L4,37.76,MODIS_MOD11A1,,,
nagpur,2026-03-29,0.00,CHIRPS,0.1211,SMAP_L4,37.17,MODIS_MOD11A1,,,
nagpur,2026-03-30,0.00,CHIRPS,0.1472,SMAP_L4,35.64,MODIS_MOD11A1,,,
nagpur,2026-03-31,0.00,CHIRPS,0.1821,SMAP_L4,,,,,
nagpur,2026-04-01,21.89,CHIRPS,0.1746,SMAP_L4,,,,,
nagpur,2026-04-02,0.00,CHIRPS,0.2352,SMAP_L4,,,,,
nagpur,2026-04-03,0.21,CHIRPS,0.2173,SMAP_L4,32.50,MODIS_MOD11A1,,,
nagpur,2026-04-04,0.00,CHIRPS,0.2161,SMAP_L4,,,,,
nagpur,2026-04-05,0.00,CHIRPS,0.1992,SMAP_L4,30.36,MODIS_MOD11A1,,,
nagpur,2026-04-06,0.00,CHIRPS,0.1879,SMAP_L4,,,,,
nagpur,2026-04-07,0.00,CHIRPS,0.1692,SMAP_L4,34.71,MODIS_MOD11A1,,,
nagpur,2026-04-08,0.00,CHIRPS,0.1662,SMAP_L4,34.31,MODIS_MOD11A1,,,
nagpur,2026-04-09,0.00,CHIRPS,0.1578,SMAP_L4,33.74,MODIS_MOD11A1,,,
nagpur,2026-04-10,0.00,CHIRPS,0.1505,SMAP_L4,36.82,MODIS_MOD11A1,,,
nagpur,2026-04-11,0.00,CHIRPS,0.1352,SMAP_L4,,,,,
nagpur,2026-04-12,0.00,CHIRPS,0.1256,SMAP_L4,38.69,MODIS_MOD11A1,,,
nagpur,2026-04-13,0.00,CHIRPS,0.1222,SMAP_L4,37.97,MODIS_MOD11A1,,,
nagpur,2026-04-14,0.00,CHIRPS,0.1241,SMAP_L4,37.15,MODIS_MOD11A1,,,
nagpur,2026-04-15,0.00,CHIRPS,0.1131,SMAP_L4,41.68,MODIS_MOD11A1,,,
nagpur,2026-04-16,0.00,CHIRPS,0.1195,SMAP_L4,,,,,
nagpur,2026-04-17,0.00,CHIRPS,0.1157,SMAP_L4,39.68,MODIS_MOD11A1,,,
nagpur,2026-04-18,0.00,CHIRPS,0.1272,SMAP_L4,36.05,MODIS_MOD11A1,,,
nagpur,2026-04-19,0.00,CHIRPS,0.1173,SMAP_L4,36.21,MODIS_MOD11A1,,,
nagpur,2026-04-20,0.00,CHIRPS,0.1233,SMAP_L4,,,,,
nagpur,2026-04-21,0.00,CHIRPS,0.1288,SMAP_L4,,,,,
nagpur,2026-04-22,0.00,CHIRPS,0.1140,SMAP_L4,40.38,MODIS_MOD11A1,,,
nagpur,2026-04-23,0.00,CHIRPS,0.1123,SMAP_L4,40.42,MODIS_MOD11A1,,,
nagpur,2026-04-24,0.00,CHIRPS,0.1169,SMAP_L4,39.08,MODIS_MOD11A1,,,
nagpur,2026-04-25,0.00,CHIRPS,0.1142,SMAP_L4,43.27,MODIS_MOD11A1,,,
nagpur,2026-04-26,0.00,CHIRPS,0.1097,SMAP_L4,,,,,
nagpur,2026-04-27,0.00,CHIRPS,0.1057,SMAP_L4,39.39,MODIS_MOD11A1,,,
nagpur,2026-04-28,0.00,CHIRPS,0.1075,SMAP_L4,41.09,MODIS_MOD11A1,,,
nagpur,2026-04-29,0.00,CHIRPS,0.1074,SMAP_L4,,,,,
nagpur,2026-04-30,0.00,CHIRPS,0.1104,SMAP_L4,42.92,MODIS_MOD11A1,,,
nagpur,2026-05-01,0.01,CHIRPS,0.1155,SMAP_L4,,,,,
nagpur,2026-05-02,1.36,CHIRPS,0.1230,SMAP_L4,40.85,MODIS_MOD11A1,,,
nagpur,2026-05-03,0.00,CHIRPS,0.1245,SMAP_L4,41.54,MODIS_MOD11A1,,,
nagpur,2026-05-04,0.00,CHIRPS,0.1072,SMAP_L4,,,,,
nagpur,2026-05-05,1.32,CHIRPS,0.0933,SMAP_L4,42.16,MODIS_MOD11A1,,,
nagpur,2026-05-06,0.00,CHIRPS,0.1150,SMAP_L4,,,,,
nagpur,2026-05-07,0.00,CHIRPS,0.1263,SMAP_L4,39.40,MODIS_MOD11A1,,,
nagpur,2026-05-08,0.00,CHIRPS,0.1695,SMAP_L4,37.36,MODIS_MOD11A1,,,
nagpur,2026-05-09,0.00,CHIRPS,0.1479,SMAP_L4,,,,,
nagpur,2026-05-10,0.00,CHIRPS,0.1320,SMAP_L4,40.64,MODIS_MOD11A1,,,
nagpur,2026-05-11,0.00,CHIRPS,0.1108,SMAP_L4,,,,,
nagpur,2026-05-12,0.00,CHIRPS,0.1145,SMAP_L4,41.28,MODIS_MOD11A1,,,
nagpur,2026-05-13,0.00,CHIRPS,0.1144,SMAP_L4,36.73,MODIS_MOD11A1,,,
nagpur,2026-05-14,0.00,CHIRPS,0.1158,SMAP_L4,34.59,MODIS_MOD11A1,,,
nagpur,2026-05-15,0.00,CHIRPS,0.1090,SMAP_L4,40.15,MODIS_MOD11A1,,,
nagpur,2026-05-16,0.00,CHIRPS,0.1047,SMAP_L4,,,,,
nagpur,2026-05-17,0.00,CHIRPS,0.1122,SMAP_L4,34.68,MODIS_MOD11A1,,,
nagpur,2026-05-18,0.00,CHIRPS,0.1043,SMAP_L4,42.52,MODIS_MOD11A1,,,
nagpur,2026-05-19,0.00,CHIRPS,0.1030,SMAP_L4,34.42,MODIS_MOD11A1,,,
nagpur,2026-05-20,0.00,CHIRPS,0.0969,SMAP_L4,41.49,MODIS_MOD11A1,,,
nagpur,2026-05-21,0.00,CHIRPS,0.0807,SMAP_L4,,,,,
nagpur,2026-05-22,0.00,CHIRPS,0.0757,SMAP_L4,39.33,MODIS_MOD11A1,,,
nagpur,2026-05-23,0.00,CHIRPS,0.0714,SMAP_L4,40.77,MODIS_MOD11A1,,,
nagpur,2026-05-24,0.00,CHIRPS,0.0745,SMAP_L4,34.47,MODIS_MOD11A1,,,
nagpur,2026-05-25,0.00,CHIRPS,0.0811,SMAP_L4,42.01,MODIS_MOD11A1,,,
nagpur,2026-05-26,0.40,CHIRPS,0.0863,SMAP_L4,,,,,
nagpur,2026-05-27,0.00,CHIRPS,0.0913,SMAP_L4,39.97,MODIS_MOD11A1,,,
nagpur,2026-05-28,0.00,CHIRPS,0.0954,SMAP_L4,37.73,MODIS_MOD11A1,,,
nagpur,2026-05-29,0.00,CHIRPS,0.0903,SMAP_L4,36.28,MODIS_MOD11A1,,,
nagpur,2026-05-30,24.55,CHIRPS,0.1217,SMAP_L4,39.43,MODIS_MOD11A1,,,
nagpur,2026-05-31,1.29,CHIRPS,0.1572,SMAP_L4,,,,,
nagpur,2026-06-01,1.50,CHIRPS,0.1640,SMAP_L4,39.41,MODIS_MOD11A1,,,
nagpur,2026-06-02,0.00,CHIRPS,0.1347,SMAP_L4,39.97,MODIS_MOD11A1,,,
nagpur,2026-06-03,0.08,CHIRPS,0.0922,SMAP_L4,37.48,MODIS_MOD11A1,,,
nagpur,2026-06-04,0.06,CHIRPS,0.0830,SMAP_L4,41.20,MODIS_MOD11A1,,,
nagpur,2026-06-05,0.94,CHIRPS,0.0820,SMAP_L4,,,,,
nagpur,2026-06-06,0.00,CHIRPS,0.0793,SMAP_L4,41.68,MODIS_MOD11A1,,,
nagpur,2026-06-07,0.00,CHIRPS,0.0764,SMAP_L4,39.67,MODIS_MOD11A1,,,
nagpur,2026-06-08,0.00,CHIRPS,0.0740,SMAP_L4,36.20,MODIS_MOD11A1,,,
nagpur,2026-06-09,0.00,CHIRPS,0.0987,SMAP_L4,38.55,MODIS_MOD11A1,,,
nagpur,2026-06-10,0.00,CHIRPS,0.1292,SMAP_L4,,,,,
nagpur,2026-06-11,0.00,CHIRPS,0.1515,SMAP_L4,36.49,MODIS_MOD11A1,,,
nagpur,2026-06-12,1.58,CHIRPS,0.1423,SMAP_L4,37.20,MODIS_MOD11A1,,,
nagpur,2026-06-13,16.10,CHIRPS,0.2260,SMAP_L4,,,,,
nagpur,2026-06-14,0.00,CHIRPS,0.2199,SMAP_L4,32.91,MODIS_MOD11A1,,,
nagpur,2026-06-15,0.00,CHIRPS,0.2055,SMAP_L4,,,,,
nagpur,2026-06-16,0.00,CHIRPS,0.1852,SMAP_L4,35.56,MODIS_MOD11A1,,,
nagpur,2026-06-17,0.00,CHIRPS,0.1315,SMAP_L4,38.87,MODIS_MOD11A1,,,
nagpur,2026-06-18,0.00,CHIRPS,0.1554,SMAP_L4,,,,,
nagpur,2026-06-19,1.70,CHIRPS,0.1741,SMAP_L4,39.89,MODIS_MOD11A1,,,
nagpur,2026-06-20,0.00,CHIRPS,0.1194,SMAP_L4,39.49,MODIS_MOD11A1,,,
nagpur,2026-06-21,0.00,CHIRPS,0.1160,SMAP_L4,,,,,
nagpur,2026-06-22,9.71,CHIRPS,0.1467,SMAP_L4,41.81,MODIS_MOD11A1,,,
nagpur,2026-06-23,23.15,CHIRPS,0.2757,SMAP_L4,,,,,
nagpur,2026-06-24,6.24,CHIRPS,0.2578,SMAP_L4,,,,,
nagpur,2026-06-25,0.00,CHIRPS,0.2261,SMAP_L4,,,,,
nagpur,2026-06-26,9.32,CHIRPS,0.2249,SMAP_L4,,,,,
nagpur,2026-06-27,3.84,CHIRPS,0.2335,SMAP_L4,,,,,
nagpur,2026-06-28,14.80,CHIRPS,0.2453,SMAP_L4,,,,,
nagpur,2026-06-29,22.58,CHIRPS,0.2578,SMAP_L4,,,,,
nagpur,2026-06-30,14.54,CHIRPS,0.2600,SMAP_L4,,,,,
nagpur,2026-07-01,19.81,CHIRPS,0.3014,SMAP_L4,,,,,
nagpur,2026-07-02,10.25,CHIRPS,0.3137,SMAP_L4,,,,,
nagpur,2026-07-03,31.92,CHIRPS,0.3337,SMAP_L4,,,,,
nagpur,2026-07-04,15.60,CHIRPS,0.3235,SMAP_L4,,,,,
nagpur,2026-07-05,25.35,CHIRPS,0.3256,SMAP_L4,,,,,
nagpur,2026-07-06,4.40,CHIRPS,0.3030,SMAP_L4,,,,,
nagpur,2026-07-07,4.36,CHIRPS,0.3146,SMAP_L4,,,,,
nagpur,2026-07-08,0.00,CHIRPS,0.3084,SMAP_L4,,,,,
nagpur,2026-07-09,12.36,CHIRPS,0.2976,SMAP_L4,,,,,
nagpur,2026-07-10,0.00,CHIRPS,0.2825,SMAP_L4,,,,,
nagpur,2026-07-11,0.00,CHIRPS,0.2549,SMAP_L4,,,,,
nagpur,2026-07-12,0.00,CHIRPS,0.2313,SMAP_L4,,,,,
nagpur,2026-07-13,0.00,CHIRPS,0.2047,SMAP_L4,,,,,
nagpur,2026-07-14,0.00,CHIRPS,0.1971,SMAP_L4,,,,,
nagpur,2026-07-15,0.00,CHIRPS,0.2012,SMAP_L4,,,,,
nagpur,2026-07-16,13.71,CHIRPS,0.2407,SMAP_L4,,,,,
nagpur,2026-07-17,19.97,CHIRPS,0.3146,SMAP_L4,,,,,
nagpur,2026-07-18,10.54,CHIRPS,0.3521,SMAP_L4,,,,,
nagpur,2026-07-19,16.22,CHIRPS,0.3361,SMAP_L4,,,,,
nagpur,2026-07-20,28.66,CHIRPS,0.3644,SMAP_L4,,,,,
nagpur,2026-07-21,44.01,CHIRPS,0.4016,SMAP_L4,,,,,
nagpur,2026-07-22,22.27,CHIRPS,0.3959,SMAP_L4,,,,,
nagpur,2026-07-23,0.00,CHIRPS,0.3812,SMAP_L4,,,,,
nagpur,2026-07-24,3.26,CHIRPS,0.3643,SMAP_L4,,,,,
nagpur,2026-07-25,0.00,CHIRPS,0.3493,SMAP_L4,,,,,
nagpur,2026-07-26,1.32,CHIRPS,0.3417,SMAP_L4,,,,,
nagpur,2026-07-27,35.69,CHIRPS,0.3605,SMAP_L4,,,,,
nagpur,2026-07-28,70.44,CHIRPS,0.3931,SMAP_L4,,,,,
nagpur,2026-07-29,39.50,CHIRPS,0.4197,SMAP_L4,,,,,
nagpur,2026-07-30,13.16,CHIRPS,0.4154,SMAP_L4,,,,,
nagpur,2026-07-31,0.00,CHIRPS,0.4067,SMAP_L4,,,,,
nagpur,2026-08-01,0.00,CHIRPS,0.3987,SMAP_L4,,,,,
nagpur,2026-08-02,0.00,CHIRPS,0.3888,SMAP_L4,,,,,
nagpur,2026-08-03,4.59,CHIRPS,0.3774,SMAP_L4,,,,,
nagpur,2026-08-04,16.00,CHIRPS,0.3917,SMAP_L4,,,,,
nagpur,2026-08-05,1.80,CHIRPS,0.3846,SMAP_L4,,,,,
nagpur,2026-08-06,0.34,CHIRPS,0.3722,SMAP_L4,,,,,
nagpur,2026-08-07,1.33,CHIRPS,0.3875,SMAP_L4,,,,,
nagpur,2026-08-08,4.85,CHIRPS,0.4036,SMAP_L4,,,,,
nagpur,2026-08-09,11.65,CHIRPS,0.4010,SMAP_L4,,,,,
nagpur,2026-08-10,0.00,CHIRPS,0.4054,SMAP_L4,,,,,
nagpur,2026-08-11,0.00,CHIRPS,0.3935,SMAP_L4,,,,,
nagpur,2026-08-12,0.00,CHIRPS,0.3725,SMAP_L4,,,,,
nagpur,2026-08-13,0.98,CHIRPS,0.3649,SMAP_L4,,,,,
nagpur,2026-08-14,0.00,CHIRPS,0.3909,SMAP_L4,,,,,
nagpur,2026-08-15,13.03,CHIRPS,0.4065,SMAP_L4,,,,,
nagpur,2026-08-16,20.83,CHIRPS,0.4037,SMAP_L4,,,,,
nagpur,2026-08-17,3.91,CHIRPS,0.3931,SMAP_L4,,,,,
nagpur,2026-08-18,0.95,CHIRPS,0.3844,SMAP_L4,,,,,
nagpur,2026-08-19,11.65,CHIRPS,0.3957,SMAP_L4,,,,,
nagpur,2026-08-20,2.79,CHIRPS,0.3772,SMAP_L4,,,,,
nagpur,2026-08-21,10.85,CHIRPS,0.3817,SMAP_L4,,,,,
nagpur,2026-08-22,3.86,CHIRPS,0.4074,SMAP_L4,,,,,
nagpur,2026-08-23,13.49,CHIRPS,0.4137,SMAP_L4,,,,,
nagpur,2026-08-24,6.23,CHIRPS,0.4163,SMAP_L4,,,,,
nagpur,2026-08-25,4.12,CHIRPS,0.4029,SMAP_L4,,,,,
nagpur,2026-08-26,0.40,CHIRPS,0.3940,SMAP_L4,,,,,
nagpur,2026-08-27,1.13,CHIRPS,0.4007,SMAP_L4,,,,,
nagpur,2026-08-28,0.47,CHIRPS,0.4036,SMAP_L4,,,,,
nagpur,2026-08-29,8.51,CHIRPS,0.4251,SMAP_L4,,,,,
nagpur,2026-08-30,0.31,CHIRPS,0.4196,SMAP_L4,,,,,
nagpur,2026-08-31,0.82,CHIRPS,0.4132,SMAP_L4,,,,,
nagpur,2026-09-01,1.37,IMERG,0.4027,SMAP_L4,,,,,
nagpur,2026-09-02,12.13,IMERG,0.4284,SMAP_L4,,,,,
nagpur,2026-09-03,10.91,IMERG,0.4296,SMAP_L4,,,,,
nagpur,2026-09-04,2.94,IMERG,0.4186,SMAP_L4,,,,,
nagpur,2026-09-05,4.92,IMERG,0.4230,SMAP_L4,,,,,
nagpur,2026-09-06,1.40,IMERG,0.4066,SMAP_L4,,,,,
nagpur,2026-09-07,0.16,IMERG,0.3957,SMAP_L4,28.49,MODIS_MOD11A1,,,
nagpur,2026-09-08,1.01,IMERG,0.3928,SMAP_L4,,,,,
nagpur,2026-09-09,0.39,IMERG,0.3837,SMAP_L4,,,,,
nagpur,2026-09-10,0.78,IMERG,0.3739,SMAP_L4,26.54,MODIS_MOD11A1,,,
nagpur,2026-09-11,5.45,IMERG,0.3973,SMAP_L4,,,,,
nagpur,2026-09-12,18.22,IMERG,0.4283,SMAP_L4,,,,,
nagpur,2026-09-13,2.42,IMERG,0.4235,SMAP_L4,,,,,
nagpur,2026-09-14,1.94,IMERG,0.4195,SMAP_L4,,,,,
nagpur,2026-09-15,0.95,IMERG,0.4085,SMAP_L4,,,,,
nagpur,2026-09-16,2.53,IMERG,0.4000,SMAP_L4,,,,,
nagpur,2026-09-17,0.00,IMERG,0.3874,SMAP_L4,,,,,
nagpur,2026-09-18,36.60,IMERG,0.4207,SMAP_L4,,,,,
nagpur,2026-09-19,0.68,IMERG,,,26.25,MODIS_MOD11A1,,,
nagpur,2026-09-20,1.20,IMERG,,,28.39,MODIS_MOD11A1,,,
nagpur,2026-09-21,0.00,IMERG,,,,,,,
nagpur,2026-09-22,,,,,,,,,
