{"type": "FeatureCollection", "features": [{"type": "Feature", "geometry": {"type": "Polygon", "coordinates": [[[79.00707070707071, 20.994949494949495], [79.00707070707071, 21.005050505050505], [78.99292929292929, 21.005050505050505], [78.99292929292929, 20.994949494949495], [79.00707070707071, 20.994949494949495]]]}, "properties": {"confidence_score": 0.2103, "site_id": "nagpur"}}, {"type": "Feature", "geometry": {"type": "Polygon", "coordinates": [[[79.02121212121213, 20.994949494949495], [79.02121212121213, 21.005050505050505], [79.00707070707071, 21.005050505050505], [79.00707070707071, 20.994949494949495], [79.02121212121213, 20.994949494949495]]]}, "properties": {"confidence_score": 0.2283, "site_id": "nagpur"}}, {"type": "Feature", "geometry": {"type": "Polygon", "coordinates": [[[79.03535353535354, 20.994949494949495], [79.03535353535354, 21.005050505050505], [79.02121212121212, 21.005050505050505], [79.02121212121212, 20.994949494949495], [79.03535353535354, 20.994949494949495]]]}, "properties": {"confidence_score": 0.2261, "site_id": "nagpur"}}, {"type": "Feature", "geometry": {"type": "Polygon", "coordinates": [[[79.04949494949496, 20.994949494949495], [79.04949494949496, 21.005050505050505], [79.03535353535354, 21.005050505050505], [79.03535353535354, 20.994949494949495], [79.04949494949496, 20.994949494949495]]]}, "properties": {"confidence_score": 0.2392, "site_id": "nagpur"}}, {"type": "Feature", "geometry": {"type": "Polygon", "coordinates": [[[79.06363636363636, 20.994949494949495], [79.06363636363636, 21.005050505050505], [79.04949494949494, 21.005050505050505], [79.04949494949494, 20.994949494949495], [79.06363636363636, 20.994949494949495]]]}, "properties": {"confidence_score": 0.2238, "site_id": "nagpur"}}, {"type": "Feature", "geometry": {"type": "Polygon", "coordinates": [[[79.07777777777778, 20.994949494949495], [79.07777777777778, 21.005050505050505], [79.06363636363636, 21.005050505050505], [79.06363636363636, 20.994949494949495], [79.07777777777778, 20.994949494949495]]]}, "properties": {"confidence_score": 0.2129, "site_id": "nagpur"}}, {"type": "Feature", "geometry": {"type": "Polygon", "coordinates": [[[79.09191919191919, 20.994949494949495], [79.09191919191919, 21.005050505050505], [79.07777777777777, 21.005050505050505], [79.07777777777777, 20.994949494949495], [79.09191919191919, 20.994949494949495]]]}, "properties": {"confidence_score": 0.1643, "site_id": "nagpur"}}, {"type": "Feature", "geometry": {"type": "Polygon", "coordinates": [[[79.10606060606061, 20.994949494949495], [79.10606060606061, 21.005050505050505], [79.09191919191919, 21.005050505050505], [79.09191919191919, 20.994949494949495], [79.10606060606061, 20.994949494949495]]]}, "properties": {"confidence_score": 0.2531, "site_id": "nagpur"}}, {"type": "Feature", "geometry": {"type": "Polygon", "coordinates": [[[79.12020202020203, 20.994949494949495], [79.12020202020203, 21.005050505050505], [79.10606060606061, 21.005050505050505], [79.10606060606061, 20.994949494949495], [79.12020202020203, 20.994949494949495]]]}, "properties": {"confidence_score": 0.3115, "site_id": "nagpur"}}, {"type": "Feature", "geometry": {"type": "Polygon", "coordinates": [[[79.13434343434344, 20.994949494949495], [79.13434343434344, 21.005050505050505], [79.12020202020202, 21.005050505050505], [79.12020202020202, 20.994949494949495], [79.13434343434344, 20.994949494949495]]]}, "properties": {"confidence_score": 0.5238, "site_id": "nagpur"}}, {"type": "Feature", "geometry": {"type": "Polygon", "coordinates": [[[79.14848484848486, 20.994949494949495], [79.14848484848486, 21.005050505050505], [79.13434343434344, 21.005050505050505], [79.13434343434344, 20.994949494949495], [79.14848484848486, 20.994949494949495]]]}, "properties": {"confidence_score": 0.7525, "site_id": "nagpur"}}, {"type": "Feature", "geometry": {"type": "Polygon", "coordinates": [[[79.16262626262626, 20.994949494949495], [79.16262626262626, 21.005050505050505], [79.14848484848484, 21.005050505050505], [79.14848484848484, 20.994949494949495], [79.16262626262626, 20.994949494949495]]]}, "properties": {"confidence_score": 0.5888, "site_id": "nagpur"}}, {"type": "Feature", "geometry": {"type": "Polygon", "coordinates": [[[79.17676767676768, 20.994949494949495], [79.17676767676768, 21.005050505050505], [79.16262626262626, 21.005050505050505], [79.16262626262626, 20.994949494949495], [79.17676767676768, 20.994949494949495]]]}, "properties": {"confidence_score": 0.3969, "site_id": "nagpur"}}, {"type": "Feature", "geometry": {"type": "Polygon", "coordinates": [[[79.19090909090909, 20.994949494949495], [79.19090909090909, 21.005050505050505], [79.17676767676767, 21.005050505050505], [79.17676767676767, 20.994949494949495], [79.19090909090909, 20.994949494949495]]]}, "properties": {"confidence_score": 0.4551, "site_id": "nagpur"}}, {"type": "Feature", "geometry": {"type": "Polygon", "coordinates": [[[79.20505050505051, 20.994949494949495], [79.20505050505051, 21.005050505050505], [79.19090909090909, 21.005050505050505], [79.19090909090909, 20.994949494949495], [79.20505050505051, 20.994949494949495]]]}, "properties": {"confidence_score": 0.5842, "site_id": "nagpur"}}, {"type": "Feature", "geometry": {"type": "Polygon", "coordinates": [[[79.21919191919193, 20.994949494949495], [79.21919191919193, 21.005050505050505], [79.20505050505051, 21.005050505050505], [79.20505050505051, 20.994949494949495], [79.21919191919193, 20.994949494949495]]]}, "properties": {"confidence_score": 0.5441, "site_id": "nagpur"}}, {"type": "Feature", "geometry": {"type": "Polygon", "coordinates": [[[79.23333333333333, 20.994949494949495], [79.23333333333333, 21.005050505050505], [79.21919191919191, 21.005050505050505], [79.21919191919191, 20.994949494949495], [79.23333333333333, 20.994949494949495]]]}, "properties": {"confidence_score": 0.5106, "site_id": "nagpur"}}, {"type": "Feature", "geometry": {"type": "Polygon", "coordinates": [[[79.24747474747475, 20.994949494949495], [79.24747474747475, 21.005050505050505], [79.23333333333333, 21.005050505050505], [79.23333333333333, 20.994949494949495], [79.24747474747475, 20.994949494949495]]]}, "properties": {"confidence_score": 0.535, "site_id": "nagpur"}}, {"type": "Feature", "geometry": {"type": "Polygon", "coordinates": [[[79.26161616161616, 20.994949494949495], [79.26161616161616, 21.005050505050505], [79.24747474747474, 21.005050505050505], [79.24747474747474, 20.994949494949495], [79.26161616161616, 20.994949494949495]]]}, "properties": {"confidence_score": 0.5426, "site_id": "nagpur"}}, {"type": "Feature", "geometry": {"type": "Polygon", "coordinates": [[[79.27575757575758, 20.994949494949495], [79.27575757575758, 21.005050505050505], [79.26161616161616, 21.005050505050505], [79.26161616161616, 20.994949494949495], [79.27575757575758, 20.994949494949495]]]}, "properties": {"confidence_score": 0.5454, "site_id": "nagpur"}}, {"type": "Feature", "geometry": {"type": "Polygon", "coordinates": [[[79.289898989899, 20.994949494949495], [79.289898989899, 21.005050505050505], [79.27575757575758, 21.005050505050505], [79.27575757575758, 20.994949494949495], [79.289898989899, 20.994949494949495]]]}, "properties": {"confidence_score": 0.5203, "site_id": "nagpur"}}, {"type": "Feature", "geometry": {"type": "Polygon", "coordinates": [[[79.3040404040404, 20.994949494949495], [79.3040404040404, 21.005050505050505], [79.28989898989899, 21.005050505050505], [79.28989898989899, 20.994949494949495], [79.3040404040404, 20.994949494949495]]]}, "properties": {"confidence_score": 0.4794, "site_id": "nagpur"}}, {"type": "Feature", "geometry": {"type": "Polygon", "coordinates": [[[79.00707070707071, 21.005050505050505], [79.00707070707071, 21.015151515151516], [78.99292929292929, 21.015151515151516], [78.99292929292929, 21.005050505050505], [79.00707070707071, 21.005050505050505]]]}, "properties": {"confidence_score": 0.205, "site_id": "nagpur"}}, {"type": "Feature", "geometry": {"type": "Polygon", "coordinates": [[[79.02121212121213, 21.005050505050505], [79.02121212121213, 21.015151515151516], [79.00707070707071, 21.015151515151516], [79.00707070707071, 21.005050505050505], [79.02121212121213, 21.005050505050505]]]}, "properties": {"confidence_score": 0.2136, "site_id": "nagpur"}}, {"type": "Feature", "geometry": {"type": "Polygon", "coordinates": [[[79.03535353535354, 21.005050505050505], [79.03535353535354, 21.015151515151516], [79.02121212121212, 21.015151515151516], [79.02121212121212, 21.005050505050505], [79.03535353535354, 21.005050505050505]]]}, "properties": {"confidence_score": 0.2296, "site_id": "nagpur"}}, {"type": "Feature", "geometry": {"type": "Polygon", "coordinates": [[[79.04949494949496, 21.005050505050505], [79.04949494949496, 21.015151515151516], [79.03535353535354, 21.015151515151516], [79.03535353535354, 21.005050505050505], [79.04949494949496, 21.005050505050505]]]}, "properties": {"confidence_score": 0.2348, "site_id": "nagpur"}}, {"type": "Feature", "geometry": {"type": "Polygon", "coordinates": [[[79.06363636363636, 21.005050505050505], [79.06363636363636, 21.015151515151516], [79.04949494949494, 21.015151515151516], [79.04949494949494, 21.005050505050505], [79.06363636363636, 21.005050505050505]]]}, "properties": {"confidence_score": 0.2307, "site_id": "nagpur"}}, {"type": "Feature", "geometry": {"type": "Polygon", "coordinates": [[[79.07777777777778, 21.005050505050505], [79.07777777777778, 21.015151515151516], [79.06363636363636, 21.015151515151516], [79.06363636363636, 21.005050505050505], [79.07777777777778, 21.005050505050505]]]}, "properties": {"confidence_score": 0.2251, "site_id": "nagpur"}}, {"type": "Feature", "geometry": {"type": "Polygon", "coordinates": [[[79.09191919191919, 21.005050505050505], [79.09191919191919, 21.015151515151516], [79.07777777777777, 21.015151515151516], [79.07777777777777, 21.005050505050505], [79.09191919191919, 21.005050505050505]]]}, "properties": {"confidence_score": 0.2204, "site_id": "nagpur"}}, {"type": "Feature", "geometry": {"type": "Polygon", "coordinates": [[[79.10606060606061, 21.005050505050505], [79.10606060606061, 21.015151515151516], [79.09191919191919, 21.015151515151516], [79.09191919191919, 21.005050505050505], [79.10606060606061, 21.005050505050505]]]}, "properties": {"confidence_score": 0.2935, "site_id": "nagpur"}}, {"type": "Feature", "geometry": {"type": "Polygon", "coordinates": [[[79.12020202020203, 21.005050505050505], [79.12020202020203, 21.015151515151516], [79.10606060606061, 21.015151515151516], [79.10606060606061, 21.005050505050505], [79.12020202020203, 21.005050505050505]]]}, "properties": {"confidence_score": 0.3917, "site_id": "nagpur"}}, {"type": "Feature", "geometry": {"type": "Polygon", "coordinates": [[[79.13434343434344, 21.005050505050505], [79.13434343434344, 21.015151515151516], [79.12020202020202, 21.015151515151516], [79.12020202020202, 21.005050505050505], [79.13434343434344, 21.005050505050505]]]}, "properties": {"confidence_score": 0.5692, "site_id": "nagpur"}}, {"type": "Feature", "geometry": {"type": "Polygon", "coordinates": [[[79.14848484848486, 21.005050505050505], [79.14848484848486, 21.015151515151516], [79.13434343434344, 21.015151515151516], [79.13434343434344, 21.005050505050505], [79.14848484848486, 21.005050505050505]]]}, "properties": {"confidence_score": 0.7259, "site_id": "nagpur"}}, {"type": "Feature", "geometry": {"type": "Polygon", "coordinates": [[[79.16262626262626, 21.005050505050505], [79.16262626262626, 21.015151515151516], [79.14848484848484, 21.015151515151516], [79.14848484848484, 21.005050505050505], [79.16262626262626, 21.005050505050505]]]}, "properties": {"confidence_score": 0.6237, "site_id": "nagpur"}}, {"type": "Feature", "geometry": {"type": "Polygon", "coordinates": [[[79.17676767676768, 21.005050505050505], [79.17676767676768, 21.015151515151516], [79.16262626262626, 21.015151515151516], [79.16262626262626, 21.005050505050505], [79.17676767676768, 21.005050505050505]]]}, "properties": {"confidence_score": 0.4739, "site_id": "nagpur"}}, {"type": "Feature", "geometry": {"type": "Polygon", "coordinates": [[[79.19090909090909, 21.005050505050505], [79.19090909090909, 21.015151515151516], [79.17676767676767, 21.015151515151516], [79.17676767676767, 21.005050505050505], [79.19090909090909, 21.005050505050505]]]}, "properties": {"confidence_score": 0.4677, "site_id": "nagpur"}}, {"type": "Feature", "geometry": {"type": "Polygon", "coordinates": [[[79.20505050505051, 21.005050505050505], [79.20505050505051, 21.015151515151516], [79.19090909090909, 21.015151515151516], [79.19090909090909, 21.005050505050505], [79.20505050505051, 21.005050505050505]]]}, "properties": {"confidence_score": 0.5211, "site_id": "nagpur"}}, {"type": "Feature", "geometry": {"type": "Polygon", "coordinates": [[[79.21919191919193, 21.005050505050505], [79.21919191919193, 21.015151515151516], [79.20505050505051, 21.015151515151516], [79.20505050505051, 21.005050505050505], [79.21919191919193, 21.005050505050505]]]}, "properties": {"confidence_score": 0.5519, "site_id": "nagpur"}}, {"type": "Feature", "geometry": {"type": "Polygon", "coordinates": [[[79.23333333333333, 21.005050505050505], [79.23333333333333, 21.015151515151516], [79.21919191919191, 21.015151515151516], [79.21919191919191, 21.005050505050505], [79.23333333333333, 21.005050505050505]]]}, "properties": {"confidence_score": 0.5898, "site_id": "nagpur"}}, {"type": "Feature", "geometry": {"type": "Polygon", "coordinates": [[[79.24747474747475, 21.005050505050505], [79.24747474747475, 21.015151515151516], [79.23333333333333, 21.015151515151516], [79.23333333333333, 21.005050505050505], [79.24747474747475, 21.005050505050505]]]}, "properties": {"confidence_score": 0.6248, "site_id": "nagpur"}}, {"type": "Feature", "geometry": {"type": "Polygon", "coordinates": [[[79.26161616161616, 21.005050505050505], [79.26161616161616, 21.015151515151516], [79.24747474747474, 21.015151515151516], [79.24747474747474, 21.005050505050505], [79.26161616161616, 21.005050505050505]]]}, "properties": {"confidence_score": 0.6603, "site_id": "nagpur"}}, {"type": "Feature", "geometry": {"type": "Polygon", "coordinates": [[[79.27575757575758, 21.005050505050505], [79.27575757575758, 21.015151515151516], [79.26161616161616, 21.015151515151516], [79.26161616161616, 21.005050505050505], [79.27575757575758, 21.005050505050505]]]}, "properties": {"confidence_score": 0.6397, "site_id": "nagpur"}}, {"type": "Feature", "geometry": {"type": "Polygon", "coordinates": [[[79.289898989899, 21.005050505050505], [79.289898989899, 21.015151515151516], [79.27575757575758, 21.015151515151516], [79.27575757575758, 21.005050505050505], [79.289898989899, 21.005050505050505]]]}, "properties": {"confidence_score": 0.5942, "site_id": "nagpur"}}, {"type": "Feature", "geometry": {"type": "Polygon", "coordinates": [[[79.3040404040404, 21.005050505050505], [79.3040404040404, 21.015151515151516], [79.28989898989899, 21.015151515151516], [79.28989898989899, 21.005050505050505], [79.3040404040404, 21.005050505050505]]]}, "properties": {"confidence_score": 0.4994, "site_id": "nagpur"}}, {"type": "Feature", "geometry": {"type": "Polygon", "coordinates": [[[79.00707070707071, 21.015151515151516], [79.00707070707071, 21.025252525252526], [78.99292929292929, 21.025252525252526], [78.99292929292929, 21.015151515151516], [79.00707070707071, 21.015151515151516]]]}, "properties": {"confidence_score": 0.1764, "site_id": "nagpur"}}, {"type": "Feature", "geometry": {"type": "Polygon", "coordinates": [[[79.02121212121213, 21.015151515151516], [79.02121212121213, 21.025252525252526], [79.00707070707071, 21.025252525252526], [79.00707070707071, 21.015151515151516], [79.02121212121213, 21.015151515151516]]]}, "properties": {"confidence_score": 0.205, "site_id": "nagpur"}}, {"type": "Feature", "geometry": {"type": "Polygon", "coordinates": [[[79.03535353535354, 21.015151515151516], [79.03535353535354, 21.025252525252526], [79.02121212121212, 21.025252525252526], [79.02121212121212, 21.015151515151516], [79.03535353535354, 21.015151515151516]]]}, "properties": {"confidence_score": 0.236, "site_id": "nagpur"}}, {"type": "Feature", "geometry": {"type": "Polygon", "coordinates": [[[79.04949494949496, 21.015151515151516], [79.04949494949496, 21.025252525252526], [79.03535353535354, 21.025252525252526], [79.03535353535354, 21.015151515151516], [79.04949494949496, 21.015151515151516]]]}, "properties": {"confidence_score": 0.2359, "site_id": "nagpur"}}, {"type": "Feature", "geometry": {"type": "Polygon", "coordinates": [[[79.06363636363636, 21.015151515151516], [79.06363636363636, 21.025252525252526], [79.04949494949494, 21.025252525252526], [79.04949494949494, 21.015151515151516], [79.06363636363636, 21.015151515151516]]]}, "properties": {"confidence_score": 0.2417, "site_id": "nagpur"}}, {"type": "Feature", "geometry": {"type": "Polygon", "coordinates": [[[79.07777777777778, 21.015151515151516], [79.07777777777778, 21.025252525252526], [79.06363636363636, 21.025252525252526], [79.06363636363636, 21.015151515151516], [79.07777777777778, 21.015151515151516]]]}, "properties": {"confidence_score": 0.2658, "site_id": "nagpur"}}, {"type": "Feature", "geometry": {"type": "Polygon", "coordinates": [[[79.09191919191919, 21.015151515151516], [79.09191919191919, 21.025252525252526], [79.07777777777777, 21.025252525252526], [79.07777777777777, 21.015151515151516], [79.09191919191919, 21.015151515151516]]]}, "properties": {"confidence_score": 0.2675, "site_id": "nagpur"}}, {"type": "Feature", "geometry": {"type": "Polygon", "coordinates": [[[79.10606060606061, 21.015151515151516], [79.10606060606061, 21.025252525252526], [79.09191919191919, 21.025252525252526], [79.09191919191919, 21.015151515151516], [79.10606060606061, 21.015151515151516]]]}, "properties": {"confidence_score": 0.3755, "site_id": "nagpur"}}, {"type": "Feature", "geometry": {"type": "Polygon", "coordinates": [[[79.12020202020203, 21.015151515151516], [79.12020202020203, 21.025252525252526], [79.10606060606061, 21.025252525252526], [79.10606060606061, 21.015151515151516], [79.12020202020203, 21.015151515151516]]]}, "properties": {"confidence_score": 0.4608, "site_id": "nagpur"}}, {"type": "Feature", "geometry": {"type": "Polygon", "coordinates": [[[79.13434343434344, 21.015151515151516], [79.13434343434344, 21.025252525252526], [79.12020202020202, 21.025252525252526], [79.12020202020202, 21.015151515151516], [79.13434343434344, 21.015151515151516]]]}, "properties": {"confidence_score": 0.6059, "site_id": "nagpur"}}, {"type": "Feature", "geometry": {"type": "Polygon", "coordinates": [[[79.14848484848486, 21.015151515151516], [79.14848484848486, 21.025252525252526], [79.13434343434344, 21.025252525252526], [79.13434343434344, 21.015151515151516], [79.14848484848486, 21.015151515151516]]]}, "properties": {"confidence_score": 0.7737, "site_id": "nagpur"}}, {"type": "Feature", "geometry": {"type": "Polygon", "coordinates": [[[79.16262626262626, 21.015151515151516], [79.16262626262626, 21.025252525252526], [79.14848484848484, 21.025252525252526], [79.14848484848484, 21.015151515151516], [79.16262626262626, 21.015151515151516]]]}, "properties": {"confidence_score": 0.6375, "site_id": "nagpur"}}, {"type": "Feature", "geometry": {"type": "Polygon", "coordinates": [[[79.17676767676768, 21.015151515151516], [79.17676767676768, 21.025252525252526], [79.16262626262626, 21.025252525252526], [79.16262626262626, 21.015151515151516], [79.17676767676768, 21.015151515151516]]]}, "properties": {"confidence_score": 0.5125, "site_id": "nagpur"}}, {"type": "Feature", "geometry": {"type": "Polygon", "coordinates": [[[79.19090909090909, 21.015151515151516], [79.19090909090909, 21.025252525252526], [79.17676767676767, 21.025252525252526], [79.17676767676767, 21.015151515151516], [79.19090909090909, 21.015151515151516]]]}, "properties": {"confidence_score": 0.486, "site_id": "nagpur"}}, {"type": "Feature", "geometry": {"type": "Polygon", "coordinates": [[[79.20505050505051, 21.015151515151516], [79.20505050505051, 21.025252525252526], [79.19090909090909, 21.025252525252526], [79.19090909090909, 21.015151515151516], [79.20505050505051, 21.015151515151516]]]}, "properties": {"confidence_score": 0.471, "site_id": "nagpur"}}, {"type": "Feature", "geometry": {"type": "Polygon", "coordinates": [[[79.21919191919193, 21.015151515151516], [79.21919191919193, 21.025252525252526], [79.20505050505051, 21.025252525252526], [79.20505050505051, 21.015151515151516], [79.21919191919193, 21.015151515151516]]]}, "properties": {"confidence_score": 0.5488, "site_id": "nagpur"}}, {"type": "Feature", "geometry": {"type": "Polygon", "coordinates": [[[79.23333333333333, 21.015151515151516], [79.23333333333333, 21.025252525252526], [79.21919191919191, 21.025252525252526], [79.21919191919191, 21.015151515151516], [79.23333333333333, 21.015151515151516]]]}, "properties": {"confidence_score": 0.6687, "site_id": "nagpur"}}, {"type": "Feature", "geometry": {"type": "Polygon", "coordinates": [[[79.24747474747475, 21.015151515151516], [79.24747474747475, 21.025252525252526], [79.23333333333333, 21.025252525252526], [79.23333333333333, 21.015151515151516], [79.24747474747475, 21.015151515151516]]]}, "properties": {"confidence_score": 0.7043, "site_id": "nagpur"}}, {"type": "Feature", "geometry": {"type": "Polygon", "coordinates": [[[79.26161616161616, 21.015151515151516], [79.26161616161616, 21.025252525252526], [79.24747474747474, 21.025252525252526], [79.24747474747474, 21.015151515151516], [79.26161616161616, 21.015151515151516]]]}, "properties": {"confidence_score": 0.7981, "site_id": "nagpur"}}, {"type": "Feature", "geometry": {"type": "Polygon", "coordinates": [[[79.27575757575758, 21.015151515151516], [79.27575757575758, 21.025252525252526], [79.26161616161616, 21.025252525252526], [79.26161616161616, 21.015151515151516], [79.27575757575758, 21.015151515151516]]]}, "properties": {"confidence_score": 0.7251, "site_id": "nagpur"}}, {"type": "Feature", "geometry": {"type": "Polygon", "coordinates": [[[79.289898989899, 21.015151515151516], [79.289898989899, 21.025252525252526], [79.27575757575758, 21.025252525252526], [79.27575757575758, 21.015151515151516], [79.289898989899, 21.015151515151516]]]}, "properties": {"confidence_score": 0.6724, "site_id": "nagpur"}}, {"type": "Feature", "geometry": {"type": "Polygon", "coordinates": [[[79.3040404040404, 21.015151515151516], [79.3040404040404, 21.025252525252526], [79.28989898989899, 21.025252525252526], [79.28989898989899, 21.015151515151516], [79.3040404040404, 21.015151515151516]]]}, "properties": {"confidence_score": 0.5, "site_id": "nagpur"}}, {"type": "Feature", "geometry": {"type": "Polygon", "coordinates": [[[79.00707070707071, 21.025252525252526], [79.00707070707071, 21.035353535353536], [78.99292929292929, 21.035353535353536], [78.99292929292929, 21.025252525252526], [79.00707070707071, 21.025252525252526]]]}, "properties": {"confidence_score": 0.2046, "site_id": "nagpur"}}, {"type": "Feature", "geometry": {"type": "Polygon", "coordinates": [[[79.02121212121213, 21.025252525252526], [79.02121212121213, 21.035353535353536], [79.00707070707071, 21.035353535353536], [79.00707070707071, 21.025252525252526], [79.02121212121213, 21.025252525252526]]]}, "properties": {"confidence_score": 0.209, "site_id": "nagpur"}}, {"type": "Feature", "geometry": {"type": "Polygon", "coordinates": [[[79.03535353535354, 21.025252525252526], [79.03535353535354, 21.035353535353536], [79.02121212121212, 21.035353535353536], [79.02121212121212, 21.025252525252526], [79.03535353535354, 21.025252525252526]]]}, "properties": {"confidence_score": 0.2092, "site_id": "nagpur"}}, {"type": "Feature", "geometry": {"type": "Polygon", "coordinates": [[[79.04949494949496, 21.025252525252526], [79.04949494949496, 21.035353535353536], [79.03535353535354, 21.035353535353536], [79.03535353535354, 21.025252525252526], [79.04949494949496, 21.025252525252526]]]}, "properties": {"confidence_score": 0.2418, "site_id": "nagpur"}}, {"type": "Feature", "geometry": {"type": "Polygon", "coordinates": [[[79.06363636363636, 21.025252525252526], [79.06363636363636, 21.035353535353536], [79.04949494949494, 21.035353535353536], [79.04949494949494, 21.025252525252526], [79.06363636363636, 21.025252525252526]]]}, "properties": {"confidence_score": 0.2654, "site_id": "nagpur"}}, {"type": "Feature", "geometry": {"type": "Polygon", "coordinates": [[[79.07777777777778, 21.025252525252526], [79.07777777777778, 21.035353535353536], [79.06363636363636, 21.035353535353536], [79.06363636363636, 21.025252525252526], [79.07777777777778, 21.025252525252526]]]}, "properties": {"confidence_score": 0.3336, "site_id": "nagpur"}}, {"type": "Feature", "geometry": {"type": "Polygon", "coordinates": [[[79.09191919191919, 21.025252525252526], [79.09191919191919, 21.035353535353536], [79.07777777777777, 21.035353535353536], [79.07777777777777, 21.025252525252526], [79.09191919191919, 21.025252525252526]]]}, "properties": {"confidence_score": 0.4151, "site_id": "nagpur"}}, {"type": "Feature", "geometry": {"type": "Polygon", "coordinates": [[[79.10606060606061, 21.025252525252526], [79.10606060606061, 21.035353535353536], [79.09191919191919, 21.035353535353536], [79.09191919191919, 21.025252525252526], [79.10606060606061, 21.025252525252526]]]}, "properties": {"confidence_score": 0.4933, "site_id": "nagpur"}}, {"type": "Feature", "geometry": {"type": "Polygon", "coordinates": [[[79.12020202020203, 21.025252525252526], [79.12020202020203, 21.035353535353536], [79.10606060606061, 21.035353535353536], [79.10606060606061, 21.025252525252526], [79.12020202020203, 21.025252525252526]]]}, "properties": {"confidence_score": 0.582, "site_id": "nagpur"}}, {"type": "Feature", "geometry": {"type": "Polygon", "coordinates": [[[79.13434343434344, 21.025252525252526], [79.13434343434344, 21.035353535353536], [79.12020202020202, 21.035353535353536], [79.12020202020202, 21.025252525252526], [79.13434343434344, 21.025252525252526]]]}, "properties": {"confidence_score": 0.6251, "site_id": "nagpur"}}, {"type": "Feature", "geometry": {"type": "Polygon", "coordinates": [[[79.14848484848486, 21.025252525252526], [79.14848484848486, 21.035353535353536], [79.13434343434344, 21.035353535353536], [79.13434343434344, 21.025252525252526], [79.14848484848486, 21.025252525252526]]]}, "properties": {"confidence_score": 0.6482, "site_id": "nagpur"}}, {"type": "Feature", "geometry": {"type": "Polygon", "coordinates": [[[79.16262626262626, 21.025252525252526], [79.16262626262626, 21.035353535353536], [79.14848484848484, 21.035353535353536], [79.14848484848484, 21.025252525252526], [79.16262626262626, 21.025252525252526]]]}, "properties": {"confidence_score": 0.6048, "site_id": "nagpur"}}, {"type": "Feature", "geometry": {"type": "Polygon", "coordinates": [[[79.17676767676768, 21.025252525252526], [79.17676767676768, 21.035353535353536], [79.16262626262626, 21.035353535353536], [79.16262626262626, 21.025252525252526], [79.17676767676768, 21.025252525252526]]]}, "properties": {"confidence_score": 0.5643, "site_id": "nagpur"}}, {"type": "Feature", "geometry": {"type": "Polygon", "coordinates": [[[79.19090909090909, 21.025252525252526], [79.19090909090909, 21.035353535353536], [79.17676767676767, 21.035353535353536], [79.17676767676767, 21.025252525252526], [79.19090909090909, 21.025252525252526]]]}, "properties": {"confidence_score": 0.5231, "site_id": "nagpur"}}, {"type": "Feature", "geometry": {"type": "Polygon", "coordinates": [[[79.20505050505051, 21.025252525252526], [79.20505050505051, 21.035353535353536], [79.19090909090909, 21.035353535353536], [79.19090909090909, 21.025252525252526], [79.20505050505051, 21.025252525252526]]]}, "properties": {"confidence_score": 0.5116, "site_id": "nagpur"}}, {"type": "Feature", "geometry": {"type": "Polygon", "coordinates": [[[79.21919191919193, 21.025252525252526], [79.21919191919193, 21.035353535353536], [79.20505050505051, 21.035353535353536], [79.20505050505051, 21.025252525252526], [79.21919191919193, 21.025252525252526]]]}, "properties": {"confidence_score": 0.5535, "site_id": "nagpur"}}, {"type": "Feature", "geometry": {"type": "Polygon", "coordinates": [[[79.23333333333333, 21.025252525252526], [79.23333333333333, 21.035353535353536], [79.21919191919191, 21.035353535353536], [79.21919191919191, 21.025252525252526], [79.23333333333333, 21.025252525252526]]]}, "properties": {"confidence_score": 0.6266, "site_id": "nagpur"}}, {"type": "Feature", "geometry": {"type": "Polygon", "coordinates": [[[79.24747474747475, 21.025252525252526], [79.24747474747475, 21.035353535353536], [79.23333333333333, 21.035353535353536], [79.23333333333333, 21.025252525252526], [79.24747474747475, 21.025252525252526]]]}, "properties": {"confidence_score": 0.7227, "site_id": "nagpur"}}, {"type": "Feature", "geometry": {"type": "Polygon", "coordinates": [[[79.26161616161616, 21.025252525252526], [79.26161616161616, 21.035353535353536], [79.24747474747474, 21.035353535353536], [79.24747474747474, 21.025252525252526], [79.26161616161616, 21.025252525252526]]]}, "properties": {"confidence_score": 0.8197, "site_id": "nagpur"}}, {"type": "Feature", "geometry": {"type": "Polygon", "coordinates": [[[79.27575757575758, 21.025252525252526], [79.27575757575758, 21.035353535353536], [79.26161616161616, 21.035353535353536], [79.26161616161616, 21.025252525252526], [79.27575757575758, 21.025252525252526]]]}, "properties": {"confidence_score": 0.75, "site_id": "nagpur"}}, {"type": "Feature", "geometry": {"type": "Polygon", "coordinates": [[[79.289898989899, 21.025252525252526], [79.289898989899, 21.035353535353536], [79.27575757575758, 21.035353535353536], [79.27575757575758, 21.025252525252526], [79.289898989899, 21.025252525252526]]]}, "properties": {"confidence_score": 0.6196, "site_id": "nagpur"}}, {"type": "Feature", "geometry": {"type": "Polygon", "coordinates": [[[79.3040404040404, 21.025252525252526], [79.3040404040404, 21.035353535353536], [79.28989898989899, 21.035353535353536], [79.28989898989899, 21.025252525252526], [79.3040404040404, 21.025252525252526]]]}, "properties": {"confidence_score": 0.4586, "site_id": "nagpur"}}, {"type": "Feature", "geometry": {"type": "Polygon", "coordinates": [[[79.00707070707071, 21.035353535353536], [79.00707070707071, 21.045454545454547], [78.99292929292929, 21.045454545454547], [78.99292929292929, 21.035353535353536], [79.00707070707071, 21.035353535353536]]]}, "properties": {"confidence_score": 0.2216, "site_id": "nagpur"}}, {"type": "Feature", "geometry": {"type": "Polygon", "coordinates": [[[79.02121212121213, 21.035353535353536], [79.02121212121213, 21.045454545454547], [79.00707070707071, 21.045454545454547], [79.00707070707071, 21.035353535353536], [79.02121212121213, 21.035353535353536]]]}, "properties": {"confidence_score": 0.264, "site_id": "nagpur"}}, {"type": "Feature", "geometry": {"type": "Polygon", "coordinates": [[[79.03535353535354, 21.035353535353536], [79.03535353535354, 21.045454545454547], [79.02121212121212, 21.045454545454547], [79.02121212121212, 21.035353535353536], [79.03535353535354, 21.035353535353536]]]}, "properties": {"confidence_score": 0.1876, "site_id": "nagpur"}}, {"type": "Feature", "geometry": {"type": "Polygon", "coordinates": [[[79.04949494949496, 21.035353535353536], [79.04949494949496, 21.045454545454547], [79.03535353535354, 21.045454545454547], [79.03535353535354, 21.035353535353536], [79.04949494949496, 21.035353535353536]]]}, "properties": {"confidence_score": 0.2978, "site_id": "nagpur"}}, {"type": "Feature", "geometry": {"type": "Polygon", "coordinates": [[[79.06363636363636, 21.035353535353536], [79.06363636363636, 21.045454545454547], [79.04949494949494, 21.045454545454547], [79.04949494949494, 21.035353535353536], [79.06363636363636, 21.035353535353536]]]}, "properties": {"confidence_score": 0.2863, "site_id": "nagpur"}}, {"type": "Feature", "geometry": {"type": "Polygon", "coordinates": [[[79.07777777777778, 21.035353535353536], [79.07777777777778, 21.045454545454547], [79.06363636363636, 21.045454545454547], [79.06363636363636, 21.035353535353536], [79.07777777777778, 21.035353535353536]]]}, "properties": {"confidence_score": 0.4129, "site_id": "nagpur"}}, {"type": "Feature", "geometry": {"type": "Polygon", "coordinates": [[[79.09191919191919, 21.035353535353536], [79.09191919191919, 21.045454545454547], [79.07777777777777, 21.045454545454547], [79.07777777777777, 21.035353535353536], [79.09191919191919, 21.035353535353536]]]}, "properties": {"confidence_score": 0.5664, "site_id": "nagpur"}}, {"type": "Feature", "geometry": {"type": "Polygon", "coordinates": [[[79.10606060606061, 21.035353535353536], [79.10606060606061, 21.045454545454547], [79.09191919191919, 21.045454545454547], [79.09191919191919, 21.035353535353536], [79.10606060606061, 21.035353535353536]]]}, "properties": {"confidence_score": 0.5875, "site_id": "nagpur"}}, {"type": "Feature", "geometry": {"type": "Polygon", "coordinates": [[[79.12020202020203, 21.035353535353536], [79.12020202020203, 21.045454545454547], [79.10606060606061, 21.045454545454547], [79.10606060606061, 21.035353535353536], [79.12020202020203, 21.035353535353536]]]}, "properties": {"confidence_score": 0.7173, "site_id": "nagpur"}}, {"type": "Feature", "geometry": {"type": "Polygon", "coordinates": [[[79.13434343434344, 21.035353535353536], [79.13434343434344, 21.045454545454547], [79.12020202020202, 21.045454545454547], [79.12020202020202, 21.035353535353536], [79.13434343434344, 21.035353535353536]]]}, "properties": {"confidence_score": 0.6277, "site_id": "nagpur"}}, {"type": "Feature", "geometry": {"type": "Polygon", "coordinates": [[[79.14848484848486, 21.035353535353536], [79.14848484848486, 21.045454545454547], [79.13434343434344, 21.045454545454547], [79.13434343434344, 21.035353535353536], [79.14848484848486, 21.035353535353536]]]}, "properties": {"confidence_score": 0.5403, "site_id": "nagpur"}}, {"type": "Feature", "geometry": {"type": "Polygon", "coordinates": [[[79.16262626262626, 21.035353535353536], [79.16262626262626, 21.045454545454547], [79.14848484848484, 21.045454545454547], [79.14848484848484, 21.035353535353536], [79.16262626262626, 21.035353535353536]]]}, "properties": {"confidence_score": 0.5463, "site_id": "nagpur"}}, {"type": "Feature", "geometry": {"type": "Polygon", "coordinates": [[[79.17676767676768, 21.035353535353536], [79.17676767676768, 21.045454545454547], [79.16262626262626, 21.045454545454547], [79.16262626262626, 21.035353535353536], [79.17676767676768, 21.035353535353536]]]}, "properties": {"confidence_score": 0.607, "site_id": "nagpur"}}, {"type": "Feature", "geometry": {"type": "Polygon", "coordinates": [[[79.19090909090909, 21.035353535353536], [79.19090909090909, 21.045454545454547], [79.17676767676767, 21.045454545454547], [79.17676767676767, 21.035353535353536], [79.19090909090909, 21.035353535353536]]]}, "properties": {"confidence_score": 0.5443, "site_id": "nagpur"}}, {"type": "Feature", "geometry": {"type": "Polygon", "coordinates": [[[79.20505050505051, 21.035353535353536], [79.20505050505051, 21.045454545454547], [79.19090909090909, 21.045454545454547], [79.19090909090909, 21.035353535353536], [79.20505050505051, 21.035353535353536]]]}, "properties": {"confidence_score": 0.5547, "site_id": "nagpur"}}, {"type": "Feature", "geometry": {"type": "Polygon", "coordinates": [[[79.21919191919193, 21.035353535353536], [79.21919191919193, 21.045454545454547], [79.20505050505051, 21.045454545454547], [79.20505050505051, 21.035353535353536], [79.21919191919193, 21.035353535353536]]]}, "properties": {"confidence_score": 0.5702, "site_id": "nagpur"}}, {"type": "Feature", "geometry": {"type": "Polygon", "coordinates": [[[79.23333333333333, 21.035353535353536], [79.23333333333333, 21.045454545454547], [79.21919191919191, 21.045454545454547], [79.21919191919191, 21.035353535353536], [79.23333333333333, 21.035353535353536]]]}, "properties": {"confidence_score": 0.5815, "site_id": "nagpur"}}, {"type": "Feature", "geometry": {"type": "Polygon", "coordinates": [[[79.24747474747475, 21.035353535353536], [79.24747474747475, 21.045454545454547], [79.23333333333333, 21.045454545454547], [79.23333333333333, 21.035353535353536], [79.24747474747475, 21.035353535353536]]]}, "properties": {"confidence_score": 0.7227, "site_id": "nagpur"}}, {"type": "Feature", "geometry": {"type": "Polygon", "coordinates": [[[79.26161616161616, 21.035353535353536], [79.26161616161616, 21.045454545454547], [79.24747474747474, 21.045454545454547], [79.24747474747474, 21.035353535353536], [79.26161616161616, 21.035353535353536]]]}, "properties": {"confidence_score": 0.8781, "site_id": "nagpur"}}, {"type": "Feature", "geometry": {"type": "Polygon", "coordinates": [[[79.27575757575758, 21.035353535353536], [79.27575757575758, 21.045454545454547], [79.26161616161616, 21.045454545454547], [79.26161616161616, 21.035353535353536], [79.27575757575758, 21.035353535353536]]]}, "properties": {"confidence_score": 0.749, "site_id": "nagpur"}}, {"type": "Feature", "geometry": {"type": "Polygon", "coordinates": [[[79.289898989899, 21.035353535353536], [79.289898989899, 21.045454545454547], [79.27575757575758, 21.045454545454547], [79.27575757575758, 21.035353535353536], [79.289898989899, 21.035353535353536]]]}, "properties": {"confidence_score": 0.5593, "site_id": "nagpur"}}, {"type": "Feature", "geometry": {"type": "Polygon", "coordinates": [[[79.3040404040404, 21.035353535353536], [79.3040404040404, 21.045454545454547], [79.28989898989899, 21.045454545454547], [79.28989898989899, 21.035353535353536], [79.3040404040404, 21.035353535353536]]]}, "properties": {"confidence_score": 0.4162, "site_id": "nagpur"}}, {"type": "Feature", "geometry": {"type": "Polygon", "coordinates": [[[79.00707070707071, 21.045454545454547], [79.00707070707071, 21.055555555555557], [78.99292929292929, 21.055555555555557], [78.99292929292929, 21.045454545454547], [79.00707070707071, 21.045454545454547]]]}, "properties": {"confidence_score": 0.3878, "site_id": "nagpur"}}, {"type": "Feature", "geometry": {"type": "Polygon", "coordinates": [[[79.02121212121213, 21.045454545454547], [79.02121212121213, 21.055555555555557], [79.00707070707071, 21.055555555555557], [79.00707070707071, 21.045454545454547], [79.02121212121213, 21.045454545454547]]]}, "properties": {"confidence_score": 0.4167, "site_id": "nagpur"}}, {"type": "Feature", "geometry": {"type": "Polygon", "coordinates": [[[79.03535353535354, 21.045454545454547], [79.03535353535354, 21.055555555555557], [79.02121212121212, 21.055555555555557], [79.02121212121212, 21.045454545454547], [79.03535353535354, 21.045454545454547]]]}, "properties": {"confidence_score": 0.4403, "site_id": "nagpur"}}, {"type": "Feature", "geometry": {"type": "Polygon", "coordinates": [[[79.04949494949496, 21.045454545454547], [79.04949494949496, 21.055555555555557], [79.03535353535354, 21.055555555555557], [79.03535353535354, 21.045454545454547], [79.04949494949496, 21.045454545454547]]]}, "properties": {"confidence_score": 0.4576, "site_id": "nagpur"}}, {"type": "Feature", "geometry": {"type": "Polygon", "coordinates": [[[79.06363636363636, 21.045454545454547], [79.06363636363636, 21.055555555555557], [79.04949494949494, 21.055555555555557], [79.04949494949494, 21.045454545454547], [79.06363636363636, 21.045454545454547]]]}, "properties": {"confidence_score": 0.4655, "site_id": "nagpur"}}, {"type": "Feature", "geometry": {"type": "Polygon", "coordinates": [[[79.07777777777778, 21.045454545454547], [79.07777777777778, 21.055555555555557], [79.06363636363636, 21.055555555555557], [79.06363636363636, 21.045454545454547], [79.07777777777778, 21.045454545454547]]]}, "properties": {"confidence_score": 0.4933, "site_id": "nagpur"}}, {"type": "Feature", "geometry": {"type": "Polygon", "coordinates": [[[79.09191919191919, 21.045454545454547], [79.09191919191919, 21.055555555555557], [79.07777777777777, 21.055555555555557], [79.07777777777777, 21.045454545454547], [79.09191919191919, 21.045454545454547]]]}, "properties": {"confidence_score": 0.5415, "site_id": "nagpur"}}, {"type": "Feature", "geometry": {"type": "Polygon", "coordinates": [[[79.10606060606061, 21.045454545454547], [79.10606060606061, 21.055555555555557], [79.09191919191919, 21.055555555555557], [79.09191919191919, 21.045454545454547], [79.10606060606061, 21.045454545454547]]]}, "properties": {"confidence_score": 0.5914, "site_id": "nagpur"}}, {"type": "Feature", "geometry": {"type": "Polygon", "coordinates": [[[79.12020202020203, 21.045454545454547], [79.12020202020203, 21.055555555555557], [79.10606060606061, 21.055555555555557], [79.10606060606061, 21.045454545454547], [79.12020202020203, 21.045454545454547]]]}, "properties": {"confidence_score": 0.6546, "site_id": "nagpur"}}, {"type": "Feature", "geometry": {"type": "Polygon", "coordinates": [[[79.13434343434344, 21.045454545454547], [79.13434343434344, 21.055555555555557], [79.12020202020202, 21.055555555555557], [79.12020202020202, 21.045454545454547], [79.13434343434344, 21.045454545454547]]]}, "properties": {"confidence_score": 0.6048, "site_id": "nagpur"}}, {"type": "Feature", "geometry": {"type": "Polygon", "coordinates": [[[79.14848484848486, 21.045454545454547], [79.14848484848486, 21.055555555555557], [79.13434343434344, 21.055555555555557], [79.13434343434344, 21.045454545454547], [79.14848484848486, 21.045454545454547]]]}, "properties": {"confidence_score": 0.5194, "site_id": "nagpur"}}, {"type": "Feature", "geometry": {"type": "Polygon", "coordinates": [[[79.16262626262626, 21.045454545454547], [79.16262626262626, 21.055555555555557], [79.14848484848484, 21.055555555555557], [79.14848484848484, 21.045454545454547], [79.16262626262626, 21.045454545454547]]]}, "properties": {"confidence_score": 0.4813, "site_id": "nagpur"}}, {"type": "Feature", "geometry": {"type": "Polygon", "coordinates": [[[79.17676767676768, 21.045454545454547], [79.17676767676768, 21.055555555555557], [79.16262626262626, 21.055555555555557], [79.16262626262626, 21.045454545454547], [79.17676767676768, 21.045454545454547]]]}, "properties": {"confidence_score": 0.4672, "site_id": "nagpur"}}, {"type": "Feature", "geometry": {"type": "Polygon", "coordinates": [[[79.19090909090909, 21.045454545454547], [79.19090909090909, 21.055555555555557], [79.17676767676767, 21.055555555555557], [79.17676767676767, 21.045454545454547], [79.19090909090909, 21.045454545454547]]]}, "properties": {"confidence_score": 0.507, "site_id": "nagpur"}}, {"type": "Feature", "geometry": {"type": "Polygon", "coordinates": [[[79.20505050505051, 21.045454545454547], [79.20505050505051, 21.055555555555557], [79.19090909090909, 21.055555555555557], [79.19090909090909, 21.045454545454547], [79.20505050505051, 21.045454545454547]]]}, "properties": {"confidence_score": 0.5741, "site_id": "nagpur"}}, {"type": "Feature", "geometry": {"type": "Polygon", "coordinates": [[[79.21919191919193, 21.045454545454547], [79.21919191919193, 21.055555555555557], [79.20505050505051, 21.055555555555557], [79.20505050505051, 21.045454545454547], [79.21919191919193, 21.045454545454547]]]}, "properties": {"confidence_score": 0.609, "site_id": "nagpur"}}, {"type": "Feature", "geometry": {"type": "Polygon", "coordinates": [[[79.23333333333333, 21.045454545454547], [79.23333333333333, 21.055555555555557], [79.21919191919191, 21.055555555555557], [79.21919191919191, 21.045454545454547], [79.23333333333333, 21.045454545454547]]]}, "properties": {"confidence_score": 0.6435, "site_id": "nagpur"}}, {"type": "Feature", "geometry": {"type": "Polygon", "coordinates": [[[79.24747474747475, 21.045454545454547], [79.24747474747475, 21.055555555555557], [79.23333333333333, 21.055555555555557], [79.23333333333333, 21.045454545454547], [79.24747474747475, 21.045454545454547]]]}, "properties": {"confidence_score": 0.7421, "site_id": "nagpur"}}, {"type": "Feature", "geometry": {"type": "Polygon", "coordinates": [[[79.26161616161616, 21.045454545454547], [79.26161616161616, 21.055555555555557], [79.24747474747474, 21.055555555555557], [79.24747474747474, 21.045454545454547], [79.26161616161616, 21.045454545454547]]]}, "properties": {"confidence_score": 0.8436, "site_id": "nagpur"}}, {"type": "Feature", "geometry": {"type": "Polygon", "coordinates": [[[79.27575757575758, 21.045454545454547], [79.27575757575758, 21.055555555555557], [79.26161616161616, 21.055555555555557], [79.26161616161616, 21.045454545454547], [79.27575757575758, 21.045454545454547]]]}, "properties": {"confidence_score": 0.7268, "site_id": "nagpur"}}, {"type": "Feature", "geometry": {"type": "Polygon", "coordinates": [[[79.289898989899, 21.045454545454547], [79.289898989899, 21.055555555555557], [79.27575757575758, 21.055555555555557], [79.27575757575758, 21.045454545454547], [79.289898989899, 21.045454545454547]]]}, "properties": {"confidence_score": 0.525, "site_id": "nagpur"}}, {"type": "Feature", "geometry": {"type": "Polygon", "coordinates": [[[79.3040404040404, 21.045454545454547], [79.3040404040404, 21.055555555555557], [79.28989898989899, 21.055555555555557], [79.28989898989899, 21.045454545454547], [79.3040404040404, 21.045454545454547]]]}, "properties": {"confidence_score": 0.4064, "site_id": "nagpur"}}, {"type": "Feature", "geometry": {"type": "Polygon", "coordinates": [[[79.00707070707071, 21.055555555555557], [79.00707070707071, 21.065656565656568], [78.99292929292929, 21.065656565656568], [78.99292929292929, 21.055555555555557], [79.00707070707071, 21.055555555555557]]]}, "properties": {"confidence_score": 0.5606, "site_id": "nagpur"}}, {"type": "Feature", "geometry": {"type": "Polygon", "coordinates": [[[79.02121212121213, 21.055555555555557], [79.02121212121213, 21.065656565656568], [79.00707070707071, 21.065656565656568], [79.00707070707071, 21.055555555555557], [79.02121212121213, 21.055555555555557]]]}, "properties": {"confidence_score": 0.5904, "site_id": "nagpur"}}, {"type": "Feature", "geometry": {"type": "Polygon", "coordinates": [[[79.03535353535354, 21.055555555555557], [79.03535353535354, 21.065656565656568], [79.02121212121212, 21.065656565656568], [79.02121212121212, 21.055555555555557], [79.03535353535354, 21.055555555555557]]]}, "properties": {"confidence_score": 0.7203, "site_id": "nagpur"}}, {"type": "Feature", "geometry": {"type": "Polygon", "coordinates": [[[79.04949494949496, 21.055555555555557], [79.04949494949496, 21.065656565656568], [79.03535353535354, 21.065656565656568], [79.03535353535354, 21.055555555555557], [79.04949494949496, 21.055555555555557]]]}, "properties": {"confidence_score": 0.6385, "site_id": "nagpur"}}, {"type": "Feature", "geometry": {"type": "Polygon", "coordinates": [[[79.06363636363636, 21.055555555555557], [79.06363636363636, 21.065656565656568], [79.04949494949494, 21.065656565656568], [79.04949494949494, 21.055555555555557], [79.06363636363636, 21.055555555555557]]]}, "properties": {"confidence_score": 0.6577, "site_id": "nagpur"}}, {"type": "Feature", "geometry": {"type": "Polygon", "coordinates": [[[79.07777777777778, 21.055555555555557], [79.07777777777778, 21.065656565656568], [79.06363636363636, 21.065656565656568], [79.06363636363636, 21.055555555555557], [79.07777777777778, 21.055555555555557]]]}, "properties": {"confidence_score": 0.568, "site_id": "nagpur"}}, {"type": "Feature", "geometry": {"type": "Polygon", "coordinates": [[[79.09191919191919, 21.055555555555557], [79.09191919191919, 21.065656565656568], [79.07777777777777, 21.065656565656568], [79.07777777777777, 21.055555555555557], [79.09191919191919, 21.055555555555557]]]}, "properties": {"confidence_score": 0.5007, "site_id": "nagpur"}}, {"type": "Feature", "geometry": {"type": "Polygon", "coordinates": [[[79.10606060606061, 21.055555555555557], [79.10606060606061, 21.065656565656568], [79.09191919191919, 21.065656565656568], [79.09191919191919, 21.055555555555557], [79.10606060606061, 21.055555555555557]]]}, "properties": {"confidence_score": 0.5521, "site_id": "nagpur"}}, {"type": "Feature", "geometry": {"type": "Polygon", "coordinates": [[[79.12020202020203, 21.055555555555557], [79.12020202020203, 21.065656565656568], [79.10606060606061, 21.065656565656568], [79.10606060606061, 21.055555555555557], [79.12020202020203, 21.055555555555557]]]}, "properties": {"confidence_score": 0.6171, "site_id": "nagpur"}}, {"type": "Feature", "geometry": {"type": "Polygon", "coordinates": [[[79.13434343434344, 21.055555555555557], [79.13434343434344, 21.065656565656568], [79.12020202020202, 21.065656565656568], [79.12020202020202, 21.055555555555557], [79.13434343434344, 21.055555555555557]]]}, "properties": {"confidence_score": 0.5874, "site_id": "nagpur"}}, {"type": "Feature", "geometry": {"type": "Polygon", "coordinates": [[[79.14848484848486, 21.055555555555557], [79.14848484848486, 21.065656565656568], [79.13434343434344, 21.065656565656568], [79.13434343434344, 21.055555555555557], [79.14848484848486, 21.055555555555557]]]}, "properties": {"confidence_score": 0.5121, "site_id": "nagpur"}}, {"type": "Feature", "geometry": {"type": "Polygon", "coordinates": [[[79.16262626262626, 21.055555555555557], [79.16262626262626, 21.065656565656568], [79.14848484848484, 21.065656565656568], [79.14848484848484, 21.055555555555557], [79.16262626262626, 21.055555555555557]]]}, "properties": {"confidence_score": 0.449, "site_id": "nagpur"}}, {"type": "Feature", "geometry": {"type": "Polygon", "coordinates": [[[79.17676767676768, 21.055555555555557], [79.17676767676768, 21.065656565656568], [79.16262626262626, 21.065656565656568], [79.16262626262626, 21.055555555555557], [79.17676767676768, 21.055555555555557]]]}, "properties": {"confidence_score": 0.3118, "site_id": "nagpur"}}, {"type": "Feature", "geometry": {"type": "Polygon", "coordinates": [[[79.19090909090909, 21.055555555555557], [79.19090909090909, 21.065656565656568], [79.17676767676767, 21.065656565656568], [79.17676767676767, 21.055555555555557], [79.19090909090909, 21.055555555555557]]]}, "properties": {"confidence_score": 0.4748, "site_id": "nagpur"}}, {"type": "Feature", "geometry": {"type": "Polygon", "coordinates": [[[79.20505050505051, 21.055555555555557], [79.20505050505051, 21.065656565656568], [79.19090909090909, 21.065656565656568], [79.19090909090909, 21.055555555555557], [79.20505050505051, 21.055555555555557]]]}, "properties": {"confidence_score": 0.6225, "site_id": "nagpur"}}, {"type": "Feature", "geometry": {"type": "Polygon", "coordinates": [[[79.21919191919193, 21.055555555555557], [79.21919191919193, 21.065656565656568], [79.20505050505051, 21.065656565656568], [79.20505050505051, 21.055555555555557], [79.21919191919193, 21.055555555555557]]]}, "properties": {"confidence_score": 0.6661, "site_id": "nagpur"}}, {"type": "Feature", "geometry": {"type": "Polygon", "coordinates": [[[79.23333333333333, 21.055555555555557], [79.23333333333333, 21.065656565656568], [79.21919191919191, 21.065656565656568], [79.21919191919191, 21.055555555555557], [79.23333333333333, 21.055555555555557]]]}, "properties": {"confidence_score": 0.7084, "site_id": "nagpur"}}, {"type": "Feature", "geometry": {"type": "Polygon", "coordinates": [[[79.24747474747475, 21.055555555555557], [79.24747474747475, 21.065656565656568], [79.23333333333333, 21.065656565656568], [79.23333333333333, 21.055555555555557], [79.24747474747475, 21.055555555555557]]]}, "properties": {"confidence_score": 0.7565, "site_id": "nagpur"}}, {"type": "Feature", "geometry": {"type": "Polygon", "coordinates": [[[79.26161616161616, 21.055555555555557], [79.26161616161616, 21.065656565656568], [79.24747474747474, 21.065656565656568], [79.24747474747474, 21.055555555555557], [79.26161616161616, 21.055555555555557]]]}, "properties": {"confidence_score": 0.8662, "site_id": "nagpur"}}, {"type": "Feature", "geometry": {"type": "Polygon", "coordinates": [[[79.27575757575758, 21.055555555555557], [79.27575757575758, 21.065656565656568], [79.26161616161616, 21.065656565656568], [79.26161616161616, 21.055555555555557], [79.27575757575758, 21.055555555555557]]]}, "properties": {"confidence_score": 0.7098, "site_id": "nagpur"}}, {"type": "Feature", "geometry": {"type": "Polygon", "coordinates": [[[79.289898989899, 21.055555555555557], [79.289898989899, 21.065656565656568], [79.27575757575758, 21.065656565656568], [79.27575757575758, 21.055555555555557], [79.289898989899, 21.055555555555557]]]}, "properties": {"confidence_score": 0.4893, "site_id": "nagpur"}}, {"type": "Feature", "geometry": {"type": "Polygon", "coordinates": [[[79.3040404040404, 21.055555555555557], [79.3040404040404, 21.065656565656568], [79.28989898989899, 21.065656565656568], [79.28989898989899, 21.055555555555557], [79.3040404040404, 21.055555555555557]]]}, "properties": {"confidence_score": 0.4246, "site_id": "nagpur"}}, {"type": "Feature", "geometry": {"type": "Polygon", "coordinates": [[[79.00707070707071, 21.065656565656564], [79.00707070707071, 21.075757575757574], [78.99292929292929, 21.075757575757574], [78.99292929292929, 21.065656565656564], [79.00707070707071, 21.065656565656564]]]}, "properties": {"confidence_score": 0.6705, "site_id": "nagpur"}}, {"type": "Feature", "geometry": {"type": "Polygon", "coordinates": [[[79.02121212121213, 21.065656565656564], [79.02121212121213, 21.075757575757574], [79.00707070707071, 21.075757575757574], [79.00707070707071, 21.065656565656564], [79.02121212121213, 21.065656565656564]]]}, "properties": {"confidence_score": 0.6936, "site_id": "nagpur"}}, {"type": "Feature", "geometry": {"type": "Polygon", "coordinates": [[[79.03535353535354, 21.065656565656564], [79.03535353535354, 21.075757575757574], [79.02121212121212, 21.075757575757574], [79.02121212121212, 21.065656565656564], [79.03535353535354, 21.065656565656564]]]}, "properties": {"confidence_score": 0.737, "site_id": "nagpur"}}, {"type": "Feature", "geometry": {"type": "Polygon", "coordinates": [[[79.04949494949496, 21.065656565656564], [79.04949494949496, 21.075757575757574], [79.03535353535354, 21.075757575757574], [79.03535353535354, 21.065656565656564], [79.04949494949496, 21.065656565656564]]]}, "properties": {"confidence_score": 0.743, "site_id": "nagpur"}}, {"type": "Feature", "geometry": {"type": "Polygon", "coordinates": [[[79.06363636363636, 21.065656565656564], [79.06363636363636, 21.075757575757574], [79.04949494949494, 21.075757575757574], [79.04949494949494, 21.065656565656564], [79.06363636363636, 21.065656565656564]]]}, "properties": {"confidence_score": 0.748, "site_id": "nagpur"}}, {"type": "Feature", "geometry": {"type": "Polygon", "coordinates": [[[79.07777777777778, 21.065656565656564], [79.07777777777778, 21.075757575757574], [79.06363636363636, 21.075757575757574], [79.06363636363636, 21.065656565656564], [79.07777777777778, 21.065656565656564]]]}, "properties": {"confidence_score": 0.6301, "site_id": "nagpur"}}, {"type": "Feature", "geometry": {"type": "Polygon", "coordinates": [[[79.09191919191919, 21.065656565656564], [79.09191919191919, 21.075757575757574], [79.07777777777777, 21.075757575757574], [79.07777777777777, 21.065656565656564], [79.09191919191919, 21.065656565656564]]]}, "properties": {"confidence_score": 0.5148, "site_id": "nagpur"}}, {"type": "Feature", "geometry": {"type": "Polygon", "coordinates": [[[79.10606060606061, 21.065656565656564], [79.10606060606061, 21.075757575757574], [79.09191919191919, 21.075757575757574], [79.09191919191919, 21.065656565656564], [79.10606060606061, 21.065656565656564]]]}, "properties": {"confidence_score": 0.5131, "site_id": "nagpur"}}, {"type": "Feature", "geometry": {"type": "Polygon", "coordinates": [[[79.12020202020203, 21.065656565656564], [79.12020202020203, 21.075757575757574], [79.10606060606061, 21.075757575757574], [79.10606060606061, 21.065656565656564], [79.12020202020203, 21.065656565656564]]]}, "properties": {"confidence_score": 0.5578, "site_id": "nagpur"}}, {"type": "Feature", "geometry": {"type": "Polygon", "coordinates": [[[79.13434343434344, 21.065656565656564], [79.13434343434344, 21.075757575757574], [79.12020202020202, 21.075757575757574], [79.12020202020202, 21.065656565656564], [79.13434343434344, 21.065656565656564]]]}, "properties": {"confidence_score": 0.585, "site_id": "nagpur"}}, {"type": "Feature", "geometry": {"type": "Polygon", "coordinates": [[[79.14848484848486, 21.065656565656564], [79.14848484848486, 21.075757575757574], [79.13434343434344, 21.075757575757574], [79.13434343434344, 21.065656565656564], [79.14848484848486, 21.065656565656564]]]}, "properties": {"confidence_score": 0.6018, "site_id": "nagpur"}}, {"type": "Feature", "geometry": {"type": "Polygon", "coordinates": [[[79.16262626262626, 21.065656565656564], [79.16262626262626, 21.075757575757574], [79.14848484848484, 21.075757575757574], [79.14848484848484, 21.065656565656564], [79.16262626262626, 21.065656565656564]]]}, "properties": {"confidence_score": 0.4946, "site_id": "nagpur"}}, {"type": "Feature", "geometry": {"type": "Polygon", "coordinates": [[[79.17676767676768, 21.065656565656564], [79.17676767676768, 21.075757575757574], [79.16262626262626, 21.075757575757574], [79.16262626262626, 21.065656565656564], [79.17676767676768, 21.065656565656564]]]}, "properties": {"confidence_score": 0.3938, "site_id": "nagpur"}}, {"type": "Feature", "geometry": {"type": "Polygon", "coordinates": [[[79.19090909090909, 21.065656565656564], [79.19090909090909, 21.075757575757574], [79.17676767676767, 21.075757575757574], [79.17676767676767, 21.065656565656564], [79.19090909090909, 21.065656565656564]]]}, "properties": {"confidence_score": 0.5177, "site_id": "nagpur"}}, {"type": "Feature", "geometry": {"type": "Polygon", "coordinates": [[[79.20505050505051, 21.065656565656564], [79.20505050505051, 21.075757575757574], [79.19090909090909, 21.075757575757574], [79.19090909090909, 21.065656565656564], [79.20505050505051, 21.065656565656564]]]}, "properties": {"confidence_score": 0.6999, "site_id": "nagpur"}}, {"type": "Feature", "geometry": {"type": "Polygon", "coordinates": [[[79.21919191919193, 21.065656565656564], [79.21919191919193, 21.075757575757574], [79.20505050505051, 21.075757575757574], [79.20505050505051, 21.065656565656564], [79.21919191919193, 21.065656565656564]]]}, "properties": {"confidence_score": 0.7262, "site_id": "nagpur"}}, {"type": "Feature", "geometry": {"type": "Polygon", "coordinates": [[[79.23333333333333, 21.065656565656564], [79.23333333333333, 21.075757575757574], [79.21919191919191, 21.075757575757574], [79.21919191919191, 21.065656565656564], [79.23333333333333, 21.065656565656564]]]}, "properties": {"confidence_score": 0.7201, "site_id": "nagpur"}}, {"type": "Feature", "geometry": {"type": "Polygon", "coordinates": [[[79.24747474747475, 21.065656565656564], [79.24747474747475, 21.075757575757574], [79.23333333333333, 21.075757575757574], [79.23333333333333, 21.065656565656564], [79.24747474747475, 21.065656565656564]]]}, "properties": {"confidence_score": 0.7316, "site_id": "nagpur"}}, {"type": "Feature", "geometry": {"type": "Polygon", "coordinates": [[[79.26161616161616, 21.065656565656564], [79.26161616161616, 21.075757575757574], [79.24747474747474, 21.075757575757574], [79.24747474747474, 21.065656565656564], [79.26161616161616, 21.065656565656564]]]}, "properties": {"confidence_score": 0.7518, "site_id": "nagpur"}}, {"type": "Feature", "geometry": {"type": "Polygon", "coordinates": [[[79.27575757575758, 21.065656565656564], [79.27575757575758, 21.075757575757574], [79.26161616161616, 21.075757575757574], [79.26161616161616, 21.065656565656564], [79.27575757575758, 21.065656565656564]]]}, "properties": {"confidence_score": 0.6811, "site_id": "nagpur"}}, {"type": "Feature", "geometry": {"type": "Polygon", "coordinates": [[[79.289898989899, 21.065656565656564], [79.289898989899, 21.075757575757574], [79.27575757575758, 21.075757575757574], [79.27575757575758, 21.065656565656564], [79.289898989899, 21.065656565656564]]]}, "properties": {"confidence_score": 0.5687, "site_id": "nagpur"}}, {"type": "Feature", "geometry": {"type": "Polygon", "coordinates": [[[79.3040404040404, 21.065656565656564], [79.3040404040404, 21.075757575757574], [79.28989898989899, 21.075757575757574], [79.28989898989899, 21.065656565656564], [79.3040404040404, 21.065656565656564]]]}, "properties": {"confidence_score": 0.484, "site_id": "nagpur"}}, {"type": "Feature", "geometry": {"type": "Polygon", "coordinates": [[[79.00707070707071, 21.075757575757574], [79.00707070707071, 21.085858585858585], [78.99292929292929, 21.085858585858585], [78.99292929292929, 21.075757575757574], [79.00707070707071, 21.075757575757574]]]}, "properties": {"confidence_score": 0.8039, "site_id": "nagpur"}}, {"type": "Feature", "geometry": {"type": "Polygon", "coordinates": [[[79.02121212121213, 21.075757575757574], [79.02121212121213, 21.085858585858585], [79.00707070707071, 21.085858585858585], [79.00707070707071, 21.075757575757574], [79.02121212121213, 21.075757575757574]]]}, "properties": {"confidence_score": 0.7303, "site_id": "nagpur"}}, {"type": "Feature", "geometry": {"type": "Polygon", "coordinates": [[[79.03535353535354, 21.075757575757574], [79.03535353535354, 21.085858585858585], [79.02121212121212, 21.085858585858585], [79.02121212121212, 21.075757575757574], [79.03535353535354, 21.075757575757574]]]}, "properties": {"confidence_score": 0.7385, "site_id": "nagpur"}}, {"type": "Feature", "geometry": {"type": "Polygon", "coordinates": [[[79.04949494949496, 21.075757575757574], [79.04949494949496, 21.085858585858585], [79.03535353535354, 21.085858585858585], [79.03535353535354, 21.075757575757574], [79.04949494949496, 21.075757575757574]]]}, "properties": {"confidence_score": 0.7924, "site_id": "nagpur"}}, {"type": "Feature", "geometry": {"type": "Polygon", "coordinates": [[[79.06363636363636, 21.075757575757574], [79.06363636363636, 21.085858585858585], [79.04949494949494, 21.085858585858585], [79.04949494949494, 21.075757575757574], [79.06363636363636, 21.075757575757574]]]}, "properties": {"confidence_score": 0.8805, "site_id": "nagpur"}}, {"type": "Feature", "geometry": {"type": "Polygon", "coordinates": [[[79.07777777777778, 21.075757575757574], [79.07777777777778, 21.085858585858585], [79.06363636363636, 21.085858585858585], [79.06363636363636, 21.075757575757574], [79.07777777777778, 21.075757575757574]]]}, "properties": {"confidence_score": 0.6782, "site_id": "nagpur"}}, {"type": "Feature", "geometry": {"type": "Polygon", "coordinates": [[[79.09191919191919, 21.075757575757574], [79.09191919191919, 21.085858585858585], [79.07777777777777, 21.085858585858585], [79.07777777777777, 21.075757575757574], [79.09191919191919, 21.075757575757574]]]}, "properties": {"confidence_score": 0.4971, "site_id": "nagpur"}}, {"type": "Feature", "geometry": {"type": "Polygon", "coordinates": [[[79.10606060606061, 21.075757575757574], [79.10606060606061, 21.085858585858585], [79.09191919191919, 21.085858585858585], [79.09191919191919, 21.075757575757574], [79.10606060606061, 21.075757575757574]]]}, "properties": {"confidence_score": 0.4701, "site_id": "nagpur"}}, {"type": "Feature", "geometry": {"type": "Polygon", "coordinates": [[[79.12020202020203, 21.075757575757574], [79.12020202020203, 21.085858585858585], [79.10606060606061, 21.085858585858585], [79.10606060606061, 21.075757575757574], [79.12020202020203, 21.075757575757574]]]}, "properties": {"confidence_score": 0.5013, "site_id": "nagpur"}}, {"type": "Feature", "geometry": {"type": "Polygon", "coordinates": [[[79.13434343434344, 21.075757575757574], [79.13434343434344, 21.085858585858585], [79.12020202020202, 21.085858585858585], [79.12020202020202, 21.075757575757574], [79.13434343434344, 21.075757575757574]]]}, "properties": {"confidence_score": 0.5478, "site_id": "nagpur"}}, {"type": "Feature", "geometry": {"type": "Polygon", "coordinates": [[[79.14848484848486, 21.075757575757574], [79.14848484848486, 21.085858585858585], [79.13434343434344, 21.085858585858585], [79.13434343434344, 21.075757575757574], [79.14848484848486, 21.075757575757574]]]}, "properties": {"confidence_score": 0.735, "site_id": "nagpur"}}, {"type": "Feature", "geometry": {"type": "Polygon", "coordinates": [[[79.16262626262626, 21.075757575757574], [79.16262626262626, 21.085858585858585], [79.14848484848484, 21.085858585858585], [79.14848484848484, 21.075757575757574], [79.16262626262626, 21.075757575757574]]]}, "properties": {"confidence_score": 0.5388, "site_id": "nagpur"}}, {"type": "Feature", "geometry": {"type": "Polygon", "coordinates": [[[79.17676767676768, 21.075757575757574], [79.17676767676768, 21.085858585858585], [79.16262626262626, 21.085858585858585], [79.16262626262626, 21.075757575757574], [79.17676767676768, 21.075757575757574]]]}, "properties": {"confidence_score": 0.436, "site_id": "nagpur"}}, {"type": "Feature", "geometry": {"type": "Polygon", "coordinates": [[[79.19090909090909, 21.075757575757574], [79.19090909090909, 21.085858585858585], [79.17676767676767, 21.085858585858585], [79.17676767676767, 21.075757575757574], [79.19090909090909, 21.075757575757574]]]}, "properties": {"confidence_score": 0.571, "site_id": "nagpur"}}, {"type": "Feature", "geometry": {"type": "Polygon", "coordinates": [[[79.20505050505051, 21.075757575757574], [79.20505050505051, 21.085858585858585], [79.19090909090909, 21.085858585858585], [79.19090909090909, 21.075757575757574], [79.20505050505051, 21.075757575757574]]]}, "properties": {"confidence_score": 0.8316, "site_id": "nagpur"}}, {"type": "Feature", "geometry": {"type": "Polygon", "coordinates": [[[79.21919191919193, 21.075757575757574], [79.21919191919193, 21.085858585858585], [79.20505050505051, 21.085858585858585], [79.20505050505051, 21.075757575757574], [79.21919191919193, 21.075757575757574]]]}, "properties": {"confidence_score": 0.7599, "site_id": "nagpur"}}, {"type": "Feature", "geometry": {"type": "Polygon", "coordinates": [[[79.23333333333333, 21.075757575757574], [79.23333333333333, 21.085858585858585], [79.21919191919191, 21.085858585858585], [79.21919191919191, 21.075757575757574], [79.23333333333333, 21.075757575757574]]]}, "properties": {"confidence_score": 0.72, "site_id": "nagpur"}}, {"type": "Feature", "geometry": {"type": "Polygon", "coordinates": [[[79.24747474747475, 21.075757575757574], [79.24747474747475, 21.085858585858585], [79.23333333333333, 21.085858585858585], [79.23333333333333, 21.075757575757574], [79.24747474747475, 21.075757575757574]]]}, "properties": {"confidence_score": 0.6967, "site_id": "nagpur"}}, {"type": "Feature", "geometry": {"type": "Polygon", "coordinates": [[[79.26161616161616, 21.075757575757574], [79.26161616161616, 21.085858585858585], [79.24747474747474, 21.085858585858585], [79.24747474747474, 21.075757575757574], [79.26161616161616, 21.075757575757574]]]}, "properties": {"confidence_score": 0.6638, "site_id": "nagpur"}}, {"type": "Feature", "geometry": {"type": "Polygon", "coordinates": [[[79.27575757575758, 21.075757575757574], [79.27575757575758, 21.085858585858585], [79.26161616161616, 21.085858585858585], [79.26161616161616, 21.075757575757574], [79.27575757575758, 21.075757575757574]]]}, "properties": {"confidence_score": 0.6686, "site_id": "nagpur"}}, {"type": "Feature", "geometry": {"type": "Polygon", "coordinates": [[[79.289898989899, 21.075757575757574], [79.289898989899, 21.085858585858585], [79.27575757575758, 21.085858585858585], [79.27575757575758, 21.075757575757574], [79.289898989899, 21.075757575757574]]]}, "properties": {"confidence_score": 0.6699, "site_id": "nagpur"}}, {"type": "Feature", "geometry": {"type": "Polygon", "coordinates": [[[79.3040404040404, 21.075757575757574], [79.3040404040404, 21.085858585858585], [79.28989898989899, 21.085858585858585], [79.28989898989899, 21.075757575757574], [79.3040404040404, 21.075757575757574]]]}, "properties": {"confidence_score": 0.5569, "site_id": "nagpur"}}, {"type": "Feature", "geometry": {"type": "Polygon", "coordinates": [[[79.00707070707071, 21.085858585858585], [79.00707070707071, 21.095959595959595], [78.99292929292929, 21.095959595959595], [78.99292929292929, 21.085858585858585], [79.00707070707071, 21.085858585858585]]]}, "properties": {"confidence_score": 0.6785, "site_id": "nagpur"}}, {"type": "Feature", "geometry": {"type": "Polygon", "coordinates": [[[79.02121212121213, 21.085858585858585], [79.02121212121213, 21.095959595959595], [79.00707070707071, 21.095959595959595], [79.00707070707071, 21.085858585858585], [79.02121212121213, 21.085858585858585]]]}, "properties": {"confidence_score": 0.7065, "site_id": "nagpur"}}, {"type": "Feature", "geometry": {"type": "Polygon", "coordinates": [[[79.03535353535354, 21.085858585858585], [79.03535353535354, 21.095959595959595], [79.02121212121212, 21.095959595959595], [79.02121212121212, 21.085858585858585], [79.03535353535354, 21.085858585858585]]]}, "properties": {"confidence_score": 0.7364, "site_id": "nagpur"}}, {"type": "Feature", "geometry": {"type": "Polygon", "coordinates": [[[79.04949494949496, 21.085858585858585], [79.04949494949496, 21.095959595959595], [79.03535353535354, 21.095959595959595], [79.03535353535354, 21.085858585858585], [79.04949494949496, 21.085858585858585]]]}, "properties": {"confidence_score": 0.8042, "site_id": "nagpur"}}, {"type": "Feature", "geometry": {"type": "Polygon", "coordinates": [[[79.06363636363636, 21.085858585858585], [79.06363636363636, 21.095959595959595], [79.04949494949494, 21.095959595959595], [79.04949494949494, 21.085858585858585], [79.06363636363636, 21.085858585858585]]]}, "properties": {"confidence_score": 0.8533, "site_id": "nagpur"}}, {"type": "Feature", "geometry": {"type": "Polygon", "coordinates": [[[79.07777777777778, 21.085858585858585], [79.07777777777778, 21.095959595959595], [79.06363636363636, 21.095959595959595], [79.06363636363636, 21.085858585858585], [79.07777777777778, 21.085858585858585]]]}, "properties": {"confidence_score": 0.6935, "site_id": "nagpur"}}, {"type": "Feature", "geometry": {"type": "Polygon", "coordinates": [[[79.09191919191919, 21.085858585858585], [79.09191919191919, 21.095959595959595], [79.07777777777777, 21.095959595959595], [79.07777777777777, 21.085858585858585], [79.09191919191919, 21.085858585858585]]]}, "properties": {"confidence_score": 0.5215, "site_id": "nagpur"}}, {"type": "Feature", "geometry": {"type": "Polygon", "coordinates": [[[79.10606060606061, 21.085858585858585], [79.10606060606061, 21.095959595959595], [79.09191919191919, 21.095959595959595], [79.09191919191919, 21.085858585858585], [79.10606060606061, 21.085858585858585]]]}, "properties": {"confidence_score": 0.419, "site_id": "nagpur"}}, {"type": "Feature", "geometry": {"type": "Polygon", "coordinates": [[[79.12020202020203, 21.085858585858585], [79.12020202020203, 21.095959595959595], [79.10606060606061, 21.095959595959595], [79.10606060606061, 21.085858585858585], [79.12020202020203, 21.085858585858585]]]}, "properties": {"confidence_score": 0.3746, "site_id": "nagpur"}}, {"type": "Feature", "geometry": {"type": "Polygon", "coordinates": [[[79.13434343434344, 21.085858585858585], [79.13434343434344, 21.095959595959595], [79.12020202020202, 21.095959595959595], [79.12020202020202, 21.085858585858585], [79.13434343434344, 21.085858585858585]]]}, "properties": {"confidence_score": 0.4093, "site_id": "nagpur"}}, {"type": "Feature", "geometry": {"type": "Polygon", "coordinates": [[[79.14848484848486, 21.085858585858585], [79.14848484848486, 21.095959595959595], [79.13434343434344, 21.095959595959595], [79.13434343434344, 21.085858585858585], [79.14848484848486, 21.085858585858585]]]}, "properties": {"confidence_score": 0.4778, "site_id": "nagpur"}}, {"type": "Feature", "geometry": {"type": "Polygon", "coordinates": [[[79.16262626262626, 21.085858585858585], [79.16262626262626, 21.095959595959595], [79.14848484848484, 21.095959595959595], [79.14848484848484, 21.085858585858585], [79.16262626262626, 21.085858585858585]]]}, "properties": {"confidence_score": 0.4736, "site_id": "nagpur"}}, {"type": "Feature", "geometry": {"type": "Polygon", "coordinates": [[[79.17676767676768, 21.085858585858585], [79.17676767676768, 21.095959595959595], [79.16262626262626, 21.095959595959595], [79.16262626262626, 21.085858585858585], [79.17676767676768, 21.085858585858585]]]}, "properties": {"confidence_score": 0.4922, "site_id": "nagpur"}}, {"type": "Feature", "geometry": {"type": "Polygon", "coordinates": [[[79.19090909090909, 21.085858585858585], [79.19090909090909, 21.095959595959595], [79.17676767676767, 21.095959595959595], [79.17676767676767, 21.085858585858585], [79.19090909090909, 21.085858585858585]]]}, "properties": {"confidence_score": 0.5756, "site_id": "nagpur"}}, {"type": "Feature", "geometry": {"type": "Polygon", "coordinates": [[[79.20505050505051, 21.085858585858585], [79.20505050505051, 21.095959595959595], [79.19090909090909, 21.095959595959595], [79.19090909090909, 21.085858585858585], [79.20505050505051, 21.085858585858585]]]}, "properties": {"confidence_score": 0.6962, "site_id": "nagpur"}}, {"type": "Feature", "geometry": {"type": "Polygon", "coordinates": [[[79.21919191919193, 21.085858585858585], [79.21919191919193, 21.095959595959595], [79.20505050505051, 21.095959595959595], [79.20505050505051, 21.085858585858585], [79.21919191919193, 21.085858585858585]]]}, "properties": {"confidence_score": 0.704, "site_id": "nagpur"}}, {"type": "Feature", "geometry": {"type": "Polygon", "coordinates": [[[79.23333333333333, 21.085858585858585], [79.23333333333333, 21.095959595959595], [79.21919191919191, 21.095959595959595], [79.21919191919191, 21.085858585858585], [79.23333333333333, 21.085858585858585]]]}, "properties": {"confidence_score": 0.6898, "site_id": "nagpur"}}, {"type": "Feature", "geometry": {"type": "Polygon", "coordinates": [[[79.24747474747475, 21.085858585858585], [79.24747474747475, 21.095959595959595], [79.23333333333333, 21.095959595959595], [79.23333333333333, 21.085858585858585], [79.24747474747475, 21.085858585858585]]]}, "properties": {"confidence_score": 0.6781, "site_id": "nagpur"}}, {"type": "Feature", "geometry": {"type": "Polygon", "coordinates": [[[79.26161616161616, 21.085858585858585], [79.26161616161616, 21.095959595959595], [79.24747474747474, 21.095959595959595], [79.24747474747474, 21.085858585858585], [79.26161616161616, 21.085858585858585]]]}, "properties": {"confidence_score": 0.6745, "site_id": "nagpur"}}, {"type": "Feature", "geometry": {"type": "Polygon", "coordinates": [[[79.27575757575758, 21.085858585858585], [79.27575757575758, 21.095959595959595], [79.26161616161616, 21.095959595959595], [79.26161616161616, 21.085858585858585], [79.27575757575758, 21.085858585858585]]]}, "properties": {"confidence_score": 0.6878, "site_id": "nagpur"}}, {"type": "Feature", "geometry": {"type": "Polygon", "coordinates": [[[79.289898989899, 21.085858585858585], [79.289898989899, 21.095959595959595], [79.27575757575758, 21.095959595959595], [79.27575757575758, 21.085858585858585], [79.289898989899, 21.085858585858585]]]}, "properties": {"confidence_score": 0.7053, "site_id": "nagpur"}}, {"type": "Feature", "geometry": {"type": "Polygon", "coordinates": [[[79.3040404040404, 21.085858585858585], [79.3040404040404, 21.095959595959595], [79.28989898989899, 21.095959595959595], [79.28989898989899, 21.085858585858585], [79.3040404040404, 21.085858585858585]]]}, "properties": {"confidence_score": 0.6147, "site_id": "nagpur"}}, {"type": "Feature", "geometry": {"type": "Polygon", "coordinates": [[[79.00707070707071, 21.095959595959595], [79.00707070707071, 21.106060606060606], [78.99292929292929, 21.106060606060606], [78.99292929292929, 21.095959595959595], [79.00707070707071, 21.095959595959595]]]}, "properties": {"confidence_score": 0.5663, "site_id": "nagpur"}}, {"type": "Feature", "geometry": {"type": "Polygon", "coordinates": [[[79.02121212121213, 21.095959595959595], [79.02121212121213, 21.106060606060606], [79.00707070707071, 21.106060606060606], [79.00707070707071, 21.095959595959595], [79.02121212121213, 21.095959595959595]]]}, "properties": {"confidence_score": 0.6932, "site_id": "nagpur"}}, {"type": "Feature", "geometry": {"type": "Polygon", "coordinates": [[[79.03535353535354, 21.095959595959595], [79.03535353535354, 21.106060606060606], [79.02121212121212, 21.106060606060606], [79.02121212121212, 21.095959595959595], [79.03535353535354, 21.095959595959595]]]}, "properties": {"confidence_score": 0.7347, "site_id": "nagpur"}}, {"type": "Feature", "geometry": {"type": "Polygon", "coordinates": [[[79.04949494949496, 21.095959595959595], [79.04949494949496, 21.106060606060606], [79.03535353535354, 21.106060606060606], [79.03535353535354, 21.095959595959595], [79.04949494949496, 21.095959595959595]]]}, "properties": {"confidence_score": 0.7917, "site_id": "nagpur"}}, {"type": "Feature", "geometry": {"type": "Polygon", "coordinates": [[[79.06363636363636, 21.095959595959595], [79.06363636363636, 21.106060606060606], [79.04949494949494, 21.106060606060606], [79.04949494949494, 21.095959595959595], [79.06363636363636, 21.095959595959595]]]}, "properties": {"confidence_score": 0.8877, "site_id": "nagpur"}}, {"type": "Feature", "geometry": {"type": "Polygon", "coordinates": [[[79.07777777777778, 21.095959595959595], [79.07777777777778, 21.106060606060606], [79.06363636363636, 21.106060606060606], [79.06363636363636, 21.095959595959595], [79.07777777777778, 21.095959595959595]]]}, "properties": {"confidence_score": 0.6624, "site_id": "nagpur"}}, {"type": "Feature", "geometry": {"type": "Polygon", "coordinates": [[[79.09191919191919, 21.095959595959595], [79.09191919191919, 21.106060606060606], [79.07777777777777, 21.106060606060606], [79.07777777777777, 21.095959595959595], [79.09191919191919, 21.095959595959595]]]}, "properties": {"confidence_score": 0.5224, "site_id": "nagpur"}}, {"type": "Feature", "geometry": {"type": "Polygon", "coordinates": [[[79.10606060606061, 21.095959595959595], [79.10606060606061, 21.106060606060606], [79.09191919191919, 21.106060606060606], [79.09191919191919, 21.095959595959595], [79.10606060606061, 21.095959595959595]]]}, "properties": {"confidence_score": 0.3577, "site_id": "nagpur"}}, {"type": "Feature", "geometry": {"type": "Polygon", "coordinates": [[[79.12020202020203, 21.095959595959595], [79.12020202020203, 21.106060606060606], [79.10606060606061, 21.106060606060606], [79.10606060606061, 21.095959595959595], [79.12020202020203, 21.095959595959595]]]}, "properties": {"confidence_score": 0.2169, "site_id": "nagpur"}}, {"type": "Feature", "geometry": {"type": "Polygon", "coordinates": [[[79.13434343434344, 21.095959595959595], [79.13434343434344, 21.106060606060606], [79.12020202020202, 21.106060606060606], [79.12020202020202, 21.095959595959595], [79.13434343434344, 21.095959595959595]]]}, "properties": {"confidence_score": 0.2517, "site_id": "nagpur"}}, {"type": "Feature", "geometry": {"type": "Polygon", "coordinates": [[[79.14848484848486, 21.095959595959595], [79.14848484848486, 21.106060606060606], [79.13434343434344, 21.106060606060606], [79.13434343434344, 21.095959595959595], [79.14848484848486, 21.095959595959595]]]}, "properties": {"confidence_score": 0.195, "site_id": "nagpur"}}, {"type": "Feature", "geometry": {"type": "Polygon", "coordinates": [[[79.16262626262626, 21.095959595959595], [79.16262626262626, 21.106060606060606], [79.14848484848484, 21.106060606060606], [79.14848484848484, 21.095959595959595], [79.16262626262626, 21.095959595959595]]]}, "properties": {"confidence_score": 0.3675, "site_id": "nagpur"}}, {"type": "Feature", "geometry": {"type": "Polygon", "coordinates": [[[79.17676767676768, 21.095959595959595], [79.17676767676768, 21.106060606060606], [79.16262626262626, 21.106060606060606], [79.16262626262626, 21.095959595959595], [79.17676767676768, 21.095959595959595]]]}, "properties": {"confidence_score": 0.5253, "site_id": "nagpur"}}, {"type": "Feature", "geometry": {"type": "Polygon", "coordinates": [[[79.19090909090909, 21.095959595959595], [79.19090909090909, 21.106060606060606], [79.17676767676767, 21.106060606060606], [79.17676767676767, 21.095959595959595], [79.19090909090909, 21.095959595959595]]]}, "properties": {"confidence_score": 0.5407, "site_id": "nagpur"}}, {"type": "Feature", "geometry": {"type": "Polygon", "coordinates": [[[79.20505050505051, 21.095959595959595], [79.20505050505051, 21.106060606060606], [79.19090909090909, 21.106060606060606], [79.19090909090909, 21.095959595959595], [79.20505050505051, 21.095959595959595]]]}, "properties": {"confidence_score": 0.5574, "site_id": "nagpur"}}, {"type": "Feature", "geometry": {"type": "Polygon", "coordinates": [[[79.21919191919193, 21.095959595959595], [79.21919191919193, 21.106060606060606], [79.20505050505051, 21.106060606060606], [79.20505050505051, 21.095959595959595], [79.21919191919193, 21.095959595959595]]]}, "properties": {"confidence_score": 0.6213, "site_id": "nagpur"}}, {"type": "Feature", "geometry": {"type": "Polygon", "coordinates": [[[79.23333333333333, 21.095959595959595], [79.23333333333333, 21.106060606060606], [79.21919191919191, 21.106060606060606], [79.21919191919191, 21.095959595959595], [79.23333333333333, 21.095959595959595]]]}, "properties": {"confidence_score": 0.6658, "site_id": "nagpur"}}, {"type": "Feature", "geometry": {"type": "Polygon", "coordinates": [[[79.24747474747475, 21.095959595959595], [79.24747474747475, 21.106060606060606], [79.23333333333333, 21.106060606060606], [79.23333333333333, 21.095959595959595], [79.24747474747475, 21.095959595959595]]]}, "properties": {"confidence_score": 0.6694, "site_id": "nagpur"}}, {"type": "Feature", "geometry": {"type": "Polygon", "coordinates": [[[79.26161616161616, 21.095959595959595], [79.26161616161616, 21.106060606060606], [79.24747474747474, 21.106060606060606], [79.24747474747474, 21.095959595959595], [79.26161616161616, 21.095959595959595]]]}, "properties": {"confidence_score": 0.705, "site_id": "nagpur"}}, {"type": "Feature", "geometry": {"type": "Polygon", "coordinates": [[[79.27575757575758, 21.095959595959595], [79.27575757575758, 21.106060606060606], [79.26161616161616, 21.106060606060606], [79.26161616161616, 21.095959595959595], [79.27575757575758, 21.095959595959595]]]}, "properties": {"confidence_score": 0.7026, "site_id": "nagpur"}}, {"type": "Feature", "geometry": {"type": "Polygon", "coordinates": [[[79.289898989899, 21.095959595959595], [79.289898989899, 21.106060606060606], [79.27575757575758, 21.106060606060606], [79.27575757575758, 21.095959595959595], [79.289898989899, 21.095959595959595]]]}, "properties": {"confidence_score": 0.7601, "site_id": "nagpur"}}, {"type": "Feature", "geometry": {"type": "Polygon", "coordinates": [[[79.3040404040404, 21.095959595959595], [79.3040404040404, 21.106060606060606], [79.28989898989899, 21.106060606060606], [79.28989898989899, 21.095959595959595], [79.3040404040404, 21.095959595959595]]]}, "properties": {"confidence_score": 0.6603, "site_id": "nagpur"}}, {"type": "Feature", "geometry": {"type": "Polygon", "coordinates": [[[79.51616161616163, 21.095959595959595], [79.51616161616163, 21.106060606060606], [79.5020202020202, 21.106060606060606], [79.5020202020202, 21.095959595959595], [79.51616161616163, 21.095959595959595]]]}, "properties": {"confidence_score": 0.651, "site_id": "bhandara"}}, {"type": "Feature", "geometry": {"type": "Polygon", "coordinates": [[[79.53030303030303, 21.095959595959595], [79.53030303030303, 21.106060606060606], [79.51616161616161, 21.106060606060606], [79.51616161616161, 21.095959595959595], [79.53030303030303, 21.095959595959595]]]}, "properties": {"confidence_score": 0.6399, "site_id": "bhandara"}}, {"type": "Feature", "geometry": {"type": "Polygon", "coordinates": [[[79.54444444444445, 21.095959595959595], [79.54444444444445, 21.106060606060606], [79.53030303030303, 21.106060606060606], [79.53030303030303, 21.095959595959595], [79.54444444444445, 21.095959595959595]]]}, "properties": {"confidence_score": 0.5965, "site_id": "bhandara"}}, {"type": "Feature", "geometry": {"type": "Polygon", "coordinates": [[[79.55858585858586, 21.095959595959595], [79.55858585858586, 21.106060606060606], [79.54444444444444, 21.106060606060606], [79.54444444444444, 21.095959595959595], [79.55858585858586, 21.095959595959595]]]}, "properties": {"confidence_score": 0.583, "site_id": "bhandara"}}, {"type": "Feature", "geometry": {"type": "Polygon", "coordinates": [[[79.57272727272728, 21.095959595959595], [79.57272727272728, 21.106060606060606], [79.55858585858586, 21.106060606060606], [79.55858585858586, 21.095959595959595], [79.57272727272728, 21.095959595959595]]]}, "properties": {"confidence_score": 0.5946, "site_id": "bhandara"}}, {"type": "Feature", "geometry": {"type": "Polygon", "coordinates": [[[79.5868686868687, 21.095959595959595], [79.5868686868687, 21.106060606060606], [79.57272727272728, 21.106060606060606], [79.57272727272728, 21.095959595959595], [79.5868686868687, 21.095959595959595]]]}, "properties": {"confidence_score": 0.5902, "site_id": "bhandara"}}, {"type": "Feature", "geometry": {"type": "Polygon", "coordinates": [[[79.6010101010101, 21.095959595959595], [79.6010101010101, 21.106060606060606], [79.58686868686868, 21.106060606060606], [79.58686868686868, 21.095959595959595], [79.6010101010101, 21.095959595959595]]]}, "properties": {"confidence_score": 0.5649, "site_id": "bhandara"}}, {"type": "Feature", "geometry": {"type": "Polygon", "coordinates": [[[79.61515151515152, 21.095959595959595], [79.61515151515152, 21.106060606060606], [79.6010101010101, 21.106060606060606], [79.6010101010101, 21.095959595959595], [79.61515151515152, 21.095959595959595]]]}, "properties": {"confidence_score": 0.4906, "site_id": "bhandara"}}, {"type": "Feature", "geometry": {"type": "Polygon", "coordinates": [[[79.62929292929293, 21.095959595959595], [79.62929292929293, 21.106060606060606], [79.61515151515151, 21.106060606060606], [79.61515151515151, 21.095959595959595], [79.62929292929293, 21.095959595959595]]]}, "properties": {"confidence_score": 0.3822, "site_id": "bhandara"}}, {"type": "Feature", "geometry": {"type": "Polygon", "coordinates": [[[79.64343434343435, 21.095959595959595], [79.64343434343435, 21.106060606060606], [79.62929292929293, 21.106060606060606], [79.62929292929293, 21.095959595959595], [79.64343434343435, 21.095959595959595]]]}, "properties": {"confidence_score": 0.311, "site_id": "bhandara"}}, {"type": "Feature", "geometry": {"type": "Polygon", "coordinates": [[[79.65757575757576, 21.095959595959595], [79.65757575757576, 21.106060606060606], [79.64343434343434, 21.106060606060606], [79.64343434343434, 21.095959595959595], [79.65757575757576, 21.095959595959595]]]}, "properties": {"confidence_score": 0.2781, "site_id": "bhandara"}}, {"type": "Feature", "geometry": {"type": "Polygon", "coordinates": [[[79.67171717171718, 21.095959595959595], [79.67171717171718, 21.106060606060606], [79.65757575757576, 21.106060606060606], [79.65757575757576, 21.095959595959595], [79.67171717171718, 21.095959595959595]]]}, "properties": {"confidence_score": 0.2738, "site_id": "bhandara"}}, {"type": "Feature", "geometry": {"type": "Polygon", "coordinates": [[[79.6858585858586, 21.095959595959595], [79.6858585858586, 21.106060606060606], [79.67171717171718, 21.106060606060606], [79.67171717171718, 21.095959595959595], [79.6858585858586, 21.095959595959595]]]}, "properties": {"confidence_score": 0.2633, "site_id": "bhandara"}}, {"type": "Feature", "geometry": {"type": "Polygon", "coordinates": [[[79.7, 21.095959595959595], [79.7, 21.106060606060606], [79.68585858585858, 21.106060606060606], [79.68585858585858, 21.095959595959595], [79.7, 21.095959595959595]]]}, "properties": {"confidence_score": 0.3539, "site_id": "bhandara"}}, {"type": "Feature", "geometry": {"type": "Polygon", "coordinates": [[[79.71414141414142, 21.095959595959595], [79.71414141414142, 21.106060606060606], [79.7, 21.106060606060606], [79.7, 21.095959595959595], [79.71414141414142, 21.095959595959595]]]}, "properties": {"confidence_score": 0.5338, "site_id": "bhandara"}}, {"type": "Feature", "geometry": {"type": "Polygon", "coordinates": [[[79.72828282828283, 21.095959595959595], [79.72828282828283, 21.106060606060606], [79.71414141414141, 21.106060606060606], [79.71414141414141, 21.095959595959595], [79.72828282828283, 21.095959595959595]]]}, "properties": {"confidence_score": 0.5955, "site_id": "bhandara"}}, {"type": "Feature", "geometry": {"type": "Polygon", "coordinates": [[[79.74242424242425, 21.095959595959595], [79.74242424242425, 21.106060606060606], [79.72828282828283, 21.106060606060606], [79.72828282828283, 21.095959595959595], [79.74242424242425, 21.095959595959595]]]}, "properties": {"confidence_score": 0.5794, "site_id": "bhandara"}}, {"type": "Feature", "geometry": {"type": "Polygon", "coordinates": [[[79.75656565656567, 21.095959595959595], [79.75656565656567, 21.106060606060606], [79.74242424242425, 21.106060606060606], [79.74242424242425, 21.095959595959595], [79.75656565656567, 21.095959595959595]]]}, "properties": {"confidence_score": 0.573, "site_id": "bhandara"}}, {"type": "Feature", "geometry": {"type": "Polygon", "coordinates": [[[79.77070707070708, 21.095959595959595], [79.77070707070708, 21.106060606060606], [79.75656565656566, 21.106060606060606], [79.75656565656566, 21.095959595959595], [79.77070707070708, 21.095959595959595]]]}, "properties": {"confidence_score": 0.6128, "site_id": "bhandara"}}, {"type": "Feature", "geometry": {"type": "Polygon", "coordinates": [[[79.7848484848485, 21.095959595959595], [79.7848484848485, 21.106060606060606], [79.77070707070708, 21.106060606060606], [79.77070707070708, 21.095959595959595], [79.7848484848485, 21.095959595959595]]]}, "properties": {"confidence_score": 0.6464, "site_id": "bhandara"}}, {"type": "Feature", "geometry": {"type": "Polygon", "coordinates": [[[79.7989898989899, 21.095959595959595], [79.7989898989899, 21.106060606060606], [79.78484848484848, 21.106060606060606], [79.78484848484848, 21.095959595959595], [79.7989898989899, 21.095959595959595]]]}, "properties": {"confidence_score": 0.6698, "site_id": "bhandara"}}, {"type": "Feature", "geometry": {"type": "Polygon", "coordinates": [[[79.00707070707071, 21.106060606060606], [79.00707070707071, 21.116161616161616], [78.99292929292929, 21.116161616161616], [78.99292929292929, 21.106060606060606], [79.00707070707071, 21.106060606060606]]]}, "properties": {"confidence_score": 0.7048, "site_id": "nagpur"}}, {"type": "Feature", "geometry": {"type": "Polygon", "coordinates": [[[79.02121212121213, 21.106060606060606], [79.02121212121213, 21.116161616161616], [79.00707070707071, 21.116161616161616], [79.00707070707071, 21.106060606060606], [79.02121212121213, 21.106060606060606]]]}, "properties": {"confidence_score": 0.7615, "site_id": "nagpur"}}, {"type": "Feature", "geometry": {"type": "Polygon", "coordinates": [[[79.03535353535354, 21.106060606060606], [79.03535353535354, 21.116161616161616], [79.02121212121212, 21.116161616161616], [79.02121212121212, 21.106060606060606], [79.03535353535354, 21.106060606060606]]]}, "properties": {"confidence_score": 0.7836, "site_id": "nagpur"}}, {"type": "Feature", "geometry": {"type": "Polygon", "coordinates": [[[79.04949494949496, 21.106060606060606], [79.04949494949496, 21.116161616161616], [79.03535353535354, 21.116161616161616], [79.03535353535354, 21.106060606060606], [79.04949494949496, 21.106060606060606]]]}, "properties": {"confidence_score": 0.7464, "site_id": "nagpur"}}, {"type": "Feature", "geometry": {"type": "Polygon", "coordinates": [[[79.06363636363636, 21.106060606060606], [79.06363636363636, 21.116161616161616], [79.04949494949494, 21.116161616161616], [79.04949494949494, 21.106060606060606], [79.06363636363636, 21.106060606060606]]]}, "properties": {"confidence_score": 0.6914, "site_id": "nagpur"}}, {"type": "Feature", "geometry": {"type": "Polygon", "coordinates": [[[79.07777777777778, 21.106060606060606], [79.07777777777778, 21.116161616161616], [79.06363636363636, 21.116161616161616], [79.06363636363636, 21.106060606060606], [79.07777777777778, 21.106060606060606]]]}, "properties": {"confidence_score": 0.5482, "site_id": "nagpur"}}, {"type": "Feature", "geometry": {"type": "Polygon", "coordinates": [[[79.09191919191919, 21.106060606060606], [79.09191919191919, 21.116161616161616], [79.07777777777777, 21.116161616161616], [79.07777777777777, 21.106060606060606], [79.09191919191919, 21.106060606060606]]]}, "properties": {"confidence_score": 0.4057, "site_id": "nagpur"}}, {"type": "Feature", "geometry": {"type": "Polygon", "coordinates": [[[79.10606060606061, 21.106060606060606], [79.10606060606061, 21.116161616161616], [79.09191919191919, 21.116161616161616], [79.09191919191919, 21.106060606060606], [79.10606060606061, 21.106060606060606]]]}, "properties": {"confidence_score": 0.2941, "site_id": "nagpur"}}, {"type": "Feature", "geometry": {"type": "Polygon", "coordinates": [[[79.12020202020203, 21.106060606060606], [79.12020202020203, 21.116161616161616], [79.10606060606061, 21.116161616161616], [79.10606060606061, 21.106060606060606], [79.12020202020203, 21.106060606060606]]]}, "properties": {"confidence_score": 0.2045, "site_id": "nagpur"}}, {"type": "Feature", "geometry": {"type": "Polygon", "coordinates": [[[79.13434343434344, 21.106060606060606], [79.13434343434344, 21.116161616161616], [79.12020202020202, 21.116161616161616], [79.12020202020202, 21.106060606060606], [79.13434343434344, 21.106060606060606]]]}, "properties": {"confidence_score": 0.189, "site_id": "nagpur"}}, {"type": "Feature", "geometry": {"type": "Polygon", "coordinates": [[[79.14848484848486, 21.106060606060606], [79.14848484848486, 21.116161616161616], [79.13434343434344, 21.116161616161616], [79.13434343434344, 21.106060606060606], [79.14848484848486, 21.106060606060606]]]}, "properties": {"confidence_score": 0.1874, "site_id": "nagpur"}}, {"type": "Feature", "geometry": {"type": "Polygon", "coordinates": [[[79.16262626262626, 21.106060606060606], [79.16262626262626, 21.116161616161616], [79.14848484848484, 21.116161616161616], [79.14848484848484, 21.106060606060606], [79.16262626262626, 21.106060606060606]]]}, "properties": {"confidence_score": 0.311, "site_id": "nagpur"}}, {"type": "Feature", "geometry": {"type": "Polygon", "coordinates": [[[79.17676767676768, 21.106060606060606], [79.17676767676768, 21.116161616161616], [79.16262626262626, 21.116161616161616], [79.16262626262626, 21.106060606060606], [79.17676767676768, 21.106060606060606]]]}, "properties": {"confidence_score": 0.4479, "site_id": "nagpur"}}, {"type": "Feature", "geometry": {"type": "Polygon", "coordinates": [[[79.19090909090909, 21.106060606060606], [79.19090909090909, 21.116161616161616], [79.17676767676767, 21.116161616161616], [79.17676767676767, 21.106060606060606], [79.19090909090909, 21.106060606060606]]]}, "properties": {"confidence_score": 0.4811, "site_id": "nagpur"}}, {"type": "Feature", "geometry": {"type": "Polygon", "coordinates": [[[79.20505050505051, 21.106060606060606], [79.20505050505051, 21.116161616161616], [79.19090909090909, 21.116161616161616], [79.19090909090909, 21.106060606060606], [79.20505050505051, 21.106060606060606]]]}, "properties": {"confidence_score": 0.4913, "site_id": "nagpur"}}, {"type": "Feature", "geometry": {"type": "Polygon", "coordinates": [[[79.21919191919193, 21.106060606060606], [79.21919191919193, 21.116161616161616], [79.20505050505051, 21.116161616161616], [79.20505050505051, 21.106060606060606], [79.21919191919193, 21.106060606060606]]]}, "properties": {"confidence_score": 0.572, "site_id": "nagpur"}}, {"type": "Feature", "geometry": {"type": "Polygon", "coordinates": [[[79.23333333333333, 21.106060606060606], [79.23333333333333, 21.116161616161616], [79.21919191919191, 21.116161616161616], [79.21919191919191, 21.106060606060606], [79.23333333333333, 21.106060606060606]]]}, "properties": {"confidence_score": 0.6529, "site_id": "nagpur"}}, {"type": "Feature", "geometry": {"type": "Polygon", "coordinates": [[[79.24747474747475, 21.106060606060606], [79.24747474747475, 21.116161616161616], [79.23333333333333, 21.116161616161616], [79.23333333333333, 21.106060606060606], [79.24747474747475, 21.106060606060606]]]}, "properties": {"confidence_score": 0.6541, "site_id": "nagpur"}}, {"type": "Feature", "geometry": {"type": "Polygon", "coordinates": [[[79.26161616161616, 21.106060606060606], [79.26161616161616, 21.116161616161616], [79.24747474747474, 21.116161616161616], [79.24747474747474, 21.106060606060606], [79.26161616161616, 21.106060606060606]]]}, "properties": {"confidence_score": 0.6475, "site_id": "nagpur"}}, {"type": "Feature", "geometry": {"type": "Polygon", "coordinates": [[[79.27575757575758, 21.106060606060606], [79.27575757575758, 21.116161616161616], [79.26161616161616, 21.116161616161616], [79.26161616161616, 21.106060606060606], [79.27575757575758, 21.106060606060606]]]}, "properties": {"confidence_score": 0.6664, "site_id": "nagpur"}}, {"type": "Feature", "geometry": {"type": "Polygon", "coordinates": [[[79.289898989899, 21.106060606060606], [79.289898989899, 21.116161616161616], [79.27575757575758, 21.116161616161616], [79.27575757575758, 21.106060606060606], [79.289898989899, 21.106060606060606]]]}, "properties": {"confidence_score": 0.7055, "site_id": "nagpur"}}, {"type": "Feature", "geometry": {"type": "Polygon", "coordinates": [[[79.3040404040404, 21.106060606060606], [79.3040404040404, 21.116161616161616], [79.28989898989899, 21.116161616161616], [79.28989898989899, 21.106060606060606], [79.3040404040404, 21.106060606060606]]]}, "properties": {"confidence_score": 0.6685, "site_id": "nagpur"}}, {"type": "Feature", "geometry": {"type": "Polygon", "coordinates": [[[79.51616161616163, 21.106060606060606], [79.51616161616163, 21.116161616161616], [79.5020202020202, 21.116161616161616], [79.5020202020202, 21.106060606060606], [79.51616161616163, 21.106060606060606]]]}, "properties": {"confidence_score": 0.6923, "site_id": "bhandara"}}, {"type": "Feature", "geometry": {"type": "Polygon", "coordinates": [[[79.53030303030303, 21.106060606060606], [79.53030303030303, 21.116161616161616], [79.51616161616161, 21.116161616161616], [79.51616161616161, 21.106060606060606], [79.53030303030303, 21.106060606060606]]]}, "properties": {"confidence_score": 0.6568, "site_id": "bhandara"}}, {"type": "Feature", "geometry": {"type": "Polygon", "coordinates": [[[79.54444444444445, 21.106060606060606], [79.54444444444445, 21.116161616161616], [79.53030303030303, 21.116161616161616], [79.53030303030303, 21.106060606060606], [79.54444444444445, 21.106060606060606]]]}, "properties": {"confidence_score": 0.5827, "site_id": "bhandara"}}, {"type": "Feature", "geometry": {"type": "Polygon", "coordinates": [[[79.55858585858586, 21.106060606060606], [79.55858585858586, 21.116161616161616], [79.54444444444444, 21.116161616161616], [79.54444444444444, 21.106060606060606], [79.55858585858586, 21.106060606060606]]]}, "properties": {"confidence_score": 0.5522, "site_id": "bhandara"}}, {"type": "Feature", "geometry": {"type": "Polygon", "coordinates": [[[79.57272727272728, 21.106060606060606], [79.57272727272728, 21.116161616161616], [79.55858585858586, 21.116161616161616], [79.55858585858586, 21.106060606060606], [79.57272727272728, 21.106060606060606]]]}, "properties": {"confidence_score": 0.5513, "site_id": "bhandara"}}, {"type": "Feature", "geometry": {"type": "Polygon", "coordinates": [[[79.5868686868687, 21.106060606060606], [79.5868686868687, 21.116161616161616], [79.57272727272728, 21.116161616161616], [79.57272727272728, 21.106060606060606], [79.5868686868687, 21.106060606060606]]]}, "properties": {"confidence_score": 0.5598, "site_id": "bhandara"}}, {"type": "Feature", "geometry": {"type": "Polygon", "coordinates": [[[79.6010101010101, 21.106060606060606], [79.6010101010101, 21.116161616161616], [79.58686868686868, 21.116161616161616], [79.58686868686868, 21.106060606060606], [79.6010101010101, 21.106060606060606]]]}, "properties": {"confidence_score": 0.5672, "site_id": "bhandara"}}, {"type": "Feature", "geometry": {"type": "Polygon", "coordinates": [[[79.61515151515152, 21.106060606060606], [79.61515151515152, 21.116161616161616], [79.6010101010101, 21.116161616161616], [79.6010101010101, 21.106060606060606], [79.61515151515152, 21.106060606060606]]]}, "properties": {"confidence_score": 0.4915, "site_id": "bhandara"}}, {"type": "Feature", "geometry": {"type": "Polygon", "coordinates": [[[79.62929292929293, 21.106060606060606], [79.62929292929293, 21.116161616161616], [79.61515151515151, 21.116161616161616], [79.61515151515151, 21.106060606060606], [79.62929292929293, 21.106060606060606]]]}, "properties": {"confidence_score": 0.3508, "site_id": "bhandara"}}, {"type": "Feature", "geometry": {"type": "Polygon", "coordinates": [[[79.64343434343435, 21.106060606060606], [79.64343434343435, 21.116161616161616], [79.62929292929293, 21.116161616161616], [79.62929292929293, 21.106060606060606], [79.64343434343435, 21.106060606060606]]]}, "properties": {"confidence_score": 0.2826, "site_id": "bhandara"}}, {"type": "Feature", "geometry": {"type": "Polygon", "coordinates": [[[79.65757575757576, 21.106060606060606], [79.65757575757576, 21.116161616161616], [79.64343434343434, 21.116161616161616], [79.64343434343434, 21.106060606060606], [79.65757575757576, 21.106060606060606]]]}, "properties": {"confidence_score": 0.2748, "site_id": "bhandara"}}, {"type": "Feature", "geometry": {"type": "Polygon", "coordinates": [[[79.67171717171718, 21.106060606060606], [79.67171717171718, 21.116161616161616], [79.65757575757576, 21.116161616161616], [79.65757575757576, 21.106060606060606], [79.67171717171718, 21.106060606060606]]]}, "properties": {"confidence_score": 0.3176, "site_id": "bhandara"}}, {"type": "Feature", "geometry": {"type": "Polygon", "coordinates": [[[79.6858585858586, 21.106060606060606], [79.6858585858586, 21.116161616161616], [79.67171717171718, 21.116161616161616], [79.67171717171718, 21.106060606060606], [79.6858585858586, 21.106060606060606]]]}, "properties": {"confidence_score": 0.4027, "site_id": "bhandara"}}, {"type": "Feature", "geometry": {"type": "Polygon", "coordinates": [[[79.7, 21.106060606060606], [79.7, 21.116161616161616], [79.68585858585858, 21.116161616161616], [79.68585858585858, 21.106060606060606], [79.7, 21.106060606060606]]]}, "properties": {"confidence_score": 0.512, "site_id": "bhandara"}}, {"type": "Feature", "geometry": {"type": "Polygon", "coordinates": [[[79.71414141414142, 21.106060606060606], [79.71414141414142, 21.116161616161616], [79.7, 21.116161616161616], [79.7, 21.106060606060606], [79.71414141414142, 21.106060606060606]]]}, "properties": {"confidence_score": 0.6491, "site_id": "bhandara"}}, {"type": "Feature", "geometry": {"type": "Polygon", "coordinates": [[[79.72828282828283, 21.106060606060606], [79.72828282828283, 21.116161616161616], [79.71414141414141, 21.116161616161616], [79.71414141414141, 21.106060606060606], [79.72828282828283, 21.106060606060606]]]}, "properties": {"confidence_score": 0.6649, "site_id": "bhandara"}}, {"type": "Feature", "geometry": {"type": "Polygon", "coordinates": [[[79.74242424242425, 21.106060606060606], [79.74242424242425, 21.116161616161616], [79.72828282828283, 21.116161616161616], [79.72828282828283, 21.106060606060606], [79.74242424242425, 21.106060606060606]]]}, "properties": {"confidence_score": 0.5701, "site_id": "bhandara"}}, {"type": "Feature", "geometry": {"type": "Polygon", "coordinates": [[[79.75656565656567, 21.106060606060606], [79.75656565656567, 21.116161616161616], [79.74242424242425, 21.116161616161616], [79.74242424242425, 21.106060606060606], [79.75656565656567, 21.106060606060606]]]}, "properties": {"confidence_score": 0.5549, "site_id": "bhandara"}}, {"type": "Feature", "geometry": {"type": "Polygon", "coordinates": [[[79.77070707070708, 21.106060606060606], [79.77070707070708, 21.116161616161616], [79.75656565656566, 21.116161616161616], [79.75656565656566, 21.106060606060606], [79.77070707070708, 21.106060606060606]]]}, "properties": {"confidence_score": 0.6346, "site_id": "bhandara"}}, {"type": "Feature", "geometry": {"type": "Polygon", "coordinates": [[[79.7848484848485, 21.106060606060606], [79.7848484848485, 21.116161616161616], [79.77070707070708, 21.116161616161616], [79.77070707070708, 21.106060606060606], [79.7848484848485, 21.106060606060606]]]}, "properties": {"confidence_score": 0.6789, "site_id": "bhandara"}}, {"type": "Feature", "geometry": {"type": "Polygon", "coordinates": [[[79.7989898989899, 21.106060606060606], [79.7989898989899, 21.116161616161616], [79.78484848484848, 21.116161616161616], [79.78484848484848, 21.106060606060606], [79.7989898989899, 21.106060606060606]]]}, "properties": {"confidence_score": 0.684, "site_id": "bhandara"}}, {"type": "Feature", "geometry": {"type": "Polygon", "coordinates": [[[79.00707070707071, 21.116161616161616], [79.00707070707071, 21.126262626262626], [78.99292929292929, 21.126262626262626], [78.99292929292929, 21.116161616161616], [79.00707070707071, 21.116161616161616]]]}, "properties": {"confidence_score": 0.9071, "site_id": "nagpur"}}, {"type": "Feature", "geometry": {"type": "Polygon", "coordinates": [[[79.02121212121213, 21.116161616161616], [79.02121212121213, 21.126262626262626], [79.00707070707071, 21.126262626262626], [79.00707070707071, 21.116161616161616], [79.02121212121213, 21.116161616161616]]]}, "properties": {"confidence_score": 0.8556, "site_id": "nagpur"}}, {"type": "Feature", "geometry": {"type": "Polygon", "coordinates": [[[79.03535353535354, 21.116161616161616], [79.03535353535354, 21.126262626262626], [79.02121212121212, 21.126262626262626], [79.02121212121212, 21.116161616161616], [79.03535353535354, 21.116161616161616]]]}, "properties": {"confidence_score": 0.878, "site_id": "nagpur"}}, {"type": "Feature", "geometry": {"type": "Polygon", "coordinates": [[[79.04949494949496, 21.116161616161616], [79.04949494949496, 21.126262626262626], [79.03535353535354, 21.126262626262626], [79.03535353535354, 21.116161616161616], [79.04949494949496, 21.116161616161616]]]}, "properties": {"confidence_score": 0.6895, "site_id": "nagpur"}}, {"type": "Feature", "geometry": {"type": "Polygon", "coordinates": [[[79.06363636363636, 21.116161616161616], [79.06363636363636, 21.126262626262626], [79.04949494949494, 21.126262626262626], [79.04949494949494, 21.116161616161616], [79.06363636363636, 21.116161616161616]]]}, "properties": {"confidence_score": 0.5018, "site_id": "nagpur"}}, {"type": "Feature", "geometry": {"type": "Polygon", "coordinates": [[[79.07777777777778, 21.116161616161616], [79.07777777777778, 21.126262626262626], [79.06363636363636, 21.126262626262626], [79.06363636363636, 21.116161616161616], [79.07777777777778, 21.116161616161616]]]}, "properties": {"confidence_score": 0.4238, "site_id": "nagpur"}}, {"type": "Feature", "geometry": {"type": "Polygon", "coordinates": [[[79.09191919191919, 21.116161616161616], [79.09191919191919, 21.126262626262626], [79.07777777777777, 21.126262626262626], [79.07777777777777, 21.116161616161616], [79.09191919191919, 21.116161616161616]]]}, "properties": {"confidence_score": 0.2716, "site_id": "nagpur"}}, {"type": "Feature", "geometry": {"type": "Polygon", "coordinates": [[[79.10606060606061, 21.116161616161616], [79.10606060606061, 21.126262626262626], [79.09191919191919, 21.126262626262626], [79.09191919191919, 21.116161616161616], [79.10606060606061, 21.116161616161616]]]}, "properties": {"confidence_score": 0.2508, "site_id": "nagpur"}}, {"type": "Feature", "geometry": {"type": "Polygon", "coordinates": [[[79.12020202020203, 21.116161616161616], [79.12020202020203, 21.126262626262626], [79.10606060606061, 21.126262626262626], [79.10606060606061, 21.116161616161616], [79.12020202020203, 21.116161616161616]]]}, "properties": {"confidence_score": 0.2009, "site_id": "nagpur"}}, {"type": "Feature", "geometry": {"type": "Polygon", "coordinates": [[[79.13434343434344, 21.116161616161616], [79.13434343434344, 21.126262626262626], [79.12020202020202, 21.126262626262626], [79.12020202020202, 21.116161616161616], [79.13434343434344, 21.116161616161616]]]}, "properties": {"confidence_score": 0.1836, "site_id": "nagpur"}}, {"type": "Feature", "geometry": {"type": "Polygon", "coordinates": [[[79.14848484848486, 21.116161616161616], [79.14848484848486, 21.126262626262626], [79.13434343434344, 21.126262626262626], [79.13434343434344, 21.116161616161616], [79.14848484848486, 21.116161616161616]]]}, "properties": {"confidence_score": 0.194, "site_id": "nagpur"}}, {"type": "Feature", "geometry": {"type": "Polygon", "coordinates": [[[79.16262626262626, 21.116161616161616], [79.16262626262626, 21.126262626262626], [79.14848484848484, 21.126262626262626], [79.14848484848484, 21.116161616161616], [79.16262626262626, 21.116161616161616]]]}, "properties": {"confidence_score": 0.2826, "site_id": "nagpur"}}, {"type": "Feature", "geometry": {"type": "Polygon", "coordinates": [[[79.17676767676768, 21.116161616161616], [79.17676767676768, 21.126262626262626], [79.16262626262626, 21.126262626262626], [79.16262626262626, 21.116161616161616], [79.17676767676768, 21.116161616161616]]]}, "properties": {"confidence_score": 0.3928, "site_id": "nagpur"}}, {"type": "Feature", "geometry": {"type": "Polygon", "coordinates": [[[79.19090909090909, 21.116161616161616], [79.19090909090909, 21.126262626262626], [79.17676767676767, 21.126262626262626], [79.17676767676767, 21.116161616161616], [79.19090909090909, 21.116161616161616]]]}, "properties": {"confidence_score": 0.428, "site_id": "nagpur"}}, {"type": "Feature", "geometry": {"type": "Polygon", "coordinates": [[[79.20505050505051, 21.116161616161616], [79.20505050505051, 21.126262626262626], [79.19090909090909, 21.126262626262626], [79.19090909090909, 21.116161616161616], [79.20505050505051, 21.116161616161616]]]}, "properties": {"confidence_score": 0.4309, "site_id": "nagpur"}}, {"type": "Feature", "geometry": {"type": "Polygon", "coordinates": [[[79.21919191919193, 21.116161616161616], [79.21919191919193, 21.126262626262626], [79.20505050505051, 21.126262626262626], [79.20505050505051, 21.116161616161616], [79.21919191919193, 21.116161616161616]]]}, "properties": {"confidence_score": 0.5558, "site_id": "nagpur"}}, {"type": "Feature", "geometry": {"type": "Polygon", "coordinates": [[[79.23333333333333, 21.116161616161616], [79.23333333333333, 21.126262626262626], [79.21919191919191, 21.126262626262626], [79.21919191919191, 21.116161616161616], [79.23333333333333, 21.116161616161616]]]}, "properties": {"confidence_score": 0.6848, "site_id": "nagpur"}}, {"type": "Feature", "geometry": {"type": "Polygon", "coordinates": [[[79.24747474747475, 21.116161616161616], [79.24747474747475, 21.126262626262626], [79.23333333333333, 21.126262626262626], [79.23333333333333, 21.116161616161616], [79.24747474747475, 21.116161616161616]]]}, "properties": {"confidence_score": 0.6392, "site_id": "nagpur"}}, {"type": "Feature", "geometry": {"type": "Polygon", "coordinates": [[[79.26161616161616, 21.116161616161616], [79.26161616161616, 21.126262626262626], [79.24747474747474, 21.126262626262626], [79.24747474747474, 21.116161616161616], [79.26161616161616, 21.116161616161616]]]}, "properties": {"confidence_score": 0.5737, "site_id": "nagpur"}}, {"type": "Feature", "geometry": {"type": "Polygon", "coordinates": [[[79.27575757575758, 21.116161616161616], [79.27575757575758, 21.126262626262626], [79.26161616161616, 21.126262626262626], [79.26161616161616, 21.116161616161616], [79.27575757575758, 21.116161616161616]]]}, "properties": {"confidence_score": 0.6169, "site_id": "nagpur"}}, {"type": "Feature", "geometry": {"type": "Polygon", "coordinates": [[[79.289898989899, 21.116161616161616], [79.289898989899, 21.126262626262626], [79.27575757575758, 21.126262626262626], [79.27575757575758, 21.116161616161616], [79.289898989899, 21.116161616161616]]]}, "properties": {"confidence_score": 0.6643, "site_id": "nagpur"}}, {"type": "Feature", "geometry": {"type": "Polygon", "coordinates": [[[79.3040404040404, 21.116161616161616], [79.3040404040404, 21.126262626262626], [79.28989898989899, 21.126262626262626], [79.28989898989899, 21.116161616161616], [79.3040404040404, 21.116161616161616]]]}, "properties": {"confidence_score": 0.6666, "site_id": "nagpur"}}, {"type": "Feature", "geometry": {"type": "Polygon", "coordinates": [[[79.51616161616163, 21.116161616161616], [79.51616161616163, 21.126262626262626], [79.5020202020202, 21.126262626262626], [79.5020202020202, 21.116161616161616], [79.51616161616163, 21.116161616161616]]]}, "properties": {"confidence_score": 0.7311, "site_id": "bhandara"}}, {"type": "Feature", "geometry": {"type": "Polygon", "coordinates": [[[79.53030303030303, 21.116161616161616], [79.53030303030303, 21.126262626262626], [79.51616161616161, 21.126262626262626], [79.51616161616161, 21.116161616161616], [79.53030303030303, 21.116161616161616]]]}, "properties": {"confidence_score": 0.6665, "site_id": "bhandara"}}, {"type": "Feature", "geometry": {"type": "Polygon", "coordinates": [[[79.54444444444445, 21.116161616161616], [79.54444444444445, 21.126262626262626], [79.53030303030303, 21.126262626262626], [79.53030303030303, 21.116161616161616], [79.54444444444445, 21.116161616161616]]]}, "properties": {"confidence_score": 0.5671, "site_id": "bhandara"}}, {"type": "Feature", "geometry": {"type": "Polygon", "coordinates": [[[79.55858585858586, 21.116161616161616], [79.55858585858586, 21.126262626262626], [79.54444444444444, 21.126262626262626], [79.54444444444444, 21.116161616161616], [79.55858585858586, 21.116161616161616]]]}, "properties": {"confidence_score": 0.5343, "site_id": "bhandara"}}, {"type": "Feature", "geometry": {"type": "Polygon", "coordinates": [[[79.57272727272728, 21.116161616161616], [79.57272727272728, 21.126262626262626], [79.55858585858586, 21.126262626262626], [79.55858585858586, 21.116161616161616], [79.57272727272728, 21.116161616161616]]]}, "properties": {"confidence_score": 0.524, "site_id": "bhandara"}}, {"type": "Feature", "geometry": {"type": "Polygon", "coordinates": [[[79.5868686868687, 21.116161616161616], [79.5868686868687, 21.126262626262626], [79.57272727272728, 21.126262626262626], [79.57272727272728, 21.116161616161616], [79.5868686868687, 21.116161616161616]]]}, "properties": {"confidence_score": 0.5379, "site_id": "bhandara"}}, {"type": "Feature", "geometry": {"type": "Polygon", "coordinates": [[[79.6010101010101, 21.116161616161616], [79.6010101010101, 21.126262626262626], [79.58686868686868, 21.126262626262626], [79.58686868686868, 21.116161616161616], [79.6010101010101, 21.116161616161616]]]}, "properties": {"confidence_score": 0.5831, "site_id": "bhandara"}}, {"type": "Feature", "geometry": {"type": "Polygon", "coordinates": [[[79.61515151515152, 21.116161616161616], [79.61515151515152, 21.126262626262626], [79.6010101010101, 21.126262626262626], [79.6010101010101, 21.116161616161616], [79.61515151515152, 21.116161616161616]]]}, "properties": {"confidence_score": 0.5046, "site_id": "bhandara"}}, {"type": "Feature", "geometry": {"type": "Polygon", "coordinates": [[[79.62929292929293, 21.116161616161616], [79.62929292929293, 21.126262626262626], [79.61515151515151, 21.126262626262626], [79.61515151515151, 21.116161616161616], [79.62929292929293, 21.116161616161616]]]}, "properties": {"confidence_score": 0.3255, "site_id": "bhandara"}}, {"type": "Feature", "geometry": {"type": "Polygon", "coordinates": [[[79.64343434343435, 21.116161616161616], [79.64343434343435, 21.126262626262626], [79.62929292929293, 21.126262626262626], [79.62929292929293, 21.116161616161616], [79.64343434343435, 21.116161616161616]]]}, "properties": {"confidence_score": 0.2813, "site_id": "bhandara"}}, {"type": "Feature", "geometry": {"type": "Polygon", "coordinates": [[[79.65757575757576, 21.116161616161616], [79.65757575757576, 21.126262626262626], [79.64343434343434, 21.126262626262626], [79.64343434343434, 21.116161616161616], [79.65757575757576, 21.116161616161616]]]}, "properties": {"confidence_score": 0.3004, "site_id": "bhandara"}}, {"type": "Feature", "geometry": {"type": "Polygon", "coordinates": [[[79.67171717171718, 21.116161616161616], [79.67171717171718, 21.126262626262626], [79.65757575757576, 21.126262626262626], [79.65757575757576, 21.116161616161616], [79.67171717171718, 21.116161616161616]]]}, "properties": {"confidence_score": 0.3888, "site_id": "bhandara"}}, {"type": "Feature", "geometry": {"type": "Polygon", "coordinates": [[[79.6858585858586, 21.116161616161616], [79.6858585858586, 21.126262626262626], [79.67171717171718, 21.126262626262626], [79.67171717171718, 21.116161616161616], [79.6858585858586, 21.116161616161616]]]}, "properties": {"confidence_score": 0.5759, "site_id": "bhandara"}}, {"type": "Feature", "geometry": {"type": "Polygon", "coordinates": [[[79.7, 21.116161616161616], [79.7, 21.126262626262626], [79.68585858585858, 21.126262626262626], [79.68585858585858, 21.116161616161616], [79.7, 21.116161616161616]]]}, "properties": {"confidence_score": 0.6787, "site_id": "bhandara"}}, {"type": "Feature", "geometry": {"type": "Polygon", "coordinates": [[[79.71414141414142, 21.116161616161616], [79.71414141414142, 21.126262626262626], [79.7, 21.126262626262626], [79.7, 21.116161616161616], [79.71414141414142, 21.116161616161616]]]}, "properties": {"confidence_score": 0.7608, "site_id": "bhandara"}}, {"type": "Feature", "geometry": {"type": "Polygon", "coordinates": [[[79.72828282828283, 21.116161616161616], [79.72828282828283, 21.126262626262626], [79.71414141414141, 21.126262626262626], [79.71414141414141, 21.116161616161616], [79.72828282828283, 21.116161616161616]]]}, "properties": {"confidence_score": 0.7303, "site_id": "bhandara"}}, {"type": "Feature", "geometry": {"type": "Polygon", "coordinates": [[[79.74242424242425, 21.116161616161616], [79.74242424242425, 21.126262626262626], [79.72828282828283, 21.126262626262626], [79.72828282828283, 21.116161616161616], [79.74242424242425, 21.116161616161616]]]}, "properties": {"confidence_score": 0.539, "site_id": "bhandara"}}, {"type": "Feature", "geometry": {"type": "Polygon", "coordinates": [[[79.75656565656567, 21.116161616161616], [79.75656565656567, 21.126262626262626], [79.74242424242425, 21.126262626262626], [79.74242424242425, 21.116161616161616], [79.75656565656567, 21.116161616161616]]]}, "properties": {"confidence_score": 0.5143, "site_id": "bhandara"}}, {"type": "Feature", "geometry": {"type": "Polygon", "coordinates": [[[79.77070707070708, 21.116161616161616], [79.77070707070708, 21.126262626262626], [79.75656565656566, 21.126262626262626], [79.75656565656566, 21.116161616161616], [79.77070707070708, 21.116161616161616]]]}, "properties": {"confidence_score": 0.6301, "site_id": "bhandara"}}, {"type": "Feature", "geometry": {"type": "Polygon", "coordinates": [[[79.7848484848485, 21.116161616161616], [79.7848484848485, 21.126262626262626], [79.77070707070708, 21.126262626262626], [79.77070707070708, 21.116161616161616], [79.7848484848485, 21.116161616161616]]]}, "properties": {"confidence_score": 0.6609, "site_id": "bhandara"}}, {"type": "Feature", "geometry": {"type": "Polygon", "coordinates": [[[79.7989898989899, 21.116161616161616], [79.7989898989899, 21.126262626262626], [79.78484848484848, 21.126262626262626], [79.78484848484848, 21.116161616161616], [79.7989898989899, 21.116161616161616]]]}, "properties": {"confidence_score": 0.6211, "site_id": "bhandara"}}, {"type": "Feature", "geometry": {"type": "Polygon", "coordinates": [[[79.00707070707071, 21.126262626262626], [79.00707070707071, 21.136363636363637], [78.99292929292929, 21.136363636363637], [78.99292929292929, 21.126262626262626], [79.00707070707071, 21.126262626262626]]]}, "properties": {"confidence_score": 0.9018, "site_id": "nagpur"}}, {"type": "Feature", "geometry": {"type": "Polygon", "coordinates": [[[79.02121212121213, 21.126262626262626], [79.02121212121213, 21.136363636363637], [79.00707070707071, 21.136363636363637], [79.00707070707071, 21.126262626262626], [79.02121212121213, 21.126262626262626]]]}, "properties": {"confidence_score": 0.8757, "site_id": "nagpur"}}, {"type": "Feature", "geometry": {"type": "Polygon", "coordinates": [[[79.03535353535354, 21.126262626262626], [79.03535353535354, 21.136363636363637], [79.02121212121212, 21.136363636363637], [79.02121212121212, 21.126262626262626], [79.03535353535354, 21.126262626262626]]]}, "properties": {"confidence_score": 0.8188, "site_id": "nagpur"}}, {"type": "Feature", "geometry": {"type": "Polygon", "coordinates": [[[79.04949494949496, 21.126262626262626], [79.04949494949496, 21.136363636363637], [79.03535353535354, 21.136363636363637], [79.03535353535354, 21.126262626262626], [79.04949494949496, 21.126262626262626]]]}, "properties": {"confidence_score": 0.6301, "site_id": "nagpur"}}, {"type": "Feature", "geometry": {"type": "Polygon", "coordinates": [[[79.06363636363636, 21.126262626262626], [79.06363636363636, 21.136363636363637], [79.04949494949494, 21.136363636363637], [79.04949494949494, 21.126262626262626], [79.06363636363636, 21.126262626262626]]]}, "properties": {"confidence_score": 0.4416, "site_id": "nagpur"}}, {"type": "Feature", "geometry": {"type": "Polygon", "coordinates": [[[79.07777777777778, 21.126262626262626], [79.07777777777778, 21.136363636363637], [79.06363636363636, 21.136363636363637], [79.06363636363636, 21.126262626262626], [79.07777777777778, 21.126262626262626]]]}, "properties": {"confidence_score": 0.3775, "site_id": "nagpur"}}, {"type": "Feature", "geometry": {"type": "Polygon", "coordinates": [[[79.09191919191919, 21.126262626262626], [79.09191919191919, 21.136363636363637], [79.07777777777777, 21.136363636363637], [79.07777777777777, 21.126262626262626], [79.09191919191919, 21.126262626262626]]]}, "properties": {"confidence_score": 0.3178, "site_id": "nagpur"}}, {"type": "Feature", "geometry": {"type": "Polygon", "coordinates": [[[79.10606060606061, 21.126262626262626], [79.10606060606061, 21.136363636363637], [79.09191919191919, 21.136363636363637], [79.09191919191919, 21.126262626262626], [79.10606060606061, 21.126262626262626]]]}, "properties": {"confidence_score": 0.2604, "site_id": "nagpur"}}, {"type": "Feature", "geometry": {"type": "Polygon", "coordinates": [[[79.12020202020203, 21.126262626262626], [79.12020202020203, 21.136363636363637], [79.10606060606061, 21.136363636363637], [79.10606060606061, 21.126262626262626], [79.12020202020203, 21.126262626262626]]]}, "properties": {"confidence_score": 0.1979, "site_id": "nagpur"}}, {"type": "Feature", "geometry": {"type": "Polygon", "coordinates": [[[79.13434343434344, 21.126262626262626], [79.13434343434344, 21.136363636363637], [79.12020202020202, 21.136363636363637], [79.12020202020202, 21.126262626262626], [79.13434343434344, 21.126262626262626]]]}, "properties": {"confidence_score": 0.1882, "site_id": "nagpur"}}, {"type": "Feature", "geometry": {"type": "Polygon", "coordinates": [[[79.14848484848486, 21.126262626262626], [79.14848484848486, 21.136363636363637], [79.13434343434344, 21.136363636363637], [79.13434343434344, 21.126262626262626], [79.14848484848486, 21.126262626262626]]]}, "properties": {"confidence_score": 0.2015, "site_id": "nagpur"}}, {"type": "Feature", "geometry": {"type": "Polygon", "coordinates": [[[79.16262626262626, 21.126262626262626], [79.16262626262626, 21.136363636363637], [79.14848484848484, 21.136363636363637], [79.14848484848484, 21.126262626262626], [79.16262626262626, 21.126262626262626]]]}, "properties": {"confidence_score": 0.2558, "site_id": "nagpur"}}, {"type": "Feature", "geometry": {"type": "Polygon", "coordinates": [[[79.17676767676768, 21.126262626262626], [79.17676767676768, 21.136363636363637], [79.16262626262626, 21.136363636363637], [79.16262626262626, 21.126262626262626], [79.17676767676768, 21.126262626262626]]]}, "properties": {"confidence_score": 0.3225, "site_id": "nagpur"}}, {"type": "Feature", "geometry": {"type": "Polygon", "coordinates": [[[79.19090909090909, 21.126262626262626], [79.19090909090909, 21.136363636363637], [79.17676767676767, 21.136363636363637], [79.17676767676767, 21.126262626262626], [79.19090909090909, 21.126262626262626]]]}, "properties": {"confidence_score": 0.395, "site_id": "nagpur"}}, {"type": "Feature", "geometry": {"type": "Polygon", "coordinates": [[[79.20505050505051, 21.126262626262626], [79.20505050505051, 21.136363636363637], [79.19090909090909, 21.136363636363637], [79.19090909090909, 21.126262626262626], [79.20505050505051, 21.126262626262626]]]}, "properties": {"confidence_score": 0.4744, "site_id": "nagpur"}}, {"type": "Feature", "geometry": {"type": "Polygon", "coordinates": [[[79.21919191919193, 21.126262626262626], [79.21919191919193, 21.136363636363637], [79.20505050505051, 21.136363636363637], [79.20505050505051, 21.126262626262626], [79.21919191919193, 21.126262626262626]]]}, "properties": {"confidence_score": 0.5728, "site_id": "nagpur"}}, {"type": "Feature", "geometry": {"type": "Polygon", "coordinates": [[[79.23333333333333, 21.126262626262626], [79.23333333333333, 21.136363636363637], [79.21919191919191, 21.136363636363637], [79.21919191919191, 21.126262626262626], [79.23333333333333, 21.126262626262626]]]}, "properties": {"confidence_score": 0.66, "site_id": "nagpur"}}, {"type": "Feature", "geometry": {"type": "Polygon", "coordinates": [[[79.24747474747475, 21.126262626262626], [79.24747474747475, 21.136363636363637], [79.23333333333333, 21.136363636363637], [79.23333333333333, 21.126262626262626], [79.24747474747475, 21.126262626262626]]]}, "properties": {"confidence_score": 0.621, "site_id": "nagpur"}}, {"type": "Feature", "geometry": {"type": "Polygon", "coordinates": [[[79.26161616161616, 21.126262626262626], [79.26161616161616, 21.136363636363637], [79.24747474747474, 21.136363636363637], [79.24747474747474, 21.126262626262626], [79.26161616161616, 21.126262626262626]]]}, "properties": {"confidence_score": 0.5517, "site_id": "nagpur"}}, {"type": "Feature", "geometry": {"type": "Polygon", "coordinates": [[[79.27575757575758, 21.126262626262626], [79.27575757575758, 21.136363636363637], [79.26161616161616, 21.136363636363637], [79.26161616161616, 21.126262626262626], [79.27575757575758, 21.126262626262626]]]}, "properties": {"confidence_score": 0.6016, "site_id": "nagpur"}}, {"type": "Feature", "geometry": {"type": "Polygon", "coordinates": [[[79.289898989899, 21.126262626262626], [79.289898989899, 21.136363636363637], [79.27575757575758, 21.136363636363637], [79.27575757575758, 21.126262626262626], [79.289898989899, 21.126262626262626]]]}, "properties": {"confidence_score": 0.6858, "site_id": "nagpur"}}, {"type": "Feature", "geometry": {"type": "Polygon", "coordinates": [[[79.3040404040404, 21.126262626262626], [79.3040404040404, 21.136363636363637], [79.28989898989899, 21.136363636363637], [79.28989898989899, 21.126262626262626], [79.3040404040404, 21.126262626262626]]]}, "properties": {"confidence_score": 0.6729, "site_id": "nagpur"}}, {"type": "Feature", "geometry": {"type": "Polygon", "coordinates": [[[79.51616161616163, 21.126262626262626], [79.51616161616163, 21.136363636363637], [79.5020202020202, 21.136363636363637], [79.5020202020202, 21.126262626262626], [79.51616161616163, 21.126262626262626]]]}, "properties": {"confidence_score": 0.6918, "site_id": "bhandara"}}, {"type": "Feature", "geometry": {"type": "Polygon", "coordinates": [[[79.53030303030303, 21.126262626262626], [79.53030303030303, 21.136363636363637], [79.51616161616161, 21.136363636363637], [79.51616161616161, 21.126262626262626], [79.53030303030303, 21.126262626262626]]]}, "properties": {"confidence_score": 0.6362, "site_id": "bhandara"}}, {"type": "Feature", "geometry": {"type": "Polygon", "coordinates": [[[79.54444444444445, 21.126262626262626], [79.54444444444445, 21.136363636363637], [79.53030303030303, 21.136363636363637], [79.53030303030303, 21.126262626262626], [79.54444444444445, 21.126262626262626]]]}, "properties": {"confidence_score": 0.5615, "site_id": "bhandara"}}, {"type": "Feature", "geometry": {"type": "Polygon", "coordinates": [[[79.55858585858586, 21.126262626262626], [79.55858585858586, 21.136363636363637], [79.54444444444444, 21.136363636363637], [79.54444444444444, 21.126262626262626], [79.55858585858586, 21.126262626262626]]]}, "properties": {"confidence_score": 0.5442, "site_id": "bhandara"}}, {"type": "Feature", "geometry": {"type": "Polygon", "coordinates": [[[79.57272727272728, 21.126262626262626], [79.57272727272728, 21.136363636363637], [79.55858585858586, 21.136363636363637], [79.55858585858586, 21.126262626262626], [79.57272727272728, 21.126262626262626]]]}, "properties": {"confidence_score": 0.5605, "site_id": "bhandara"}}, {"type": "Feature", "geometry": {"type": "Polygon", "coordinates": [[[79.5868686868687, 21.126262626262626], [79.5868686868687, 21.136363636363637], [79.57272727272728, 21.136363636363637], [79.57272727272728, 21.126262626262626], [79.5868686868687, 21.126262626262626]]]}, "properties": {"confidence_score": 0.5509, "site_id": "bhandara"}}, {"type": "Feature", "geometry": {"type": "Polygon", "coordinates": [[[79.6010101010101, 21.126262626262626], [79.6010101010101, 21.136363636363637], [79.58686868686868, 21.136363636363637], [79.58686868686868, 21.126262626262626], [79.6010101010101, 21.126262626262626]]]}, "properties": {"confidence_score": 0.5084, "site_id": "bhandara"}}, {"type": "Feature", "geometry": {"type": "Polygon", "coordinates": [[[79.61515151515152, 21.126262626262626], [79.61515151515152, 21.136363636363637], [79.6010101010101, 21.136363636363637], [79.6010101010101, 21.126262626262626], [79.61515151515152, 21.126262626262626]]]}, "properties": {"confidence_score": 0.4639, "site_id": "bhandara"}}, {"type": "Feature", "geometry": {"type": "Polygon", "coordinates": [[[79.62929292929293, 21.126262626262626], [79.62929292929293, 21.136363636363637], [79.61515151515151, 21.136363636363637], [79.61515151515151, 21.126262626262626], [79.62929292929293, 21.126262626262626]]]}, "properties": {"confidence_score": 0.4226, "site_id": "bhandara"}}, {"type": "Feature", "geometry": {"type": "Polygon", "coordinates": [[[79.64343434343435, 21.126262626262626], [79.64343434343435, 21.136363636363637], [79.62929292929293, 21.136363636363637], [79.62929292929293, 21.126262626262626], [79.64343434343435, 21.126262626262626]]]}, "properties": {"confidence_score": 0.4094, "site_id": "bhandara"}}, {"type": "Feature", "geometry": {"type": "Polygon", "coordinates": [[[79.65757575757576, 21.126262626262626], [79.65757575757576, 21.136363636363637], [79.64343434343434, 21.136363636363637], [79.64343434343434, 21.126262626262626], [79.65757575757576, 21.126262626262626]]]}, "properties": {"confidence_score": 0.4336, "site_id": "bhandara"}}, {"type": "Feature", "geometry": {"type": "Polygon", "coordinates": [[[79.67171717171718, 21.126262626262626], [79.67171717171718, 21.136363636363637], [79.65757575757576, 21.136363636363637], [79.65757575757576, 21.126262626262626], [79.67171717171718, 21.126262626262626]]]}, "properties": {"confidence_score": 0.5267, "site_id": "bhandara"}}, {"type": "Feature", "geometry": {"type": "Polygon", "coordinates": [[[79.6858585858586, 21.126262626262626], [79.6858585858586, 21.136363636363637], [79.67171717171718, 21.136363636363637], [79.67171717171718, 21.126262626262626], [79.6858585858586, 21.126262626262626]]]}, "properties": {"confidence_score": 0.6943, "site_id": "bhandara"}}, {"type": "Feature", "geometry": {"type": "Polygon", "coordinates": [[[79.7, 21.126262626262626], [79.7, 21.136363636363637], [79.68585858585858, 21.136363636363637], [79.68585858585858, 21.126262626262626], [79.7, 21.126262626262626]]]}, "properties": {"confidence_score": 0.7492, "site_id": "bhandara"}}, {"type": "Feature", "geometry": {"type": "Polygon", "coordinates": [[[79.71414141414142, 21.126262626262626], [79.71414141414142, 21.136363636363637], [79.7, 21.136363636363637], [79.7, 21.126262626262626], [79.71414141414142, 21.126262626262626]]]}, "properties": {"confidence_score": 0.7066, "site_id": "bhandara"}}, {"type": "Feature", "geometry": {"type": "Polygon", "coordinates": [[[79.72828282828283, 21.126262626262626], [79.72828282828283, 21.136363636363637], [79.71414141414141, 21.136363636363637], [79.71414141414141, 21.126262626262626], [79.72828282828283, 21.126262626262626]]]}, "properties": {"confidence_score": 0.6571, "site_id": "bhandara"}}, {"type": "Feature", "geometry": {"type": "Polygon", "coordinates": [[[79.74242424242425, 21.126262626262626], [79.74242424242425, 21.136363636363637], [79.72828282828283, 21.136363636363637], [79.72828282828283, 21.126262626262626], [79.74242424242425, 21.126262626262626]]]}, "properties": {"confidence_score": 0.5901, "site_id": "bhandara"}}, {"type": "Feature", "geometry": {"type": "Polygon", "coordinates": [[[79.75656565656567, 21.126262626262626], [79.75656565656567, 21.136363636363637], [79.74242424242425, 21.136363636363637], [79.74242424242425, 21.126262626262626], [79.75656565656567, 21.126262626262626]]]}, "properties": {"confidence_score": 0.5955, "site_id": "bhandara"}}, {"type": "Feature", "geometry": {"type": "Polygon", "coordinates": [[[79.77070707070708, 21.126262626262626], [79.77070707070708, 21.136363636363637], [79.75656565656566, 21.136363636363637], [79.75656565656566, 21.126262626262626], [79.77070707070708, 21.126262626262626]]]}, "properties": {"confidence_score": 0.659, "site_id": "bhandara"}}, {"type": "Feature", "geometry": {"type": "Polygon", "coordinates": [[[79.7848484848485, 21.126262626262626], [79.7848484848485, 21.136363636363637], [79.77070707070708, 21.136363636363637], [79.77070707070708, 21.126262626262626], [79.7848484848485, 21.126262626262626]]]}, "properties": {"confidence_score": 0.6545, "site_id": "bhandara"}}, {"type": "Feature", "geometry": {"type": "Polygon", "coordinates": [[[79.7989898989899, 21.126262626262626], [79.7989898989899, 21.136363636363637], [79.78484848484848, 21.136363636363637], [79.78484848484848, 21.126262626262626], [79.7989898989899, 21.126262626262626]]]}, "properties": {"confidence_score": 0.5687, "site_id": "bhandara"}}, {"type": "Feature", "geometry": {"type": "Polygon", "coordinates": [[[79.00707070707071, 21.136363636363637], [79.00707070707071, 21.146464646464647], [78.99292929292929, 21.146464646464647], [78.99292929292929, 21.136363636363637], [79.00707070707071, 21.136363636363637]]]}, "properties": {"confidence_score": 0.9298, "site_id": "nagpur"}}, {"type": "Feature", "geometry": {"type": "Polygon", "coordinates": [[[79.02121212121213, 21.136363636363637], [79.02121212121213, 21.146464646464647], [79.00707070707071, 21.146464646464647], [79.00707070707071, 21.136363636363637], [79.02121212121213, 21.136363636363637]]]}, "properties": {"confidence_score": 0.8203, "site_id": "nagpur"}}, {"type": "Feature", "geometry": {"type": "Polygon", "coordinates": [[[79.03535353535354, 21.136363636363637], [79.03535353535354, 21.146464646464647], [79.02121212121212, 21.146464646464647], [79.02121212121212, 21.136363636363637], [79.03535353535354, 21.136363636363637]]]}, "properties": {"confidence_score": 0.7836, "site_id": "nagpur"}}, {"type": "Feature", "geometry": {"type": "Polygon", "coordinates": [[[79.04949494949496, 21.136363636363637], [79.04949494949496, 21.146464646464647], [79.03535353535354, 21.146464646464647], [79.03535353535354, 21.136363636363637], [79.04949494949496, 21.136363636363637]]]}, "properties": {"confidence_score": 0.5752, "site_id": "nagpur"}}, {"type": "Feature", "geometry": {"type": "Polygon", "coordinates": [[[79.06363636363636, 21.136363636363637], [79.06363636363636, 21.146464646464647], [79.04949494949494, 21.146464646464647], [79.04949494949494, 21.136363636363637], [79.06363636363636, 21.136363636363637]]]}, "properties": {"confidence_score": 0.374, "site_id": "nagpur"}}, {"type": "Feature", "geometry": {"type": "Polygon", "coordinates": [[[79.07777777777778, 21.136363636363637], [79.07777777777778, 21.146464646464647], [79.06363636363636, 21.146464646464647], [79.06363636363636, 21.136363636363637], [79.07777777777778, 21.136363636363637]]]}, "properties": {"confidence_score": 0.3894, "site_id": "nagpur"}}, {"type": "Feature", "geometry": {"type": "Polygon", "coordinates": [[[79.09191919191919, 21.136363636363637], [79.09191919191919, 21.146464646464647], [79.07777777777777, 21.146464646464647], [79.07777777777777, 21.136363636363637], [79.09191919191919, 21.136363636363637]]]}, "properties": {"confidence_score": 0.4114, "site_id": "nagpur"}}, {"type": "Feature", "geometry": {"type": "Polygon", "coordinates": [[[79.10606060606061, 21.136363636363637], [79.10606060606061, 21.146464646464647], [79.09191919191919, 21.146464646464647], [79.09191919191919, 21.136363636363637], [79.10606060606061, 21.136363636363637]]]}, "properties": {"confidence_score": 0.3034, "site_id": "nagpur"}}, {"type": "Feature", "geometry": {"type": "Polygon", "coordinates": [[[79.12020202020203, 21.136363636363637], [79.12020202020203, 21.146464646464647], [79.10606060606061, 21.146464646464647], [79.10606060606061, 21.136363636363637], [79.12020202020203, 21.136363636363637]]]}, "properties": {"confidence_score": 0.1823, "site_id": "nagpur"}}, {"type": "Feature", "geometry": {"type": "Polygon", "coordinates": [[[79.13434343434344, 21.136363636363637], [79.13434343434344, 21.146464646464647], [79.12020202020202, 21.146464646464647], [79.12020202020202, 21.136363636363637], [79.13434343434344, 21.136363636363637]]]}, "properties": {"confidence_score": 0.2096, "site_id": "nagpur"}}, {"type": "Feature", "geometry": {"type": "Polygon", "coordinates": [[[79.14848484848486, 21.136363636363637], [79.14848484848486, 21.146464646464647], [79.13434343434344, 21.146464646464647], [79.13434343434344, 21.136363636363637], [79.14848484848486, 21.136363636363637]]]}, "properties": {"confidence_score": 0.2022, "site_id": "nagpur"}}, {"type": "Feature", "geometry": {"type": "Polygon", "coordinates": [[[79.16262626262626, 21.136363636363637], [79.16262626262626, 21.146464646464647], [79.14848484848484, 21.146464646464647], [79.14848484848484, 21.136363636363637], [79.16262626262626, 21.136363636363637]]]}, "properties": {"confidence_score": 0.2406, "site_id": "nagpur"}}, {"type": "Feature", "geometry": {"type": "Polygon", "coordinates": [[[79.17676767676768, 21.136363636363637], [79.17676767676768, 21.146464646464647], [79.16262626262626, 21.146464646464647], [79.16262626262626, 21.136363636363637], [79.17676767676768, 21.136363636363637]]]}, "properties": {"confidence_score": 0.2508, "site_id": "nagpur"}}, {"type": "Feature", "geometry": {"type": "Polygon", "coordinates": [[[79.19090909090909, 21.136363636363637], [79.19090909090909, 21.146464646464647], [79.17676767676767, 21.146464646464647], [79.17676767676767, 21.136363636363637], [79.19090909090909, 21.136363636363637]]]}, "properties": {"confidence_score": 0.3691, "site_id": "nagpur"}}, {"type": "Feature", "geometry": {"type": "Polygon", "coordinates": [[[79.20505050505051, 21.136363636363637], [79.20505050505051, 21.146464646464647], [79.19090909090909, 21.146464646464647], [79.19090909090909, 21.136363636363637], [79.20505050505051, 21.136363636363637]]]}, "properties": {"confidence_score": 0.536, "site_id": "nagpur"}}, {"type": "Feature", "geometry": {"type": "Polygon", "coordinates": [[[79.21919191919193, 21.136363636363637], [79.21919191919193, 21.146464646464647], [79.20505050505051, 21.146464646464647], [79.20505050505051, 21.136363636363637], [79.21919191919193, 21.136363636363637]]]}, "properties": {"confidence_score": 0.59, "site_id": "nagpur"}}, {"type": "Feature", "geometry": {"type": "Polygon", "coordinates": [[[79.23333333333333, 21.136363636363637], [79.23333333333333, 21.146464646464647], [79.21919191919191, 21.146464646464647], [79.21919191919191, 21.136363636363637], [79.23333333333333, 21.136363636363637]]]}, "properties": {"confidence_score": 0.6704, "site_id": "nagpur"}}, {"type": "Feature", "geometry": {"type": "Polygon", "coordinates": [[[79.24747474747475, 21.136363636363637], [79.24747474747475, 21.146464646464647], [79.23333333333333, 21.146464646464647], [79.23333333333333, 21.136363636363637], [79.24747474747475, 21.136363636363637]]]}, "properties": {"confidence_score": 0.6179, "site_id": "nagpur"}}, {"type": "Feature", "geometry": {"type": "Polygon", "coordinates": [[[79.26161616161616, 21.136363636363637], [79.26161616161616, 21.146464646464647], [79.24747474747474, 21.146464646464647], [79.24747474747474, 21.136363636363637], [79.26161616161616, 21.136363636363637]]]}, "properties": {"confidence_score": 0.5232, "site_id": "nagpur"}}, {"type": "Feature", "geometry": {"type": "Polygon", "coordinates": [[[79.27575757575758, 21.136363636363637], [79.27575757575758, 21.146464646464647], [79.26161616161616, 21.146464646464647], [79.26161616161616, 21.136363636363637], [79.27575757575758, 21.136363636363637]]]}, "properties": {"confidence_score": 0.6083, "site_id": "nagpur"}}, {"type": "Feature", "geometry": {"type": "Polygon", "coordinates": [[[79.289898989899, 21.136363636363637], [79.289898989899, 21.146464646464647], [79.27575757575758, 21.146464646464647], [79.27575757575758, 21.136363636363637], [79.289898989899, 21.136363636363637]]]}, "properties": {"confidence_score": 0.758, "site_id": "nagpur"}}, {"type": "Feature", "geometry": {"type": "Polygon", "coordinates": [[[79.3040404040404, 21.136363636363637], [79.3040404040404, 21.146464646464647], [79.28989898989899, 21.146464646464647], [79.28989898989899, 21.136363636363637], [79.3040404040404, 21.136363636363637]]]}, "properties": {"confidence_score": 0.6755, "site_id": "nagpur"}}, {"type": "Feature", "geometry": {"type": "Polygon", "coordinates": [[[79.51616161616163, 21.136363636363637], [79.51616161616163, 21.146464646464647], [79.5020202020202, 21.146464646464647], [79.5020202020202, 21.136363636363637], [79.51616161616163, 21.136363636363637]]]}, "properties": {"confidence_score": 0.6374, "site_id": "bhandara"}}, {"type": "Feature", "geometry": {"type": "Polygon", "coordinates": [[[79.53030303030303, 21.136363636363637], [79.53030303030303, 21.146464646464647], [79.51616161616161, 21.146464646464647], [79.51616161616161, 21.136363636363637], [79.53030303030303, 21.136363636363637]]]}, "properties": {"confidence_score": 0.5983, "site_id": "bhandara"}}, {"type": "Feature", "geometry": {"type": "Polygon", "coordinates": [[[79.54444444444445, 21.136363636363637], [79.54444444444445, 21.146464646464647], [79.53030303030303, 21.146464646464647], [79.53030303030303, 21.136363636363637], [79.54444444444445, 21.136363636363637]]]}, "properties": {"confidence_score": 0.5544, "site_id": "bhandara"}}, {"type": "Feature", "geometry": {"type": "Polygon", "coordinates": [[[79.55858585858586, 21.136363636363637], [79.55858585858586, 21.146464646464647], [79.54444444444444, 21.146464646464647], [79.54444444444444, 21.136363636363637], [79.55858585858586, 21.136363636363637]]]}, "properties": {"confidence_score": 0.5664, "site_id": "bhandara"}}, {"type": "Feature", "geometry": {"type": "Polygon", "coordinates": [[[79.57272727272728, 21.136363636363637], [79.57272727272728, 21.146464646464647], [79.55858585858586, 21.146464646464647], [79.55858585858586, 21.136363636363637], [79.57272727272728, 21.136363636363637]]]}, "properties": {"confidence_score": 0.6323, "site_id": "bhandara"}}, {"type": "Feature", "geometry": {"type": "Polygon", "coordinates": [[[79.5868686868687, 21.136363636363637], [79.5868686868687, 21.146464646464647], [79.57272727272728, 21.146464646464647], [79.57272727272728, 21.136363636363637], [79.5868686868687, 21.136363636363637]]]}, "properties": {"confidence_score": 0.6029, "site_id": "bhandara"}}, {"type": "Feature", "geometry": {"type": "Polygon", "coordinates": [[[79.6010101010101, 21.136363636363637], [79.6010101010101, 21.146464646464647], [79.58686868686868, 21.146464646464647], [79.58686868686868, 21.136363636363637], [79.6010101010101, 21.136363636363637]]]}, "properties": {"confidence_score": 0.446, "site_id": "bhandara"}}, {"type": "Feature", "geometry": {"type": "Polygon", "coordinates": [[[79.61515151515152, 21.136363636363637], [79.61515151515152, 21.146464646464647], [79.6010101010101, 21.146464646464647], [79.6010101010101, 21.136363636363637], [79.61515151515152, 21.136363636363637]]]}, "properties": {"confidence_score": 0.4408, "site_id": "bhandara"}}, {"type": "Feature", "geometry": {"type": "Polygon", "coordinates": [[[79.62929292929293, 21.136363636363637], [79.62929292929293, 21.146464646464647], [79.61515151515151, 21.146464646464647], [79.61515151515151, 21.136363636363637], [79.62929292929293, 21.136363636363637]]]}, "properties": {"confidence_score": 0.556, "site_id": "bhandara"}}, {"type": "Feature", "geometry": {"type": "Polygon", "coordinates": [[[79.64343434343435, 21.136363636363637], [79.64343434343435, 21.146464646464647], [79.62929292929293, 21.146464646464647], [79.62929292929293, 21.136363636363637], [79.64343434343435, 21.136363636363637]]]}, "properties": {"confidence_score": 0.5598, "site_id": "bhandara"}}, {"type": "Feature", "geometry": {"type": "Polygon", "coordinates": [[[79.65757575757576, 21.136363636363637], [79.65757575757576, 21.146464646464647], [79.64343434343434, 21.146464646464647], [79.64343434343434, 21.136363636363637], [79.65757575757576, 21.136363636363637]]]}, "properties": {"confidence_score": 0.57, "site_id": "bhandara"}}, {"type": "Feature", "geometry": {"type": "Polygon", "coordinates": [[[79.67171717171718, 21.136363636363637], [79.67171717171718, 21.146464646464647], [79.65757575757576, 21.146464646464647], [79.65757575757576, 21.136363636363637], [79.67171717171718, 21.136363636363637]]]}, "properties": {"confidence_score": 0.6411, "site_id": "bhandara"}}, {"type": "Feature", "geometry": {"type": "Polygon", "coordinates": [[[79.6858585858586, 21.136363636363637], [79.6858585858586, 21.146464646464647], [79.67171717171718, 21.146464646464647], [79.67171717171718, 21.136363636363637], [79.6858585858586, 21.136363636363637]]]}, "properties": {"confidence_score": 0.7784, "site_id": "bhandara"}}, {"type": "Feature", "geometry": {"type": "Polygon", "coordinates": [[[79.7, 21.136363636363637], [79.7, 21.146464646464647], [79.68585858585858, 21.146464646464647], [79.68585858585858, 21.136363636363637], [79.7, 21.136363636363637]]]}, "properties": {"confidence_score": 0.7712, "site_id": "bhandara"}}, {"type": "Feature", "geometry": {"type": "Polygon", "coordinates": [[[79.71414141414142, 21.136363636363637], [79.71414141414142, 21.146464646464647], [79.7, 21.146464646464647], [79.7, 21.136363636363637], [79.71414141414142, 21.136363636363637]]]}, "properties": {"confidence_score": 0.5828, "site_id": "bhandara"}}, {"type": "Feature", "geometry": {"type": "Polygon", "coordinates": [[[79.72828282828283, 21.136363636363637], [79.72828282828283, 21.146464646464647], [79.71414141414141, 21.146464646464647], [79.71414141414141, 21.136363636363637], [79.72828282828283, 21.136363636363637]]]}, "properties": {"confidence_score": 0.5421, "site_id": "bhandara"}}, {"type": "Feature", "geometry": {"type": "Polygon", "coordinates": [[[79.74242424242425, 21.136363636363637], [79.74242424242425, 21.146464646464647], [79.72828282828283, 21.146464646464647], [79.72828282828283, 21.136363636363637], [79.74242424242425, 21.136363636363637]]]}, "properties": {"confidence_score": 0.6506, "site_id": "bhandara"}}, {"type": "Feature", "geometry": {"type": "Polygon", "coordinates": [[[79.75656565656567, 21.136363636363637], [79.75656565656567, 21.146464646464647], [79.74242424242425, 21.146464646464647], [79.74242424242425, 21.136363636363637], [79.75656565656567, 21.136363636363637]]]}, "properties": {"confidence_score": 0.6935, "site_id": "bhandara"}}, {"type": "Feature", "geometry": {"type": "Polygon", "coordinates": [[[79.77070707070708, 21.136363636363637], [79.77070707070708, 21.146464646464647], [79.75656565656566, 21.146464646464647], [79.75656565656566, 21.136363636363637], [79.77070707070708, 21.136363636363637]]]}, "properties": {"confidence_score": 0.6934, "site_id": "bhandara"}}, {"type": "Feature", "geometry": {"type": "Polygon", "coordinates": [[[79.7848484848485, 21.136363636363637], [79.7848484848485, 21.146464646464647], [79.77070707070708, 21.146464646464647], [79.77070707070708, 21.136363636363637], [79.7848484848485, 21.136363636363637]]]}, "properties": {"confidence_score": 0.6598, "site_id": "bhandara"}}, {"type": "Feature", "geometry": {"type": "Polygon", "coordinates": [[[79.7989898989899, 21.136363636363637], [79.7989898989899, 21.146464646464647], [79.78484848484848, 21.146464646464647], [79.78484848484848, 21.136363636363637], [79.7989898989899, 21.136363636363637]]]}, "properties": {"confidence_score": 0.5203, "site_id": "bhandara"}}, {"type": "Feature", "geometry": {"type": "Polygon", "coordinates": [[[79.00707070707071, 21.146464646464647], [79.00707070707071, 21.156565656565657], [78.99292929292929, 21.156565656565657], [78.99292929292929, 21.146464646464647], [79.00707070707071, 21.146464646464647]]]}, "properties": {"confidence_score": 0.7218, "site_id": "nagpur"}}, {"type": "Feature", "geometry": {"type": "Polygon", "coordinates": [[[79.02121212121213, 21.146464646464647], [79.02121212121213, 21.156565656565657], [79.00707070707071, 21.156565656565657], [79.00707070707071, 21.146464646464647], [79.02121212121213, 21.146464646464647]]]}, "properties": {"confidence_score": 0.6729, "site_id": "nagpur"}}, {"type": "Feature", "geometry": {"type": "Polygon", "coordinates": [[[79.03535353535354, 21.146464646464647], [79.03535353535354, 21.156565656565657], [79.02121212121212, 21.156565656565657], [79.02121212121212, 21.146464646464647], [79.03535353535354, 21.146464646464647]]]}, "properties": {"confidence_score": 0.606, "site_id": "nagpur"}}, {"type": "Feature", "geometry": {"type": "Polygon", "coordinates": [[[79.04949494949496, 21.146464646464647], [79.04949494949496, 21.156565656565657], [79.03535353535354, 21.156565656565657], [79.03535353535354, 21.146464646464647], [79.04949494949496, 21.146464646464647]]]}, "properties": {"confidence_score": 0.5266, "site_id": "nagpur"}}, {"type": "Feature", "geometry": {"type": "Polygon", "coordinates": [[[79.06363636363636, 21.146464646464647], [79.06363636363636, 21.156565656565657], [79.04949494949494, 21.156565656565657], [79.04949494949494, 21.146464646464647], [79.06363636363636, 21.146464646464647]]]}, "properties": {"confidence_score": 0.4575, "site_id": "nagpur"}}, {"type": "Feature", "geometry": {"type": "Polygon", "coordinates": [[[79.07777777777778, 21.146464646464647], [79.07777777777778, 21.156565656565657], [79.06363636363636, 21.156565656565657], [79.06363636363636, 21.146464646464647], [79.07777777777778, 21.146464646464647]]]}, "properties": {"confidence_score": 0.4313, "site_id": "nagpur"}}, {"type": "Feature", "geometry": {"type": "Polygon", "coordinates": [[[79.09191919191919, 21.146464646464647], [79.09191919191919, 21.156565656565657], [79.07777777777777, 21.156565656565657], [79.07777777777777, 21.146464646464647], [79.09191919191919, 21.146464646464647]]]}, "properties": {"confidence_score": 0.4144, "site_id": "nagpur"}}, {"type": "Feature", "geometry": {"type": "Polygon", "coordinates": [[[79.10606060606061, 21.146464646464647], [79.10606060606061, 21.156565656565657], [79.09191919191919, 21.156565656565657], [79.09191919191919, 21.146464646464647], [79.10606060606061, 21.146464646464647]]]}, "properties": {"confidence_score": 0.3503, "site_id": "nagpur"}}, {"type": "Feature", "geometry": {"type": "Polygon", "coordinates": [[[79.12020202020203, 21.146464646464647], [79.12020202020203, 21.156565656565657], [79.10606060606061, 21.156565656565657], [79.10606060606061, 21.146464646464647], [79.12020202020203, 21.146464646464647]]]}, "properties": {"confidence_score": 0.2896, "site_id": "nagpur"}}, {"type": "Feature", "geometry": {"type": "Polygon", "coordinates": [[[79.13434343434344, 21.146464646464647], [79.13434343434344, 21.156565656565657], [79.12020202020202, 21.156565656565657], [79.12020202020202, 21.146464646464647], [79.13434343434344, 21.146464646464647]]]}, "properties": {"confidence_score": 0.2785, "site_id": "nagpur"}}, {"type": "Feature", "geometry": {"type": "Polygon", "coordinates": [[[79.14848484848486, 21.146464646464647], [79.14848484848486, 21.156565656565657], [79.13434343434344, 21.156565656565657], [79.13434343434344, 21.146464646464647], [79.14848484848486, 21.146464646464647]]]}, "properties": {"confidence_score": 0.2744, "site_id": "nagpur"}}, {"type": "Feature", "geometry": {"type": "Polygon", "coordinates": [[[79.16262626262626, 21.146464646464647], [79.16262626262626, 21.156565656565657], [79.14848484848484, 21.156565656565657], [79.14848484848484, 21.146464646464647], [79.16262626262626, 21.146464646464647]]]}, "properties": {"confidence_score": 0.2622, "site_id": "nagpur"}}, {"type": "Feature", "geometry": {"type": "Polygon", "coordinates": [[[79.17676767676768, 21.146464646464647], [79.17676767676768, 21.156565656565657], [79.16262626262626, 21.156565656565657], [79.16262626262626, 21.146464646464647], [79.17676767676768, 21.146464646464647]]]}, "properties": {"confidence_score": 0.255, "site_id": "nagpur"}}, {"type": "Feature", "geometry": {"type": "Polygon", "coordinates": [[[79.19090909090909, 21.146464646464647], [79.19090909090909, 21.156565656565657], [79.17676767676767, 21.156565656565657], [79.17676767676767, 21.146464646464647], [79.19090909090909, 21.146464646464647]]]}, "properties": {"confidence_score": 0.3401, "site_id": "nagpur"}}, {"type": "Feature", "geometry": {"type": "Polygon", "coordinates": [[[79.20505050505051, 21.146464646464647], [79.20505050505051, 21.156565656565657], [79.19090909090909, 21.156565656565657], [79.19090909090909, 21.146464646464647], [79.20505050505051, 21.146464646464647]]]}, "properties": {"confidence_score": 0.4633, "site_id": "nagpur"}}, {"type": "Feature", "geometry": {"type": "Polygon", "coordinates": [[[79.21919191919193, 21.146464646464647], [79.21919191919193, 21.156565656565657], [79.20505050505051, 21.156565656565657], [79.20505050505051, 21.146464646464647], [79.21919191919193, 21.146464646464647]]]}, "properties": {"confidence_score": 0.5569, "site_id": "nagpur"}}, {"type": "Feature", "geometry": {"type": "Polygon", "coordinates": [[[79.23333333333333, 21.146464646464647], [79.23333333333333, 21.156565656565657], [79.21919191919191, 21.156565656565657], [79.21919191919191, 21.146464646464647], [79.23333333333333, 21.146464646464647]]]}, "properties": {"confidence_score": 0.6379, "site_id": "nagpur"}}, {"type": "Feature", "geometry": {"type": "Polygon", "coordinates": [[[79.24747474747475, 21.146464646464647], [79.24747474747475, 21.156565656565657], [79.23333333333333, 21.156565656565657], [79.23333333333333, 21.146464646464647], [79.24747474747475, 21.146464646464647]]]}, "properties": {"confidence_score": 0.6286, "site_id": "nagpur"}}, {"type": "Feature", "geometry": {"type": "Polygon", "coordinates": [[[79.26161616161616, 21.146464646464647], [79.26161616161616, 21.156565656565657], [79.24747474747474, 21.156565656565657], [79.24747474747474, 21.146464646464647], [79.26161616161616, 21.146464646464647]]]}, "properties": {"confidence_score": 0.6045, "site_id": "nagpur"}}, {"type": "Feature", "geometry": {"type": "Polygon", "coordinates": [[[79.27575757575758, 21.146464646464647], [79.27575757575758, 21.156565656565657], [79.26161616161616, 21.156565656565657], [79.26161616161616, 21.146464646464647], [79.27575757575758, 21.146464646464647]]]}, "properties": {"confidence_score": 0.6288, "site_id": "nagpur"}}, {"type": "Feature", "geometry": {"type": "Polygon", "coordinates": [[[79.289898989899, 21.146464646464647], [79.289898989899, 21.156565656565657], [79.27575757575758, 21.156565656565657], [79.27575757575758, 21.146464646464647], [79.289898989899, 21.146464646464647]]]}, "properties": {"confidence_score": 0.6844, "site_id": "nagpur"}}, {"type": "Feature", "geometry": {"type": "Polygon", "coordinates": [[[79.3040404040404, 21.146464646464647], [79.3040404040404, 21.156565656565657], [79.28989898989899, 21.156565656565657], [79.28989898989899, 21.146464646464647], [79.3040404040404, 21.146464646464647]]]}, "properties": {"confidence_score": 0.6269, "site_id": "nagpur"}}, {"type": "Feature", "geometry": {"type": "Polygon", "coordinates": [[[79.51616161616163, 21.146464646464647], [79.51616161616163, 21.156565656565657], [79.5020202020202, 21.156565656565657], [79.5020202020202, 21.146464646464647], [79.51616161616163, 21.146464646464647]]]}, "properties": {"confidence_score": 0.5904, "site_id": "bhandara"}}, {"type": "Feature", "geometry": {"type": "Polygon", "coordinates": [[[79.53030303030303, 21.146464646464647], [79.53030303030303, 21.156565656565657], [79.51616161616161, 21.156565656565657], [79.51616161616161, 21.146464646464647], [79.53030303030303, 21.146464646464647]]]}, "properties": {"confidence_score": 0.5722, "site_id": "bhandara"}}, {"type": "Feature", "geometry": {"type": "Polygon", "coordinates": [[[79.54444444444445, 21.146464646464647], [79.54444444444445, 21.156565656565657], [79.53030303030303, 21.156565656565657], [79.53030303030303, 21.146464646464647], [79.54444444444445, 21.146464646464647]]]}, "properties": {"confidence_score": 0.5565, "site_id": "bhandara"}}, {"type": "Feature", "geometry": {"type": "Polygon", "coordinates": [[[79.55858585858586, 21.146464646464647], [79.55858585858586, 21.156565656565657], [79.54444444444444, 21.156565656565657], [79.54444444444444, 21.146464646464647], [79.55858585858586, 21.146464646464647]]]}, "properties": {"confidence_score": 0.5898, "site_id": "bhandara"}}, {"type": "Feature", "geometry": {"type": "Polygon", "coordinates": [[[79.57272727272728, 21.146464646464647], [79.57272727272728, 21.156565656565657], [79.55858585858586, 21.156565656565657], [79.55858585858586, 21.146464646464647], [79.57272727272728, 21.146464646464647]]]}, "properties": {"confidence_score": 0.6635, "site_id": "bhandara"}}, {"type": "Feature", "geometry": {"type": "Polygon", "coordinates": [[[79.5868686868687, 21.146464646464647], [79.5868686868687, 21.156565656565657], [79.57272727272728, 21.156565656565657], [79.57272727272728, 21.146464646464647], [79.5868686868687, 21.146464646464647]]]}, "properties": {"confidence_score": 0.6702, "site_id": "bhandara"}}, {"type": "Feature", "geometry": {"type": "Polygon", "coordinates": [[[79.6010101010101, 21.146464646464647], [79.6010101010101, 21.156565656565657], [79.58686868686868, 21.156565656565657], [79.58686868686868, 21.146464646464647], [79.6010101010101, 21.146464646464647]]]}, "properties": {"confidence_score": 0.6072, "site_id": "bhandara"}}, {"type": "Feature", "geometry": {"type": "Polygon", "coordinates": [[[79.61515151515152, 21.146464646464647], [79.61515151515152, 21.156565656565657], [79.6010101010101, 21.156565656565657], [79.6010101010101, 21.146464646464647], [79.61515151515152, 21.146464646464647]]]}, "properties": {"confidence_score": 0.5768, "site_id": "bhandara"}}, {"type": "Feature", "geometry": {"type": "Polygon", "coordinates": [[[79.62929292929293, 21.146464646464647], [79.62929292929293, 21.156565656565657], [79.61515151515151, 21.156565656565657], [79.61515151515151, 21.146464646464647], [79.62929292929293, 21.146464646464647]]]}, "properties": {"confidence_score": 0.5913, "site_id": "bhandara"}}, {"type": "Feature", "geometry": {"type": "Polygon", "coordinates": [[[79.64343434343435, 21.146464646464647], [79.64343434343435, 21.156565656565657], [79.62929292929293, 21.156565656565657], [79.62929292929293, 21.146464646464647], [79.64343434343435, 21.146464646464647]]]}, "properties": {"confidence_score": 0.5775, "site_id": "bhandara"}}, {"type": "Feature", "geometry": {"type": "Polygon", "coordinates": [[[79.65757575757576, 21.146464646464647], [79.65757575757576, 21.156565656565657], [79.64343434343434, 21.156565656565657], [79.64343434343434, 21.146464646464647], [79.65757575757576, 21.146464646464647]]]}, "properties": {"confidence_score": 0.5834, "site_id": "bhandara"}}, {"type": "Feature", "geometry": {"type": "Polygon", "coordinates": [[[79.67171717171718, 21.146464646464647], [79.67171717171718, 21.156565656565657], [79.65757575757576, 21.156565656565657], [79.65757575757576, 21.146464646464647], [79.67171717171718, 21.146464646464647]]]}, "properties": {"confidence_score": 0.6294, "site_id": "bhandara"}}, {"type": "Feature", "geometry": {"type": "Polygon", "coordinates": [[[79.6858585858586, 21.146464646464647], [79.6858585858586, 21.156565656565657], [79.67171717171718, 21.156565656565657], [79.67171717171718, 21.146464646464647], [79.6858585858586, 21.146464646464647]]]}, "properties": {"confidence_score": 0.7007, "site_id": "bhandara"}}, {"type": "Feature", "geometry": {"type": "Polygon", "coordinates": [[[79.7, 21.146464646464647], [79.7, 21.156565656565657], [79.68585858585858, 21.156565656565657], [79.68585858585858, 21.146464646464647], [79.7, 21.146464646464647]]]}, "properties": {"confidence_score": 0.6667, "site_id": "bhandara"}}, {"type": "Feature", "geometry": {"type": "Polygon", "coordinates": [[[79.71414141414142, 21.146464646464647], [79.71414141414142, 21.156565656565657], [79.7, 21.156565656565657], [79.7, 21.146464646464647], [79.71414141414142, 21.146464646464647]]]}, "properties": {"confidence_score": 0.5074, "site_id": "bhandara"}}, {"type": "Feature", "geometry": {"type": "Polygon", "coordinates": [[[79.72828282828283, 21.146464646464647], [79.72828282828283, 21.156565656565657], [79.71414141414141, 21.156565656565657], [79.71414141414141, 21.146464646464647], [79.72828282828283, 21.146464646464647]]]}, "properties": {"confidence_score": 0.4929, "site_id": "bhandara"}}, {"type": "Feature", "geometry": {"type": "Polygon", "coordinates": [[[79.74242424242425, 21.146464646464647], [79.74242424242425, 21.156565656565657], [79.72828282828283, 21.156565656565657], [79.72828282828283, 21.146464646464647], [79.74242424242425, 21.146464646464647]]]}, "properties": {"confidence_score": 0.6291, "site_id": "bhandara"}}, {"type": "Feature", "geometry": {"type": "Polygon", "coordinates": [[[79.75656565656567, 21.146464646464647], [79.75656565656567, 21.156565656565657], [79.74242424242425, 21.156565656565657], [79.74242424242425, 21.146464646464647], [79.75656565656567, 21.146464646464647]]]}, "properties": {"confidence_score": 0.6685, "site_id": "bhandara"}}, {"type": "Feature", "geometry": {"type": "Polygon", "coordinates": [[[79.77070707070708, 21.146464646464647], [79.77070707070708, 21.156565656565657], [79.75656565656566, 21.156565656565657], [79.75656565656566, 21.146464646464647], [79.77070707070708, 21.146464646464647]]]}, "properties": {"confidence_score": 0.6137, "site_id": "bhandara"}}, {"type": "Feature", "geometry": {"type": "Polygon", "coordinates": [[[79.7848484848485, 21.146464646464647], [79.7848484848485, 21.156565656565657], [79.77070707070708, 21.156565656565657], [79.77070707070708, 21.146464646464647], [79.7848484848485, 21.146464646464647]]]}, "properties": {"confidence_score": 0.562, "site_id": "bhandara"}}, {"type": "Feature", "geometry": {"type": "Polygon", "coordinates": [[[79.7989898989899, 21.146464646464647], [79.7989898989899, 21.156565656565657], [79.78484848484848, 21.156565656565657], [79.78484848484848, 21.146464646464647], [79.7989898989899, 21.146464646464647]]]}, "properties": {"confidence_score": 0.4992, "site_id": "bhandara"}}, {"type": "Feature", "geometry": {"type": "Polygon", "coordinates": [[[79.00707070707071, 21.156565656565657], [79.00707070707071, 21.166666666666668], [78.99292929292929, 21.166666666666668], [78.99292929292929, 21.156565656565657], [79.00707070707071, 21.156565656565657]]]}, "properties": {"confidence_score": 0.5265, "site_id": "nagpur"}}, {"type": "Feature", "geometry": {"type": "Polygon", "coordinates": [[[79.02121212121213, 21.156565656565657], [79.02121212121213, 21.166666666666668], [79.00707070707071, 21.166666666666668], [79.00707070707071, 21.156565656565657], [79.02121212121213, 21.156565656565657]]]}, "properties": {"confidence_score": 0.5108, "site_id": "nagpur"}}, {"type": "Feature", "geometry": {"type": "Polygon", "coordinates": [[[79.03535353535354, 21.156565656565657], [79.03535353535354, 21.166666666666668], [79.02121212121212, 21.166666666666668], [79.02121212121212, 21.156565656565657], [79.03535353535354, 21.156565656565657]]]}, "properties": {"confidence_score": 0.4118, "site_id": "nagpur"}}, {"type": "Feature", "geometry": {"type": "Polygon", "coordinates": [[[79.04949494949496, 21.156565656565657], [79.04949494949496, 21.166666666666668], [79.03535353535354, 21.166666666666668], [79.03535353535354, 21.156565656565657], [79.04949494949496, 21.156565656565657]]]}, "properties": {"confidence_score": 0.4871, "site_id": "nagpur"}}, {"type": "Feature", "geometry": {"type": "Polygon", "coordinates": [[[79.06363636363636, 21.156565656565657], [79.06363636363636, 21.166666666666668], [79.04949494949494, 21.166666666666668], [79.04949494949494, 21.156565656565657], [79.06363636363636, 21.156565656565657]]]}, "properties": {"confidence_score": 0.5689, "site_id": "nagpur"}}, {"type": "Feature", "geometry": {"type": "Polygon", "coordinates": [[[79.07777777777778, 21.156565656565657], [79.07777777777778, 21.166666666666668], [79.06363636363636, 21.166666666666668], [79.06363636363636, 21.156565656565657], [79.07777777777778, 21.156565656565657]]]}, "properties": {"confidence_score": 0.4686, "site_id": "nagpur"}}, {"type": "Feature", "geometry": {"type": "Polygon", "coordinates": [[[79.09191919191919, 21.156565656565657], [79.09191919191919, 21.166666666666668], [79.07777777777777, 21.166666666666668], [79.07777777777777, 21.156565656565657], [79.09191919191919, 21.156565656565657]]]}, "properties": {"confidence_score": 0.4095, "site_id": "nagpur"}}, {"type": "Feature", "geometry": {"type": "Polygon", "coordinates": [[[79.10606060606061, 21.156565656565657], [79.10606060606061, 21.166666666666668], [79.09191919191919, 21.166666666666668], [79.09191919191919, 21.156565656565657], [79.10606060606061, 21.156565656565657]]]}, "properties": {"confidence_score": 0.383, "site_id": "nagpur"}}, {"type": "Feature", "geometry": {"type": "Polygon", "coordinates": [[[79.12020202020203, 21.156565656565657], [79.12020202020203, 21.166666666666668], [79.10606060606061, 21.166666666666668], [79.10606060606061, 21.156565656565657], [79.12020202020203, 21.156565656565657]]]}, "properties": {"confidence_score": 0.4018, "site_id": "nagpur"}}, {"type": "Feature", "geometry": {"type": "Polygon", "coordinates": [[[79.13434343434344, 21.156565656565657], [79.13434343434344, 21.166666666666668], [79.12020202020202, 21.166666666666668], [79.12020202020202, 21.156565656565657], [79.13434343434344, 21.156565656565657]]]}, "properties": {"confidence_score": 0.3487, "site_id": "nagpur"}}, {"type": "Feature", "geometry": {"type": "Polygon", "coordinates": [[[79.14848484848486, 21.156565656565657], [79.14848484848486, 21.166666666666668], [79.13434343434344, 21.166666666666668], [79.13434343434344, 21.156565656565657], [79.14848484848486, 21.156565656565657]]]}, "properties": {"confidence_score": 0.3599, "site_id": "nagpur"}}, {"type": "Feature", "geometry": {"type": "Polygon", "coordinates": [[[79.16262626262626, 21.156565656565657], [79.16262626262626, 21.166666666666668], [79.14848484848484, 21.166666666666668], [79.14848484848484, 21.156565656565657], [79.16262626262626, 21.156565656565657]]]}, "properties": {"confidence_score": 0.2958, "site_id": "nagpur"}}, {"type": "Feature", "geometry": {"type": "Polygon", "coordinates": [[[79.17676767676768, 21.156565656565657], [79.17676767676768, 21.166666666666668], [79.16262626262626, 21.166666666666668], [79.16262626262626, 21.156565656565657], [79.17676767676768, 21.156565656565657]]]}, "properties": {"confidence_score": 0.2504, "site_id": "nagpur"}}, {"type": "Feature", "geometry": {"type": "Polygon", "coordinates": [[[79.19090909090909, 21.156565656565657], [79.19090909090909, 21.166666666666668], [79.17676767676767, 21.166666666666668], [79.17676767676767, 21.156565656565657], [79.19090909090909, 21.156565656565657]]]}, "properties": {"confidence_score": 0.3173, "site_id": "nagpur"}}, {"type": "Feature", "geometry": {"type": "Polygon", "coordinates": [[[79.20505050505051, 21.156565656565657], [79.20505050505051, 21.166666666666668], [79.19090909090909, 21.166666666666668], [79.19090909090909, 21.156565656565657], [79.20505050505051, 21.156565656565657]]]}, "properties": {"confidence_score": 0.3734, "site_id": "nagpur"}}, {"type": "Feature", "geometry": {"type": "Polygon", "coordinates": [[[79.21919191919193, 21.156565656565657], [79.21919191919193, 21.166666666666668], [79.20505050505051, 21.166666666666668], [79.20505050505051, 21.156565656565657], [79.21919191919193, 21.156565656565657]]]}, "properties": {"confidence_score": 0.506, "site_id": "nagpur"}}, {"type": "Feature", "geometry": {"type": "Polygon", "coordinates": [[[79.23333333333333, 21.156565656565657], [79.23333333333333, 21.166666666666668], [79.21919191919191, 21.166666666666668], [79.21919191919191, 21.156565656565657], [79.23333333333333, 21.156565656565657]]]}, "properties": {"confidence_score": 0.6265, "site_id": "nagpur"}}, {"type": "Feature", "geometry": {"type": "Polygon", "coordinates": [[[79.24747474747475, 21.156565656565657], [79.24747474747475, 21.166666666666668], [79.23333333333333, 21.166666666666668], [79.23333333333333, 21.156565656565657], [79.24747474747475, 21.156565656565657]]]}, "properties": {"confidence_score": 0.6255, "site_id": "nagpur"}}, {"type": "Feature", "geometry": {"type": "Polygon", "coordinates": [[[79.26161616161616, 21.156565656565657], [79.26161616161616, 21.166666666666668], [79.24747474747474, 21.166666666666668], [79.24747474747474, 21.156565656565657], [79.26161616161616, 21.156565656565657]]]}, "properties": {"confidence_score": 0.69, "site_id": "nagpur"}}, {"type": "Feature", "geometry": {"type": "Polygon", "coordinates": [[[79.27575757575758, 21.156565656565657], [79.27575757575758, 21.166666666666668], [79.26161616161616, 21.166666666666668], [79.26161616161616, 21.156565656565657], [79.27575757575758, 21.156565656565657]]]}, "properties": {"confidence_score": 0.6201, "site_id": "nagpur"}}, {"type": "Feature", "geometry": {"type": "Polygon", "coordinates": [[[79.289898989899, 21.156565656565657], [79.289898989899, 21.166666666666668], [79.27575757575758, 21.166666666666668], [79.27575757575758, 21.156565656565657], [79.289898989899, 21.156565656565657]]]}, "properties": {"confidence_score": 0.6047, "site_id": "nagpur"}}, {"type": "Feature", "geometry": {"type": "Polygon", "coordinates": [[[79.3040404040404, 21.156565656565657], [79.3040404040404, 21.166666666666668], [79.28989898989899, 21.166666666666668], [79.28989898989899, 21.156565656565657], [79.3040404040404, 21.156565656565657]]]}, "properties": {"confidence_score": 0.5619, "site_id": "nagpur"}}, {"type": "Feature", "geometry": {"type": "Polygon", "coordinates": [[[79.51616161616163, 21.156565656565657], [79.51616161616163, 21.166666666666668], [79.5020202020202, 21.166666666666668], [79.5020202020202, 21.156565656565657], [79.51616161616163, 21.156565656565657]]]}, "properties": {"confidence_score": 0.5541, "site_id": "bhandara"}}, {"type": "Feature", "geometry": {"type": "Polygon", "coordinates": [[[79.53030303030303, 21.156565656565657], [79.53030303030303, 21.166666666666668], [79.51616161616161, 21.166666666666668], [79.51616161616161, 21.156565656565657], [79.53030303030303, 21.156565656565657]]]}, "properties": {"confidence_score": 0.5511, "site_id": "bhandara"}}, {"type": "Feature", "geometry": {"type": "Polygon", "coordinates": [[[79.54444444444445, 21.156565656565657], [79.54444444444445, 21.166666666666668], [79.53030303030303, 21.166666666666668], [79.53030303030303, 21.156565656565657], [79.54444444444445, 21.156565656565657]]]}, "properties": {"confidence_score": 0.5551, "site_id": "bhandara"}}, {"type": "Feature", "geometry": {"type": "Polygon", "coordinates": [[[79.55858585858586, 21.156565656565657], [79.55858585858586, 21.166666666666668], [79.54444444444444, 21.166666666666668], [79.54444444444444, 21.156565656565657], [79.55858585858586, 21.156565656565657]]]}, "properties": {"confidence_score": 0.6065, "site_id": "bhandara"}}, {"type": "Feature", "geometry": {"type": "Polygon", "coordinates": [[[79.57272727272728, 21.156565656565657], [79.57272727272728, 21.166666666666668], [79.55858585858586, 21.166666666666668], [79.55858585858586, 21.156565656565657], [79.57272727272728, 21.156565656565657]]]}, "properties": {"confidence_score": 0.6972, "site_id": "bhandara"}}, {"type": "Feature", "geometry": {"type": "Polygon", "coordinates": [[[79.5868686868687, 21.156565656565657], [79.5868686868687, 21.166666666666668], [79.57272727272728, 21.166666666666668], [79.57272727272728, 21.156565656565657], [79.5868686868687, 21.156565656565657]]]}, "properties": {"confidence_score": 0.7476, "site_id": "bhandara"}}, {"type": "Feature", "geometry": {"type": "Polygon", "coordinates": [[[79.6010101010101, 21.156565656565657], [79.6010101010101, 21.166666666666668], [79.58686868686868, 21.166666666666668], [79.58686868686868, 21.156565656565657], [79.6010101010101, 21.156565656565657]]]}, "properties": {"confidence_score": 0.8215, "site_id": "bhandara"}}, {"type": "Feature", "geometry": {"type": "Polygon", "coordinates": [[[79.61515151515152, 21.156565656565657], [79.61515151515152, 21.166666666666668], [79.6010101010101, 21.166666666666668], [79.6010101010101, 21.156565656565657], [79.61515151515152, 21.156565656565657]]]}, "properties": {"confidence_score": 0.7399, "site_id": "bhandara"}}, {"type": "Feature", "geometry": {"type": "Polygon", "coordinates": [[[79.62929292929293, 21.156565656565657], [79.62929292929293, 21.166666666666668], [79.61515151515151, 21.166666666666668], [79.61515151515151, 21.156565656565657], [79.62929292929293, 21.156565656565657]]]}, "properties": {"confidence_score": 0.583, "site_id": "bhandara"}}, {"type": "Feature", "geometry": {"type": "Polygon", "coordinates": [[[79.64343434343435, 21.156565656565657], [79.64343434343435, 21.166666666666668], [79.62929292929293, 21.166666666666668], [79.62929292929293, 21.156565656565657], [79.64343434343435, 21.156565656565657]]]}, "properties": {"confidence_score": 0.5225, "site_id": "bhandara"}}, {"type": "Feature", "geometry": {"type": "Polygon", "coordinates": [[[79.65757575757576, 21.156565656565657], [79.65757575757576, 21.166666666666668], [79.64343434343434, 21.166666666666668], [79.64343434343434, 21.156565656565657], [79.65757575757576, 21.156565656565657]]]}, "properties": {"confidence_score": 0.5249, "site_id": "bhandara"}}, {"type": "Feature", "geometry": {"type": "Polygon", "coordinates": [[[79.67171717171718, 21.156565656565657], [79.67171717171718, 21.166666666666668], [79.65757575757576, 21.166666666666668], [79.65757575757576, 21.156565656565657], [79.67171717171718, 21.156565656565657]]]}, "properties": {"confidence_score": 0.5459, "site_id": "bhandara"}}, {"type": "Feature", "geometry": {"type": "Polygon", "coordinates": [[[79.6858585858586, 21.156565656565657], [79.6858585858586, 21.166666666666668], [79.67171717171718, 21.166666666666668], [79.67171717171718, 21.156565656565657], [79.6858585858586, 21.156565656565657]]]}, "properties": {"confidence_score": 0.5715, "site_id": "bhandara"}}, {"type": "Feature", "geometry": {"type": "Polygon", "coordinates": [[[79.7, 21.156565656565657], [79.7, 21.166666666666668], [79.68585858585858, 21.166666666666668], [79.68585858585858, 21.156565656565657], [79.7, 21.156565656565657]]]}, "properties": {"confidence_score": 0.5459, "site_id": "bhandara"}}, {"type": "Feature", "geometry": {"type": "Polygon", "coordinates": [[[79.71414141414142, 21.156565656565657], [79.71414141414142, 21.166666666666668], [79.7, 21.166666666666668], [79.7, 21.156565656565657], [79.71414141414142, 21.156565656565657]]]}, "properties": {"confidence_score": 0.4439, "site_id": "bhandara"}}, {"type": "Feature", "geometry": {"type": "Polygon", "coordinates": [[[79.72828282828283, 21.156565656565657], [79.72828282828283, 21.166666666666668], [79.71414141414141, 21.166666666666668], [79.71414141414141, 21.156565656565657], [79.72828282828283, 21.156565656565657]]]}, "properties": {"confidence_score": 0.4568, "site_id": "bhandara"}}, {"type": "Feature", "geometry": {"type": "Polygon", "coordinates": [[[79.74242424242425, 21.156565656565657], [79.74242424242425, 21.166666666666668], [79.72828282828283, 21.166666666666668], [79.72828282828283, 21.156565656565657], [79.74242424242425, 21.156565656565657]]]}, "properties": {"confidence_score": 0.5995, "site_id": "bhandara"}}, {"type": "Feature", "geometry": {"type": "Polygon", "coordinates": [[[79.75656565656567, 21.156565656565657], [79.75656565656567, 21.166666666666668], [79.74242424242425, 21.166666666666668], [79.74242424242425, 21.156565656565657], [79.75656565656567, 21.156565656565657]]]}, "properties": {"confidence_score": 0.6099, "site_id": "bhandara"}}, {"type": "Feature", "geometry": {"type": "Polygon", "coordinates": [[[79.77070707070708, 21.156565656565657], [79.77070707070708, 21.166666666666668], [79.75656565656566, 21.166666666666668], [79.75656565656566, 21.156565656565657], [79.77070707070708, 21.156565656565657]]]}, "properties": {"confidence_score": 0.4805, "site_id": "bhandara"}}, {"type": "Feature", "geometry": {"type": "Polygon", "coordinates": [[[79.7848484848485, 21.156565656565657], [79.7848484848485, 21.166666666666668], [79.77070707070708, 21.166666666666668], [79.77070707070708, 21.156565656565657], [79.7848484848485, 21.156565656565657]]]}, "properties": {"confidence_score": 0.427, "site_id": "bhandara"}}, {"type": "Feature", "geometry": {"type": "Polygon", "coordinates": [[[79.7989898989899, 21.156565656565657], [79.7989898989899, 21.166666666666668], [79.78484848484848, 21.166666666666668], [79.78484848484848, 21.156565656565657], [79.7989898989899, 21.156565656565657]]]}, "properties": {"confidence_score": 0.4771, "site_id": "bhandara"}}, {"type": "Feature", "geometry": {"type": "Polygon", "coordinates": [[[79.00707070707071, 21.166666666666668], [79.00707070707071, 21.17676767676768], [78.99292929292929, 21.17676767676768], [78.99292929292929, 21.166666666666668], [79.00707070707071, 21.166666666666668]]]}, "properties": {"confidence_score": 0.4452, "site_id": "nagpur"}}, {"type": "Feature", "geometry": {"type": "Polygon", "coordinates": [[[79.02121212121213, 21.166666666666668], [79.02121212121213, 21.17676767676768], [79.00707070707071, 21.17676767676768], [79.00707070707071, 21.166666666666668], [79.02121212121213, 21.166666666666668]]]}, "properties": {"confidence_score": 0.4296, "site_id": "nagpur"}}, {"type": "Feature", "geometry": {"type": "Polygon", "coordinates": [[[79.03535353535354, 21.166666666666668], [79.03535353535354, 21.17676767676768], [79.02121212121212, 21.17676767676768], [79.02121212121212, 21.166666666666668], [79.03535353535354, 21.166666666666668]]]}, "properties": {"confidence_score": 0.3964, "site_id": "nagpur"}}, {"type": "Feature", "geometry": {"type": "Polygon", "coordinates": [[[79.04949494949496, 21.166666666666668], [79.04949494949496, 21.17676767676768], [79.03535353535354, 21.17676767676768], [79.03535353535354, 21.166666666666668], [79.04949494949496, 21.166666666666668]]]}, "properties": {"confidence_score": 0.4638, "site_id": "nagpur"}}, {"type": "Feature", "geometry": {"type": "Polygon", "coordinates": [[[79.06363636363636, 21.166666666666668], [79.06363636363636, 21.17676767676768], [79.04949494949494, 21.17676767676768], [79.04949494949494, 21.166666666666668], [79.06363636363636, 21.166666666666668]]]}, "properties": {"confidence_score": 0.527, "site_id": "nagpur"}}, {"type": "Feature", "geometry": {"type": "Polygon", "coordinates": [[[79.07777777777778, 21.166666666666668], [79.07777777777778, 21.17676767676768], [79.06363636363636, 21.17676767676768], [79.06363636363636, 21.166666666666668], [79.07777777777778, 21.166666666666668]]]}, "properties": {"confidence_score": 0.4599, "site_id": "nagpur"}}, {"type": "Feature", "geometry": {"type": "Polygon", "coordinates": [[[79.09191919191919, 21.166666666666668], [79.09191919191919, 21.17676767676768], [79.07777777777777, 21.17676767676768], [79.07777777777777, 21.166666666666668], [79.09191919191919, 21.166666666666668]]]}, "properties": {"confidence_score": 0.3902, "site_id": "nagpur"}}, {"type": "Feature", "geometry": {"type": "Polygon", "coordinates": [[[79.10606060606061, 21.166666666666668], [79.10606060606061, 21.17676767676768], [79.09191919191919, 21.17676767676768], [79.09191919191919, 21.166666666666668], [79.10606060606061, 21.166666666666668]]]}, "properties": {"confidence_score": 0.3815, "site_id": "nagpur"}}, {"type": "Feature", "geometry": {"type": "Polygon", "coordinates": [[[79.12020202020203, 21.166666666666668], [79.12020202020203, 21.17676767676768], [79.10606060606061, 21.17676767676768], [79.10606060606061, 21.166666666666668], [79.12020202020203, 21.166666666666668]]]}, "properties": {"confidence_score": 0.3953, "site_id": "nagpur"}}, {"type": "Feature", "geometry": {"type": "Polygon", "coordinates": [[[79.13434343434344, 21.166666666666668], [79.13434343434344, 21.17676767676768], [79.12020202020202, 21.17676767676768], [79.12020202020202, 21.166666666666668], [79.13434343434344, 21.166666666666668]]]}, "properties": {"confidence_score": 0.3553, "site_id": "nagpur"}}, {"type": "Feature", "geometry": {"type": "Polygon", "coordinates": [[[79.14848484848486, 21.166666666666668], [79.14848484848486, 21.17676767676768], [79.13434343434344, 21.17676767676768], [79.13434343434344, 21.166666666666668], [79.14848484848486, 21.166666666666668]]]}, "properties": {"confidence_score": 0.3233, "site_id": "nagpur"}}, {"type": "Feature", "geometry": {"type": "Polygon", "coordinates": [[[79.16262626262626, 21.166666666666668], [79.16262626262626, 21.17676767676768], [79.14848484848484, 21.17676767676768], [79.14848484848484, 21.166666666666668], [79.16262626262626, 21.166666666666668]]]}, "properties": {"confidence_score": 0.3041, "site_id": "nagpur"}}, {"type": "Feature", "geometry": {"type": "Polygon", "coordinates": [[[79.17676767676768, 21.166666666666668], [79.17676767676768, 21.17676767676768], [79.16262626262626, 21.17676767676768], [79.16262626262626, 21.166666666666668], [79.17676767676768, 21.166666666666668]]]}, "properties": {"confidence_score": 0.3069, "site_id": "nagpur"}}, {"type": "Feature", "geometry": {"type": "Polygon", "coordinates": [[[79.19090909090909, 21.166666666666668], [79.19090909090909, 21.17676767676768], [79.17676767676767, 21.17676767676768], [79.17676767676767, 21.166666666666668], [79.19090909090909, 21.166666666666668]]]}, "properties": {"confidence_score": 0.3315, "site_id": "nagpur"}}, {"type": "Feature", "geometry": {"type": "Polygon", "coordinates": [[[79.20505050505051, 21.166666666666668], [79.20505050505051, 21.17676767676768], [79.19090909090909, 21.17676767676768], [79.19090909090909, 21.166666666666668], [79.20505050505051, 21.166666666666668]]]}, "properties": {"confidence_score": 0.3696, "site_id": "nagpur"}}, {"type": "Feature", "geometry": {"type": "Polygon", "coordinates": [[[79.21919191919193, 21.166666666666668], [79.21919191919193, 21.17676767676768], [79.20505050505051, 21.17676767676768], [79.20505050505051, 21.166666666666668], [79.21919191919193, 21.166666666666668]]]}, "properties": {"confidence_score": 0.4809, "site_id": "nagpur"}}, {"type": "Feature", "geometry": {"type": "Polygon", "coordinates": [[[79.23333333333333, 21.166666666666668], [79.23333333333333, 21.17676767676768], [79.21919191919191, 21.17676767676768], [79.21919191919191, 21.166666666666668], [79.23333333333333, 21.166666666666668]]]}, "properties": {"confidence_score": 0.5854, "site_id": "nagpur"}}, {"type": "Feature", "geometry": {"type": "Polygon", "coordinates": [[[79.24747474747475, 21.166666666666668], [79.24747474747475, 21.17676767676768], [79.23333333333333, 21.17676767676768], [79.23333333333333, 21.166666666666668], [79.24747474747475, 21.166666666666668]]]}, "properties": {"confidence_score": 0.5638, "site_id": "nagpur"}}, {"type": "Feature", "geometry": {"type": "Polygon", "coordinates": [[[79.26161616161616, 21.166666666666668], [79.26161616161616, 21.17676767676768], [79.24747474747474, 21.17676767676768], [79.24747474747474, 21.166666666666668], [79.26161616161616, 21.166666666666668]]]}, "properties": {"confidence_score": 0.523, "site_id": "nagpur"}}, {"type": "Feature", "geometry": {"type": "Polygon", "coordinates": [[[79.27575757575758, 21.166666666666668], [79.27575757575758, 21.17676767676768], [79.26161616161616, 21.17676767676768], [79.26161616161616, 21.166666666666668], [79.27575757575758, 21.166666666666668]]]}, "properties": {"confidence_score": 0.5166, "site_id": "nagpur"}}, {"type": "Feature", "geometry": {"type": "Polygon", "coordinates": [[[79.289898989899, 21.166666666666668], [79.289898989899, 21.17676767676768], [79.27575757575758, 21.17676767676768], [79.27575757575758, 21.166666666666668], [79.289898989899, 21.166666666666668]]]}, "properties": {"confidence_score": 0.5377, "site_id": "nagpur"}}, {"type": "Feature", "geometry": {"type": "Polygon", "coordinates": [[[79.3040404040404, 21.166666666666668], [79.3040404040404, 21.17676767676768], [79.28989898989899, 21.17676767676768], [79.28989898989899, 21.166666666666668], [79.3040404040404, 21.166666666666668]]]}, "properties": {"confidence_score": 0.5131, "site_id": "nagpur"}}, {"type": "Feature", "geometry": {"type": "Polygon", "coordinates": [[[79.51616161616163, 21.166666666666668], [79.51616161616163, 21.17676767676768], [79.5020202020202, 21.17676767676768], [79.5020202020202, 21.166666666666668], [79.51616161616163, 21.166666666666668]]]}, "properties": {"confidence_score": 0.4984, "site_id": "bhandara"}}, {"type": "Feature", "geometry": {"type": "Polygon", "coordinates": [[[79.53030303030303, 21.166666666666668], [79.53030303030303, 21.17676767676768], [79.51616161616161, 21.17676767676768], [79.51616161616161, 21.166666666666668], [79.53030303030303, 21.166666666666668]]]}, "properties": {"confidence_score": 0.511, "site_id": "bhandara"}}, {"type": "Feature", "geometry": {"type": "Polygon", "coordinates": [[[79.54444444444445, 21.166666666666668], [79.54444444444445, 21.17676767676768], [79.53030303030303, 21.17676767676768], [79.53030303030303, 21.166666666666668], [79.54444444444445, 21.166666666666668]]]}, "properties": {"confidence_score": 0.5386, "site_id": "bhandara"}}, {"type": "Feature", "geometry": {"type": "Polygon", "coordinates": [[[79.55858585858586, 21.166666666666668], [79.55858585858586, 21.17676767676768], [79.54444444444444, 21.17676767676768], [79.54444444444444, 21.166666666666668], [79.55858585858586, 21.166666666666668]]]}, "properties": {"confidence_score": 0.6117, "site_id": "bhandara"}}, {"type": "Feature", "geometry": {"type": "Polygon", "coordinates": [[[79.57272727272728, 21.166666666666668], [79.57272727272728, 21.17676767676768], [79.55858585858586, 21.17676767676768], [79.55858585858586, 21.166666666666668], [79.57272727272728, 21.166666666666668]]]}, "properties": {"confidence_score": 0.7186, "site_id": "bhandara"}}, {"type": "Feature", "geometry": {"type": "Polygon", "coordinates": [[[79.5868686868687, 21.166666666666668], [79.5868686868687, 21.17676767676768], [79.57272727272728, 21.17676767676768], [79.57272727272728, 21.166666666666668], [79.5868686868687, 21.166666666666668]]]}, "properties": {"confidence_score": 0.7848, "site_id": "bhandara"}}, {"type": "Feature", "geometry": {"type": "Polygon", "coordinates": [[[79.6010101010101, 21.166666666666668], [79.6010101010101, 21.17676767676768], [79.58686868686868, 21.17676767676768], [79.58686868686868, 21.166666666666668], [79.6010101010101, 21.166666666666668]]]}, "properties": {"confidence_score": 0.8311, "site_id": "bhandara"}}, {"type": "Feature", "geometry": {"type": "Polygon", "coordinates": [[[79.61515151515152, 21.166666666666668], [79.61515151515152, 21.17676767676768], [79.6010101010101, 21.17676767676768], [79.6010101010101, 21.166666666666668], [79.61515151515152, 21.166666666666668]]]}, "properties": {"confidence_score": 0.7349, "site_id": "bhandara"}}, {"type": "Feature", "geometry": {"type": "Polygon", "coordinates": [[[79.62929292929293, 21.166666666666668], [79.62929292929293, 21.17676767676768], [79.61515151515151, 21.17676767676768], [79.61515151515151, 21.166666666666668], [79.62929292929293, 21.166666666666668]]]}, "properties": {"confidence_score": 0.5449, "site_id": "bhandara"}}, {"type": "Feature", "geometry": {"type": "Polygon", "coordinates": [[[79.64343434343435, 21.166666666666668], [79.64343434343435, 21.17676767676768], [79.62929292929293, 21.17676767676768], [79.62929292929293, 21.166666666666668], [79.64343434343435, 21.166666666666668]]]}, "properties": {"confidence_score": 0.4511, "site_id": "bhandara"}}, {"type": "Feature", "geometry": {"type": "Polygon", "coordinates": [[[79.65757575757576, 21.166666666666668], [79.65757575757576, 21.17676767676768], [79.64343434343434, 21.17676767676768], [79.64343434343434, 21.166666666666668], [79.65757575757576, 21.166666666666668]]]}, "properties": {"confidence_score": 0.4266, "site_id": "bhandara"}}, {"type": "Feature", "geometry": {"type": "Polygon", "coordinates": [[[79.67171717171718, 21.166666666666668], [79.67171717171718, 21.17676767676768], [79.65757575757576, 21.17676767676768], [79.65757575757576, 21.166666666666668], [79.67171717171718, 21.166666666666668]]]}, "properties": {"confidence_score": 0.4285, "site_id": "bhandara"}}, {"type": "Feature", "geometry": {"type": "Polygon", "coordinates": [[[79.6858585858586, 21.166666666666668], [79.6858585858586, 21.17676767676768], [79.67171717171718, 21.17676767676768], [79.67171717171718, 21.166666666666668], [79.6858585858586, 21.166666666666668]]]}, "properties": {"confidence_score": 0.4425, "site_id": "bhandara"}}, {"type": "Feature", "geometry": {"type": "Polygon", "coordinates": [[[79.7, 21.166666666666668], [79.7, 21.17676767676768], [79.68585858585858, 21.17676767676768], [79.68585858585858, 21.166666666666668], [79.7, 21.166666666666668]]]}, "properties": {"confidence_score": 0.4514, "site_id": "bhandara"}}, {"type": "Feature", "geometry": {"type": "Polygon", "coordinates": [[[79.71414141414142, 21.166666666666668], [79.71414141414142, 21.17676767676768], [79.7, 21.17676767676768], [79.7, 21.166666666666668], [79.71414141414142, 21.166666666666668]]]}, "properties": {"confidence_score": 0.4557, "site_id": "bhandara"}}, {"type": "Feature", "geometry": {"type": "Polygon", "coordinates": [[[79.72828282828283, 21.166666666666668], [79.72828282828283, 21.17676767676768], [79.71414141414141, 21.17676767676768], [79.71414141414141, 21.166666666666668], [79.72828282828283, 21.166666666666668]]]}, "properties": {"confidence_score": 0.4901, "site_id": "bhandara"}}, {"type": "Feature", "geometry": {"type": "Polygon", "coordinates": [[[79.74242424242425, 21.166666666666668], [79.74242424242425, 21.17676767676768], [79.72828282828283, 21.17676767676768], [79.72828282828283, 21.166666666666668], [79.74242424242425, 21.166666666666668]]]}, "properties": {"confidence_score": 0.5542, "site_id": "bhandara"}}, {"type": "Feature", "geometry": {"type": "Polygon", "coordinates": [[[79.75656565656567, 21.166666666666668], [79.75656565656567, 21.17676767676768], [79.74242424242425, 21.17676767676768], [79.74242424242425, 21.166666666666668], [79.75656565656567, 21.166666666666668]]]}, "properties": {"confidence_score": 0.5196, "site_id": "bhandara"}}, {"type": "Feature", "geometry": {"type": "Polygon", "coordinates": [[[79.77070707070708, 21.166666666666668], [79.77070707070708, 21.17676767676768], [79.75656565656566, 21.17676767676768], [79.75656565656566, 21.166666666666668], [79.77070707070708, 21.166666666666668]]]}, "properties": {"confidence_score": 0.3785, "site_id": "bhandara"}}, {"type": "Feature", "geometry": {"type": "Polygon", "coordinates": [[[79.7848484848485, 21.166666666666668], [79.7848484848485, 21.17676767676768], [79.77070707070708, 21.17676767676768], [79.77070707070708, 21.166666666666668], [79.7848484848485, 21.166666666666668]]]}, "properties": {"confidence_score": 0.334, "site_id": "bhandara"}}, {"type": "Feature", "geometry": {"type": "Polygon", "coordinates": [[[79.7989898989899, 21.166666666666668], [79.7989898989899, 21.17676767676768], [79.78484848484848, 21.17676767676768], [79.78484848484848, 21.166666666666668], [79.7989898989899, 21.166666666666668]]]}, "properties": {"confidence_score": 0.4099, "site_id": "bhandara"}}, {"type": "Feature", "geometry": {"type": "Polygon", "coordinates": [[[79.00707070707071, 21.17676767676768], [79.00707070707071, 21.18686868686869], [78.99292929292929, 21.18686868686869], [78.99292929292929, 21.17676767676768], [79.00707070707071, 21.17676767676768]]]}, "properties": {"confidence_score": 0.4096, "site_id": "nagpur"}}, {"type": "Feature", "geometry": {"type": "Polygon", "coordinates": [[[79.02121212121213, 21.17676767676768], [79.02121212121213, 21.18686868686869], [79.00707070707071, 21.18686868686869], [79.00707070707071, 21.17676767676768], [79.02121212121213, 21.17676767676768]]]}, "properties": {"confidence_score": 0.4203, "site_id": "nagpur"}}, {"type": "Feature", "geometry": {"type": "Polygon", "coordinates": [[[79.03535353535354, 21.17676767676768], [79.03535353535354, 21.18686868686869], [79.02121212121212, 21.18686868686869], [79.02121212121212, 21.17676767676768], [79.03535353535354, 21.17676767676768]]]}, "properties": {"confidence_score": 0.4033, "site_id": "nagpur"}}, {"type": "Feature", "geometry": {"type": "Polygon", "coordinates": [[[79.04949494949496, 21.17676767676768], [79.04949494949496, 21.18686868686869], [79.03535353535354, 21.18686868686869], [79.03535353535354, 21.17676767676768], [79.04949494949496, 21.17676767676768]]]}, "properties": {"confidence_score": 0.4559, "site_id": "nagpur"}}, {"type": "Feature", "geometry": {"type": "Polygon", "coordinates": [[[79.06363636363636, 21.17676767676768], [79.06363636363636, 21.18686868686869], [79.04949494949494, 21.18686868686869], [79.04949494949494, 21.17676767676768], [79.06363636363636, 21.17676767676768]]]}, "properties": {"confidence_score": 0.4999, "site_id": "nagpur"}}, {"type": "Feature", "geometry": {"type": "Polygon", "coordinates": [[[79.07777777777778, 21.17676767676768], [79.07777777777778, 21.18686868686869], [79.06363636363636, 21.18686868686869], [79.06363636363636, 21.17676767676768], [79.07777777777778, 21.17676767676768]]]}, "properties": {"confidence_score": 0.426, "site_id": "nagpur"}}, {"type": "Feature", "geometry": {"type": "Polygon", "coordinates": [[[79.09191919191919, 21.17676767676768], [79.09191919191919, 21.18686868686869], [79.07777777777777, 21.18686868686869], [79.07777777777777, 21.17676767676768], [79.09191919191919, 21.17676767676768]]]}, "properties": {"confidence_score": 0.3411, "site_id": "nagpur"}}, {"type": "Feature", "geometry": {"type": "Polygon", "coordinates": [[[79.10606060606061, 21.17676767676768], [79.10606060606061, 21.18686868686869], [79.09191919191919, 21.18686868686869], [79.09191919191919, 21.17676767676768], [79.10606060606061, 21.17676767676768]]]}, "properties": {"confidence_score": 0.3598, "site_id": "nagpur"}}, {"type": "Feature", "geometry": {"type": "Polygon", "coordinates": [[[79.12020202020203, 21.17676767676768], [79.12020202020203, 21.18686868686869], [79.10606060606061, 21.18686868686869], [79.10606060606061, 21.17676767676768], [79.12020202020203, 21.17676767676768]]]}, "properties": {"confidence_score": 0.3764, "site_id": "nagpur"}}, {"type": "Feature", "geometry": {"type": "Polygon", "coordinates": [[[79.13434343434344, 21.17676767676768], [79.13434343434344, 21.18686868686869], [79.12020202020202, 21.18686868686869], [79.12020202020202, 21.17676767676768], [79.13434343434344, 21.17676767676768]]]}, "properties": {"confidence_score": 0.3291, "site_id": "nagpur"}}, {"type": "Feature", "geometry": {"type": "Polygon", "coordinates": [[[79.14848484848486, 21.17676767676768], [79.14848484848486, 21.18686868686869], [79.13434343434344, 21.18686868686869], [79.13434343434344, 21.17676767676768], [79.14848484848486, 21.17676767676768]]]}, "properties": {"confidence_score": 0.2429, "site_id": "nagpur"}}, {"type": "Feature", "geometry": {"type": "Polygon", "coordinates": [[[79.16262626262626, 21.17676767676768], [79.16262626262626, 21.18686868686869], [79.14848484848484, 21.18686868686869], [79.14848484848484, 21.17676767676768], [79.16262626262626, 21.17676767676768]]]}, "properties": {"confidence_score": 0.291, "site_id": "nagpur"}}, {"type": "Feature", "geometry": {"type": "Polygon", "coordinates": [[[79.17676767676768, 21.17676767676768], [79.17676767676768, 21.18686868686869], [79.16262626262626, 21.18686868686869], [79.16262626262626, 21.17676767676768], [79.17676767676768, 21.17676767676768]]]}, "properties": {"confidence_score": 0.3727, "site_id": "nagpur"}}, {"type": "Feature", "geometry": {"type": "Polygon", "coordinates": [[[79.19090909090909, 21.17676767676768], [79.19090909090909, 21.18686868686869], [79.17676767676767, 21.18686868686869], [79.17676767676767, 21.17676767676768], [79.19090909090909, 21.17676767676768]]]}, "properties": {"confidence_score": 0.3585, "site_id": "nagpur"}}, {"type": "Feature", "geometry": {"type": "Polygon", "coordinates": [[[79.20505050505051, 21.17676767676768], [79.20505050505051, 21.18686868686869], [79.19090909090909, 21.18686868686869], [79.19090909090909, 21.17676767676768], [79.20505050505051, 21.17676767676768]]]}, "properties": {"confidence_score": 0.3703, "site_id": "nagpur"}}, {"type": "Feature", "geometry": {"type": "Polygon", "coordinates": [[[79.21919191919193, 21.17676767676768], [79.21919191919193, 21.18686868686869], [79.20505050505051, 21.18686868686869], [79.20505050505051, 21.17676767676768], [79.21919191919193, 21.17676767676768]]]}, "properties": {"confidence_score": 0.4772, "site_id": "nagpur"}}, {"type": "Feature", "geometry": {"type": "Polygon", "coordinates": [[[79.23333333333333, 21.17676767676768], [79.23333333333333, 21.18686868686869], [79.21919191919191, 21.18686868686869], [79.21919191919191, 21.17676767676768], [79.23333333333333, 21.17676767676768]]]}, "properties": {"confidence_score": 0.5881, "site_id": "nagpur"}}, {"type": "Feature", "geometry": {"type": "Polygon", "coordinates": [[[79.24747474747475, 21.17676767676768], [79.24747474747475, 21.18686868686869], [79.23333333333333, 21.18686868686869], [79.23333333333333, 21.17676767676768], [79.24747474747475, 21.17676767676768]]]}, "properties": {"confidence_score": 0.4969, "site_id": "nagpur"}}, {"type": "Feature", "geometry": {"type": "Polygon", "coordinates": [[[79.26161616161616, 21.17676767676768], [79.26161616161616, 21.18686868686869], [79.24747474747474, 21.18686868686869], [79.24747474747474, 21.17676767676768], [79.26161616161616, 21.17676767676768]]]}, "properties": {"confidence_score": 0.2893, "site_id": "nagpur"}}, {"type": "Feature", "geometry": {"type": "Polygon", "coordinates": [[[79.27575757575758, 21.17676767676768], [79.27575757575758, 21.18686868686869], [79.26161616161616, 21.18686868686869], [79.26161616161616, 21.17676767676768], [79.27575757575758, 21.17676767676768]]]}, "properties": {"confidence_score": 0.4018, "site_id": "nagpur"}}, {"type": "Feature", "geometry": {"type": "Polygon", "coordinates": [[[79.289898989899, 21.17676767676768], [79.289898989899, 21.18686868686869], [79.27575757575758, 21.18686868686869], [79.27575757575758, 21.17676767676768], [79.289898989899, 21.17676767676768]]]}, "properties": {"confidence_score": 0.5084, "site_id": "nagpur"}}, {"type": "Feature", "geometry": {"type": "Polygon", "coordinates": [[[79.3040404040404, 21.17676767676768], [79.3040404040404, 21.18686868686869], [79.28989898989899, 21.18686868686869], [79.28989898989899, 21.17676767676768], [79.3040404040404, 21.17676767676768]]]}, "properties": {"confidence_score": 0.4991, "site_id": "nagpur"}}, {"type": "Feature", "geometry": {"type": "Polygon", "coordinates": [[[79.51616161616163, 21.17676767676768], [79.51616161616163, 21.18686868686869], [79.5020202020202, 21.18686868686869], [79.5020202020202, 21.17676767676768], [79.51616161616163, 21.17676767676768]]]}, "properties": {"confidence_score": 0.4446, "site_id": "bhandara"}}, {"type": "Feature", "geometry": {"type": "Polygon", "coordinates": [[[79.53030303030303, 21.17676767676768], [79.53030303030303, 21.18686868686869], [79.51616161616161, 21.18686868686869], [79.51616161616161, 21.17676767676768], [79.53030303030303, 21.17676767676768]]]}, "properties": {"confidence_score": 0.4623, "site_id": "bhandara"}}, {"type": "Feature", "geometry": {"type": "Polygon", "coordinates": [[[79.54444444444445, 21.17676767676768], [79.54444444444445, 21.18686868686869], [79.53030303030303, 21.18686868686869], [79.53030303030303, 21.17676767676768], [79.54444444444445, 21.17676767676768]]]}, "properties": {"confidence_score": 0.5073, "site_id": "bhandara"}}, {"type": "Feature", "geometry": {"type": "Polygon", "coordinates": [[[79.55858585858586, 21.17676767676768], [79.55858585858586, 21.18686868686869], [79.54444444444444, 21.18686868686869], [79.54444444444444, 21.17676767676768], [79.55858585858586, 21.17676767676768]]]}, "properties": {"confidence_score": 0.6046, "site_id": "bhandara"}}, {"type": "Feature", "geometry": {"type": "Polygon", "coordinates": [[[79.57272727272728, 21.17676767676768], [79.57272727272728, 21.18686868686869], [79.55858585858586, 21.18686868686869], [79.55858585858586, 21.17676767676768], [79.57272727272728, 21.17676767676768]]]}, "properties": {"confidence_score": 0.7468, "site_id": "bhandara"}}, {"type": "Feature", "geometry": {"type": "Polygon", "coordinates": [[[79.5868686868687, 21.17676767676768], [79.5868686868687, 21.18686868686869], [79.57272727272728, 21.18686868686869], [79.57272727272728, 21.17676767676768], [79.5868686868687, 21.17676767676768]]]}, "properties": {"confidence_score": 0.7966, "site_id": "bhandara"}}, {"type": "Feature", "geometry": {"type": "Polygon", "coordinates": [[[79.6010101010101, 21.17676767676768], [79.6010101010101, 21.18686868686869], [79.58686868686868, 21.18686868686869], [79.58686868686868, 21.17676767676768], [79.6010101010101, 21.17676767676768]]]}, "properties": {"confidence_score": 0.779, "site_id": "bhandara"}}, {"type": "Feature", "geometry": {"type": "Polygon", "coordinates": [[[79.61515151515152, 21.17676767676768], [79.61515151515152, 21.18686868686869], [79.6010101010101, 21.18686868686869], [79.6010101010101, 21.17676767676768], [79.61515151515152, 21.17676767676768]]]}, "properties": {"confidence_score": 0.6671, "site_id": "bhandara"}}, {"type": "Feature", "geometry": {"type": "Polygon", "coordinates": [[[79.62929292929293, 21.17676767676768], [79.62929292929293, 21.18686868686869], [79.61515151515151, 21.18686868686869], [79.61515151515151, 21.17676767676768], [79.62929292929293, 21.17676767676768]]]}, "properties": {"confidence_score": 0.4814, "site_id": "bhandara"}}, {"type": "Feature", "geometry": {"type": "Polygon", "coordinates": [[[79.64343434343435, 21.17676767676768], [79.64343434343435, 21.18686868686869], [79.62929292929293, 21.18686868686869], [79.62929292929293, 21.17676767676768], [79.64343434343435, 21.17676767676768]]]}, "properties": {"confidence_score": 0.3844, "site_id": "bhandara"}}, {"type": "Feature", "geometry": {"type": "Polygon", "coordinates": [[[79.65757575757576, 21.17676767676768], [79.65757575757576, 21.18686868686869], [79.64343434343434, 21.18686868686869], [79.64343434343434, 21.17676767676768], [79.65757575757576, 21.17676767676768]]]}, "properties": {"confidence_score": 0.3321, "site_id": "bhandara"}}, {"type": "Feature", "geometry": {"type": "Polygon", "coordinates": [[[79.67171717171718, 21.17676767676768], [79.67171717171718, 21.18686868686869], [79.65757575757576, 21.18686868686869], [79.65757575757576, 21.17676767676768], [79.67171717171718, 21.17676767676768]]]}, "properties": {"confidence_score": 0.3193, "site_id": "bhandara"}}, {"type": "Feature", "geometry": {"type": "Polygon", "coordinates": [[[79.6858585858586, 21.17676767676768], [79.6858585858586, 21.18686868686869], [79.67171717171718, 21.18686868686869], [79.67171717171718, 21.17676767676768], [79.6858585858586, 21.17676767676768]]]}, "properties": {"confidence_score": 0.3325, "site_id": "bhandara"}}, {"type": "Feature", "geometry": {"type": "Polygon", "coordinates": [[[79.7, 21.17676767676768], [79.7, 21.18686868686869], [79.68585858585858, 21.18686868686869], [79.68585858585858, 21.17676767676768], [79.7, 21.17676767676768]]]}, "properties": {"confidence_score": 0.3755, "site_id": "bhandara"}}, {"type": "Feature", "geometry": {"type": "Polygon", "coordinates": [[[79.71414141414142, 21.17676767676768], [79.71414141414142, 21.18686868686869], [79.7, 21.18686868686869], [79.7, 21.17676767676768], [79.71414141414142, 21.17676767676768]]]}, "properties": {"confidence_score": 0.4897, "site_id": "bhandara"}}, {"type": "Feature", "geometry": {"type": "Polygon", "coordinates": [[[79.72828282828283, 21.17676767676768], [79.72828282828283, 21.18686868686869], [79.71414141414141, 21.18686868686869], [79.71414141414141, 21.17676767676768], [79.72828282828283, 21.17676767676768]]]}, "properties": {"confidence_score": 0.5357, "site_id": "bhandara"}}, {"type": "Feature", "geometry": {"type": "Polygon", "coordinates": [[[79.74242424242425, 21.17676767676768], [79.74242424242425, 21.18686868686869], [79.72828282828283, 21.18686868686869], [79.72828282828283, 21.17676767676768], [79.74242424242425, 21.17676767676768]]]}, "properties": {"confidence_score": 0.514, "site_id": "bhandara"}}, {"type": "Feature", "geometry": {"type": "Polygon", "coordinates": [[[79.75656565656567, 21.17676767676768], [79.75656565656567, 21.18686868686869], [79.74242424242425, 21.18686868686869], [79.74242424242425, 21.17676767676768], [79.75656565656567, 21.17676767676768]]]}, "properties": {"confidence_score": 0.4448, "site_id": "bhandara"}}, {"type": "Feature", "geometry": {"type": "Polygon", "coordinates": [[[79.77070707070708, 21.17676767676768], [79.77070707070708, 21.18686868686869], [79.75656565656566, 21.18686868686869], [79.75656565656566, 21.17676767676768], [79.77070707070708, 21.17676767676768]]]}, "properties": {"confidence_score": 0.2862, "site_id": "bhandara"}}, {"type": "Feature", "geometry": {"type": "Polygon", "coordinates": [[[79.7848484848485, 21.17676767676768], [79.7848484848485, 21.18686868686869], [79.77070707070708, 21.18686868686869], [79.77070707070708, 21.17676767676768], [79.7848484848485, 21.17676767676768]]]}, "properties": {"confidence_score": 0.2433, "site_id": "bhandara"}}, {"type": "Feature", "geometry": {"type": "Polygon", "coordinates": [[[79.7989898989899, 21.17676767676768], [79.7989898989899, 21.18686868686869], [79.78484848484848, 21.18686868686869], [79.78484848484848, 21.17676767676768], [79.7989898989899, 21.17676767676768]]]}, "properties": {"confidence_score": 0.3439, "site_id": "bhandara"}}, {"type": "Feature", "geometry": {"type": "Polygon", "coordinates": [[[79.00707070707071, 21.186868686868685], [79.00707070707071, 21.196969696969695], [78.99292929292929, 21.196969696969695], [78.99292929292929, 21.186868686868685], [79.00707070707071, 21.186868686868685]]]}, "properties": {"confidence_score": 0.4627, "site_id": "nagpur"}}, {"type": "Feature", "geometry": {"type": "Polygon", "coordinates": [[[79.02121212121213, 21.186868686868685], [79.02121212121213, 21.196969696969695], [79.00707070707071, 21.196969696969695], [79.00707070707071, 21.186868686868685], [79.02121212121213, 21.186868686868685]]]}, "properties": {"confidence_score": 0.4597, "site_id": "nagpur"}}, {"type": "Feature", "geometry": {"type": "Polygon", "coordinates": [[[79.03535353535354, 21.186868686868685], [79.03535353535354, 21.196969696969695], [79.02121212121212, 21.196969696969695], [79.02121212121212, 21.186868686868685], [79.03535353535354, 21.186868686868685]]]}, "properties": {"confidence_score": 0.4547, "site_id": "nagpur"}}, {"type": "Feature", "geometry": {"type": "Polygon", "coordinates": [[[79.04949494949496, 21.186868686868685], [79.04949494949496, 21.196969696969695], [79.03535353535354, 21.196969696969695], [79.03535353535354, 21.186868686868685], [79.04949494949496, 21.186868686868685]]]}, "properties": {"confidence_score": 0.4593, "site_id": "nagpur"}}, {"type": "Feature", "geometry": {"type": "Polygon", "coordinates": [[[79.06363636363636, 21.186868686868685], [79.06363636363636, 21.196969696969695], [79.04949494949494, 21.196969696969695], [79.04949494949494, 21.186868686868685], [79.06363636363636, 21.186868686868685]]]}, "properties": {"confidence_score": 0.4549, "site_id": "nagpur"}}, {"type": "Feature", "geometry": {"type": "Polygon", "coordinates": [[[79.07777777777778, 21.186868686868685], [79.07777777777778, 21.196969696969695], [79.06363636363636, 21.196969696969695], [79.06363636363636, 21.186868686868685], [79.07777777777778, 21.186868686868685]]]}, "properties": {"confidence_score": 0.3921, "site_id": "nagpur"}}, {"type": "Feature", "geometry": {"type": "Polygon", "coordinates": [[[79.09191919191919, 21.186868686868685], [79.09191919191919, 21.196969696969695], [79.07777777777777, 21.196969696969695], [79.07777777777777, 21.186868686868685], [79.09191919191919, 21.186868686868685]]]}, "properties": {"confidence_score": 0.3291, "site_id": "nagpur"}}, {"type": "Feature", "geometry": {"type": "Polygon", "coordinates": [[[79.10606060606061, 21.186868686868685], [79.10606060606061, 21.196969696969695], [79.09191919191919, 21.196969696969695], [79.09191919191919, 21.186868686868685], [79.10606060606061, 21.186868686868685]]]}, "properties": {"confidence_score": 0.3462, "site_id": "nagpur"}}, {"type": "Feature", "geometry": {"type": "Polygon", "coordinates": [[[79.12020202020203, 21.186868686868685], [79.12020202020203, 21.196969696969695], [79.10606060606061, 21.196969696969695], [79.10606060606061, 21.186868686868685], [79.12020202020203, 21.186868686868685]]]}, "properties": {"confidence_score": 0.366, "site_id": "nagpur"}}, {"type": "Feature", "geometry": {"type": "Polygon", "coordinates": [[[79.13434343434344, 21.186868686868685], [79.13434343434344, 21.196969696969695], [79.12020202020202, 21.196969696969695], [79.12020202020202, 21.186868686868685], [79.13434343434344, 21.186868686868685]]]}, "properties": {"confidence_score": 0.3189, "site_id": "nagpur"}}, {"type": "Feature", "geometry": {"type": "Polygon", "coordinates": [[[79.14848484848486, 21.186868686868685], [79.14848484848486, 21.196969696969695], [79.13434343434344, 21.196969696969695], [79.13434343434344, 21.186868686868685], [79.14848484848486, 21.186868686868685]]]}, "properties": {"confidence_score": 0.2534, "site_id": "nagpur"}}, {"type": "Feature", "geometry": {"type": "Polygon", "coordinates": [[[79.16262626262626, 21.186868686868685], [79.16262626262626, 21.196969696969695], [79.14848484848484, 21.196969696969695], [79.14848484848484, 21.186868686868685], [79.16262626262626, 21.186868686868685]]]}, "properties": {"confidence_score": 0.2745, "site_id": "nagpur"}}, {"type": "Feature", "geometry": {"type": "Polygon", "coordinates": [[[79.17676767676768, 21.186868686868685], [79.17676767676768, 21.196969696969695], [79.16262626262626, 21.196969696969695], [79.16262626262626, 21.186868686868685], [79.17676767676768, 21.186868686868685]]]}, "properties": {"confidence_score": 0.3307, "site_id": "nagpur"}}, {"type": "Feature", "geometry": {"type": "Polygon", "coordinates": [[[79.19090909090909, 21.186868686868685], [79.19090909090909, 21.196969696969695], [79.17676767676767, 21.196969696969695], [79.17676767676767, 21.186868686868685], [79.19090909090909, 21.186868686868685]]]}, "properties": {"confidence_score": 0.3575, "site_id": "nagpur"}}, {"type": "Feature", "geometry": {"type": "Polygon", "coordinates": [[[79.20505050505051, 21.186868686868685], [79.20505050505051, 21.196969696969695], [79.19090909090909, 21.196969696969695], [79.19090909090909, 21.186868686868685], [79.20505050505051, 21.186868686868685]]]}, "properties": {"confidence_score": 0.3962, "site_id": "nagpur"}}, {"type": "Feature", "geometry": {"type": "Polygon", "coordinates": [[[79.21919191919193, 21.186868686868685], [79.21919191919193, 21.196969696969695], [79.20505050505051, 21.196969696969695], [79.20505050505051, 21.186868686868685], [79.21919191919193, 21.186868686868685]]]}, "properties": {"confidence_score": 0.4872, "site_id": "nagpur"}}, {"type": "Feature", "geometry": {"type": "Polygon", "coordinates": [[[79.23333333333333, 21.186868686868685], [79.23333333333333, 21.196969696969695], [79.21919191919191, 21.196969696969695], [79.21919191919191, 21.186868686868685], [79.23333333333333, 21.186868686868685]]]}, "properties": {"confidence_score": 0.5658, "site_id": "nagpur"}}, {"type": "Feature", "geometry": {"type": "Polygon", "coordinates": [[[79.24747474747475, 21.186868686868685], [79.24747474747475, 21.196969696969695], [79.23333333333333, 21.196969696969695], [79.23333333333333, 21.186868686868685], [79.24747474747475, 21.186868686868685]]]}, "properties": {"confidence_score": 0.4906, "site_id": "nagpur"}}, {"type": "Feature", "geometry": {"type": "Polygon", "coordinates": [[[79.26161616161616, 21.186868686868685], [79.26161616161616, 21.196969696969695], [79.24747474747474, 21.196969696969695], [79.24747474747474, 21.186868686868685], [79.26161616161616, 21.186868686868685]]]}, "properties": {"confidence_score": 0.3476, "site_id": "nagpur"}}, {"type": "Feature", "geometry": {"type": "Polygon", "coordinates": [[[79.27575757575758, 21.186868686868685], [79.27575757575758, 21.196969696969695], [79.26161616161616, 21.196969696969695], [79.26161616161616, 21.186868686868685], [79.27575757575758, 21.186868686868685]]]}, "properties": {"confidence_score": 0.4128, "site_id": "nagpur"}}, {"type": "Feature", "geometry": {"type": "Polygon", "coordinates": [[[79.289898989899, 21.186868686868685], [79.289898989899, 21.196969696969695], [79.27575757575758, 21.196969696969695], [79.27575757575758, 21.186868686868685], [79.289898989899, 21.186868686868685]]]}, "properties": {"confidence_score": 0.52, "site_id": "nagpur"}}, {"type": "Feature", "geometry": {"type": "Polygon", "coordinates": [[[79.3040404040404, 21.186868686868685], [79.3040404040404, 21.196969696969695], [79.28989898989899, 21.196969696969695], [79.28989898989899, 21.186868686868685], [79.3040404040404, 21.186868686868685]]]}, "properties": {"confidence_score": 0.5321, "site_id": "nagpur"}}, {"type": "Feature", "geometry": {"type": "Polygon", "coordinates": [[[79.51616161616163, 21.186868686868685], [79.51616161616163, 21.196969696969695], [79.5020202020202, 21.196969696969695], [79.5020202020202, 21.186868686868685], [79.51616161616163, 21.186868686868685]]]}, "properties": {"confidence_score": 0.4087, "site_id": "bhandara"}}, {"type": "Feature", "geometry": {"type": "Polygon", "coordinates": [[[79.53030303030303, 21.186868686868685], [79.53030303030303, 21.196969696969695], [79.51616161616161, 21.196969696969695], [79.51616161616161, 21.186868686868685], [79.53030303030303, 21.186868686868685]]]}, "properties": {"confidence_score": 0.419, "site_id": "bhandara"}}, {"type": "Feature", "geometry": {"type": "Polygon", "coordinates": [[[79.54444444444445, 21.186868686868685], [79.54444444444445, 21.196969696969695], [79.53030303030303, 21.196969696969695], [79.53030303030303, 21.186868686868685], [79.54444444444445, 21.186868686868685]]]}, "properties": {"confidence_score": 0.4534, "site_id": "bhandara"}}, {"type": "Feature", "geometry": {"type": "Polygon", "coordinates": [[[79.55858585858586, 21.186868686868685], [79.55858585858586, 21.196969696969695], [79.54444444444444, 21.196969696969695], [79.54444444444444, 21.186868686868685], [79.55858585858586, 21.186868686868685]]]}, "properties": {"confidence_score": 0.5768, "site_id": "bhandara"}}, {"type": "Feature", "geometry": {"type": "Polygon", "coordinates": [[[79.57272727272728, 21.186868686868685], [79.57272727272728, 21.196969696969695], [79.55858585858586, 21.196969696969695], [79.55858585858586, 21.186868686868685], [79.57272727272728, 21.186868686868685]]]}, "properties": {"confidence_score": 0.7614, "site_id": "bhandara"}}, {"type": "Feature", "geometry": {"type": "Polygon", "coordinates": [[[79.5868686868687, 21.186868686868685], [79.5868686868687, 21.196969696969695], [79.57272727272728, 21.196969696969695], [79.57272727272728, 21.186868686868685], [79.5868686868687, 21.186868686868685]]]}, "properties": {"confidence_score": 0.7935, "site_id": "bhandara"}}, {"type": "Feature", "geometry": {"type": "Polygon", "coordinates": [[[79.6010101010101, 21.186868686868685], [79.6010101010101, 21.196969696969695], [79.58686868686868, 21.196969696969695], [79.58686868686868, 21.186868686868685], [79.6010101010101, 21.186868686868685]]]}, "properties": {"confidence_score": 0.6902, "site_id": "bhandara"}}, {"type": "Feature", "geometry": {"type": "Polygon", "coordinates": [[[79.61515151515152, 21.186868686868685], [79.61515151515152, 21.196969696969695], [79.6010101010101, 21.196969696969695], [79.6010101010101, 21.186868686868685], [79.61515151515152, 21.186868686868685]]]}, "properties": {"confidence_score": 0.5812, "site_id": "bhandara"}}, {"type": "Feature", "geometry": {"type": "Polygon", "coordinates": [[[79.62929292929293, 21.186868686868685], [79.62929292929293, 21.196969696969695], [79.61515151515151, 21.196969696969695], [79.61515151515151, 21.186868686868685], [79.62929292929293, 21.186868686868685]]]}, "properties": {"confidence_score": 0.4742, "site_id": "bhandara"}}, {"type": "Feature", "geometry": {"type": "Polygon", "coordinates": [[[79.64343434343435, 21.186868686868685], [79.64343434343435, 21.196969696969695], [79.62929292929293, 21.196969696969695], [79.62929292929293, 21.186868686868685], [79.64343434343435, 21.186868686868685]]]}, "properties": {"confidence_score": 0.3892, "site_id": "bhandara"}}, {"type": "Feature", "geometry": {"type": "Polygon", "coordinates": [[[79.65757575757576, 21.186868686868685], [79.65757575757576, 21.196969696969695], [79.64343434343434, 21.196969696969695], [79.64343434343434, 21.186868686868685], [79.65757575757576, 21.186868686868685]]]}, "properties": {"confidence_score": 0.3134, "site_id": "bhandara"}}, {"type": "Feature", "geometry": {"type": "Polygon", "coordinates": [[[79.67171717171718, 21.186868686868685], [79.67171717171718, 21.196969696969695], [79.65757575757576, 21.196969696969695], [79.65757575757576, 21.186868686868685], [79.67171717171718, 21.186868686868685]]]}, "properties": {"confidence_score": 0.283, "site_id": "bhandara"}}, {"type": "Feature", "geometry": {"type": "Polygon", "coordinates": [[[79.6858585858586, 21.186868686868685], [79.6858585858586, 21.196969696969695], [79.67171717171718, 21.196969696969695], [79.67171717171718, 21.186868686868685], [79.6858585858586, 21.186868686868685]]]}, "properties": {"confidence_score": 0.29, "site_id": "bhandara"}}, {"type": "Feature", "geometry": {"type": "Polygon", "coordinates": [[[79.7, 21.186868686868685], [79.7, 21.196969696969695], [79.68585858585858, 21.196969696969695], [79.68585858585858, 21.186868686868685], [79.7, 21.186868686868685]]]}, "properties": {"confidence_score": 0.3355, "site_id": "bhandara"}}, {"type": "Feature", "geometry": {"type": "Polygon", "coordinates": [[[79.71414141414142, 21.186868686868685], [79.71414141414142, 21.196969696969695], [79.7, 21.196969696969695], [79.7, 21.186868686868685], [79.71414141414142, 21.186868686868685]]]}, "properties": {"confidence_score": 0.4375, "site_id": "bhandara"}}, {"type": "Feature", "geometry": {"type": "Polygon", "coordinates": [[[79.72828282828283, 21.186868686868685], [79.72828282828283, 21.196969696969695], [79.71414141414141, 21.196969696969695], [79.71414141414141, 21.186868686868685], [79.72828282828283, 21.186868686868685]]]}, "properties": {"confidence_score": 0.4811, "site_id": "bhandara"}}, {"type": "Feature", "geometry": {"type": "Polygon", "coordinates": [[[79.74242424242425, 21.186868686868685], [79.74242424242425, 21.196969696969695], [79.72828282828283, 21.196969696969695], [79.72828282828283, 21.186868686868685], [79.74242424242425, 21.186868686868685]]]}, "properties": {"confidence_score": 0.4519, "site_id": "bhandara"}}, {"type": "Feature", "geometry": {"type": "Polygon", "coordinates": [[[79.75656565656567, 21.186868686868685], [79.75656565656567, 21.196969696969695], [79.74242424242425, 21.196969696969695], [79.74242424242425, 21.186868686868685], [79.75656565656567, 21.186868686868685]]]}, "properties": {"confidence_score": 0.3757, "site_id": "bhandara"}}, {"type": "Feature", "geometry": {"type": "Polygon", "coordinates": [[[79.77070707070708, 21.186868686868685], [79.77070707070708, 21.196969696969695], [79.75656565656566, 21.196969696969695], [79.75656565656566, 21.186868686868685], [79.77070707070708, 21.186868686868685]]]}, "properties": {"confidence_score": 0.245, "site_id": "bhandara"}}, {"type": "Feature", "geometry": {"type": "Polygon", "coordinates": [[[79.7848484848485, 21.186868686868685], [79.7848484848485, 21.196969696969695], [79.77070707070708, 21.196969696969695], [79.77070707070708, 21.186868686868685], [79.7848484848485, 21.186868686868685]]]}, "properties": {"confidence_score": 0.2094, "site_id": "bhandara"}}, {"type": "Feature", "geometry": {"type": "Polygon", "coordinates": [[[79.7989898989899, 21.186868686868685], [79.7989898989899, 21.196969696969695], [79.78484848484848, 21.196969696969695], [79.78484848484848, 21.186868686868685], [79.7989898989899, 21.186868686868685]]]}, "properties": {"confidence_score": 0.2913, "site_id": "bhandara"}}, {"type": "Feature", "geometry": {"type": "Polygon", "coordinates": [[[79.00707070707071, 21.196969696969695], [79.00707070707071, 21.207070707070706], [78.99292929292929, 21.207070707070706], [78.99292929292929, 21.196969696969695], [79.00707070707071, 21.196969696969695]]]}, "properties": {"confidence_score": 0.5492, "site_id": "nagpur"}}, {"type": "Feature", "geometry": {"type": "Polygon", "coordinates": [[[79.02121212121213, 21.196969696969695], [79.02121212121213, 21.207070707070706], [79.00707070707071, 21.207070707070706], [79.00707070707071, 21.196969696969695], [79.02121212121213, 21.196969696969695]]]}, "properties": {"confidence_score": 0.4988, "site_id": "nagpur"}}, {"type": "Feature", "geometry": {"type": "Polygon", "coordinates": [[[79.03535353535354, 21.196969696969695], [79.03535353535354, 21.207070707070706], [79.02121212121212, 21.207070707070706], [79.02121212121212, 21.196969696969695], [79.03535353535354, 21.196969696969695]]]}, "properties": {"confidence_score": 0.5174, "site_id": "nagpur"}}, {"type": "Feature", "geometry": {"type": "Polygon", "coordinates": [[[79.04949494949496, 21.196969696969695], [79.04949494949496, 21.207070707070706], [79.03535353535354, 21.207070707070706], [79.03535353535354, 21.196969696969695], [79.04949494949496, 21.196969696969695]]]}, "properties": {"confidence_score": 0.4603, "site_id": "nagpur"}}, {"type": "Feature", "geometry": {"type": "Polygon", "coordinates": [[[79.06363636363636, 21.196969696969695], [79.06363636363636, 21.207070707070706], [79.04949494949494, 21.207070707070706], [79.04949494949494, 21.196969696969695], [79.06363636363636, 21.196969696969695]]]}, "properties": {"confidence_score": 0.4252, "site_id": "nagpur"}}, {"type": "Feature", "geometry": {"type": "Polygon", "coordinates": [[[79.07777777777778, 21.196969696969695], [79.07777777777778, 21.207070707070706], [79.06363636363636, 21.207070707070706], [79.06363636363636, 21.196969696969695], [79.07777777777778, 21.196969696969695]]]}, "properties": {"confidence_score": 0.3649, "site_id": "nagpur"}}, {"type": "Feature", "geometry": {"type": "Polygon", "coordinates": [[[79.09191919191919, 21.196969696969695], [79.09191919191919, 21.207070707070706], [79.07777777777777, 21.207070707070706], [79.07777777777777, 21.196969696969695], [79.09191919191919, 21.196969696969695]]]}, "properties": {"confidence_score": 0.3021, "site_id": "nagpur"}}, {"type": "Feature", "geometry": {"type": "Polygon", "coordinates": [[[79.10606060606061, 21.196969696969695], [79.10606060606061, 21.207070707070706], [79.09191919191919, 21.207070707070706], [79.09191919191919, 21.196969696969695], [79.10606060606061, 21.196969696969695]]]}, "properties": {"confidence_score": 0.3422, "site_id": "nagpur"}}, {"type": "Feature", "geometry": {"type": "Polygon", "coordinates": [[[79.12020202020203, 21.196969696969695], [79.12020202020203, 21.207070707070706], [79.10606060606061, 21.207070707070706], [79.10606060606061, 21.196969696969695], [79.12020202020203, 21.196969696969695]]]}, "properties": {"confidence_score": 0.383, "site_id": "nagpur"}}, {"type": "Feature", "geometry": {"type": "Polygon", "coordinates": [[[79.13434343434344, 21.196969696969695], [79.13434343434344, 21.207070707070706], [79.12020202020202, 21.207070707070706], [79.12020202020202, 21.196969696969695], [79.13434343434344, 21.196969696969695]]]}, "properties": {"confidence_score": 0.3205, "site_id": "nagpur"}}, {"type": "Feature", "geometry": {"type": "Polygon", "coordinates": [[[79.14848484848486, 21.196969696969695], [79.14848484848486, 21.207070707070706], [79.13434343434344, 21.207070707070706], [79.13434343434344, 21.196969696969695], [79.14848484848486, 21.196969696969695]]]}, "properties": {"confidence_score": 0.2599, "site_id": "nagpur"}}, {"type": "Feature", "geometry": {"type": "Polygon", "coordinates": [[[79.16262626262626, 21.196969696969695], [79.16262626262626, 21.207070707070706], [79.14848484848484, 21.207070707070706], [79.14848484848484, 21.196969696969695], [79.16262626262626, 21.196969696969695]]]}, "properties": {"confidence_score": 0.2542, "site_id": "nagpur"}}, {"type": "Feature", "geometry": {"type": "Polygon", "coordinates": [[[79.17676767676768, 21.196969696969695], [79.17676767676768, 21.207070707070706], [79.16262626262626, 21.207070707070706], [79.16262626262626, 21.196969696969695], [79.17676767676768, 21.196969696969695]]]}, "properties": {"confidence_score": 0.2681, "site_id": "nagpur"}}, {"type": "Feature", "geometry": {"type": "Polygon", "coordinates": [[[79.19090909090909, 21.196969696969695], [79.19090909090909, 21.207070707070706], [79.17676767676767, 21.207070707070706], [79.17676767676767, 21.196969696969695], [79.19090909090909, 21.196969696969695]]]}, "properties": {"confidence_score": 0.3472, "site_id": "nagpur"}}, {"type": "Feature", "geometry": {"type": "Polygon", "coordinates": [[[79.20505050505051, 21.196969696969695], [79.20505050505051, 21.207070707070706], [79.19090909090909, 21.207070707070706], [79.19090909090909, 21.196969696969695], [79.20505050505051, 21.196969696969695]]]}, "properties": {"confidence_score": 0.4212, "site_id": "nagpur"}}, {"type": "Feature", "geometry": {"type": "Polygon", "coordinates": [[[79.21919191919193, 21.196969696969695], [79.21919191919193, 21.207070707070706], [79.20505050505051, 21.207070707070706], [79.20505050505051, 21.196969696969695], [79.21919191919193, 21.196969696969695]]]}, "properties": {"confidence_score": 0.5086, "site_id": "nagpur"}}, {"type": "Feature", "geometry": {"type": "Polygon", "coordinates": [[[79.23333333333333, 21.196969696969695], [79.23333333333333, 21.207070707070706], [79.21919191919191, 21.207070707070706], [79.21919191919191, 21.196969696969695], [79.23333333333333, 21.196969696969695]]]}, "properties": {"confidence_score": 0.5928, "site_id": "nagpur"}}, {"type": "Feature", "geometry": {"type": "Polygon", "coordinates": [[[79.24747474747475, 21.196969696969695], [79.24747474747475, 21.207070707070706], [79.23333333333333, 21.207070707070706], [79.23333333333333, 21.196969696969695], [79.24747474747475, 21.196969696969695]]]}, "properties": {"confidence_score": 0.5454, "site_id": "nagpur"}}, {"type": "Feature", "geometry": {"type": "Polygon", "coordinates": [[[79.26161616161616, 21.196969696969695], [79.26161616161616, 21.207070707070706], [79.24747474747474, 21.207070707070706], [79.24747474747474, 21.196969696969695], [79.26161616161616, 21.196969696969695]]]}, "properties": {"confidence_score": 0.4632, "site_id": "nagpur"}}, {"type": "Feature", "geometry": {"type": "Polygon", "coordinates": [[[79.27575757575758, 21.196969696969695], [79.27575757575758, 21.207070707070706], [79.26161616161616, 21.207070707070706], [79.26161616161616, 21.196969696969695], [79.27575757575758, 21.196969696969695]]]}, "properties": {"confidence_score": 0.5075, "site_id": "nagpur"}}, {"type": "Feature", "geometry": {"type": "Polygon", "coordinates": [[[79.289898989899, 21.196969696969695], [79.289898989899, 21.207070707070706], [79.27575757575758, 21.207070707070706], [79.27575757575758, 21.196969696969695], [79.289898989899, 21.196969696969695]]]}, "properties": {"confidence_score": 0.5897, "site_id": "nagpur"}}, {"type": "Feature", "geometry": {"type": "Polygon", "coordinates": [[[79.3040404040404, 21.196969696969695], [79.3040404040404, 21.207070707070706], [79.28989898989899, 21.207070707070706], [79.28989898989899, 21.196969696969695], [79.3040404040404, 21.196969696969695]]]}, "properties": {"confidence_score": 0.5981, "site_id": "nagpur"}}, {"type": "Feature", "geometry": {"type": "Polygon", "coordinates": [[[79.51616161616163, 21.196969696969695], [79.51616161616163, 21.207070707070706], [79.5020202020202, 21.207070707070706], [79.5020202020202, 21.196969696969695], [79.51616161616163, 21.196969696969695]]]}, "properties": {"confidence_score": 0.3863, "site_id": "bhandara"}}, {"type": "Feature", "geometry": {"type": "Polygon", "coordinates": [[[79.53030303030303, 21.196969696969695], [79.53030303030303, 21.207070707070706], [79.51616161616161, 21.207070707070706], [79.51616161616161, 21.196969696969695], [79.53030303030303, 21.196969696969695]]]}, "properties": {"confidence_score": 0.3845, "site_id": "bhandara"}}, {"type": "Feature", "geometry": {"type": "Polygon", "coordinates": [[[79.54444444444445, 21.196969696969695], [79.54444444444445, 21.207070707070706], [79.53030303030303, 21.207070707070706], [79.53030303030303, 21.196969696969695], [79.54444444444445, 21.196969696969695]]]}, "properties": {"confidence_score": 0.3786, "site_id": "bhandara"}}, {"type": "Feature", "geometry": {"type": "Polygon", "coordinates": [[[79.55858585858586, 21.196969696969695], [79.55858585858586, 21.207070707070706], [79.54444444444444, 21.207070707070706], [79.54444444444444, 21.196969696969695], [79.55858585858586, 21.196969696969695]]]}, "properties": {"confidence_score": 0.5269, "site_id": "bhandara"}}, {"type": "Feature", "geometry": {"type": "Polygon", "coordinates": [[[79.57272727272728, 21.196969696969695], [79.57272727272728, 21.207070707070706], [79.55858585858586, 21.207070707070706], [79.55858585858586, 21.196969696969695], [79.57272727272728, 21.196969696969695]]]}, "properties": {"confidence_score": 0.7995, "site_id": "bhandara"}}, {"type": "Feature", "geometry": {"type": "Polygon", "coordinates": [[[79.5868686868687, 21.196969696969695], [79.5868686868687, 21.207070707070706], [79.57272727272728, 21.207070707070706], [79.57272727272728, 21.196969696969695], [79.5868686868687, 21.196969696969695]]]}, "properties": {"confidence_score": 0.8088, "site_id": "bhandara"}}, {"type": "Feature", "geometry": {"type": "Polygon", "coordinates": [[[79.6010101010101, 21.196969696969695], [79.6010101010101, 21.207070707070706], [79.58686868686868, 21.207070707070706], [79.58686868686868, 21.196969696969695], [79.6010101010101, 21.196969696969695]]]}, "properties": {"confidence_score": 0.6039, "site_id": "bhandara"}}, {"type": "Feature", "geometry": {"type": "Polygon", "coordinates": [[[79.61515151515152, 21.196969696969695], [79.61515151515152, 21.207070707070706], [79.6010101010101, 21.207070707070706], [79.6010101010101, 21.196969696969695], [79.61515151515152, 21.196969696969695]]]}, "properties": {"confidence_score": 0.5132, "site_id": "bhandara"}}, {"type": "Feature", "geometry": {"type": "Polygon", "coordinates": [[[79.62929292929293, 21.196969696969695], [79.62929292929293, 21.207070707070706], [79.61515151515151, 21.207070707070706], [79.61515151515151, 21.196969696969695], [79.62929292929293, 21.196969696969695]]]}, "properties": {"confidence_score": 0.5027, "site_id": "bhandara"}}, {"type": "Feature", "geometry": {"type": "Polygon", "coordinates": [[[79.64343434343435, 21.196969696969695], [79.64343434343435, 21.207070707070706], [79.62929292929293, 21.207070707070706], [79.62929292929293, 21.196969696969695], [79.64343434343435, 21.196969696969695]]]}, "properties": {"confidence_score": 0.4365, "site_id": "bhandara"}}, {"type": "Feature", "geometry": {"type": "Polygon", "coordinates": [[[79.65757575757576, 21.196969696969695], [79.65757575757576, 21.207070707070706], [79.64343434343434, 21.207070707070706], [79.64343434343434, 21.196969696969695], [79.65757575757576, 21.196969696969695]]]}, "properties": {"confidence_score": 0.3378, "site_id": "bhandara"}}, {"type": "Feature", "geometry": {"type": "Polygon", "coordinates": [[[79.67171717171718, 21.196969696969695], [79.67171717171718, 21.207070707070706], [79.65757575757576, 21.207070707070706], [79.65757575757576, 21.196969696969695], [79.67171717171718, 21.196969696969695]]]}, "properties": {"confidence_score": 0.296, "site_id": "bhandara"}}, {"type": "Feature", "geometry": {"type": "Polygon", "coordinates": [[[79.6858585858586, 21.196969696969695], [79.6858585858586, 21.207070707070706], [79.67171717171718, 21.207070707070706], [79.67171717171718, 21.196969696969695], [79.6858585858586, 21.196969696969695]]]}, "properties": {"confidence_score": 0.2856, "site_id": "bhandara"}}, {"type": "Feature", "geometry": {"type": "Polygon", "coordinates": [[[79.7, 21.196969696969695], [79.7, 21.207070707070706], [79.68585858585858, 21.207070707070706], [79.68585858585858, 21.196969696969695], [79.7, 21.196969696969695]]]}, "properties": {"confidence_score": 0.308, "site_id": "bhandara"}}, {"type": "Feature", "geometry": {"type": "Polygon", "coordinates": [[[79.71414141414142, 21.196969696969695], [79.71414141414142, 21.207070707070706], [79.7, 21.207070707070706], [79.7, 21.196969696969695], [79.71414141414142, 21.196969696969695]]]}, "properties": {"confidence_score": 0.3667, "site_id": "bhandara"}}, {"type": "Feature", "geometry": {"type": "Polygon", "coordinates": [[[79.72828282828283, 21.196969696969695], [79.72828282828283, 21.207070707070706], [79.71414141414141, 21.207070707070706], [79.71414141414141, 21.196969696969695], [79.72828282828283, 21.196969696969695]]]}, "properties": {"confidence_score": 0.4061, "site_id": "bhandara"}}, {"type": "Feature", "geometry": {"type": "Polygon", "coordinates": [[[79.74242424242425, 21.196969696969695], [79.74242424242425, 21.207070707070706], [79.72828282828283, 21.207070707070706], [79.72828282828283, 21.196969696969695], [79.74242424242425, 21.196969696969695]]]}, "properties": {"confidence_score": 0.4008, "site_id": "bhandara"}}, {"type": "Feature", "geometry": {"type": "Polygon", "coordinates": [[[79.75656565656567, 21.196969696969695], [79.75656565656567, 21.207070707070706], [79.74242424242425, 21.207070707070706], [79.74242424242425, 21.196969696969695], [79.75656565656567, 21.196969696969695]]]}, "properties": {"confidence_score": 0.339, "site_id": "bhandara"}}, {"type": "Feature", "geometry": {"type": "Polygon", "coordinates": [[[79.77070707070708, 21.196969696969695], [79.77070707070708, 21.207070707070706], [79.75656565656566, 21.207070707070706], [79.75656565656566, 21.196969696969695], [79.77070707070708, 21.196969696969695]]]}, "properties": {"confidence_score": 0.2307, "site_id": "bhandara"}}, {"type": "Feature", "geometry": {"type": "Polygon", "coordinates": [[[79.7848484848485, 21.196969696969695], [79.7848484848485, 21.207070707070706], [79.77070707070708, 21.207070707070706], [79.77070707070708, 21.196969696969695], [79.7848484848485, 21.196969696969695]]]}, "properties": {"confidence_score": 0.1905, "site_id": "bhandara"}}, {"type": "Feature", "geometry": {"type": "Polygon", "coordinates": [[[79.7989898989899, 21.196969696969695], [79.7989898989899, 21.207070707070706], [79.78484848484848, 21.207070707070706], [79.78484848484848, 21.196969696969695], [79.7989898989899, 21.196969696969695]]]}, "properties": {"confidence_score": 0.2613, "site_id": "bhandara"}}, {"type": "Feature", "geometry": {"type": "Polygon", "coordinates": [[[79.00707070707071, 21.207070707070706], [79.00707070707071, 21.217171717171716], [78.99292929292929, 21.217171717171716], [78.99292929292929, 21.207070707070706], [79.00707070707071, 21.207070707070706]]]}, "properties": {"confidence_score": 0.4847, "site_id": "nagpur"}}, {"type": "Feature", "geometry": {"type": "Polygon", "coordinates": [[[79.02121212121213, 21.207070707070706], [79.02121212121213, 21.217171717171716], [79.00707070707071, 21.217171717171716], [79.00707070707071, 21.207070707070706], [79.02121212121213, 21.207070707070706]]]}, "properties": {"confidence_score": 0.4736, "site_id": "nagpur"}}, {"type": "Feature", "geometry": {"type": "Polygon", "coordinates": [[[79.03535353535354, 21.207070707070706], [79.03535353535354, 21.217171717171716], [79.02121212121212, 21.217171717171716], [79.02121212121212, 21.207070707070706], [79.03535353535354, 21.207070707070706]]]}, "properties": {"confidence_score": 0.4696, "site_id": "nagpur"}}, {"type": "Feature", "geometry": {"type": "Polygon", "coordinates": [[[79.04949494949496, 21.207070707070706], [79.04949494949496, 21.217171717171716], [79.03535353535354, 21.217171717171716], [79.03535353535354, 21.207070707070706], [79.04949494949496, 21.207070707070706]]]}, "properties": {"confidence_score": 0.4364, "site_id": "nagpur"}}, {"type": "Feature", "geometry": {"type": "Polygon", "coordinates": [[[79.06363636363636, 21.207070707070706], [79.06363636363636, 21.217171717171716], [79.04949494949494, 21.217171717171716], [79.04949494949494, 21.207070707070706], [79.06363636363636, 21.207070707070706]]]}, "properties": {"confidence_score": 0.3976, "site_id": "nagpur"}}, {"type": "Feature", "geometry": {"type": "Polygon", "coordinates": [[[79.07777777777778, 21.207070707070706], [79.07777777777778, 21.217171717171716], [79.06363636363636, 21.217171717171716], [79.06363636363636, 21.207070707070706], [79.07777777777778, 21.207070707070706]]]}, "properties": {"confidence_score": 0.3487, "site_id": "nagpur"}}, {"type": "Feature", "geometry": {"type": "Polygon", "coordinates": [[[79.09191919191919, 21.207070707070706], [79.09191919191919, 21.217171717171716], [79.07777777777777, 21.217171717171716], [79.07777777777777, 21.207070707070706], [79.09191919191919, 21.207070707070706]]]}, "properties": {"confidence_score": 0.312, "site_id": "nagpur"}}, {"type": "Feature", "geometry": {"type": "Polygon", "coordinates": [[[79.10606060606061, 21.207070707070706], [79.10606060606061, 21.217171717171716], [79.09191919191919, 21.217171717171716], [79.09191919191919, 21.207070707070706], [79.10606060606061, 21.207070707070706]]]}, "properties": {"confidence_score": 0.3439, "site_id": "nagpur"}}, {"type": "Feature", "geometry": {"type": "Polygon", "coordinates": [[[79.12020202020203, 21.207070707070706], [79.12020202020203, 21.217171717171716], [79.10606060606061, 21.217171717171716], [79.10606060606061, 21.207070707070706], [79.12020202020203, 21.207070707070706]]]}, "properties": {"confidence_score": 0.3781, "site_id": "nagpur"}}, {"type": "Feature", "geometry": {"type": "Polygon", "coordinates": [[[79.13434343434344, 21.207070707070706], [79.13434343434344, 21.217171717171716], [79.12020202020202, 21.217171717171716], [79.12020202020202, 21.207070707070706], [79.13434343434344, 21.207070707070706]]]}, "properties": {"confidence_score": 0.3123, "site_id": "nagpur"}}, {"type": "Feature", "geometry": {"type": "Polygon", "coordinates": [[[79.14848484848486, 21.207070707070706], [79.14848484848486, 21.217171717171716], [79.13434343434344, 21.217171717171716], [79.13434343434344, 21.207070707070706], [79.14848484848486, 21.207070707070706]]]}, "properties": {"confidence_score": 0.2325, "site_id": "nagpur"}}, {"type": "Feature", "geometry": {"type": "Polygon", "coordinates": [[[79.16262626262626, 21.207070707070706], [79.16262626262626, 21.217171717171716], [79.14848484848484, 21.217171717171716], [79.14848484848484, 21.207070707070706], [79.16262626262626, 21.207070707070706]]]}, "properties": {"confidence_score": 0.2394, "site_id": "nagpur"}}, {"type": "Feature", "geometry": {"type": "Polygon", "coordinates": [[[79.17676767676768, 21.207070707070706], [79.17676767676768, 21.217171717171716], [79.16262626262626, 21.217171717171716], [79.16262626262626, 21.207070707070706], [79.17676767676768, 21.207070707070706]]]}, "properties": {"confidence_score": 0.2729, "site_id": "nagpur"}}, {"type": "Feature", "geometry": {"type": "Polygon", "coordinates": [[[79.19090909090909, 21.207070707070706], [79.19090909090909, 21.217171717171716], [79.17676767676767, 21.217171717171716], [79.17676767676767, 21.207070707070706], [79.19090909090909, 21.207070707070706]]]}, "properties": {"confidence_score": 0.3668, "site_id": "nagpur"}}, {"type": "Feature", "geometry": {"type": "Polygon", "coordinates": [[[79.20505050505051, 21.207070707070706], [79.20505050505051, 21.217171717171716], [79.19090909090909, 21.217171717171716], [79.19090909090909, 21.207070707070706], [79.20505050505051, 21.207070707070706]]]}, "properties": {"confidence_score": 0.4599, "site_id": "nagpur"}}, {"type": "Feature", "geometry": {"type": "Polygon", "coordinates": [[[79.21919191919193, 21.207070707070706], [79.21919191919193, 21.217171717171716], [79.20505050505051, 21.217171717171716], [79.20505050505051, 21.207070707070706], [79.21919191919193, 21.207070707070706]]]}, "properties": {"confidence_score": 0.5383, "site_id": "nagpur"}}, {"type": "Feature", "geometry": {"type": "Polygon", "coordinates": [[[79.23333333333333, 21.207070707070706], [79.23333333333333, 21.217171717171716], [79.21919191919191, 21.217171717171716], [79.21919191919191, 21.207070707070706], [79.23333333333333, 21.207070707070706]]]}, "properties": {"confidence_score": 0.608, "site_id": "nagpur"}}, {"type": "Feature", "geometry": {"type": "Polygon", "coordinates": [[[79.24747474747475, 21.207070707070706], [79.24747474747475, 21.217171717171716], [79.23333333333333, 21.217171717171716], [79.23333333333333, 21.207070707070706], [79.24747474747475, 21.207070707070706]]]}, "properties": {"confidence_score": 0.6246, "site_id": "nagpur"}}, {"type": "Feature", "geometry": {"type": "Polygon", "coordinates": [[[79.26161616161616, 21.207070707070706], [79.26161616161616, 21.217171717171716], [79.24747474747474, 21.217171717171716], [79.24747474747474, 21.207070707070706], [79.26161616161616, 21.207070707070706]]]}, "properties": {"confidence_score": 0.631, "site_id": "nagpur"}}, {"type": "Feature", "geometry": {"type": "Polygon", "coordinates": [[[79.27575757575758, 21.207070707070706], [79.27575757575758, 21.217171717171716], [79.26161616161616, 21.217171717171716], [79.26161616161616, 21.207070707070706], [79.27575757575758, 21.207070707070706]]]}, "properties": {"confidence_score": 0.6341, "site_id": "nagpur"}}, {"type": "Feature", "geometry": {"type": "Polygon", "coordinates": [[[79.289898989899, 21.207070707070706], [79.289898989899, 21.217171717171716], [79.27575757575758, 21.217171717171716], [79.27575757575758, 21.207070707070706], [79.289898989899, 21.207070707070706]]]}, "properties": {"confidence_score": 0.6513, "site_id": "nagpur"}}, {"type": "Feature", "geometry": {"type": "Polygon", "coordinates": [[[79.3040404040404, 21.207070707070706], [79.3040404040404, 21.217171717171716], [79.28989898989899, 21.217171717171716], [79.28989898989899, 21.207070707070706], [79.3040404040404, 21.207070707070706]]]}, "properties": {"confidence_score": 0.6559, "site_id": "nagpur"}}, {"type": "Feature", "geometry": {"type": "Polygon", "coordinates": [[[79.51616161616163, 21.207070707070706], [79.51616161616163, 21.217171717171716], [79.5020202020202, 21.217171717171716], [79.5020202020202, 21.207070707070706], [79.51616161616163, 21.207070707070706]]]}, "properties": {"confidence_score": 0.3788, "site_id": "bhandara"}}, {"type": "Feature", "geometry": {"type": "Polygon", "coordinates": [[[79.53030303030303, 21.207070707070706], [79.53030303030303, 21.217171717171716], [79.51616161616161, 21.217171717171716], [79.51616161616161, 21.207070707070706], [79.53030303030303, 21.207070707070706]]]}, "properties": {"confidence_score": 0.3674, "site_id": "bhandara"}}, {"type": "Feature", "geometry": {"type": "Polygon", "coordinates": [[[79.54444444444445, 21.207070707070706], [79.54444444444445, 21.217171717171716], [79.53030303030303, 21.217171717171716], [79.53030303030303, 21.207070707070706], [79.54444444444445, 21.207070707070706]]]}, "properties": {"confidence_score": 0.3456, "site_id": "bhandara"}}, {"type": "Feature", "geometry": {"type": "Polygon", "coordinates": [[[79.55858585858586, 21.207070707070706], [79.55858585858586, 21.217171717171716], [79.54444444444444, 21.217171717171716], [79.54444444444444, 21.207070707070706], [79.55858585858586, 21.207070707070706]]]}, "properties": {"confidence_score": 0.4802, "site_id": "bhandara"}}, {"type": "Feature", "geometry": {"type": "Polygon", "coordinates": [[[79.57272727272728, 21.207070707070706], [79.57272727272728, 21.217171717171716], [79.55858585858586, 21.217171717171716], [79.55858585858586, 21.207070707070706], [79.57272727272728, 21.207070707070706]]]}, "properties": {"confidence_score": 0.7321, "site_id": "bhandara"}}, {"type": "Feature", "geometry": {"type": "Polygon", "coordinates": [[[79.5868686868687, 21.207070707070706], [79.5868686868687, 21.217171717171716], [79.57272727272728, 21.217171717171716], [79.57272727272728, 21.207070707070706], [79.5868686868687, 21.207070707070706]]]}, "properties": {"confidence_score": 0.7738, "site_id": "bhandara"}}, {"type": "Feature", "geometry": {"type": "Polygon", "coordinates": [[[79.6010101010101, 21.207070707070706], [79.6010101010101, 21.217171717171716], [79.58686868686868, 21.217171717171716], [79.58686868686868, 21.207070707070706], [79.6010101010101, 21.207070707070706]]]}, "properties": {"confidence_score": 0.6372, "site_id": "bhandara"}}, {"type": "Feature", "geometry": {"type": "Polygon", "coordinates": [[[79.61515151515152, 21.207070707070706], [79.61515151515152, 21.217171717171716], [79.6010101010101, 21.217171717171716], [79.6010101010101, 21.207070707070706], [79.61515151515152, 21.207070707070706]]]}, "properties": {"confidence_score": 0.5499, "site_id": "bhandara"}}, {"type": "Feature", "geometry": {"type": "Polygon", "coordinates": [[[79.62929292929293, 21.207070707070706], [79.62929292929293, 21.217171717171716], [79.61515151515151, 21.217171717171716], [79.61515151515151, 21.207070707070706], [79.62929292929293, 21.207070707070706]]]}, "properties": {"confidence_score": 0.5073, "site_id": "bhandara"}}, {"type": "Feature", "geometry": {"type": "Polygon", "coordinates": [[[79.64343434343435, 21.207070707070706], [79.64343434343435, 21.217171717171716], [79.62929292929293, 21.217171717171716], [79.62929292929293, 21.207070707070706], [79.64343434343435, 21.207070707070706]]]}, "properties": {"confidence_score": 0.4607, "site_id": "bhandara"}}, {"type": "Feature", "geometry": {"type": "Polygon", "coordinates": [[[79.65757575757576, 21.207070707070706], [79.65757575757576, 21.217171717171716], [79.64343434343434, 21.217171717171716], [79.64343434343434, 21.207070707070706], [79.65757575757576, 21.207070707070706]]]}, "properties": {"confidence_score": 0.417, "site_id": "bhandara"}}, {"type": "Feature", "geometry": {"type": "Polygon", "coordinates": [[[79.67171717171718, 21.207070707070706], [79.67171717171718, 21.217171717171716], [79.65757575757576, 21.217171717171716], [79.65757575757576, 21.207070707070706], [79.67171717171718, 21.207070707070706]]]}, "properties": {"confidence_score": 0.3735, "site_id": "bhandara"}}, {"type": "Feature", "geometry": {"type": "Polygon", "coordinates": [[[79.6858585858586, 21.207070707070706], [79.6858585858586, 21.217171717171716], [79.67171717171718, 21.217171717171716], [79.67171717171718, 21.207070707070706], [79.6858585858586, 21.207070707070706]]]}, "properties": {"confidence_score": 0.3173, "site_id": "bhandara"}}, {"type": "Feature", "geometry": {"type": "Polygon", "coordinates": [[[79.7, 21.207070707070706], [79.7, 21.217171717171716], [79.68585858585858, 21.217171717171716], [79.68585858585858, 21.207070707070706], [79.7, 21.207070707070706]]]}, "properties": {"confidence_score": 0.308, "site_id": "bhandara"}}, {"type": "Feature", "geometry": {"type": "Polygon", "coordinates": [[[79.71414141414142, 21.207070707070706], [79.71414141414142, 21.217171717171716], [79.7, 21.217171717171716], [79.7, 21.207070707070706], [79.71414141414142, 21.207070707070706]]]}, "properties": {"confidence_score": 0.3381, "site_id": "bhandara"}}, {"type": "Feature", "geometry": {"type": "Polygon", "coordinates": [[[79.72828282828283, 21.207070707070706], [79.72828282828283, 21.217171717171716], [79.71414141414141, 21.217171717171716], [79.71414141414141, 21.207070707070706], [79.72828282828283, 21.207070707070706]]]}, "properties": {"confidence_score": 0.3811, "site_id": "bhandara"}}, {"type": "Feature", "geometry": {"type": "Polygon", "coordinates": [[[79.74242424242425, 21.207070707070706], [79.74242424242425, 21.217171717171716], [79.72828282828283, 21.217171717171716], [79.72828282828283, 21.207070707070706], [79.74242424242425, 21.207070707070706]]]}, "properties": {"confidence_score": 0.421, "site_id": "bhandara"}}, {"type": "Feature", "geometry": {"type": "Polygon", "coordinates": [[[79.75656565656567, 21.207070707070706], [79.75656565656567, 21.217171717171716], [79.74242424242425, 21.217171717171716], [79.74242424242425, 21.207070707070706], [79.75656565656567, 21.207070707070706]]]}, "properties": {"confidence_score": 0.3826, "site_id": "bhandara"}}, {"type": "Feature", "geometry": {"type": "Polygon", "coordinates": [[[79.77070707070708, 21.207070707070706], [79.77070707070708, 21.217171717171716], [79.75656565656566, 21.217171717171716], [79.75656565656566, 21.207070707070706], [79.77070707070708, 21.207070707070706]]]}, "properties": {"confidence_score": 0.2738, "site_id": "bhandara"}}, {"type": "Feature", "geometry": {"type": "Polygon", "coordinates": [[[79.7848484848485, 21.207070707070706], [79.7848484848485, 21.217171717171716], [79.77070707070708, 21.217171717171716], [79.77070707070708, 21.207070707070706], [79.7848484848485, 21.207070707070706]]]}, "properties": {"confidence_score": 0.2207, "site_id": "bhandara"}}, {"type": "Feature", "geometry": {"type": "Polygon", "coordinates": [[[79.7989898989899, 21.207070707070706], [79.7989898989899, 21.217171717171716], [79.78484848484848, 21.217171717171716], [79.78484848484848, 21.207070707070706], [79.7989898989899, 21.207070707070706]]]}, "properties": {"confidence_score": 0.2487, "site_id": "bhandara"}}, {"type": "Feature", "geometry": {"type": "Polygon", "coordinates": [[[79.00707070707071, 21.217171717171716], [79.00707070707071, 21.227272727272727], [78.99292929292929, 21.227272727272727], [78.99292929292929, 21.217171717171716], [79.00707070707071, 21.217171717171716]]]}, "properties": {"confidence_score": 0.3917, "site_id": "nagpur"}}, {"type": "Feature", "geometry": {"type": "Polygon", "coordinates": [[[79.02121212121213, 21.217171717171716], [79.02121212121213, 21.227272727272727], [79.00707070707071, 21.227272727272727], [79.00707070707071, 21.217171717171716], [79.02121212121213, 21.217171717171716]]]}, "properties": {"confidence_score": 0.4211, "site_id": "nagpur"}}, {"type": "Feature", "geometry": {"type": "Polygon", "coordinates": [[[79.03535353535354, 21.217171717171716], [79.03535353535354, 21.227272727272727], [79.02121212121212, 21.227272727272727], [79.02121212121212, 21.217171717171716], [79.03535353535354, 21.217171717171716]]]}, "properties": {"confidence_score": 0.4011, "site_id": "nagpur"}}, {"type": "Feature", "geometry": {"type": "Polygon", "coordinates": [[[79.04949494949496, 21.217171717171716], [79.04949494949496, 21.227272727272727], [79.03535353535354, 21.227272727272727], [79.03535353535354, 21.217171717171716], [79.04949494949496, 21.217171717171716]]]}, "properties": {"confidence_score": 0.4086, "site_id": "nagpur"}}, {"type": "Feature", "geometry": {"type": "Polygon", "coordinates": [[[79.06363636363636, 21.217171717171716], [79.06363636363636, 21.227272727272727], [79.04949494949494, 21.227272727272727], [79.04949494949494, 21.217171717171716], [79.06363636363636, 21.217171717171716]]]}, "properties": {"confidence_score": 0.3764, "site_id": "nagpur"}}, {"type": "Feature", "geometry": {"type": "Polygon", "coordinates": [[[79.07777777777778, 21.217171717171716], [79.07777777777778, 21.227272727272727], [79.06363636363636, 21.227272727272727], [79.06363636363636, 21.217171717171716], [79.07777777777778, 21.217171717171716]]]}, "properties": {"confidence_score": 0.3382, "site_id": "nagpur"}}, {"type": "Feature", "geometry": {"type": "Polygon", "coordinates": [[[79.09191919191919, 21.217171717171716], [79.09191919191919, 21.227272727272727], [79.07777777777777, 21.227272727272727], [79.07777777777777, 21.217171717171716], [79.09191919191919, 21.217171717171716]]]}, "properties": {"confidence_score": 0.3101, "site_id": "nagpur"}}, {"type": "Feature", "geometry": {"type": "Polygon", "coordinates": [[[79.10606060606061, 21.217171717171716], [79.10606060606061, 21.227272727272727], [79.09191919191919, 21.227272727272727], [79.09191919191919, 21.217171717171716], [79.10606060606061, 21.217171717171716]]]}, "properties": {"confidence_score": 0.3373, "site_id": "nagpur"}}, {"type": "Feature", "geometry": {"type": "Polygon", "coordinates": [[[79.12020202020203, 21.217171717171716], [79.12020202020203, 21.227272727272727], [79.10606060606061, 21.227272727272727], [79.10606060606061, 21.217171717171716], [79.12020202020203, 21.217171717171716]]]}, "properties": {"confidence_score": 0.3962, "site_id": "nagpur"}}, {"type": "Feature", "geometry": {"type": "Polygon", "coordinates": [[[79.13434343434344, 21.217171717171716], [79.13434343434344, 21.227272727272727], [79.12020202020202, 21.227272727272727], [79.12020202020202, 21.217171717171716], [79.13434343434344, 21.217171717171716]]]}, "properties": {"confidence_score": 0.3047, "site_id": "nagpur"}}, {"type": "Feature", "geometry": {"type": "Polygon", "coordinates": [[[79.14848484848486, 21.217171717171716], [79.14848484848486, 21.227272727272727], [79.13434343434344, 21.227272727272727], [79.13434343434344, 21.217171717171716], [79.14848484848486, 21.217171717171716]]]}, "properties": {"confidence_score": 0.1728, "site_id": "nagpur"}}, {"type": "Feature", "geometry": {"type": "Polygon", "coordinates": [[[79.16262626262626, 21.217171717171716], [79.16262626262626, 21.227272727272727], [79.14848484848484, 21.227272727272727], [79.14848484848484, 21.217171717171716], [79.16262626262626, 21.217171717171716]]]}, "properties": {"confidence_score": 0.2622, "site_id": "nagpur"}}, {"type": "Feature", "geometry": {"type": "Polygon", "coordinates": [[[79.17676767676768, 21.217171717171716], [79.17676767676768, 21.227272727272727], [79.16262626262626, 21.227272727272727], [79.16262626262626, 21.217171717171716], [79.17676767676768, 21.217171717171716]]]}, "properties": {"confidence_score": 0.3, "site_id": "nagpur"}}, {"type": "Feature", "geometry": {"type": "Polygon", "coordinates": [[[79.19090909090909, 21.217171717171716], [79.19090909090909, 21.227272727272727], [79.17676767676767, 21.227272727272727], [79.17676767676767, 21.217171717171716], [79.19090909090909, 21.217171717171716]]]}, "properties": {"confidence_score": 0.4309, "site_id": "nagpur"}}, {"type": "Feature", "geometry": {"type": "Polygon", "coordinates": [[[79.20505050505051, 21.217171717171716], [79.20505050505051, 21.227272727272727], [79.19090909090909, 21.227272727272727], [79.19090909090909, 21.217171717171716], [79.20505050505051, 21.217171717171716]]]}, "properties": {"confidence_score": 0.5244, "site_id": "nagpur"}}, {"type": "Feature", "geometry": {"type": "Polygon", "coordinates": [[[79.21919191919193, 21.217171717171716], [79.21919191919193, 21.227272727272727], [79.20505050505051, 21.227272727272727], [79.20505050505051, 21.217171717171716], [79.21919191919193, 21.217171717171716]]]}, "properties": {"confidence_score": 0.579, "site_id": "nagpur"}}, {"type": "Feature", "geometry": {"type": "Polygon", "coordinates": [[[79.23333333333333, 21.217171717171716], [79.23333333333333, 21.227272727272727], [79.21919191919191, 21.227272727272727], [79.21919191919191, 21.217171717171716], [79.23333333333333, 21.217171717171716]]]}, "properties": {"confidence_score": 0.6349, "site_id": "nagpur"}}, {"type": "Feature", "geometry": {"type": "Polygon", "coordinates": [[[79.24747474747475, 21.217171717171716], [79.24747474747475, 21.227272727272727], [79.23333333333333, 21.227272727272727], [79.23333333333333, 21.217171717171716], [79.24747474747475, 21.217171717171716]]]}, "properties": {"confidence_score": 0.6991, "site_id": "nagpur"}}, {"type": "Feature", "geometry": {"type": "Polygon", "coordinates": [[[79.26161616161616, 21.217171717171716], [79.26161616161616, 21.227272727272727], [79.24747474747474, 21.227272727272727], [79.24747474747474, 21.217171717171716], [79.26161616161616, 21.217171717171716]]]}, "properties": {"confidence_score": 0.8269, "site_id": "nagpur"}}, {"type": "Feature", "geometry": {"type": "Polygon", "coordinates": [[[79.27575757575758, 21.217171717171716], [79.27575757575758, 21.227272727272727], [79.26161616161616, 21.227272727272727], [79.26161616161616, 21.217171717171716], [79.27575757575758, 21.217171717171716]]]}, "properties": {"confidence_score": 0.7525, "site_id": "nagpur"}}, {"type": "Feature", "geometry": {"type": "Polygon", "coordinates": [[[79.289898989899, 21.217171717171716], [79.289898989899, 21.227272727272727], [79.27575757575758, 21.227272727272727], [79.27575757575758, 21.217171717171716], [79.289898989899, 21.217171717171716]]]}, "properties": {"confidence_score": 0.7083, "site_id": "nagpur"}}, {"type": "Feature", "geometry": {"type": "Polygon", "coordinates": [[[79.3040404040404, 21.217171717171716], [79.3040404040404, 21.227272727272727], [79.28989898989899, 21.227272727272727], [79.28989898989899, 21.217171717171716], [79.3040404040404, 21.217171717171716]]]}, "properties": {"confidence_score": 0.7003, "site_id": "nagpur"}}, {"type": "Feature", "geometry": {"type": "Polygon", "coordinates": [[[79.51616161616163, 21.217171717171716], [79.51616161616163, 21.227272727272727], [79.5020202020202, 21.227272727272727], [79.5020202020202, 21.217171717171716], [79.51616161616163, 21.217171717171716]]]}, "properties": {"confidence_score": 0.3888, "site_id": "bhandara"}}, {"type": "Feature", "geometry": {"type": "Polygon", "coordinates": [[[79.53030303030303, 21.217171717171716], [79.53030303030303, 21.227272727272727], [79.51616161616161, 21.227272727272727], [79.51616161616161, 21.217171717171716], [79.53030303030303, 21.217171717171716]]]}, "properties": {"confidence_score": 0.3674, "site_id": "bhandara"}}, {"type": "Feature", "geometry": {"type": "Polygon", "coordinates": [[[79.54444444444445, 21.217171717171716], [79.54444444444445, 21.227272727272727], [79.53030303030303, 21.227272727272727], [79.53030303030303, 21.217171717171716], [79.54444444444445, 21.217171717171716]]]}, "properties": {"confidence_score": 0.307, "site_id": "bhandara"}}, {"type": "Feature", "geometry": {"type": "Polygon", "coordinates": [[[79.55858585858586, 21.217171717171716], [79.55858585858586, 21.227272727272727], [79.54444444444444, 21.227272727272727], [79.54444444444444, 21.217171717171716], [79.55858585858586, 21.217171717171716]]]}, "properties": {"confidence_score": 0.4193, "site_id": "bhandara"}}, {"type": "Feature", "geometry": {"type": "Polygon", "coordinates": [[[79.57272727272728, 21.217171717171716], [79.57272727272728, 21.227272727272727], [79.55858585858586, 21.227272727272727], [79.55858585858586, 21.217171717171716], [79.57272727272728, 21.217171717171716]]]}, "properties": {"confidence_score": 0.6552, "site_id": "bhandara"}}, {"type": "Feature", "geometry": {"type": "Polygon", "coordinates": [[[79.5868686868687, 21.217171717171716], [79.5868686868687, 21.227272727272727], [79.57272727272728, 21.227272727272727], [79.57272727272728, 21.217171717171716], [79.5868686868687, 21.217171717171716]]]}, "properties": {"confidence_score": 0.7295, "site_id": "bhandara"}}, {"type": "Feature", "geometry": {"type": "Polygon", "coordinates": [[[79.6010101010101, 21.217171717171716], [79.6010101010101, 21.227272727272727], [79.58686868686868, 21.227272727272727], [79.58686868686868, 21.217171717171716], [79.6010101010101, 21.217171717171716]]]}, "properties": {"confidence_score": 0.7096, "site_id": "bhandara"}}, {"type": "Feature", "geometry": {"type": "Polygon", "coordinates": [[[79.61515151515152, 21.217171717171716], [79.61515151515152, 21.227272727272727], [79.6010101010101, 21.227272727272727], [79.6010101010101, 21.217171717171716], [79.61515151515152, 21.217171717171716]]]}, "properties": {"confidence_score": 0.6336, "site_id": "bhandara"}}, {"type": "Feature", "geometry": {"type": "Polygon", "coordinates": [[[79.62929292929293, 21.217171717171716], [79.62929292929293, 21.227272727272727], [79.61515151515151, 21.227272727272727], [79.61515151515151, 21.217171717171716], [79.62929292929293, 21.217171717171716]]]}, "properties": {"confidence_score": 0.5131, "site_id": "bhandara"}}, {"type": "Feature", "geometry": {"type": "Polygon", "coordinates": [[[79.64343434343435, 21.217171717171716], [79.64343434343435, 21.227272727272727], [79.62929292929293, 21.227272727272727], [79.62929292929293, 21.217171717171716], [79.64343434343435, 21.217171717171716]]]}, "properties": {"confidence_score": 0.4778, "site_id": "bhandara"}}, {"type": "Feature", "geometry": {"type": "Polygon", "coordinates": [[[79.65757575757576, 21.217171717171716], [79.65757575757576, 21.227272727272727], [79.64343434343434, 21.227272727272727], [79.64343434343434, 21.217171717171716], [79.65757575757576, 21.217171717171716]]]}, "properties": {"confidence_score": 0.5193, "site_id": "bhandara"}}, {"type": "Feature", "geometry": {"type": "Polygon", "coordinates": [[[79.67171717171718, 21.217171717171716], [79.67171717171718, 21.227272727272727], [79.65757575757576, 21.227272727272727], [79.65757575757576, 21.217171717171716], [79.67171717171718, 21.217171717171716]]]}, "properties": {"confidence_score": 0.4859, "site_id": "bhandara"}}, {"type": "Feature", "geometry": {"type": "Polygon", "coordinates": [[[79.6858585858586, 21.217171717171716], [79.6858585858586, 21.227272727272727], [79.67171717171718, 21.227272727272727], [79.67171717171718, 21.217171717171716], [79.6858585858586, 21.217171717171716]]]}, "properties": {"confidence_score": 0.375, "site_id": "bhandara"}}, {"type": "Feature", "geometry": {"type": "Polygon", "coordinates": [[[79.7, 21.217171717171716], [79.7, 21.227272727272727], [79.68585858585858, 21.227272727272727], [79.68585858585858, 21.217171717171716], [79.7, 21.217171717171716]]]}, "properties": {"confidence_score": 0.3461, "site_id": "bhandara"}}, {"type": "Feature", "geometry": {"type": "Polygon", "coordinates": [[[79.71414141414142, 21.217171717171716], [79.71414141414142, 21.227272727272727], [79.7, 21.227272727272727], [79.7, 21.217171717171716], [79.71414141414142, 21.217171717171716]]]}, "properties": {"confidence_score": 0.3558, "site_id": "bhandara"}}, {"type": "Feature", "geometry": {"type": "Polygon", "coordinates": [[[79.72828282828283, 21.217171717171716], [79.72828282828283, 21.227272727272727], [79.71414141414141, 21.227272727272727], [79.71414141414141, 21.217171717171716], [79.72828282828283, 21.217171717171716]]]}, "properties": {"confidence_score": 0.4002, "site_id": "bhandara"}}, {"type": "Feature", "geometry": {"type": "Polygon", "coordinates": [[[79.74242424242425, 21.217171717171716], [79.74242424242425, 21.227272727272727], [79.72828282828283, 21.227272727272727], [79.72828282828283, 21.217171717171716], [79.74242424242425, 21.217171717171716]]]}, "properties": {"confidence_score": 0.5022, "site_id": "bhandara"}}, {"type": "Feature", "geometry": {"type": "Polygon", "coordinates": [[[79.75656565656567, 21.217171717171716], [79.75656565656567, 21.227272727272727], [79.74242424242425, 21.227272727272727], [79.74242424242425, 21.217171717171716], [79.75656565656567, 21.217171717171716]]]}, "properties": {"confidence_score": 0.4868, "site_id": "bhandara"}}, {"type": "Feature", "geometry": {"type": "Polygon", "coordinates": [[[79.77070707070708, 21.217171717171716], [79.77070707070708, 21.227272727272727], [79.75656565656566, 21.227272727272727], [79.75656565656566, 21.217171717171716], [79.77070707070708, 21.217171717171716]]]}, "properties": {"confidence_score": 0.3532, "site_id": "bhandara"}}, {"type": "Feature", "geometry": {"type": "Polygon", "coordinates": [[[79.7848484848485, 21.217171717171716], [79.7848484848485, 21.227272727272727], [79.77070707070708, 21.227272727272727], [79.77070707070708, 21.217171717171716], [79.7848484848485, 21.217171717171716]]]}, "properties": {"confidence_score": 0.2798, "site_id": "bhandara"}}, {"type": "Feature", "geometry": {"type": "Polygon", "coordinates": [[[79.7989898989899, 21.217171717171716], [79.7989898989899, 21.227272727272727], [79.78484848484848, 21.227272727272727], [79.78484848484848, 21.217171717171716], [79.7989898989899, 21.217171717171716]]]}, "properties": {"confidence_score": 0.2667, "site_id": "bhandara"}}, {"type": "Feature", "geometry": {"type": "Polygon", "coordinates": [[[79.00707070707071, 21.227272727272727], [79.00707070707071, 21.237373737373737], [78.99292929292929, 21.237373737373737], [78.99292929292929, 21.227272727272727], [79.00707070707071, 21.227272727272727]]]}, "properties": {"confidence_score": 0.3773, "site_id": "nagpur"}}, {"type": "Feature", "geometry": {"type": "Polygon", "coordinates": [[[79.02121212121213, 21.227272727272727], [79.02121212121213, 21.237373737373737], [79.00707070707071, 21.237373737373737], [79.00707070707071, 21.227272727272727], [79.02121212121213, 21.227272727272727]]]}, "properties": {"confidence_score": 0.4069, "site_id": "nagpur"}}, {"type": "Feature", "geometry": {"type": "Polygon", "coordinates": [[[79.03535353535354, 21.227272727272727], [79.03535353535354, 21.237373737373737], [79.02121212121212, 21.237373737373737], [79.02121212121212, 21.227272727272727], [79.03535353535354, 21.227272727272727]]]}, "properties": {"confidence_score": 0.4213, "site_id": "nagpur"}}, {"type": "Feature", "geometry": {"type": "Polygon", "coordinates": [[[79.04949494949496, 21.227272727272727], [79.04949494949496, 21.237373737373737], [79.03535353535354, 21.237373737373737], [79.03535353535354, 21.227272727272727], [79.04949494949496, 21.227272727272727]]]}, "properties": {"confidence_score": 0.4118, "site_id": "nagpur"}}, {"type": "Feature", "geometry": {"type": "Polygon", "coordinates": [[[79.06363636363636, 21.227272727272727], [79.06363636363636, 21.237373737373737], [79.04949494949494, 21.237373737373737], [79.04949494949494, 21.227272727272727], [79.06363636363636, 21.227272727272727]]]}, "properties": {"confidence_score": 0.3787, "site_id": "nagpur"}}, {"type": "Feature", "geometry": {"type": "Polygon", "coordinates": [[[79.07777777777778, 21.227272727272727], [79.07777777777778, 21.237373737373737], [79.06363636363636, 21.237373737373737], [79.06363636363636, 21.227272727272727], [79.07777777777778, 21.227272727272727]]]}, "properties": {"confidence_score": 0.3317, "site_id": "nagpur"}}, {"type": "Feature", "geometry": {"type": "Polygon", "coordinates": [[[79.09191919191919, 21.227272727272727], [79.09191919191919, 21.237373737373737], [79.07777777777777, 21.237373737373737], [79.07777777777777, 21.227272727272727], [79.09191919191919, 21.227272727272727]]]}, "properties": {"confidence_score": 0.2893, "site_id": "nagpur"}}, {"type": "Feature", "geometry": {"type": "Polygon", "coordinates": [[[79.10606060606061, 21.227272727272727], [79.10606060606061, 21.237373737373737], [79.09191919191919, 21.237373737373737], [79.09191919191919, 21.227272727272727], [79.10606060606061, 21.227272727272727]]]}, "properties": {"confidence_score": 0.3034, "site_id": "nagpur"}}, {"type": "Feature", "geometry": {"type": "Polygon", "coordinates": [[[79.12020202020203, 21.227272727272727], [79.12020202020203, 21.237373737373737], [79.10606060606061, 21.237373737373737], [79.10606060606061, 21.227272727272727], [79.12020202020203, 21.227272727272727]]]}, "properties": {"confidence_score": 0.3336, "site_id": "nagpur"}}, {"type": "Feature", "geometry": {"type": "Polygon", "coordinates": [[[79.13434343434344, 21.227272727272727], [79.13434343434344, 21.237373737373737], [79.12020202020202, 21.237373737373737], [79.12020202020202, 21.227272727272727], [79.13434343434344, 21.227272727272727]]]}, "properties": {"confidence_score": 0.3104, "site_id": "nagpur"}}, {"type": "Feature", "geometry": {"type": "Polygon", "coordinates": [[[79.14848484848486, 21.227272727272727], [79.14848484848486, 21.237373737373737], [79.13434343434344, 21.237373737373737], [79.13434343434344, 21.227272727272727], [79.14848484848486, 21.227272727272727]]]}, "properties": {"confidence_score": 0.2914, "site_id": "nagpur"}}, {"type": "Feature", "geometry": {"type": "Polygon", "coordinates": [[[79.16262626262626, 21.227272727272727], [79.16262626262626, 21.237373737373737], [79.14848484848484, 21.237373737373737], [79.14848484848484, 21.227272727272727], [79.16262626262626, 21.227272727272727]]]}, "properties": {"confidence_score": 0.3823, "site_id": "nagpur"}}, {"type": "Feature", "geometry": {"type": "Polygon", "coordinates": [[[79.17676767676768, 21.227272727272727], [79.17676767676768, 21.237373737373737], [79.16262626262626, 21.237373737373737], [79.16262626262626, 21.227272727272727], [79.17676767676768, 21.227272727272727]]]}, "properties": {"confidence_score": 0.481, "site_id": "nagpur"}}, {"type": "Feature", "geometry": {"type": "Polygon", "coordinates": [[[79.19090909090909, 21.227272727272727], [79.19090909090909, 21.237373737373737], [79.17676767676767, 21.237373737373737], [79.17676767676767, 21.227272727272727], [79.19090909090909, 21.227272727272727]]]}, "properties": {"confidence_score": 0.5617, "site_id": "nagpur"}}, {"type": "Feature", "geometry": {"type": "Polygon", "coordinates": [[[79.20505050505051, 21.227272727272727], [79.20505050505051, 21.237373737373737], [79.19090909090909, 21.237373737373737], [79.19090909090909, 21.227272727272727], [79.20505050505051, 21.227272727272727]]]}, "properties": {"confidence_score": 0.6176, "site_id": "nagpur"}}, {"type": "Feature", "geometry": {"type": "Polygon", "coordinates": [[[79.21919191919193, 21.227272727272727], [79.21919191919193, 21.237373737373737], [79.20505050505051, 21.237373737373737], [79.20505050505051, 21.227272727272727], [79.21919191919193, 21.227272727272727]]]}, "properties": {"confidence_score": 0.6306, "site_id": "nagpur"}}, {"type": "Feature", "geometry": {"type": "Polygon", "coordinates": [[[79.23333333333333, 21.227272727272727], [79.23333333333333, 21.237373737373737], [79.21919191919191, 21.237373737373737], [79.21919191919191, 21.227272727272727], [79.23333333333333, 21.227272727272727]]]}, "properties": {"confidence_score": 0.6518, "site_id": "nagpur"}}, {"type": "Feature", "geometry": {"type": "Polygon", "coordinates": [[[79.24747474747475, 21.227272727272727], [79.24747474747475, 21.237373737373737], [79.23333333333333, 21.237373737373737], [79.23333333333333, 21.227272727272727], [79.24747474747475, 21.227272727272727]]]}, "properties": {"confidence_score": 0.7327, "site_id": "nagpur"}}, {"type": "Feature", "geometry": {"type": "Polygon", "coordinates": [[[79.26161616161616, 21.227272727272727], [79.26161616161616, 21.237373737373737], [79.24747474747474, 21.237373737373737], [79.24747474747474, 21.227272727272727], [79.26161616161616, 21.227272727272727]]]}, "properties": {"confidence_score": 0.8475, "site_id": "nagpur"}}, {"type": "Feature", "geometry": {"type": "Polygon", "coordinates": [[[79.27575757575758, 21.227272727272727], [79.27575757575758, 21.237373737373737], [79.26161616161616, 21.237373737373737], [79.26161616161616, 21.227272727272727], [79.27575757575758, 21.227272727272727]]]}, "properties": {"confidence_score": 0.7914, "site_id": "nagpur"}}, {"type": "Feature", "geometry": {"type": "Polygon", "coordinates": [[[79.289898989899, 21.227272727272727], [79.289898989899, 21.237373737373737], [79.27575757575758, 21.237373737373737], [79.27575757575758, 21.227272727272727], [79.289898989899, 21.227272727272727]]]}, "properties": {"confidence_score": 0.7209, "site_id": "nagpur"}}, {"type": "Feature", "geometry": {"type": "Polygon", "coordinates": [[[79.3040404040404, 21.227272727272727], [79.3040404040404, 21.237373737373737], [79.28989898989899, 21.237373737373737], [79.28989898989899, 21.227272727272727], [79.3040404040404, 21.227272727272727]]]}, "properties": {"confidence_score": 0.7271, "site_id": "nagpur"}}, {"type": "Feature", "geometry": {"type": "Polygon", "coordinates": [[[79.51616161616163, 21.227272727272727], [79.51616161616163, 21.237373737373737], [79.5020202020202, 21.237373737373737], [79.5020202020202, 21.227272727272727], [79.51616161616163, 21.227272727272727]]]}, "properties": {"confidence_score": 0.3769, "site_id": "bhandara"}}, {"type": "Feature", "geometry": {"type": "Polygon", "coordinates": [[[79.53030303030303, 21.227272727272727], [79.53030303030303, 21.237373737373737], [79.51616161616161, 21.237373737373737], [79.51616161616161, 21.227272727272727], [79.53030303030303, 21.227272727272727]]]}, "properties": {"confidence_score": 0.3655, "site_id": "bhandara"}}, {"type": "Feature", "geometry": {"type": "Polygon", "coordinates": [[[79.54444444444445, 21.227272727272727], [79.54444444444445, 21.237373737373737], [79.53030303030303, 21.237373737373737], [79.53030303030303, 21.227272727272727], [79.54444444444445, 21.227272727272727]]]}, "properties": {"confidence_score": 0.3157, "site_id": "bhandara"}}, {"type": "Feature", "geometry": {"type": "Polygon", "coordinates": [[[79.55858585858586, 21.227272727272727], [79.55858585858586, 21.237373737373737], [79.54444444444444, 21.237373737373737], [79.54444444444444, 21.227272727272727], [79.55858585858586, 21.227272727272727]]]}, "properties": {"confidence_score": 0.3787, "site_id": "bhandara"}}, {"type": "Feature", "geometry": {"type": "Polygon", "coordinates": [[[79.57272727272728, 21.227272727272727], [79.57272727272728, 21.237373737373737], [79.55858585858586, 21.237373737373737], [79.55858585858586, 21.227272727272727], [79.57272727272728, 21.227272727272727]]]}, "properties": {"confidence_score": 0.53, "site_id": "bhandara"}}, {"type": "Feature", "geometry": {"type": "Polygon", "coordinates": [[[79.5868686868687, 21.227272727272727], [79.5868686868687, 21.237373737373737], [79.57272727272728, 21.237373737373737], [79.57272727272728, 21.227272727272727], [79.5868686868687, 21.227272727272727]]]}, "properties": {"confidence_score": 0.6368, "site_id": "bhandara"}}, {"type": "Feature", "geometry": {"type": "Polygon", "coordinates": [[[79.6010101010101, 21.227272727272727], [79.6010101010101, 21.237373737373737], [79.58686868686868, 21.237373737373737], [79.58686868686868, 21.227272727272727], [79.6010101010101, 21.227272727272727]]]}, "properties": {"confidence_score": 0.7106, "site_id": "bhandara"}}, {"type": "Feature", "geometry": {"type": "Polygon", "coordinates": [[[79.61515151515152, 21.227272727272727], [79.61515151515152, 21.237373737373737], [79.6010101010101, 21.237373737373737], [79.6010101010101, 21.227272727272727], [79.61515151515152, 21.227272727272727]]]}, "properties": {"confidence_score": 0.6807, "site_id": "bhandara"}}, {"type": "Feature", "geometry": {"type": "Polygon", "coordinates": [[[79.62929292929293, 21.227272727272727], [79.62929292929293, 21.237373737373737], [79.61515151515151, 21.237373737373737], [79.61515151515151, 21.227272727272727], [79.62929292929293, 21.227272727272727]]]}, "properties": {"confidence_score": 0.5724, "site_id": "bhandara"}}, {"type": "Feature", "geometry": {"type": "Polygon", "coordinates": [[[79.64343434343435, 21.227272727272727], [79.64343434343435, 21.237373737373737], [79.62929292929293, 21.237373737373737], [79.62929292929293, 21.227272727272727], [79.64343434343435, 21.227272727272727]]]}, "properties": {"confidence_score": 0.5317, "site_id": "bhandara"}}, {"type": "Feature", "geometry": {"type": "Polygon", "coordinates": [[[79.65757575757576, 21.227272727272727], [79.65757575757576, 21.237373737373737], [79.64343434343434, 21.237373737373737], [79.64343434343434, 21.227272727272727], [79.65757575757576, 21.227272727272727]]]}, "properties": {"confidence_score": 0.5572, "site_id": "bhandara"}}, {"type": "Feature", "geometry": {"type": "Polygon", "coordinates": [[[79.67171717171718, 21.227272727272727], [79.67171717171718, 21.237373737373737], [79.65757575757576, 21.237373737373737], [79.65757575757576, 21.227272727272727], [79.67171717171718, 21.227272727272727]]]}, "properties": {"confidence_score": 0.5506, "site_id": "bhandara"}}, {"type": "Feature", "geometry": {"type": "Polygon", "coordinates": [[[79.6858585858586, 21.227272727272727], [79.6858585858586, 21.237373737373737], [79.67171717171718, 21.237373737373737], [79.67171717171718, 21.227272727272727], [79.6858585858586, 21.227272727272727]]]}, "properties": {"confidence_score": 0.5123, "site_id": "bhandara"}}, {"type": "Feature", "geometry": {"type": "Polygon", "coordinates": [[[79.7, 21.227272727272727], [79.7, 21.237373737373737], [79.68585858585858, 21.237373737373737], [79.68585858585858, 21.227272727272727], [79.7, 21.227272727272727]]]}, "properties": {"confidence_score": 0.4908, "site_id": "bhandara"}}, {"type": "Feature", "geometry": {"type": "Polygon", "coordinates": [[[79.71414141414142, 21.227272727272727], [79.71414141414142, 21.237373737373737], [79.7, 21.237373737373737], [79.7, 21.227272727272727], [79.71414141414142, 21.227272727272727]]]}, "properties": {"confidence_score": 0.4733, "site_id": "bhandara"}}, {"type": "Feature", "geometry": {"type": "Polygon", "coordinates": [[[79.72828282828283, 21.227272727272727], [79.72828282828283, 21.237373737373737], [79.71414141414141, 21.237373737373737], [79.71414141414141, 21.227272727272727], [79.72828282828283, 21.227272727272727]]]}, "properties": {"confidence_score": 0.5036, "site_id": "bhandara"}}, {"type": "Feature", "geometry": {"type": "Polygon", "coordinates": [[[79.74242424242425, 21.227272727272727], [79.74242424242425, 21.237373737373737], [79.72828282828283, 21.237373737373737], [79.72828282828283, 21.227272727272727], [79.74242424242425, 21.227272727272727]]]}, "properties": {"confidence_score": 0.5842, "site_id": "bhandara"}}, {"type": "Feature", "geometry": {"type": "Polygon", "coordinates": [[[79.75656565656567, 21.227272727272727], [79.75656565656567, 21.237373737373737], [79.74242424242425, 21.237373737373737], [79.74242424242425, 21.227272727272727], [79.75656565656567, 21.227272727272727]]]}, "properties": {"confidence_score": 0.5801, "site_id": "bhandara"}}, {"type": "Feature", "geometry": {"type": "Polygon", "coordinates": [[[79.77070707070708, 21.227272727272727], [79.77070707070708, 21.237373737373737], [79.75656565656566, 21.237373737373737], [79.75656565656566, 21.227272727272727], [79.77070707070708, 21.227272727272727]]]}, "properties": {"confidence_score": 0.485, "site_id": "bhandara"}}, {"type": "Feature", "geometry": {"type": "Polygon", "coordinates": [[[79.7848484848485, 21.227272727272727], [79.7848484848485, 21.237373737373737], [79.77070707070708, 21.237373737373737], [79.77070707070708, 21.227272727272727], [79.7848484848485, 21.227272727272727]]]}, "properties": {"confidence_score": 0.4127, "site_id": "bhandara"}}, {"type": "Feature", "geometry": {"type": "Polygon", "coordinates": [[[79.7989898989899, 21.227272727272727], [79.7989898989899, 21.237373737373737], [79.78484848484848, 21.237373737373737], [79.78484848484848, 21.227272727272727], [79.7989898989899, 21.227272727272727]]]}, "properties": {"confidence_score": 0.3601, "site_id": "bhandara"}}, {"type": "Feature", "geometry": {"type": "Polygon", "coordinates": [[[79.00707070707071, 21.237373737373737], [79.00707070707071, 21.247474747474747], [78.99292929292929, 21.247474747474747], [78.99292929292929, 21.237373737373737], [79.00707070707071, 21.237373737373737]]]}, "properties": {"confidence_score": 0.3804, "site_id": "nagpur"}}, {"type": "Feature", "geometry": {"type": "Polygon", "coordinates": [[[79.02121212121213, 21.237373737373737], [79.02121212121213, 21.247474747474747], [79.00707070707071, 21.247474747474747], [79.00707070707071, 21.237373737373737], [79.02121212121213, 21.237373737373737]]]}, "properties": {"confidence_score": 0.4125, "site_id": "nagpur"}}, {"type": "Feature", "geometry": {"type": "Polygon", "coordinates": [[[79.03535353535354, 21.237373737373737], [79.03535353535354, 21.247474747474747], [79.02121212121212, 21.247474747474747], [79.02121212121212, 21.237373737373737], [79.03535353535354, 21.237373737373737]]]}, "properties": {"confidence_score": 0.4805, "site_id": "nagpur"}}, {"type": "Feature", "geometry": {"type": "Polygon", "coordinates": [[[79.04949494949496, 21.237373737373737], [79.04949494949496, 21.247474747474747], [79.03535353535354, 21.247474747474747], [79.03535353535354, 21.237373737373737], [79.04949494949496, 21.237373737373737]]]}, "properties": {"confidence_score": 0.4264, "site_id": "nagpur"}}, {"type": "Feature", "geometry": {"type": "Polygon", "coordinates": [[[79.06363636363636, 21.237373737373737], [79.06363636363636, 21.247474747474747], [79.04949494949494, 21.247474747474747], [79.04949494949494, 21.237373737373737], [79.06363636363636, 21.237373737373737]]]}, "properties": {"confidence_score": 0.3951, "site_id": "nagpur"}}, {"type": "Feature", "geometry": {"type": "Polygon", "coordinates": [[[79.07777777777778, 21.237373737373737], [79.07777777777778, 21.247474747474747], [79.06363636363636, 21.247474747474747], [79.06363636363636, 21.237373737373737], [79.07777777777778, 21.237373737373737]]]}, "properties": {"confidence_score": 0.3362, "site_id": "nagpur"}}, {"type": "Feature", "geometry": {"type": "Polygon", "coordinates": [[[79.09191919191919, 21.237373737373737], [79.09191919191919, 21.247474747474747], [79.07777777777777, 21.247474747474747], [79.07777777777777, 21.237373737373737], [79.09191919191919, 21.237373737373737]]]}, "properties": {"confidence_score": 0.2477, "site_id": "nagpur"}}, {"type": "Feature", "geometry": {"type": "Polygon", "coordinates": [[[79.10606060606061, 21.237373737373737], [79.10606060606061, 21.247474747474747], [79.09191919191919, 21.247474747474747], [79.09191919191919, 21.237373737373737], [79.10606060606061, 21.237373737373737]]]}, "properties": {"confidence_score": 0.2642, "site_id": "nagpur"}}, {"type": "Feature", "geometry": {"type": "Polygon", "coordinates": [[[79.12020202020203, 21.237373737373737], [79.12020202020203, 21.247474747474747], [79.10606060606061, 21.247474747474747], [79.10606060606061, 21.237373737373737], [79.12020202020203, 21.237373737373737]]]}, "properties": {"confidence_score": 0.2526, "site_id": "nagpur"}}, {"type": "Feature", "geometry": {"type": "Polygon", "coordinates": [[[79.13434343434344, 21.237373737373737], [79.13434343434344, 21.247474747474747], [79.12020202020202, 21.247474747474747], [79.12020202020202, 21.237373737373737], [79.13434343434344, 21.237373737373737]]]}, "properties": {"confidence_score": 0.3132, "site_id": "nagpur"}}, {"type": "Feature", "geometry": {"type": "Polygon", "coordinates": [[[79.14848484848486, 21.237373737373737], [79.14848484848486, 21.247474747474747], [79.13434343434344, 21.247474747474747], [79.13434343434344, 21.237373737373737], [79.14848484848486, 21.237373737373737]]]}, "properties": {"confidence_score": 0.4382, "site_id": "nagpur"}}, {"type": "Feature", "geometry": {"type": "Polygon", "coordinates": [[[79.16262626262626, 21.237373737373737], [79.16262626262626, 21.247474747474747], [79.14848484848484, 21.247474747474747], [79.14848484848484, 21.237373737373737], [79.16262626262626, 21.237373737373737]]]}, "properties": {"confidence_score": 0.5265, "site_id": "nagpur"}}, {"type": "Feature", "geometry": {"type": "Polygon", "coordinates": [[[79.17676767676768, 21.237373737373737], [79.17676767676768, 21.247474747474747], [79.16262626262626, 21.247474747474747], [79.16262626262626, 21.237373737373737], [79.17676767676768, 21.237373737373737]]]}, "properties": {"confidence_score": 0.7273, "site_id": "nagpur"}}, {"type": "Feature", "geometry": {"type": "Polygon", "coordinates": [[[79.19090909090909, 21.237373737373737], [79.19090909090909, 21.247474747474747], [79.17676767676767, 21.247474747474747], [79.17676767676767, 21.237373737373737], [79.19090909090909, 21.237373737373737]]]}, "properties": {"confidence_score": 0.7062, "site_id": "nagpur"}}, {"type": "Feature", "geometry": {"type": "Polygon", "coordinates": [[[79.20505050505051, 21.237373737373737], [79.20505050505051, 21.247474747474747], [79.19090909090909, 21.247474747474747], [79.19090909090909, 21.237373737373737], [79.20505050505051, 21.237373737373737]]]}, "properties": {"confidence_score": 0.7345, "site_id": "nagpur"}}, {"type": "Feature", "geometry": {"type": "Polygon", "coordinates": [[[79.21919191919193, 21.237373737373737], [79.21919191919193, 21.247474747474747], [79.20505050505051, 21.247474747474747], [79.20505050505051, 21.237373737373737], [79.21919191919193, 21.237373737373737]]]}, "properties": {"confidence_score": 0.6843, "site_id": "nagpur"}}, {"type": "Feature", "geometry": {"type": "Polygon", "coordinates": [[[79.23333333333333, 21.237373737373737], [79.23333333333333, 21.247474747474747], [79.21919191919191, 21.247474747474747], [79.21919191919191, 21.237373737373737], [79.23333333333333, 21.237373737373737]]]}, "properties": {"confidence_score": 0.655, "site_id": "nagpur"}}, {"type": "Feature", "geometry": {"type": "Polygon", "coordinates": [[[79.24747474747475, 21.237373737373737], [79.24747474747475, 21.247474747474747], [79.23333333333333, 21.247474747474747], [79.23333333333333, 21.237373737373737], [79.24747474747475, 21.237373737373737]]]}, "properties": {"confidence_score": 0.7388, "site_id": "nagpur"}}, {"type": "Feature", "geometry": {"type": "Polygon", "coordinates": [[[79.26161616161616, 21.237373737373737], [79.26161616161616, 21.247474747474747], [79.24747474747474, 21.247474747474747], [79.24747474747474, 21.237373737373737], [79.26161616161616, 21.237373737373737]]]}, "properties": {"confidence_score": 0.8554, "site_id": "nagpur"}}, {"type": "Feature", "geometry": {"type": "Polygon", "coordinates": [[[79.27575757575758, 21.237373737373737], [79.27575757575758, 21.247474747474747], [79.26161616161616, 21.247474747474747], [79.26161616161616, 21.237373737373737], [79.27575757575758, 21.237373737373737]]]}, "properties": {"confidence_score": 0.7801, "site_id": "nagpur"}}, {"type": "Feature", "geometry": {"type": "Polygon", "coordinates": [[[79.289898989899, 21.237373737373737], [79.289898989899, 21.247474747474747], [79.27575757575758, 21.247474747474747], [79.27575757575758, 21.237373737373737], [79.289898989899, 21.237373737373737]]]}, "properties": {"confidence_score": 0.6972, "site_id": "nagpur"}}, {"type": "Feature", "geometry": {"type": "Polygon", "coordinates": [[[79.3040404040404, 21.237373737373737], [79.3040404040404, 21.247474747474747], [79.28989898989899, 21.247474747474747], [79.28989898989899, 21.237373737373737], [79.3040404040404, 21.237373737373737]]]}, "properties": {"confidence_score": 0.7435, "site_id": "nagpur"}}, {"type": "Feature", "geometry": {"type": "Polygon", "coordinates": [[[79.51616161616163, 21.237373737373737], [79.51616161616163, 21.247474747474747], [79.5020202020202, 21.247474747474747], [79.5020202020202, 21.237373737373737], [79.51616161616163, 21.237373737373737]]]}, "properties": {"confidence_score": 0.368, "site_id": "bhandara"}}, {"type": "Feature", "geometry": {"type": "Polygon", "coordinates": [[[79.53030303030303, 21.237373737373737], [79.53030303030303, 21.247474747474747], [79.51616161616161, 21.247474747474747], [79.51616161616161, 21.237373737373737], [79.53030303030303, 21.237373737373737]]]}, "properties": {"confidence_score": 0.3692, "site_id": "bhandara"}}, {"type": "Feature", "geometry": {"type": "Polygon", "coordinates": [[[79.54444444444445, 21.237373737373737], [79.54444444444445, 21.247474747474747], [79.53030303030303, 21.247474747474747], [79.53030303030303, 21.237373737373737], [79.54444444444445, 21.237373737373737]]]}, "properties": {"confidence_score": 0.3317, "site_id": "bhandara"}}, {"type": "Feature", "geometry": {"type": "Polygon", "coordinates": [[[79.55858585858586, 21.237373737373737], [79.55858585858586, 21.247474747474747], [79.54444444444444, 21.247474747474747], [79.54444444444444, 21.237373737373737], [79.55858585858586, 21.237373737373737]]]}, "properties": {"confidence_score": 0.3505, "site_id": "bhandara"}}, {"type": "Feature", "geometry": {"type": "Polygon", "coordinates": [[[79.57272727272728, 21.237373737373737], [79.57272727272728, 21.247474747474747], [79.55858585858586, 21.247474747474747], [79.55858585858586, 21.237373737373737], [79.57272727272728, 21.237373737373737]]]}, "properties": {"confidence_score": 0.3965, "site_id": "bhandara"}}, {"type": "Feature", "geometry": {"type": "Polygon", "coordinates": [[[79.5868686868687, 21.237373737373737], [79.5868686868687, 21.247474747474747], [79.57272727272728, 21.247474747474747], [79.57272727272728, 21.237373737373737], [79.5868686868687, 21.237373737373737]]]}, "properties": {"confidence_score": 0.5236, "site_id": "bhandara"}}, {"type": "Feature", "geometry": {"type": "Polygon", "coordinates": [[[79.6010101010101, 21.237373737373737], [79.6010101010101, 21.247474747474747], [79.58686868686868, 21.247474747474747], [79.58686868686868, 21.237373737373737], [79.6010101010101, 21.237373737373737]]]}, "properties": {"confidence_score": 0.7007, "site_id": "bhandara"}}, {"type": "Feature", "geometry": {"type": "Polygon", "coordinates": [[[79.61515151515152, 21.237373737373737], [79.61515151515152, 21.247474747474747], [79.6010101010101, 21.247474747474747], [79.6010101010101, 21.237373737373737], [79.61515151515152, 21.237373737373737]]]}, "properties": {"confidence_score": 0.7172, "site_id": "bhandara"}}, {"type": "Feature", "geometry": {"type": "Polygon", "coordinates": [[[79.62929292929293, 21.237373737373737], [79.62929292929293, 21.247474747474747], [79.61515151515151, 21.247474747474747], [79.61515151515151, 21.237373737373737], [79.62929292929293, 21.237373737373737]]]}, "properties": {"confidence_score": 0.6414, "site_id": "bhandara"}}, {"type": "Feature", "geometry": {"type": "Polygon", "coordinates": [[[79.64343434343435, 21.237373737373737], [79.64343434343435, 21.247474747474747], [79.62929292929293, 21.247474747474747], [79.62929292929293, 21.237373737373737], [79.64343434343435, 21.237373737373737]]]}, "properties": {"confidence_score": 0.5943, "site_id": "bhandara"}}, {"type": "Feature", "geometry": {"type": "Polygon", "coordinates": [[[79.65757575757576, 21.237373737373737], [79.65757575757576, 21.247474747474747], [79.64343434343434, 21.247474747474747], [79.64343434343434, 21.237373737373737], [79.65757575757576, 21.237373737373737]]]}, "properties": {"confidence_score": 0.5715, "site_id": "bhandara"}}, {"type": "Feature", "geometry": {"type": "Polygon", "coordinates": [[[79.67171717171718, 21.237373737373737], [79.67171717171718, 21.247474747474747], [79.65757575757576, 21.247474747474747], [79.65757575757576, 21.237373737373737], [79.67171717171718, 21.237373737373737]]]}, "properties": {"confidence_score": 0.5877, "site_id": "bhandara"}}, {"type": "Feature", "geometry": {"type": "Polygon", "coordinates": [[[79.6858585858586, 21.237373737373737], [79.6858585858586, 21.247474747474747], [79.67171717171718, 21.247474747474747], [79.67171717171718, 21.237373737373737], [79.6858585858586, 21.237373737373737]]]}, "properties": {"confidence_score": 0.6694, "site_id": "bhandara"}}, {"type": "Feature", "geometry": {"type": "Polygon", "coordinates": [[[79.7, 21.237373737373737], [79.7, 21.247474747474747], [79.68585858585858, 21.247474747474747], [79.68585858585858, 21.237373737373737], [79.7, 21.237373737373737]]]}, "properties": {"confidence_score": 0.6703, "site_id": "bhandara"}}, {"type": "Feature", "geometry": {"type": "Polygon", "coordinates": [[[79.71414141414142, 21.237373737373737], [79.71414141414142, 21.247474747474747], [79.7, 21.247474747474747], [79.7, 21.237373737373737], [79.71414141414142, 21.237373737373737]]]}, "properties": {"confidence_score": 0.6186, "site_id": "bhandara"}}, {"type": "Feature", "geometry": {"type": "Polygon", "coordinates": [[[79.72828282828283, 21.237373737373737], [79.72828282828283, 21.247474747474747], [79.71414141414141, 21.247474747474747], [79.71414141414141, 21.237373737373737], [79.72828282828283, 21.237373737373737]]]}, "properties": {"confidence_score": 0.629, "site_id": "bhandara"}}, {"type": "Feature", "geometry": {"type": "Polygon", "coordinates": [[[79.74242424242425, 21.237373737373737], [79.74242424242425, 21.247474747474747], [79.72828282828283, 21.247474747474747], [79.72828282828283, 21.237373737373737], [79.74242424242425, 21.237373737373737]]]}, "properties": {"confidence_score": 0.6689, "site_id": "bhandara"}}, {"type": "Feature", "geometry": {"type": "Polygon", "coordinates": [[[79.75656565656567, 21.237373737373737], [79.75656565656567, 21.247474747474747], [79.74242424242425, 21.247474747474747], [79.74242424242425, 21.237373737373737], [79.75656565656567, 21.237373737373737]]]}, "properties": {"confidence_score": 0.6722, "site_id": "bhandara"}}, {"type": "Feature", "geometry": {"type": "Polygon", "coordinates": [[[79.77070707070708, 21.237373737373737], [79.77070707070708, 21.247474747474747], [79.75656565656566, 21.247474747474747], [79.75656565656566, 21.237373737373737], [79.77070707070708, 21.237373737373737]]]}, "properties": {"confidence_score": 0.6277, "site_id": "bhandara"}}, {"type": "Feature", "geometry": {"type": "Polygon", "coordinates": [[[79.7848484848485, 21.237373737373737], [79.7848484848485, 21.247474747474747], [79.77070707070708, 21.247474747474747], [79.77070707070708, 21.237373737373737], [79.7848484848485, 21.237373737373737]]]}, "properties": {"confidence_score": 0.5738, "site_id": "bhandara"}}, {"type": "Feature", "geometry": {"type": "Polygon", "coordinates": [[[79.7989898989899, 21.237373737373737], [79.7989898989899, 21.247474747474747], [79.78484848484848, 21.247474747474747], [79.78484848484848, 21.237373737373737], [79.7989898989899, 21.237373737373737]]]}, "properties": {"confidence_score": 0.4869, "site_id": "bhandara"}}, {"type": "Feature", "geometry": {"type": "Polygon", "coordinates": [[[79.00707070707071, 21.247474747474747], [79.00707070707071, 21.257575757575758], [78.99292929292929, 21.257575757575758], [78.99292929292929, 21.247474747474747], [79.00707070707071, 21.247474747474747]]]}, "properties": {"confidence_score": 0.3835, "site_id": "nagpur"}}, {"type": "Feature", "geometry": {"type": "Polygon", "coordinates": [[[79.02121212121213, 21.247474747474747], [79.02121212121213, 21.257575757575758], [79.00707070707071, 21.257575757575758], [79.00707070707071, 21.247474747474747], [79.02121212121213, 21.247474747474747]]]}, "properties": {"confidence_score": 0.3881, "site_id": "nagpur"}}, {"type": "Feature", "geometry": {"type": "Polygon", "coordinates": [[[79.03535353535354, 21.247474747474747], [79.03535353535354, 21.257575757575758], [79.02121212121212, 21.257575757575758], [79.02121212121212, 21.247474747474747], [79.03535353535354, 21.247474747474747]]]}, "properties": {"confidence_score": 0.4075, "site_id": "nagpur"}}, {"type": "Feature", "geometry": {"type": "Polygon", "coordinates": [[[79.04949494949496, 21.247474747474747], [79.04949494949496, 21.257575757575758], [79.03535353535354, 21.257575757575758], [79.03535353535354, 21.247474747474747], [79.04949494949496, 21.247474747474747]]]}, "properties": {"confidence_score": 0.4037, "site_id": "nagpur"}}, {"type": "Feature", "geometry": {"type": "Polygon", "coordinates": [[[79.06363636363636, 21.247474747474747], [79.06363636363636, 21.257575757575758], [79.04949494949494, 21.257575757575758], [79.04949494949494, 21.247474747474747], [79.06363636363636, 21.247474747474747]]]}, "properties": {"confidence_score": 0.4087, "site_id": "nagpur"}}, {"type": "Feature", "geometry": {"type": "Polygon", "coordinates": [[[79.07777777777778, 21.247474747474747], [79.07777777777778, 21.257575757575758], [79.06363636363636, 21.257575757575758], [79.06363636363636, 21.247474747474747], [79.07777777777778, 21.247474747474747]]]}, "properties": {"confidence_score": 0.3648, "site_id": "nagpur"}}, {"type": "Feature", "geometry": {"type": "Polygon", "coordinates": [[[79.09191919191919, 21.247474747474747], [79.09191919191919, 21.257575757575758], [79.07777777777777, 21.257575757575758], [79.07777777777777, 21.247474747474747], [79.09191919191919, 21.247474747474747]]]}, "properties": {"confidence_score": 0.3011, "site_id": "nagpur"}}, {"type": "Feature", "geometry": {"type": "Polygon", "coordinates": [[[79.10606060606061, 21.247474747474747], [79.10606060606061, 21.257575757575758], [79.09191919191919, 21.257575757575758], [79.09191919191919, 21.247474747474747], [79.10606060606061, 21.247474747474747]]]}, "properties": {"confidence_score": 0.267, "site_id": "nagpur"}}, {"type": "Feature", "geometry": {"type": "Polygon", "coordinates": [[[79.12020202020203, 21.247474747474747], [79.12020202020203, 21.257575757575758], [79.10606060606061, 21.257575757575758], [79.10606060606061, 21.247474747474747], [79.12020202020203, 21.247474747474747]]]}, "properties": {"confidence_score": 0.236, "site_id": "nagpur"}}, {"type": "Feature", "geometry": {"type": "Polygon", "coordinates": [[[79.13434343434344, 21.247474747474747], [79.13434343434344, 21.257575757575758], [79.12020202020202, 21.257575757575758], [79.12020202020202, 21.247474747474747], [79.13434343434344, 21.247474747474747]]]}, "properties": {"confidence_score": 0.2886, "site_id": "nagpur"}}, {"type": "Feature", "geometry": {"type": "Polygon", "coordinates": [[[79.14848484848486, 21.247474747474747], [79.14848484848486, 21.257575757575758], [79.13434343434344, 21.257575757575758], [79.13434343434344, 21.247474747474747], [79.14848484848486, 21.247474747474747]]]}, "properties": {"confidence_score": 0.408, "site_id": "nagpur"}}, {"type": "Feature", "geometry": {"type": "Polygon", "coordinates": [[[79.16262626262626, 21.247474747474747], [79.16262626262626, 21.257575757575758], [79.14848484848484, 21.257575757575758], [79.14848484848484, 21.247474747474747], [79.16262626262626, 21.247474747474747]]]}, "properties": {"confidence_score": 0.5641, "site_id": "nagpur"}}, {"type": "Feature", "geometry": {"type": "Polygon", "coordinates": [[[79.17676767676768, 21.247474747474747], [79.17676767676768, 21.257575757575758], [79.16262626262626, 21.257575757575758], [79.16262626262626, 21.247474747474747], [79.17676767676768, 21.247474747474747]]]}, "properties": {"confidence_score": 0.7617, "site_id": "nagpur"}}, {"type": "Feature", "geometry": {"type": "Polygon", "coordinates": [[[79.19090909090909, 21.247474747474747], [79.19090909090909, 21.257575757575758], [79.17676767676767, 21.257575757575758], [79.17676767676767, 21.247474747474747], [79.19090909090909, 21.247474747474747]]]}, "properties": {"confidence_score": 0.7571, "site_id": "nagpur"}}, {"type": "Feature", "geometry": {"type": "Polygon", "coordinates": [[[79.20505050505051, 21.247474747474747], [79.20505050505051, 21.257575757575758], [79.19090909090909, 21.257575757575758], [79.19090909090909, 21.247474747474747], [79.20505050505051, 21.247474747474747]]]}, "properties": {"confidence_score": 0.7328, "site_id": "nagpur"}}, {"type": "Feature", "geometry": {"type": "Polygon", "coordinates": [[[79.21919191919193, 21.247474747474747], [79.21919191919193, 21.257575757575758], [79.20505050505051, 21.257575757575758], [79.20505050505051, 21.247474747474747], [79.21919191919193, 21.247474747474747]]]}, "properties": {"confidence_score": 0.7154, "site_id": "nagpur"}}, {"type": "Feature", "geometry": {"type": "Polygon", "coordinates": [[[79.23333333333333, 21.247474747474747], [79.23333333333333, 21.257575757575758], [79.21919191919191, 21.257575757575758], [79.21919191919191, 21.247474747474747], [79.23333333333333, 21.247474747474747]]]}, "properties": {"confidence_score": 0.7241, "site_id": "nagpur"}}, {"type": "Feature", "geometry": {"type": "Polygon", "coordinates": [[[79.24747474747475, 21.247474747474747], [79.24747474747475, 21.257575757575758], [79.23333333333333, 21.257575757575758], [79.23333333333333, 21.247474747474747], [79.24747474747475, 21.247474747474747]]]}, "properties": {"confidence_score": 0.7531, "site_id": "nagpur"}}, {"type": "Feature", "geometry": {"type": "Polygon", "coordinates": [[[79.26161616161616, 21.247474747474747], [79.26161616161616, 21.257575757575758], [79.24747474747474, 21.257575757575758], [79.24747474747474, 21.247474747474747], [79.26161616161616, 21.247474747474747]]]}, "properties": {"confidence_score": 0.7839, "site_id": "nagpur"}}, {"type": "Feature", "geometry": {"type": "Polygon", "coordinates": [[[79.27575757575758, 21.247474747474747], [79.27575757575758, 21.257575757575758], [79.26161616161616, 21.257575757575758], [79.26161616161616, 21.247474747474747], [79.27575757575758, 21.247474747474747]]]}, "properties": {"confidence_score": 0.7368, "site_id": "nagpur"}}, {"type": "Feature", "geometry": {"type": "Polygon", "coordinates": [[[79.289898989899, 21.247474747474747], [79.289898989899, 21.257575757575758], [79.27575757575758, 21.257575757575758], [79.27575757575758, 21.247474747474747], [79.289898989899, 21.247474747474747]]]}, "properties": {"confidence_score": 0.6972, "site_id": "nagpur"}}, {"type": "Feature", "geometry": {"type": "Polygon", "coordinates": [[[79.3040404040404, 21.247474747474747], [79.3040404040404, 21.257575757575758], [79.28989898989899, 21.257575757575758], [79.28989898989899, 21.247474747474747], [79.3040404040404, 21.247474747474747]]]}, "properties": {"confidence_score": 0.763, "site_id": "nagpur"}}, {"type": "Feature", "geometry": {"type": "Polygon", "coordinates": [[[79.51616161616163, 21.247474747474747], [79.51616161616163, 21.257575757575758], [79.5020202020202, 21.257575757575758], [79.5020202020202, 21.247474747474747], [79.51616161616163, 21.247474747474747]]]}, "properties": {"confidence_score": 0.3543, "site_id": "bhandara"}}, {"type": "Feature", "geometry": {"type": "Polygon", "coordinates": [[[79.53030303030303, 21.247474747474747], [79.53030303030303, 21.257575757575758], [79.51616161616161, 21.257575757575758], [79.51616161616161, 21.247474747474747], [79.53030303030303, 21.247474747474747]]]}, "properties": {"confidence_score": 0.3716, "site_id": "bhandara"}}, {"type": "Feature", "geometry": {"type": "Polygon", "coordinates": [[[79.54444444444445, 21.247474747474747], [79.54444444444445, 21.257575757575758], [79.53030303030303, 21.257575757575758], [79.53030303030303, 21.247474747474747], [79.54444444444445, 21.247474747474747]]]}, "properties": {"confidence_score": 0.3501, "site_id": "bhandara"}}, {"type": "Feature", "geometry": {"type": "Polygon", "coordinates": [[[79.55858585858586, 21.247474747474747], [79.55858585858586, 21.257575757575758], [79.54444444444444, 21.257575757575758], [79.54444444444444, 21.247474747474747], [79.55858585858586, 21.247474747474747]]]}, "properties": {"confidence_score": 0.3435, "site_id": "bhandara"}}, {"type": "Feature", "geometry": {"type": "Polygon", "coordinates": [[[79.57272727272728, 21.247474747474747], [79.57272727272728, 21.257575757575758], [79.55858585858586, 21.257575757575758], [79.55858585858586, 21.247474747474747], [79.57272727272728, 21.247474747474747]]]}, "properties": {"confidence_score": 0.3495, "site_id": "bhandara"}}, {"type": "Feature", "geometry": {"type": "Polygon", "coordinates": [[[79.5868686868687, 21.247474747474747], [79.5868686868687, 21.257575757575758], [79.57272727272728, 21.257575757575758], [79.57272727272728, 21.247474747474747], [79.5868686868687, 21.247474747474747]]]}, "properties": {"confidence_score": 0.4648, "site_id": "bhandara"}}, {"type": "Feature", "geometry": {"type": "Polygon", "coordinates": [[[79.6010101010101, 21.247474747474747], [79.6010101010101, 21.257575757575758], [79.58686868686868, 21.257575757575758], [79.58686868686868, 21.247474747474747], [79.6010101010101, 21.247474747474747]]]}, "properties": {"confidence_score": 0.6518, "site_id": "bhandara"}}, {"type": "Feature", "geometry": {"type": "Polygon", "coordinates": [[[79.61515151515152, 21.247474747474747], [79.61515151515152, 21.257575757575758], [79.6010101010101, 21.257575757575758], [79.6010101010101, 21.247474747474747], [79.61515151515152, 21.247474747474747]]]}, "properties": {"confidence_score": 0.7086, "site_id": "bhandara"}}, {"type": "Feature", "geometry": {"type": "Polygon", "coordinates": [[[79.62929292929293, 21.247474747474747], [79.62929292929293, 21.257575757575758], [79.61515151515151, 21.257575757575758], [79.61515151515151, 21.247474747474747], [79.62929292929293, 21.247474747474747]]]}, "properties": {"confidence_score": 0.6789, "site_id": "bhandara"}}, {"type": "Feature", "geometry": {"type": "Polygon", "coordinates": [[[79.64343434343435, 21.247474747474747], [79.64343434343435, 21.257575757575758], [79.62929292929293, 21.257575757575758], [79.62929292929293, 21.247474747474747], [79.64343434343435, 21.247474747474747]]]}, "properties": {"confidence_score": 0.6387, "site_id": "bhandara"}}, {"type": "Feature", "geometry": {"type": "Polygon", "coordinates": [[[79.65757575757576, 21.247474747474747], [79.65757575757576, 21.257575757575758], [79.64343434343434, 21.257575757575758], [79.64343434343434, 21.247474747474747], [79.65757575757576, 21.247474747474747]]]}, "properties": {"confidence_score": 0.6013, "site_id": "bhandara"}}, {"type": "Feature", "geometry": {"type": "Polygon", "coordinates": [[[79.67171717171718, 21.247474747474747], [79.67171717171718, 21.257575757575758], [79.65757575757576, 21.257575757575758], [79.65757575757576, 21.247474747474747], [79.67171717171718, 21.247474747474747]]]}, "properties": {"confidence_score": 0.6154, "site_id": "bhandara"}}, {"type": "Feature", "geometry": {"type": "Polygon", "coordinates": [[[79.6858585858586, 21.247474747474747], [79.6858585858586, 21.257575757575758], [79.67171717171718, 21.257575757575758], [79.67171717171718, 21.247474747474747], [79.6858585858586, 21.247474747474747]]]}, "properties": {"confidence_score": 0.6895, "site_id": "bhandara"}}, {"type": "Feature", "geometry": {"type": "Polygon", "coordinates": [[[79.7, 21.247474747474747], [79.7, 21.257575757575758], [79.68585858585858, 21.257575757575758], [79.68585858585858, 21.247474747474747], [79.7, 21.247474747474747]]]}, "properties": {"confidence_score": 0.708, "site_id": "bhandara"}}, {"type": "Feature", "geometry": {"type": "Polygon", "coordinates": [[[79.71414141414142, 21.247474747474747], [79.71414141414142, 21.257575757575758], [79.7, 21.257575757575758], [79.7, 21.247474747474747], [79.71414141414142, 21.247474747474747]]]}, "properties": {"confidence_score": 0.6878, "site_id": "bhandara"}}, {"type": "Feature", "geometry": {"type": "Polygon", "coordinates": [[[79.72828282828283, 21.247474747474747], [79.72828282828283, 21.257575757575758], [79.71414141414141, 21.257575757575758], [79.71414141414141, 21.247474747474747], [79.72828282828283, 21.247474747474747]]]}, "properties": {"confidence_score": 0.6931, "site_id": "bhandara"}}, {"type": "Feature", "geometry": {"type": "Polygon", "coordinates": [[[79.74242424242425, 21.247474747474747], [79.74242424242425, 21.257575757575758], [79.72828282828283, 21.257575757575758], [79.72828282828283, 21.247474747474747], [79.74242424242425, 21.247474747474747]]]}, "properties": {"confidence_score": 0.7078, "site_id": "bhandara"}}, {"type": "Feature", "geometry": {"type": "Polygon", "coordinates": [[[79.75656565656567, 21.247474747474747], [79.75656565656567, 21.257575757575758], [79.74242424242425, 21.257575757575758], [79.74242424242425, 21.247474747474747], [79.75656565656567, 21.247474747474747]]]}, "properties": {"confidence_score": 0.7123, "site_id": "bhandara"}}, {"type": "Feature", "geometry": {"type": "Polygon", "coordinates": [[[79.77070707070708, 21.247474747474747], [79.77070707070708, 21.257575757575758], [79.75656565656566, 21.257575757575758], [79.75656565656566, 21.247474747474747], [79.77070707070708, 21.247474747474747]]]}, "properties": {"confidence_score": 0.6972, "site_id": "bhandara"}}, {"type": "Feature", "geometry": {"type": "Polygon", "coordinates": [[[79.7848484848485, 21.247474747474747], [79.7848484848485, 21.257575757575758], [79.77070707070708, 21.257575757575758], [79.77070707070708, 21.247474747474747], [79.7848484848485, 21.247474747474747]]]}, "properties": {"confidence_score": 0.661, "site_id": "bhandara"}}, {"type": "Feature", "geometry": {"type": "Polygon", "coordinates": [[[79.7989898989899, 21.247474747474747], [79.7989898989899, 21.257575757575758], [79.78484848484848, 21.257575757575758], [79.78484848484848, 21.247474747474747], [79.7989898989899, 21.247474747474747]]]}, "properties": {"confidence_score": 0.5828, "site_id": "bhandara"}}, {"type": "Feature", "geometry": {"type": "Polygon", "coordinates": [[[79.00707070707071, 21.257575757575758], [79.00707070707071, 21.267676767676768], [78.99292929292929, 21.267676767676768], [78.99292929292929, 21.257575757575758], [79.00707070707071, 21.257575757575758]]]}, "properties": {"confidence_score": 0.3899, "site_id": "nagpur"}}, {"type": "Feature", "geometry": {"type": "Polygon", "coordinates": [[[79.02121212121213, 21.257575757575758], [79.02121212121213, 21.267676767676768], [79.00707070707071, 21.267676767676768], [79.00707070707071, 21.257575757575758], [79.02121212121213, 21.257575757575758]]]}, "properties": {"confidence_score": 0.3438, "site_id": "nagpur"}}, {"type": "Feature", "geometry": {"type": "Polygon", "coordinates": [[[79.03535353535354, 21.257575757575758], [79.03535353535354, 21.267676767676768], [79.02121212121212, 21.267676767676768], [79.02121212121212, 21.257575757575758], [79.03535353535354, 21.257575757575758]]]}, "properties": {"confidence_score": 0.2813, "site_id": "nagpur"}}, {"type": "Feature", "geometry": {"type": "Polygon", "coordinates": [[[79.04949494949496, 21.257575757575758], [79.04949494949496, 21.267676767676768], [79.03535353535354, 21.267676767676768], [79.03535353535354, 21.257575757575758], [79.04949494949496, 21.257575757575758]]]}, "properties": {"confidence_score": 0.3466, "site_id": "nagpur"}}, {"type": "Feature", "geometry": {"type": "Polygon", "coordinates": [[[79.06363636363636, 21.257575757575758], [79.06363636363636, 21.267676767676768], [79.04949494949494, 21.267676767676768], [79.04949494949494, 21.257575757575758], [79.06363636363636, 21.257575757575758]]]}, "properties": {"confidence_score": 0.4316, "site_id": "nagpur"}}, {"type": "Feature", "geometry": {"type": "Polygon", "coordinates": [[[79.07777777777778, 21.257575757575758], [79.07777777777778, 21.267676767676768], [79.06363636363636, 21.267676767676768], [79.06363636363636, 21.257575757575758], [79.07777777777778, 21.257575757575758]]]}, "properties": {"confidence_score": 0.3921, "site_id": "nagpur"}}, {"type": "Feature", "geometry": {"type": "Polygon", "coordinates": [[[79.09191919191919, 21.257575757575758], [79.09191919191919, 21.267676767676768], [79.07777777777777, 21.267676767676768], [79.07777777777777, 21.257575757575758], [79.09191919191919, 21.257575757575758]]]}, "properties": {"confidence_score": 0.3842, "site_id": "nagpur"}}, {"type": "Feature", "geometry": {"type": "Polygon", "coordinates": [[[79.10606060606061, 21.257575757575758], [79.10606060606061, 21.267676767676768], [79.09191919191919, 21.267676767676768], [79.09191919191919, 21.257575757575758], [79.10606060606061, 21.257575757575758]]]}, "properties": {"confidence_score": 0.294, "site_id": "nagpur"}}, {"type": "Feature", "geometry": {"type": "Polygon", "coordinates": [[[79.12020202020203, 21.257575757575758], [79.12020202020203, 21.267676767676768], [79.10606060606061, 21.267676767676768], [79.10606060606061, 21.257575757575758], [79.12020202020203, 21.257575757575758]]]}, "properties": {"confidence_score": 0.2162, "site_id": "nagpur"}}, {"type": "Feature", "geometry": {"type": "Polygon", "coordinates": [[[79.13434343434344, 21.257575757575758], [79.13434343434344, 21.267676767676768], [79.12020202020202, 21.267676767676768], [79.12020202020202, 21.257575757575758], [79.13434343434344, 21.257575757575758]]]}, "properties": {"confidence_score": 0.2444, "site_id": "nagpur"}}, {"type": "Feature", "geometry": {"type": "Polygon", "coordinates": [[[79.14848484848486, 21.257575757575758], [79.14848484848486, 21.267676767676768], [79.13434343434344, 21.267676767676768], [79.13434343434344, 21.257575757575758], [79.14848484848486, 21.257575757575758]]]}, "properties": {"confidence_score": 0.2924, "site_id": "nagpur"}}, {"type": "Feature", "geometry": {"type": "Polygon", "coordinates": [[[79.16262626262626, 21.257575757575758], [79.16262626262626, 21.267676767676768], [79.14848484848484, 21.267676767676768], [79.14848484848484, 21.257575757575758], [79.16262626262626, 21.257575757575758]]]}, "properties": {"confidence_score": 0.5179, "site_id": "nagpur"}}, {"type": "Feature", "geometry": {"type": "Polygon", "coordinates": [[[79.17676767676768, 21.257575757575758], [79.17676767676768, 21.267676767676768], [79.16262626262626, 21.267676767676768], [79.16262626262626, 21.257575757575758], [79.17676767676768, 21.257575757575758]]]}, "properties": {"confidence_score": 0.7694, "site_id": "nagpur"}}, {"type": "Feature", "geometry": {"type": "Polygon", "coordinates": [[[79.19090909090909, 21.257575757575758], [79.19090909090909, 21.267676767676768], [79.17676767676767, 21.267676767676768], [79.17676767676767, 21.257575757575758], [79.19090909090909, 21.257575757575758]]]}, "properties": {"confidence_score": 0.7386, "site_id": "nagpur"}}, {"type": "Feature", "geometry": {"type": "Polygon", "coordinates": [[[79.20505050505051, 21.257575757575758], [79.20505050505051, 21.267676767676768], [79.19090909090909, 21.267676767676768], [79.19090909090909, 21.257575757575758], [79.20505050505051, 21.257575757575758]]]}, "properties": {"confidence_score": 0.6765, "site_id": "nagpur"}}, {"type": "Feature", "geometry": {"type": "Polygon", "coordinates": [[[79.21919191919193, 21.257575757575758], [79.21919191919193, 21.267676767676768], [79.20505050505051, 21.267676767676768], [79.20505050505051, 21.257575757575758], [79.21919191919193, 21.257575757575758]]]}, "properties": {"confidence_score": 0.7294, "site_id": "nagpur"}}, {"type": "Feature", "geometry": {"type": "Polygon", "coordinates": [[[79.23333333333333, 21.257575757575758], [79.23333333333333, 21.267676767676768], [79.21919191919191, 21.267676767676768], [79.21919191919191, 21.257575757575758], [79.23333333333333, 21.257575757575758]]]}, "properties": {"confidence_score": 0.8344, "site_id": "nagpur"}}, {"type": "Feature", "geometry": {"type": "Polygon", "coordinates": [[[79.24747474747475, 21.257575757575758], [79.24747474747475, 21.267676767676768], [79.23333333333333, 21.267676767676768], [79.23333333333333, 21.257575757575758], [79.24747474747475, 21.257575757575758]]]}, "properties": {"confidence_score": 0.7783, "site_id": "nagpur"}}, {"type": "Feature", "geometry": {"type": "Polygon", "coordinates": [[[79.26161616161616, 21.257575757575758], [79.26161616161616, 21.267676767676768], [79.24747474747474, 21.267676767676768], [79.24747474747474, 21.257575757575758], [79.26161616161616, 21.257575757575758]]]}, "properties": {"confidence_score": 0.7054, "site_id": "nagpur"}}, {"type": "Feature", "geometry": {"type": "Polygon", "coordinates": [[[79.27575757575758, 21.257575757575758], [79.27575757575758, 21.267676767676768], [79.26161616161616, 21.267676767676768], [79.26161616161616, 21.257575757575758], [79.27575757575758, 21.257575757575758]]]}, "properties": {"confidence_score": 0.6904, "site_id": "nagpur"}}, {"type": "Feature", "geometry": {"type": "Polygon", "coordinates": [[[79.289898989899, 21.257575757575758], [79.289898989899, 21.267676767676768], [79.27575757575758, 21.267676767676768], [79.27575757575758, 21.257575757575758], [79.289898989899, 21.257575757575758]]]}, "properties": {"confidence_score": 0.6957, "site_id": "nagpur"}}, {"type": "Feature", "geometry": {"type": "Polygon", "coordinates": [[[79.3040404040404, 21.257575757575758], [79.3040404040404, 21.267676767676768], [79.28989898989899, 21.267676767676768], [79.28989898989899, 21.257575757575758], [79.3040404040404, 21.257575757575758]]]}, "properties": {"confidence_score": 0.7714, "site_id": "nagpur"}}, {"type": "Feature", "geometry": {"type": "Polygon", "coordinates": [[[79.51616161616163, 21.257575757575758], [79.51616161616163, 21.267676767676768], [79.5020202020202, 21.267676767676768], [79.5020202020202, 21.257575757575758], [79.51616161616163, 21.257575757575758]]]}, "properties": {"confidence_score": 0.3401, "site_id": "bhandara"}}, {"type": "Feature", "geometry": {"type": "Polygon", "coordinates": [[[79.53030303030303, 21.257575757575758], [79.53030303030303, 21.267676767676768], [79.51616161616161, 21.267676767676768], [79.51616161616161, 21.257575757575758], [79.53030303030303, 21.257575757575758]]]}, "properties": {"confidence_score": 0.3659, "site_id": "bhandara"}}, {"type": "Feature", "geometry": {"type": "Polygon", "coordinates": [[[79.54444444444445, 21.257575757575758], [79.54444444444445, 21.267676767676768], [79.53030303030303, 21.267676767676768], [79.53030303030303, 21.257575757575758], [79.54444444444445, 21.257575757575758]]]}, "properties": {"confidence_score": 0.3665, "site_id": "bhandara"}}, {"type": "Feature", "geometry": {"type": "Polygon", "coordinates": [[[79.55858585858586, 21.257575757575758], [79.55858585858586, 21.267676767676768], [79.54444444444444, 21.267676767676768], [79.54444444444444, 21.257575757575758], [79.55858585858586, 21.257575757575758]]]}, "properties": {"confidence_score": 0.3564, "site_id": "bhandara"}}, {"type": "Feature", "geometry": {"type": "Polygon", "coordinates": [[[79.57272727272728, 21.257575757575758], [79.57272727272728, 21.267676767676768], [79.55858585858586, 21.267676767676768], [79.55858585858586, 21.257575757575758], [79.57272727272728, 21.257575757575758]]]}, "properties": {"confidence_score": 0.3345, "site_id": "bhandara"}}, {"type": "Feature", "geometry": {"type": "Polygon", "coordinates": [[[79.5868686868687, 21.257575757575758], [79.5868686868687, 21.267676767676768], [79.57272727272728, 21.267676767676768], [79.57272727272728, 21.257575757575758], [79.5868686868687, 21.257575757575758]]]}, "properties": {"confidence_score": 0.4375, "site_id": "bhandara"}}, {"type": "Feature", "geometry": {"type": "Polygon", "coordinates": [[[79.6010101010101, 21.257575757575758], [79.6010101010101, 21.267676767676768], [79.58686868686868, 21.267676767676768], [79.58686868686868, 21.257575757575758], [79.6010101010101, 21.257575757575758]]]}, "properties": {"confidence_score": 0.6155, "site_id": "bhandara"}}, {"type": "Feature", "geometry": {"type": "Polygon", "coordinates": [[[79.61515151515152, 21.257575757575758], [79.61515151515152, 21.267676767676768], [79.6010101010101, 21.267676767676768], [79.6010101010101, 21.257575757575758], [79.61515151515152, 21.257575757575758]]]}, "properties": {"confidence_score": 0.6827, "site_id": "bhandara"}}, {"type": "Feature", "geometry": {"type": "Polygon", "coordinates": [[[79.62929292929293, 21.257575757575758], [79.62929292929293, 21.267676767676768], [79.61515151515151, 21.267676767676768], [79.61515151515151, 21.257575757575758], [79.62929292929293, 21.257575757575758]]]}, "properties": {"confidence_score": 0.6963, "site_id": "bhandara"}}, {"type": "Feature", "geometry": {"type": "Polygon", "coordinates": [[[79.64343434343435, 21.257575757575758], [79.64343434343435, 21.267676767676768], [79.62929292929293, 21.267676767676768], [79.62929292929293, 21.257575757575758], [79.64343434343435, 21.257575757575758]]]}, "properties": {"confidence_score": 0.6673, "site_id": "bhandara"}}, {"type": "Feature", "geometry": {"type": "Polygon", "coordinates": [[[79.65757575757576, 21.257575757575758], [79.65757575757576, 21.267676767676768], [79.64343434343434, 21.267676767676768], [79.64343434343434, 21.257575757575758], [79.65757575757576, 21.257575757575758]]]}, "properties": {"confidence_score": 0.6265, "site_id": "bhandara"}}, {"type": "Feature", "geometry": {"type": "Polygon", "coordinates": [[[79.67171717171718, 21.257575757575758], [79.67171717171718, 21.267676767676768], [79.65757575757576, 21.267676767676768], [79.65757575757576, 21.257575757575758], [79.67171717171718, 21.257575757575758]]]}, "properties": {"confidence_score": 0.6251, "site_id": "bhandara"}}, {"type": "Feature", "geometry": {"type": "Polygon", "coordinates": [[[79.6858585858586, 21.257575757575758], [79.6858585858586, 21.267676767676768], [79.67171717171718, 21.267676767676768], [79.67171717171718, 21.257575757575758], [79.6858585858586, 21.257575757575758]]]}, "properties": {"confidence_score": 0.6455, "site_id": "bhandara"}}, {"type": "Feature", "geometry": {"type": "Polygon", "coordinates": [[[79.7, 21.257575757575758], [79.7, 21.267676767676768], [79.68585858585858, 21.267676767676768], [79.68585858585858, 21.257575757575758], [79.7, 21.257575757575758]]]}, "properties": {"confidence_score": 0.6682, "site_id": "bhandara"}}, {"type": "Feature", "geometry": {"type": "Polygon", "coordinates": [[[79.71414141414142, 21.257575757575758], [79.71414141414142, 21.267676767676768], [79.7, 21.267676767676768], [79.7, 21.257575757575758], [79.71414141414142, 21.257575757575758]]]}, "properties": {"confidence_score": 0.7025, "site_id": "bhandara"}}, {"type": "Feature", "geometry": {"type": "Polygon", "coordinates": [[[79.72828282828283, 21.257575757575758], [79.72828282828283, 21.267676767676768], [79.71414141414141, 21.267676767676768], [79.71414141414141, 21.257575757575758], [79.72828282828283, 21.257575757575758]]]}, "properties": {"confidence_score": 0.7159, "site_id": "bhandara"}}, {"type": "Feature", "geometry": {"type": "Polygon", "coordinates": [[[79.74242424242425, 21.257575757575758], [79.74242424242425, 21.267676767676768], [79.72828282828283, 21.267676767676768], [79.72828282828283, 21.257575757575758], [79.74242424242425, 21.257575757575758]]]}, "properties": {"confidence_score": 0.712, "site_id": "bhandara"}}, {"type": "Feature", "geometry": {"type": "Polygon", "coordinates": [[[79.75656565656567, 21.257575757575758], [79.75656565656567, 21.267676767676768], [79.74242424242425, 21.267676767676768], [79.74242424242425, 21.257575757575758], [79.75656565656567, 21.257575757575758]]]}, "properties": {"confidence_score": 0.7189, "site_id": "bhandara"}}, {"type": "Feature", "geometry": {"type": "Polygon", "coordinates": [[[79.77070707070708, 21.257575757575758], [79.77070707070708, 21.267676767676768], [79.75656565656566, 21.267676767676768], [79.75656565656566, 21.257575757575758], [79.77070707070708, 21.257575757575758]]]}, "properties": {"confidence_score": 0.7248, "site_id": "bhandara"}}, {"type": "Feature", "geometry": {"type": "Polygon", "coordinates": [[[79.7848484848485, 21.257575757575758], [79.7848484848485, 21.267676767676768], [79.77070707070708, 21.267676767676768], [79.77070707070708, 21.257575757575758], [79.7848484848485, 21.257575757575758]]]}, "properties": {"confidence_score": 0.7155, "site_id": "bhandara"}}, {"type": "Feature", "geometry": {"type": "Polygon", "coordinates": [[[79.7989898989899, 21.257575757575758], [79.7989898989899, 21.267676767676768], [79.78484848484848, 21.267676767676768], [79.78484848484848, 21.257575757575758], [79.7989898989899, 21.257575757575758]]]}, "properties": {"confidence_score": 0.6642, "site_id": "bhandara"}}, {"type": "Feature", "geometry": {"type": "Polygon", "coordinates": [[[79.00707070707071, 21.267676767676768], [79.00707070707071, 21.27777777777778], [78.99292929292929, 21.27777777777778], [78.99292929292929, 21.267676767676768], [79.00707070707071, 21.267676767676768]]]}, "properties": {"confidence_score": 0.3861, "site_id": "nagpur"}}, {"type": "Feature", "geometry": {"type": "Polygon", "coordinates": [[[79.02121212121213, 21.267676767676768], [79.02121212121213, 21.27777777777778], [79.00707070707071, 21.27777777777778], [79.00707070707071, 21.267676767676768], [79.02121212121213, 21.267676767676768]]]}, "properties": {"confidence_score": 0.3151, "site_id": "nagpur"}}, {"type": "Feature", "geometry": {"type": "Polygon", "coordinates": [[[79.03535353535354, 21.267676767676768], [79.03535353535354, 21.27777777777778], [79.02121212121212, 21.27777777777778], [79.02121212121212, 21.267676767676768], [79.03535353535354, 21.267676767676768]]]}, "properties": {"confidence_score": 0.2382, "site_id": "nagpur"}}, {"type": "Feature", "geometry": {"type": "Polygon", "coordinates": [[[79.04949494949496, 21.267676767676768], [79.04949494949496, 21.27777777777778], [79.03535353535354, 21.27777777777778], [79.03535353535354, 21.267676767676768], [79.04949494949496, 21.267676767676768]]]}, "properties": {"confidence_score": 0.2755, "site_id": "nagpur"}}, {"type": "Feature", "geometry": {"type": "Polygon", "coordinates": [[[79.06363636363636, 21.267676767676768], [79.06363636363636, 21.27777777777778], [79.04949494949494, 21.27777777777778], [79.04949494949494, 21.267676767676768], [79.06363636363636, 21.267676767676768]]]}, "properties": {"confidence_score": 0.3381, "site_id": "nagpur"}}, {"type": "Feature", "geometry": {"type": "Polygon", "coordinates": [[[79.07777777777778, 21.267676767676768], [79.07777777777778, 21.27777777777778], [79.06363636363636, 21.27777777777778], [79.06363636363636, 21.267676767676768], [79.07777777777778, 21.267676767676768]]]}, "properties": {"confidence_score": 0.364, "site_id": "nagpur"}}, {"type": "Feature", "geometry": {"type": "Polygon", "coordinates": [[[79.09191919191919, 21.267676767676768], [79.09191919191919, 21.27777777777778], [79.07777777777777, 21.27777777777778], [79.07777777777777, 21.267676767676768], [79.09191919191919, 21.267676767676768]]]}, "properties": {"confidence_score": 0.3815, "site_id": "nagpur"}}, {"type": "Feature", "geometry": {"type": "Polygon", "coordinates": [[[79.10606060606061, 21.267676767676768], [79.10606060606061, 21.27777777777778], [79.09191919191919, 21.27777777777778], [79.09191919191919, 21.267676767676768], [79.10606060606061, 21.267676767676768]]]}, "properties": {"confidence_score": 0.3073, "site_id": "nagpur"}}, {"type": "Feature", "geometry": {"type": "Polygon", "coordinates": [[[79.12020202020203, 21.267676767676768], [79.12020202020203, 21.27777777777778], [79.10606060606061, 21.27777777777778], [79.10606060606061, 21.267676767676768], [79.12020202020203, 21.267676767676768]]]}, "properties": {"confidence_score": 0.2247, "site_id": "nagpur"}}, {"type": "Feature", "geometry": {"type": "Polygon", "coordinates": [[[79.13434343434344, 21.267676767676768], [79.13434343434344, 21.27777777777778], [79.12020202020202, 21.27777777777778], [79.12020202020202, 21.267676767676768], [79.13434343434344, 21.267676767676768]]]}, "properties": {"confidence_score": 0.2207, "site_id": "nagpur"}}, {"type": "Feature", "geometry": {"type": "Polygon", "coordinates": [[[79.14848484848486, 21.267676767676768], [79.14848484848486, 21.27777777777778], [79.13434343434344, 21.27777777777778], [79.13434343434344, 21.267676767676768], [79.14848484848486, 21.267676767676768]]]}, "properties": {"confidence_score": 0.2668, "site_id": "nagpur"}}, {"type": "Feature", "geometry": {"type": "Polygon", "coordinates": [[[79.16262626262626, 21.267676767676768], [79.16262626262626, 21.27777777777778], [79.14848484848484, 21.27777777777778], [79.14848484848484, 21.267676767676768], [79.16262626262626, 21.267676767676768]]]}, "properties": {"confidence_score": 0.4589, "site_id": "nagpur"}}, {"type": "Feature", "geometry": {"type": "Polygon", "coordinates": [[[79.17676767676768, 21.267676767676768], [79.17676767676768, 21.27777777777778], [79.16262626262626, 21.27777777777778], [79.16262626262626, 21.267676767676768], [79.17676767676768, 21.267676767676768]]]}, "properties": {"confidence_score": 0.6627, "site_id": "nagpur"}}, {"type": "Feature", "geometry": {"type": "Polygon", "coordinates": [[[79.19090909090909, 21.267676767676768], [79.19090909090909, 21.27777777777778], [79.17676767676767, 21.27777777777778], [79.17676767676767, 21.267676767676768], [79.19090909090909, 21.267676767676768]]]}, "properties": {"confidence_score": 0.6831, "site_id": "nagpur"}}, {"type": "Feature", "geometry": {"type": "Polygon", "coordinates": [[[79.20505050505051, 21.267676767676768], [79.20505050505051, 21.27777777777778], [79.19090909090909, 21.27777777777778], [79.19090909090909, 21.267676767676768], [79.20505050505051, 21.267676767676768]]]}, "properties": {"confidence_score": 0.6643, "site_id": "nagpur"}}, {"type": "Feature", "geometry": {"type": "Polygon", "coordinates": [[[79.21919191919193, 21.267676767676768], [79.21919191919193, 21.27777777777778], [79.20505050505051, 21.27777777777778], [79.20505050505051, 21.267676767676768], [79.21919191919193, 21.267676767676768]]]}, "properties": {"confidence_score": 0.7374, "site_id": "nagpur"}}, {"type": "Feature", "geometry": {"type": "Polygon", "coordinates": [[[79.23333333333333, 21.267676767676768], [79.23333333333333, 21.27777777777778], [79.21919191919191, 21.27777777777778], [79.21919191919191, 21.267676767676768], [79.23333333333333, 21.267676767676768]]]}, "properties": {"confidence_score": 0.8472, "site_id": "nagpur"}}, {"type": "Feature", "geometry": {"type": "Polygon", "coordinates": [[[79.24747474747475, 21.267676767676768], [79.24747474747475, 21.27777777777778], [79.23333333333333, 21.27777777777778], [79.23333333333333, 21.267676767676768], [79.24747474747475, 21.267676767676768]]]}, "properties": {"confidence_score": 0.7868, "site_id": "nagpur"}}, {"type": "Feature", "geometry": {"type": "Polygon", "coordinates": [[[79.26161616161616, 21.267676767676768], [79.26161616161616, 21.27777777777778], [79.24747474747474, 21.27777777777778], [79.24747474747474, 21.267676767676768], [79.26161616161616, 21.267676767676768]]]}, "properties": {"confidence_score": 0.6864, "site_id": "nagpur"}}, {"type": "Feature", "geometry": {"type": "Polygon", "coordinates": [[[79.27575757575758, 21.267676767676768], [79.27575757575758, 21.27777777777778], [79.26161616161616, 21.27777777777778], [79.26161616161616, 21.267676767676768], [79.27575757575758, 21.267676767676768]]]}, "properties": {"confidence_score": 0.6771, "site_id": "nagpur"}}, {"type": "Feature", "geometry": {"type": "Polygon", "coordinates": [[[79.289898989899, 21.267676767676768], [79.289898989899, 21.27777777777778], [79.27575757575758, 21.27777777777778], [79.27575757575758, 21.267676767676768], [79.289898989899, 21.267676767676768]]]}, "properties": {"confidence_score": 0.7112, "site_id": "nagpur"}}, {"type": "Feature", "geometry": {"type": "Polygon", "coordinates": [[[79.3040404040404, 21.267676767676768], [79.3040404040404, 21.27777777777778], [79.28989898989899, 21.27777777777778], [79.28989898989899, 21.267676767676768], [79.3040404040404, 21.267676767676768]]]}, "properties": {"confidence_score": 0.7469, "site_id": "nagpur"}}, {"type": "Feature", "geometry": {"type": "Polygon", "coordinates": [[[79.51616161616163, 21.267676767676768], [79.51616161616163, 21.27777777777778], [79.5020202020202, 21.27777777777778], [79.5020202020202, 21.267676767676768], [79.51616161616163, 21.267676767676768]]]}, "properties": {"confidence_score": 0.2755, "site_id": "bhandara"}}, {"type": "Feature", "geometry": {"type": "Polygon", "coordinates": [[[79.53030303030303, 21.267676767676768], [79.53030303030303, 21.27777777777778], [79.51616161616161, 21.27777777777778], [79.51616161616161, 21.267676767676768], [79.53030303030303, 21.267676767676768]]]}, "properties": {"confidence_score": 0.3188, "site_id": "bhandara"}}, {"type": "Feature", "geometry": {"type": "Polygon", "coordinates": [[[79.54444444444445, 21.267676767676768], [79.54444444444445, 21.27777777777778], [79.53030303030303, 21.27777777777778], [79.53030303030303, 21.267676767676768], [79.54444444444445, 21.267676767676768]]]}, "properties": {"confidence_score": 0.3506, "site_id": "bhandara"}}, {"type": "Feature", "geometry": {"type": "Polygon", "coordinates": [[[79.55858585858586, 21.267676767676768], [79.55858585858586, 21.27777777777778], [79.54444444444444, 21.27777777777778], [79.54444444444444, 21.267676767676768], [79.55858585858586, 21.267676767676768]]]}, "properties": {"confidence_score": 0.3693, "site_id": "bhandara"}}, {"type": "Feature", "geometry": {"type": "Polygon", "coordinates": [[[79.57272727272728, 21.267676767676768], [79.57272727272728, 21.27777777777778], [79.55858585858586, 21.27777777777778], [79.55858585858586, 21.267676767676768], [79.57272727272728, 21.267676767676768]]]}, "properties": {"confidence_score": 0.3787, "site_id": "bhandara"}}, {"type": "Feature", "geometry": {"type": "Polygon", "coordinates": [[[79.5868686868687, 21.267676767676768], [79.5868686868687, 21.27777777777778], [79.57272727272728, 21.27777777777778], [79.57272727272728, 21.267676767676768], [79.5868686868687, 21.267676767676768]]]}, "properties": {"confidence_score": 0.4603, "site_id": "bhandara"}}, {"type": "Feature", "geometry": {"type": "Polygon", "coordinates": [[[79.6010101010101, 21.267676767676768], [79.6010101010101, 21.27777777777778], [79.58686868686868, 21.27777777777778], [79.58686868686868, 21.267676767676768], [79.6010101010101, 21.267676767676768]]]}, "properties": {"confidence_score": 0.5862, "site_id": "bhandara"}}, {"type": "Feature", "geometry": {"type": "Polygon", "coordinates": [[[79.61515151515152, 21.267676767676768], [79.61515151515152, 21.27777777777778], [79.6010101010101, 21.27777777777778], [79.6010101010101, 21.267676767676768], [79.61515151515152, 21.267676767676768]]]}, "properties": {"confidence_score": 0.6373, "site_id": "bhandara"}}, {"type": "Feature", "geometry": {"type": "Polygon", "coordinates": [[[79.62929292929293, 21.267676767676768], [79.62929292929293, 21.27777777777778], [79.61515151515151, 21.27777777777778], [79.61515151515151, 21.267676767676768], [79.62929292929293, 21.267676767676768]]]}, "properties": {"confidence_score": 0.6439, "site_id": "bhandara"}}, {"type": "Feature", "geometry": {"type": "Polygon", "coordinates": [[[79.64343434343435, 21.267676767676768], [79.64343434343435, 21.27777777777778], [79.62929292929293, 21.27777777777778], [79.62929292929293, 21.267676767676768], [79.64343434343435, 21.267676767676768]]]}, "properties": {"confidence_score": 0.6347, "site_id": "bhandara"}}, {"type": "Feature", "geometry": {"type": "Polygon", "coordinates": [[[79.65757575757576, 21.267676767676768], [79.65757575757576, 21.27777777777778], [79.64343434343434, 21.27777777777778], [79.64343434343434, 21.267676767676768], [79.65757575757576, 21.267676767676768]]]}, "properties": {"confidence_score": 0.6255, "site_id": "bhandara"}}, {"type": "Feature", "geometry": {"type": "Polygon", "coordinates": [[[79.67171717171718, 21.267676767676768], [79.67171717171718, 21.27777777777778], [79.65757575757576, 21.27777777777778], [79.65757575757576, 21.267676767676768], [79.67171717171718, 21.267676767676768]]]}, "properties": {"confidence_score": 0.6183, "site_id": "bhandara"}}, {"type": "Feature", "geometry": {"type": "Polygon", "coordinates": [[[79.6858585858586, 21.267676767676768], [79.6858585858586, 21.27777777777778], [79.67171717171718, 21.27777777777778], [79.67171717171718, 21.267676767676768], [79.6858585858586, 21.267676767676768]]]}, "properties": {"confidence_score": 0.6056, "site_id": "bhandara"}}, {"type": "Feature", "geometry": {"type": "Polygon", "coordinates": [[[79.7, 21.267676767676768], [79.7, 21.27777777777778], [79.68585858585858, 21.27777777777778], [79.68585858585858, 21.267676767676768], [79.7, 21.267676767676768]]]}, "properties": {"confidence_score": 0.6216, "site_id": "bhandara"}}, {"type": "Feature", "geometry": {"type": "Polygon", "coordinates": [[[79.71414141414142, 21.267676767676768], [79.71414141414142, 21.27777777777778], [79.7, 21.27777777777778], [79.7, 21.267676767676768], [79.71414141414142, 21.267676767676768]]]}, "properties": {"confidence_score": 0.6699, "site_id": "bhandara"}}, {"type": "Feature", "geometry": {"type": "Polygon", "coordinates": [[[79.72828282828283, 21.267676767676768], [79.72828282828283, 21.27777777777778], [79.71414141414141, 21.27777777777778], [79.71414141414141, 21.267676767676768], [79.72828282828283, 21.267676767676768]]]}, "properties": {"confidence_score": 0.6893, "site_id": "bhandara"}}, {"type": "Feature", "geometry": {"type": "Polygon", "coordinates": [[[79.74242424242425, 21.267676767676768], [79.74242424242425, 21.27777777777778], [79.72828282828283, 21.27777777777778], [79.72828282828283, 21.267676767676768], [79.74242424242425, 21.267676767676768]]]}, "properties": {"confidence_score": 0.6839, "site_id": "bhandara"}}, {"type": "Feature", "geometry": {"type": "Polygon", "coordinates": [[[79.75656565656567, 21.267676767676768], [79.75656565656567, 21.27777777777778], [79.74242424242425, 21.27777777777778], [79.74242424242425, 21.267676767676768], [79.75656565656567, 21.267676767676768]]]}, "properties": {"confidence_score": 0.6949, "site_id": "bhandara"}}, {"type": "Feature", "geometry": {"type": "Polygon", "coordinates": [[[79.77070707070708, 21.267676767676768], [79.77070707070708, 21.27777777777778], [79.75656565656566, 21.27777777777778], [79.75656565656566, 21.267676767676768], [79.77070707070708, 21.267676767676768]]]}, "properties": {"confidence_score": 0.7243, "site_id": "bhandara"}}, {"type": "Feature", "geometry": {"type": "Polygon", "coordinates": [[[79.7848484848485, 21.267676767676768], [79.7848484848485, 21.27777777777778], [79.77070707070708, 21.27777777777778], [79.77070707070708, 21.267676767676768], [79.7848484848485, 21.267676767676768]]]}, "properties": {"confidence_score": 0.7467, "site_id": "bhandara"}}, {"type": "Feature", "geometry": {"type": "Polygon", "coordinates": [[[79.7989898989899, 21.267676767676768], [79.7989898989899, 21.27777777777778], [79.78484848484848, 21.27777777777778], [79.78484848484848, 21.267676767676768], [79.7989898989899, 21.267676767676768]]]}, "properties": {"confidence_score": 0.748, "site_id": "bhandara"}}, {"type": "Feature", "geometry": {"type": "Polygon", "coordinates": [[[79.00707070707071, 21.27777777777778], [79.00707070707071, 21.28787878787879], [78.99292929292929, 21.28787878787879], [78.99292929292929, 21.27777777777778], [79.00707070707071, 21.27777777777778]]]}, "properties": {"confidence_score": 0.4005, "site_id": "nagpur"}}, {"type": "Feature", "geometry": {"type": "Polygon", "coordinates": [[[79.02121212121213, 21.27777777777778], [79.02121212121213, 21.28787878787879], [79.00707070707071, 21.28787878787879], [79.00707070707071, 21.27777777777778], [79.02121212121213, 21.27777777777778]]]}, "properties": {"confidence_score": 0.3016, "site_id": "nagpur"}}, {"type": "Feature", "geometry": {"type": "Polygon", "coordinates": [[[79.03535353535354, 21.27777777777778], [79.03535353535354, 21.28787878787879], [79.02121212121212, 21.28787878787879], [79.02121212121212, 21.27777777777778], [79.03535353535354, 21.27777777777778]]]}, "properties": {"confidence_score": 0.1983, "site_id": "nagpur"}}, {"type": "Feature", "geometry": {"type": "Polygon", "coordinates": [[[79.04949494949496, 21.27777777777778], [79.04949494949496, 21.28787878787879], [79.03535353535354, 21.28787878787879], [79.03535353535354, 21.27777777777778], [79.04949494949496, 21.27777777777778]]]}, "properties": {"confidence_score": 0.2131, "site_id": "nagpur"}}, {"type": "Feature", "geometry": {"type": "Polygon", "coordinates": [[[79.06363636363636, 21.27777777777778], [79.06363636363636, 21.28787878787879], [79.04949494949494, 21.28787878787879], [79.04949494949494, 21.27777777777778], [79.06363636363636, 21.27777777777778]]]}, "properties": {"confidence_score": 0.2, "site_id": "nagpur"}}, {"type": "Feature", "geometry": {"type": "Polygon", "coordinates": [[[79.07777777777778, 21.27777777777778], [79.07777777777778, 21.28787878787879], [79.06363636363636, 21.28787878787879], [79.06363636363636, 21.27777777777778], [79.07777777777778, 21.27777777777778]]]}, "properties": {"confidence_score": 0.3059, "site_id": "nagpur"}}, {"type": "Feature", "geometry": {"type": "Polygon", "coordinates": [[[79.09191919191919, 21.27777777777778], [79.09191919191919, 21.28787878787879], [79.07777777777777, 21.28787878787879], [79.07777777777777, 21.27777777777778], [79.09191919191919, 21.27777777777778]]]}, "properties": {"confidence_score": 0.3712, "site_id": "nagpur"}}, {"type": "Feature", "geometry": {"type": "Polygon", "coordinates": [[[79.10606060606061, 21.27777777777778], [79.10606060606061, 21.28787878787879], [79.09191919191919, 21.28787878787879], [79.09191919191919, 21.27777777777778], [79.10606060606061, 21.27777777777778]]]}, "properties": {"confidence_score": 0.3089, "site_id": "nagpur"}}, {"type": "Feature", "geometry": {"type": "Polygon", "coordinates": [[[79.12020202020203, 21.27777777777778], [79.12020202020203, 21.28787878787879], [79.10606060606061, 21.28787878787879], [79.10606060606061, 21.27777777777778], [79.12020202020203, 21.27777777777778]]]}, "properties": {"confidence_score": 0.2234, "site_id": "nagpur"}}, {"type": "Feature", "geometry": {"type": "Polygon", "coordinates": [[[79.13434343434344, 21.27777777777778], [79.13434343434344, 21.28787878787879], [79.12020202020202, 21.28787878787879], [79.12020202020202, 21.27777777777778], [79.13434343434344, 21.27777777777778]]]}, "properties": {"confidence_score": 0.2135, "site_id": "nagpur"}}, {"type": "Feature", "geometry": {"type": "Polygon", "coordinates": [[[79.14848484848486, 21.27777777777778], [79.14848484848486, 21.28787878787879], [79.13434343434344, 21.28787878787879], [79.13434343434344, 21.27777777777778], [79.14848484848486, 21.27777777777778]]]}, "properties": {"confidence_score": 0.245, "site_id": "nagpur"}}, {"type": "Feature", "geometry": {"type": "Polygon", "coordinates": [[[79.16262626262626, 21.27777777777778], [79.16262626262626, 21.28787878787879], [79.14848484848484, 21.28787878787879], [79.14848484848484, 21.27777777777778], [79.16262626262626, 21.27777777777778]]]}, "properties": {"confidence_score": 0.4132, "site_id": "nagpur"}}, {"type": "Feature", "geometry": {"type": "Polygon", "coordinates": [[[79.17676767676768, 21.27777777777778], [79.17676767676768, 21.28787878787879], [79.16262626262626, 21.28787878787879], [79.16262626262626, 21.27777777777778], [79.17676767676768, 21.27777777777778]]]}, "properties": {"confidence_score": 0.5635, "site_id": "nagpur"}}, {"type": "Feature", "geometry": {"type": "Polygon", "coordinates": [[[79.19090909090909, 21.27777777777778], [79.19090909090909, 21.28787878787879], [79.17676767676767, 21.28787878787879], [79.17676767676767, 21.27777777777778], [79.19090909090909, 21.27777777777778]]]}, "properties": {"confidence_score": 0.6258, "site_id": "nagpur"}}, {"type": "Feature", "geometry": {"type": "Polygon", "coordinates": [[[79.20505050505051, 21.27777777777778], [79.20505050505051, 21.28787878787879], [79.19090909090909, 21.28787878787879], [79.19090909090909, 21.27777777777778], [79.20505050505051, 21.27777777777778]]]}, "properties": {"confidence_score": 0.6539, "site_id": "nagpur"}}, {"type": "Feature", "geometry": {"type": "Polygon", "coordinates": [[[79.21919191919193, 21.27777777777778], [79.21919191919193, 21.28787878787879], [79.20505050505051, 21.28787878787879], [79.20505050505051, 21.27777777777778], [79.21919191919193, 21.27777777777778]]]}, "properties": {"confidence_score": 0.726, "site_id": "nagpur"}}, {"type": "Feature", "geometry": {"type": "Polygon", "coordinates": [[[79.23333333333333, 21.27777777777778], [79.23333333333333, 21.28787878787879], [79.21919191919191, 21.28787878787879], [79.21919191919191, 21.27777777777778], [79.23333333333333, 21.27777777777778]]]}, "properties": {"confidence_score": 0.8702, "site_id": "nagpur"}}, {"type": "Feature", "geometry": {"type": "Polygon", "coordinates": [[[79.24747474747475, 21.27777777777778], [79.24747474747475, 21.28787878787879], [79.23333333333333, 21.28787878787879], [79.23333333333333, 21.27777777777778], [79.24747474747475, 21.27777777777778]]]}, "properties": {"confidence_score": 0.7839, "site_id": "nagpur"}}, {"type": "Feature", "geometry": {"type": "Polygon", "coordinates": [[[79.26161616161616, 21.27777777777778], [79.26161616161616, 21.28787878787879], [79.24747474747474, 21.28787878787879], [79.24747474747474, 21.27777777777778], [79.26161616161616, 21.27777777777778]]]}, "properties": {"confidence_score": 0.6742, "site_id": "nagpur"}}, {"type": "Feature", "geometry": {"type": "Polygon", "coordinates": [[[79.27575757575758, 21.27777777777778], [79.27575757575758, 21.28787878787879], [79.26161616161616, 21.28787878787879], [79.26161616161616, 21.27777777777778], [79.27575757575758, 21.27777777777778]]]}, "properties": {"confidence_score": 0.6836, "site_id": "nagpur"}}, {"type": "Feature", "geometry": {"type": "Polygon", "coordinates": [[[79.289898989899, 21.27777777777778], [79.289898989899, 21.28787878787879], [79.27575757575758, 21.28787878787879], [79.27575757575758, 21.27777777777778], [79.289898989899, 21.27777777777778]]]}, "properties": {"confidence_score": 0.7516, "site_id": "nagpur"}}, {"type": "Feature", "geometry": {"type": "Polygon", "coordinates": [[[79.3040404040404, 21.27777777777778], [79.3040404040404, 21.28787878787879], [79.28989898989899, 21.28787878787879], [79.28989898989899, 21.27777777777778], [79.3040404040404, 21.27777777777778]]]}, "properties": {"confidence_score": 0.703, "site_id": "nagpur"}}, {"type": "Feature", "geometry": {"type": "Polygon", "coordinates": [[[79.51616161616163, 21.27777777777778], [79.51616161616163, 21.28787878787879], [79.5020202020202, 21.28787878787879], [79.5020202020202, 21.27777777777778], [79.51616161616163, 21.27777777777778]]]}, "properties": {"confidence_score": 0.1936, "site_id": "bhandara"}}, {"type": "Feature", "geometry": {"type": "Polygon", "coordinates": [[[79.53030303030303, 21.27777777777778], [79.53030303030303, 21.28787878787879], [79.51616161616161, 21.28787878787879], [79.51616161616161, 21.27777777777778], [79.53030303030303, 21.27777777777778]]]}, "properties": {"confidence_score": 0.2529, "site_id": "bhandara"}}, {"type": "Feature", "geometry": {"type": "Polygon", "coordinates": [[[79.54444444444445, 21.27777777777778], [79.54444444444445, 21.28787878787879], [79.53030303030303, 21.28787878787879], [79.53030303030303, 21.27777777777778], [79.54444444444445, 21.27777777777778]]]}, "properties": {"confidence_score": 0.3234, "site_id": "bhandara"}}, {"type": "Feature", "geometry": {"type": "Polygon", "coordinates": [[[79.55858585858586, 21.27777777777778], [79.55858585858586, 21.28787878787879], [79.54444444444444, 21.28787878787879], [79.54444444444444, 21.27777777777778], [79.55858585858586, 21.27777777777778]]]}, "properties": {"confidence_score": 0.386, "site_id": "bhandara"}}, {"type": "Feature", "geometry": {"type": "Polygon", "coordinates": [[[79.57272727272728, 21.27777777777778], [79.57272727272728, 21.28787878787879], [79.55858585858586, 21.28787878787879], [79.55858585858586, 21.27777777777778], [79.57272727272728, 21.27777777777778]]]}, "properties": {"confidence_score": 0.4508, "site_id": "bhandara"}}, {"type": "Feature", "geometry": {"type": "Polygon", "coordinates": [[[79.5868686868687, 21.27777777777778], [79.5868686868687, 21.28787878787879], [79.57272727272728, 21.28787878787879], [79.57272727272728, 21.27777777777778], [79.5868686868687, 21.27777777777778]]]}, "properties": {"confidence_score": 0.513, "site_id": "bhandara"}}, {"type": "Feature", "geometry": {"type": "Polygon", "coordinates": [[[79.6010101010101, 21.27777777777778], [79.6010101010101, 21.28787878787879], [79.58686868686868, 21.28787878787879], [79.58686868686868, 21.27777777777778], [79.6010101010101, 21.27777777777778]]]}, "properties": {"confidence_score": 0.5753, "site_id": "bhandara"}}, {"type": "Feature", "geometry": {"type": "Polygon", "coordinates": [[[79.61515151515152, 21.27777777777778], [79.61515151515152, 21.28787878787879], [79.6010101010101, 21.28787878787879], [79.6010101010101, 21.27777777777778], [79.61515151515152, 21.27777777777778]]]}, "properties": {"confidence_score": 0.592, "site_id": "bhandara"}}, {"type": "Feature", "geometry": {"type": "Polygon", "coordinates": [[[79.62929292929293, 21.27777777777778], [79.62929292929293, 21.28787878787879], [79.61515151515151, 21.28787878787879], [79.61515151515151, 21.27777777777778], [79.62929292929293, 21.27777777777778]]]}, "properties": {"confidence_score": 0.5664, "site_id": "bhandara"}}, {"type": "Feature", "geometry": {"type": "Polygon", "coordinates": [[[79.64343434343435, 21.27777777777778], [79.64343434343435, 21.28787878787879], [79.62929292929293, 21.28787878787879], [79.62929292929293, 21.27777777777778], [79.64343434343435, 21.27777777777778]]]}, "properties": {"confidence_score": 0.5772, "site_id": "bhandara"}}, {"type": "Feature", "geometry": {"type": "Polygon", "coordinates": [[[79.65757575757576, 21.27777777777778], [79.65757575757576, 21.28787878787879], [79.64343434343434, 21.28787878787879], [79.64343434343434, 21.27777777777778], [79.65757575757576, 21.27777777777778]]]}, "properties": {"confidence_score": 0.621, "site_id": "bhandara"}}, {"type": "Feature", "geometry": {"type": "Polygon", "coordinates": [[[79.67171717171718, 21.27777777777778], [79.67171717171718, 21.28787878787879], [79.65757575757576, 21.28787878787879], [79.65757575757576, 21.27777777777778], [79.67171717171718, 21.27777777777778]]]}, "properties": {"confidence_score": 0.6165, "site_id": "bhandara"}}, {"type": "Feature", "geometry": {"type": "Polygon", "coordinates": [[[79.6858585858586, 21.27777777777778], [79.6858585858586, 21.28787878787879], [79.67171717171718, 21.28787878787879], [79.67171717171718, 21.27777777777778], [79.6858585858586, 21.27777777777778]]]}, "properties": {"confidence_score": 0.5736, "site_id": "bhandara"}}, {"type": "Feature", "geometry": {"type": "Polygon", "coordinates": [[[79.7, 21.27777777777778], [79.7, 21.28787878787879], [79.68585858585858, 21.28787878787879], [79.68585858585858, 21.27777777777778], [79.7, 21.27777777777778]]]}, "properties": {"confidence_score": 0.5775, "site_id": "bhandara"}}, {"type": "Feature", "geometry": {"type": "Polygon", "coordinates": [[[79.71414141414142, 21.27777777777778], [79.71414141414142, 21.28787878787879], [79.7, 21.28787878787879], [79.7, 21.27777777777778], [79.71414141414142, 21.27777777777778]]]}, "properties": {"confidence_score": 0.6279, "site_id": "bhandara"}}, {"type": "Feature", "geometry": {"type": "Polygon", "coordinates": [[[79.72828282828283, 21.27777777777778], [79.72828282828283, 21.28787878787879], [79.71414141414141, 21.28787878787879], [79.71414141414141, 21.27777777777778], [79.72828282828283, 21.27777777777778]]]}, "properties": {"confidence_score": 0.6471, "site_id": "bhandara"}}, {"type": "Feature", "geometry": {"type": "Polygon", "coordinates": [[[79.74242424242425, 21.27777777777778], [79.74242424242425, 21.28787878787879], [79.72828282828283, 21.28787878787879], [79.72828282828283, 21.27777777777778], [79.74242424242425, 21.27777777777778]]]}, "properties": {"confidence_score": 0.6396, "site_id": "bhandara"}}, {"type": "Feature", "geometry": {"type": "Polygon", "coordinates": [[[79.75656565656567, 21.27777777777778], [79.75656565656567, 21.28787878787879], [79.74242424242425, 21.28787878787879], [79.74242424242425, 21.27777777777778], [79.75656565656567, 21.27777777777778]]]}, "properties": {"confidence_score": 0.6521, "site_id": "bhandara"}}, {"type": "Feature", "geometry": {"type": "Polygon", "coordinates": [[[79.77070707070708, 21.27777777777778], [79.77070707070708, 21.28787878787879], [79.75656565656566, 21.28787878787879], [79.75656565656566, 21.27777777777778], [79.77070707070708, 21.27777777777778]]]}, "properties": {"confidence_score": 0.7026, "site_id": "bhandara"}}, {"type": "Feature", "geometry": {"type": "Polygon", "coordinates": [[[79.7848484848485, 21.27777777777778], [79.7848484848485, 21.28787878787879], [79.77070707070708, 21.28787878787879], [79.77070707070708, 21.27777777777778], [79.7848484848485, 21.27777777777778]]]}, "properties": {"confidence_score": 0.7524, "site_id": "bhandara"}}, {"type": "Feature", "geometry": {"type": "Polygon", "coordinates": [[[79.7989898989899, 21.27777777777778], [79.7989898989899, 21.28787878787879], [79.78484848484848, 21.28787878787879], [79.78484848484848, 21.27777777777778], [79.7989898989899, 21.27777777777778]]]}, "properties": {"confidence_score": 0.8177, "site_id": "bhandara"}}, {"type": "Feature", "geometry": {"type": "Polygon", "coordinates": [[[79.00707070707071, 21.28787878787879], [79.00707070707071, 21.2979797979798], [78.99292929292929, 21.2979797979798], [78.99292929292929, 21.28787878787879], [79.00707070707071, 21.28787878787879]]]}, "properties": {"confidence_score": 0.3389, "site_id": "nagpur"}}, {"type": "Feature", "geometry": {"type": "Polygon", "coordinates": [[[79.02121212121213, 21.28787878787879], [79.02121212121213, 21.2979797979798], [79.00707070707071, 21.2979797979798], [79.00707070707071, 21.28787878787879], [79.02121212121213, 21.28787878787879]]]}, "properties": {"confidence_score": 0.2912, "site_id": "nagpur"}}, {"type": "Feature", "geometry": {"type": "Polygon", "coordinates": [[[79.03535353535354, 21.28787878787879], [79.03535353535354, 21.2979797979798], [79.02121212121212, 21.2979797979798], [79.02121212121212, 21.28787878787879], [79.03535353535354, 21.28787878787879]]]}, "properties": {"confidence_score": 0.2345, "site_id": "nagpur"}}, {"type": "Feature", "geometry": {"type": "Polygon", "coordinates": [[[79.04949494949496, 21.28787878787879], [79.04949494949496, 21.2979797979798], [79.03535353535354, 21.2979797979798], [79.03535353535354, 21.28787878787879], [79.04949494949496, 21.28787878787879]]]}, "properties": {"confidence_score": 0.207, "site_id": "nagpur"}}, {"type": "Feature", "geometry": {"type": "Polygon", "coordinates": [[[79.06363636363636, 21.28787878787879], [79.06363636363636, 21.2979797979798], [79.04949494949494, 21.2979797979798], [79.04949494949494, 21.28787878787879], [79.06363636363636, 21.28787878787879]]]}, "properties": {"confidence_score": 0.1785, "site_id": "nagpur"}}, {"type": "Feature", "geometry": {"type": "Polygon", "coordinates": [[[79.07777777777778, 21.28787878787879], [79.07777777777778, 21.2979797979798], [79.06363636363636, 21.2979797979798], [79.06363636363636, 21.28787878787879], [79.07777777777778, 21.28787878787879]]]}, "properties": {"confidence_score": 0.2756, "site_id": "nagpur"}}, {"type": "Feature", "geometry": {"type": "Polygon", "coordinates": [[[79.09191919191919, 21.28787878787879], [79.09191919191919, 21.2979797979798], [79.07777777777777, 21.2979797979798], [79.07777777777777, 21.28787878787879], [79.09191919191919, 21.28787878787879]]]}, "properties": {"confidence_score": 0.3534, "site_id": "nagpur"}}, {"type": "Feature", "geometry": {"type": "Polygon", "coordinates": [[[79.10606060606061, 21.28787878787879], [79.10606060606061, 21.2979797979798], [79.09191919191919, 21.2979797979798], [79.09191919191919, 21.28787878787879], [79.10606060606061, 21.28787878787879]]]}, "properties": {"confidence_score": 0.3063, "site_id": "nagpur"}}, {"type": "Feature", "geometry": {"type": "Polygon", "coordinates": [[[79.12020202020203, 21.28787878787879], [79.12020202020203, 21.2979797979798], [79.10606060606061, 21.2979797979798], [79.10606060606061, 21.28787878787879], [79.12020202020203, 21.28787878787879]]]}, "properties": {"confidence_score": 0.2301, "site_id": "nagpur"}}, {"type": "Feature", "geometry": {"type": "Polygon", "coordinates": [[[79.13434343434344, 21.28787878787879], [79.13434343434344, 21.2979797979798], [79.12020202020202, 21.2979797979798], [79.12020202020202, 21.28787878787879], [79.13434343434344, 21.28787878787879]]]}, "properties": {"confidence_score": 0.2125, "site_id": "nagpur"}}, {"type": "Feature", "geometry": {"type": "Polygon", "coordinates": [[[79.14848484848486, 21.28787878787879], [79.14848484848486, 21.2979797979798], [79.13434343434344, 21.2979797979798], [79.13434343434344, 21.28787878787879], [79.14848484848486, 21.28787878787879]]]}, "properties": {"confidence_score": 0.2502, "site_id": "nagpur"}}, {"type": "Feature", "geometry": {"type": "Polygon", "coordinates": [[[79.16262626262626, 21.28787878787879], [79.16262626262626, 21.2979797979798], [79.14848484848484, 21.2979797979798], [79.14848484848484, 21.28787878787879], [79.16262626262626, 21.28787878787879]]]}, "properties": {"confidence_score": 0.4032, "site_id": "nagpur"}}, {"type": "Feature", "geometry": {"type": "Polygon", "coordinates": [[[79.17676767676768, 21.28787878787879], [79.17676767676768, 21.2979797979798], [79.16262626262626, 21.2979797979798], [79.16262626262626, 21.28787878787879], [79.17676767676768, 21.28787878787879]]]}, "properties": {"confidence_score": 0.5553, "site_id": "nagpur"}}, {"type": "Feature", "geometry": {"type": "Polygon", "coordinates": [[[79.19090909090909, 21.28787878787879], [79.19090909090909, 21.2979797979798], [79.17676767676767, 21.2979797979798], [79.17676767676767, 21.28787878787879], [79.19090909090909, 21.28787878787879]]]}, "properties": {"confidence_score": 0.6002, "site_id": "nagpur"}}, {"type": "Feature", "geometry": {"type": "Polygon", "coordinates": [[[79.20505050505051, 21.28787878787879], [79.20505050505051, 21.2979797979798], [79.19090909090909, 21.2979797979798], [79.19090909090909, 21.28787878787879], [79.20505050505051, 21.28787878787879]]]}, "properties": {"confidence_score": 0.6056, "site_id": "nagpur"}}, {"type": "Feature", "geometry": {"type": "Polygon", "coordinates": [[[79.21919191919193, 21.28787878787879], [79.21919191919193, 21.2979797979798], [79.20505050505051, 21.2979797979798], [79.20505050505051, 21.28787878787879], [79.21919191919193, 21.28787878787879]]]}, "properties": {"confidence_score": 0.6659, "site_id": "nagpur"}}, {"type": "Feature", "geometry": {"type": "Polygon", "coordinates": [[[79.23333333333333, 21.28787878787879], [79.23333333333333, 21.2979797979798], [79.21919191919191, 21.2979797979798], [79.21919191919191, 21.28787878787879], [79.23333333333333, 21.28787878787879]]]}, "properties": {"confidence_score": 0.7705, "site_id": "nagpur"}}, {"type": "Feature", "geometry": {"type": "Polygon", "coordinates": [[[79.24747474747475, 21.28787878787879], [79.24747474747475, 21.2979797979798], [79.23333333333333, 21.2979797979798], [79.23333333333333, 21.28787878787879], [79.24747474747475, 21.28787878787879]]]}, "properties": {"confidence_score": 0.7425, "site_id": "nagpur"}}, {"type": "Feature", "geometry": {"type": "Polygon", "coordinates": [[[79.26161616161616, 21.28787878787879], [79.26161616161616, 21.2979797979798], [79.24747474747474, 21.2979797979798], [79.24747474747474, 21.28787878787879], [79.26161616161616, 21.28787878787879]]]}, "properties": {"confidence_score": 0.6981, "site_id": "nagpur"}}, {"type": "Feature", "geometry": {"type": "Polygon", "coordinates": [[[79.27575757575758, 21.28787878787879], [79.27575757575758, 21.2979797979798], [79.26161616161616, 21.2979797979798], [79.26161616161616, 21.28787878787879], [79.27575757575758, 21.28787878787879]]]}, "properties": {"confidence_score": 0.6921, "site_id": "nagpur"}}, {"type": "Feature", "geometry": {"type": "Polygon", "coordinates": [[[79.289898989899, 21.28787878787879], [79.289898989899, 21.2979797979798], [79.27575757575758, 21.2979797979798], [79.27575757575758, 21.28787878787879], [79.289898989899, 21.28787878787879]]]}, "properties": {"confidence_score": 0.7147, "site_id": "nagpur"}}, {"type": "Feature", "geometry": {"type": "Polygon", "coordinates": [[[79.3040404040404, 21.28787878787879], [79.3040404040404, 21.2979797979798], [79.28989898989899, 21.2979797979798], [79.28989898989899, 21.28787878787879], [79.3040404040404, 21.28787878787879]]]}, "properties": {"confidence_score": 0.6429, "site_id": "nagpur"}}, {"type": "Feature", "geometry": {"type": "Polygon", "coordinates": [[[79.51616161616163, 21.28787878787879], [79.51616161616163, 21.2979797979798], [79.5020202020202, 21.2979797979798], [79.5020202020202, 21.28787878787879], [79.51616161616163, 21.28787878787879]]]}, "properties": {"confidence_score": 0.1757, "site_id": "bhandara"}}, {"type": "Feature", "geometry": {"type": "Polygon", "coordinates": [[[79.53030303030303, 21.28787878787879], [79.53030303030303, 21.2979797979798], [79.51616161616161, 21.2979797979798], [79.51616161616161, 21.28787878787879], [79.53030303030303, 21.28787878787879]]]}, "properties": {"confidence_score": 0.2241, "site_id": "bhandara"}}, {"type": "Feature", "geometry": {"type": "Polygon", "coordinates": [[[79.54444444444445, 21.28787878787879], [79.54444444444445, 21.2979797979798], [79.53030303030303, 21.2979797979798], [79.53030303030303, 21.28787878787879], [79.54444444444445, 21.28787878787879]]]}, "properties": {"confidence_score": 0.3116, "site_id": "bhandara"}}, {"type": "Feature", "geometry": {"type": "Polygon", "coordinates": [[[79.55858585858586, 21.28787878787879], [79.55858585858586, 21.2979797979798], [79.54444444444444, 21.2979797979798], [79.54444444444444, 21.28787878787879], [79.55858585858586, 21.28787878787879]]]}, "properties": {"confidence_score": 0.4114, "site_id": "bhandara"}}, {"type": "Feature", "geometry": {"type": "Polygon", "coordinates": [[[79.57272727272728, 21.28787878787879], [79.57272727272728, 21.2979797979798], [79.55858585858586, 21.2979797979798], [79.55858585858586, 21.28787878787879], [79.57272727272728, 21.28787878787879]]]}, "properties": {"confidence_score": 0.5228, "site_id": "bhandara"}}, {"type": "Feature", "geometry": {"type": "Polygon", "coordinates": [[[79.5868686868687, 21.28787878787879], [79.5868686868687, 21.2979797979798], [79.57272727272728, 21.2979797979798], [79.57272727272728, 21.28787878787879], [79.5868686868687, 21.28787878787879]]]}, "properties": {"confidence_score": 0.5699, "site_id": "bhandara"}}, {"type": "Feature", "geometry": {"type": "Polygon", "coordinates": [[[79.6010101010101, 21.28787878787879], [79.6010101010101, 21.2979797979798], [79.58686868686868, 21.2979797979798], [79.58686868686868, 21.28787878787879], [79.6010101010101, 21.28787878787879]]]}, "properties": {"confidence_score": 0.5675, "site_id": "bhandara"}}, {"type": "Feature", "geometry": {"type": "Polygon", "coordinates": [[[79.61515151515152, 21.28787878787879], [79.61515151515152, 21.2979797979798], [79.6010101010101, 21.2979797979798], [79.6010101010101, 21.28787878787879], [79.61515151515152, 21.28787878787879]]]}, "properties": {"confidence_score": 0.559, "site_id": "bhandara"}}, {"type": "Feature", "geometry": {"type": "Polygon", "coordinates": [[[79.62929292929293, 21.28787878787879], [79.62929292929293, 21.2979797979798], [79.61515151515151, 21.2979797979798], [79.61515151515151, 21.28787878787879], [79.62929292929293, 21.28787878787879]]]}, "properties": {"confidence_score": 0.5417, "site_id": "bhandara"}}, {"type": "Feature", "geometry": {"type": "Polygon", "coordinates": [[[79.64343434343435, 21.28787878787879], [79.64343434343435, 21.2979797979798], [79.62929292929293, 21.2979797979798], [79.62929292929293, 21.28787878787879], [79.64343434343435, 21.28787878787879]]]}, "properties": {"confidence_score": 0.5632, "site_id": "bhandara"}}, {"type": "Feature", "geometry": {"type": "Polygon", "coordinates": [[[79.65757575757576, 21.28787878787879], [79.65757575757576, 21.2979797979798], [79.64343434343434, 21.2979797979798], [79.64343434343434, 21.28787878787879], [79.65757575757576, 21.28787878787879]]]}, "properties": {"confidence_score": 0.6145, "site_id": "bhandara"}}, {"type": "Feature", "geometry": {"type": "Polygon", "coordinates": [[[79.67171717171718, 21.28787878787879], [79.67171717171718, 21.2979797979798], [79.65757575757576, 21.2979797979798], [79.65757575757576, 21.28787878787879], [79.67171717171718, 21.28787878787879]]]}, "properties": {"confidence_score": 0.6149, "site_id": "bhandara"}}, {"type": "Feature", "geometry": {"type": "Polygon", "coordinates": [[[79.6858585858586, 21.28787878787879], [79.6858585858586, 21.2979797979798], [79.67171717171718, 21.2979797979798], [79.67171717171718, 21.28787878787879], [79.6858585858586, 21.28787878787879]]]}, "properties": {"confidence_score": 0.5735, "site_id": "bhandara"}}, {"type": "Feature", "geometry": {"type": "Polygon", "coordinates": [[[79.7, 21.28787878787879], [79.7, 21.2979797979798], [79.68585858585858, 21.2979797979798], [79.68585858585858, 21.28787878787879], [79.7, 21.28787878787879]]]}, "properties": {"confidence_score": 0.5629, "site_id": "bhandara"}}, {"type": "Feature", "geometry": {"type": "Polygon", "coordinates": [[[79.71414141414142, 21.28787878787879], [79.71414141414142, 21.2979797979798], [79.7, 21.2979797979798], [79.7, 21.28787878787879], [79.71414141414142, 21.28787878787879]]]}, "properties": {"confidence_score": 0.587, "site_id": "bhandara"}}, {"type": "Feature", "geometry": {"type": "Polygon", "coordinates": [[[79.72828282828283, 21.28787878787879], [79.72828282828283, 21.2979797979798], [79.71414141414141, 21.2979797979798], [79.71414141414141, 21.28787878787879], [79.72828282828283, 21.28787878787879]]]}, "properties": {"confidence_score": 0.5985, "site_id": "bhandara"}}, {"type": "Feature", "geometry": {"type": "Polygon", "coordinates": [[[79.74242424242425, 21.28787878787879], [79.74242424242425, 21.2979797979798], [79.72828282828283, 21.2979797979798], [79.72828282828283, 21.28787878787879], [79.74242424242425, 21.28787878787879]]]}, "properties": {"confidence_score": 0.5991, "site_id": "bhandara"}}, {"type": "Feature", "geometry": {"type": "Polygon", "coordinates": [[[79.75656565656567, 21.28787878787879], [79.75656565656567, 21.2979797979798], [79.74242424242425, 21.2979797979798], [79.74242424242425, 21.28787878787879], [79.75656565656567, 21.28787878787879]]]}, "properties": {"confidence_score": 0.6044, "site_id": "bhandara"}}, {"type": "Feature", "geometry": {"type": "Polygon", "coordinates": [[[79.77070707070708, 21.28787878787879], [79.77070707070708, 21.2979797979798], [79.75656565656566, 21.2979797979798], [79.75656565656566, 21.28787878787879], [79.77070707070708, 21.28787878787879]]]}, "properties": {"confidence_score": 0.625, "site_id": "bhandara"}}, {"type": "Feature", "geometry": {"type": "Polygon", "coordinates": [[[79.7848484848485, 21.28787878787879], [79.7848484848485, 21.2979797979798], [79.77070707070708, 21.2979797979798], [79.77070707070708, 21.28787878787879], [79.7848484848485, 21.28787878787879]]]}, "properties": {"confidence_score": 0.6701, "site_id": "bhandara"}}, {"type": "Feature", "geometry": {"type": "Polygon", "coordinates": [[[79.7989898989899, 21.28787878787879], [79.7989898989899, 21.2979797979798], [79.78484848484848, 21.2979797979798], [79.78484848484848, 21.28787878787879], [79.7989898989899, 21.28787878787879]]]}, "properties": {"confidence_score": 0.7528, "site_id": "bhandara"}}, {"type": "Feature", "geometry": {"type": "Polygon", "coordinates": [[[79.51616161616163, 21.2979797979798], [79.51616161616163, 21.30808080808081], [79.5020202020202, 21.30808080808081], [79.5020202020202, 21.2979797979798], [79.51616161616163, 21.2979797979798]]]}, "properties": {"confidence_score": 0.1842, "site_id": "bhandara"}}, {"type": "Feature", "geometry": {"type": "Polygon", "coordinates": [[[79.53030303030303, 21.2979797979798], [79.53030303030303, 21.30808080808081], [79.51616161616161, 21.30808080808081], [79.51616161616161, 21.2979797979798], [79.53030303030303, 21.2979797979798]]]}, "properties": {"confidence_score": 0.2179, "site_id": "bhandara"}}, {"type": "Feature", "geometry": {"type": "Polygon", "coordinates": [[[79.54444444444445, 21.2979797979798], [79.54444444444445, 21.30808080808081], [79.53030303030303, 21.30808080808081], [79.53030303030303, 21.2979797979798], [79.54444444444445, 21.2979797979798]]]}, "properties": {"confidence_score": 0.3077, "site_id": "bhandara"}}, {"type": "Feature", "geometry": {"type": "Polygon", "coordinates": [[[79.55858585858586, 21.2979797979798], [79.55858585858586, 21.30808080808081], [79.54444444444444, 21.30808080808081], [79.54444444444444, 21.2979797979798], [79.55858585858586, 21.2979797979798]]]}, "properties": {"confidence_score": 0.4314, "site_id": "bhandara"}}, {"type": "Feature", "geometry": {"type": "Polygon", "coordinates": [[[79.57272727272728, 21.2979797979798], [79.57272727272728, 21.30808080808081], [79.55858585858586, 21.30808080808081], [79.55858585858586, 21.2979797979798], [79.57272727272728, 21.2979797979798]]]}, "properties": {"confidence_score": 0.6032, "site_id": "bhandara"}}, {"type": "Feature", "geometry": {"type": "Polygon", "coordinates": [[[79.5868686868687, 21.2979797979798], [79.5868686868687, 21.30808080808081], [79.57272727272728, 21.30808080808081], [79.57272727272728, 21.2979797979798], [79.5868686868687, 21.2979797979798]]]}, "properties": {"confidence_score": 0.6303, "site_id": "bhandara"}}, {"type": "Feature", "geometry": {"type": "Polygon", "coordinates": [[[79.6010101010101, 21.2979797979798], [79.6010101010101, 21.30808080808081], [79.58686868686868, 21.30808080808081], [79.58686868686868, 21.2979797979798], [79.6010101010101, 21.2979797979798]]]}, "properties": {"confidence_score": 0.5607, "site_id": "bhandara"}}, {"type": "Feature", "geometry": {"type": "Polygon", "coordinates": [[[79.61515151515152, 21.2979797979798], [79.61515151515152, 21.30808080808081], [79.6010101010101, 21.30808080808081], [79.6010101010101, 21.2979797979798], [79.61515151515152, 21.2979797979798]]]}, "properties": {"confidence_score": 0.5475, "site_id": "bhandara"}}, {"type": "Feature", "geometry": {"type": "Polygon", "coordinates": [[[79.62929292929293, 21.2979797979798], [79.62929292929293, 21.30808080808081], [79.61515151515151, 21.30808080808081], [79.61515151515151, 21.2979797979798], [79.62929292929293, 21.2979797979798]]]}, "properties": {"confidence_score": 0.5575, "site_id": "bhandara"}}, {"type": "Feature", "geometry": {"type": "Polygon", "coordinates": [[[79.64343434343435, 21.2979797979798], [79.64343434343435, 21.30808080808081], [79.62929292929293, 21.30808080808081], [79.62929292929293, 21.2979797979798], [79.64343434343435, 21.2979797979798]]]}, "properties": {"confidence_score": 0.5869, "site_id": "bhandara"}}, {"type": "Feature", "geometry": {"type": "Polygon", "coordinates": [[[79.65757575757576, 21.2979797979798], [79.65757575757576, 21.30808080808081], [79.64343434343434, 21.30808080808081], [79.64343434343434, 21.2979797979798], [79.65757575757576, 21.2979797979798]]]}, "properties": {"confidence_score": 0.6313, "site_id": "bhandara"}}, {"type": "Feature", "geometry": {"type": "Polygon", "coordinates": [[[79.67171717171718, 21.2979797979798], [79.67171717171718, 21.30808080808081], [79.65757575757576, 21.30808080808081], [79.65757575757576, 21.2979797979798], [79.67171717171718, 21.2979797979798]]]}, "properties": {"confidence_score": 0.6331, "site_id": "bhandara"}}, {"type": "Feature", "geometry": {"type": "Polygon", "coordinates": [[[79.6858585858586, 21.2979797979798], [79.6858585858586, 21.30808080808081], [79.67171717171718, 21.30808080808081], [79.67171717171718, 21.2979797979798], [79.6858585858586, 21.2979797979798]]]}, "properties": {"confidence_score": 0.5994, "site_id": "bhandara"}}, {"type": "Feature", "geometry": {"type": "Polygon", "coordinates": [[[79.7, 21.2979797979798], [79.7, 21.30808080808081], [79.68585858585858, 21.30808080808081], [79.68585858585858, 21.2979797979798], [79.7, 21.2979797979798]]]}, "properties": {"confidence_score": 0.5729, "site_id": "bhandara"}}, {"type": "Feature", "geometry": {"type": "Polygon", "coordinates": [[[79.71414141414142, 21.2979797979798], [79.71414141414142, 21.30808080808081], [79.7, 21.30808080808081], [79.7, 21.2979797979798], [79.71414141414142, 21.2979797979798]]]}, "properties": {"confidence_score": 0.5584, "site_id": "bhandara"}}, {"type": "Feature", "geometry": {"type": "Polygon", "coordinates": [[[79.72828282828283, 21.2979797979798], [79.72828282828283, 21.30808080808081], [79.71414141414141, 21.30808080808081], [79.71414141414141, 21.2979797979798], [79.72828282828283, 21.2979797979798]]]}, "properties": {"confidence_score": 0.5559, "site_id": "bhandara"}}, {"type": "Feature", "geometry": {"type": "Polygon", "coordinates": [[[79.74242424242425, 21.2979797979798], [79.74242424242425, 21.30808080808081], [79.72828282828283, 21.30808080808081], [79.72828282828283, 21.2979797979798], [79.74242424242425, 21.2979797979798]]]}, "properties": {"confidence_score": 0.5692, "site_id": "bhandara"}}, {"type": "Feature", "geometry": {"type": "Polygon", "coordinates": [[[79.75656565656567, 21.2979797979798], [79.75656565656567, 21.30808080808081], [79.74242424242425, 21.30808080808081], [79.74242424242425, 21.2979797979798], [79.75656565656567, 21.2979797979798]]]}, "properties": {"confidence_score": 0.5644, "site_id": "bhandara"}}, {"type": "Feature", "geometry": {"type": "Polygon", "coordinates": [[[79.77070707070708, 21.2979797979798], [79.77070707070708, 21.30808080808081], [79.75656565656566, 21.30808080808081], [79.75656565656566, 21.2979797979798], [79.77070707070708, 21.2979797979798]]]}, "properties": {"confidence_score": 0.5259, "site_id": "bhandara"}}, {"type": "Feature", "geometry": {"type": "Polygon", "coordinates": [[[79.7848484848485, 21.2979797979798], [79.7848484848485, 21.30808080808081], [79.77070707070708, 21.30808080808081], [79.77070707070708, 21.2979797979798], [79.7848484848485, 21.2979797979798]]]}, "properties": {"confidence_score": 0.547, "site_id": "bhandara"}}, {"type": "Feature", "geometry": {"type": "Polygon", "coordinates": [[[79.7989898989899, 21.2979797979798], [79.7989898989899, 21.30808080808081], [79.78484848484848, 21.30808080808081], [79.78484848484848, 21.2979797979798], [79.7989898989899, 21.2979797979798]]]}, "properties": {"confidence_score": 0.6255, "site_id": "bhandara"}}, {"type": "Feature", "geometry": {"type": "Polygon", "coordinates": [[[79.51616161616163, 21.30808080808081], [79.51616161616163, 21.31818181818182], [79.5020202020202, 21.31818181818182], [79.5020202020202, 21.30808080808081], [79.51616161616163, 21.30808080808081]]]}, "properties": {"confidence_score": 0.2172, "site_id": "bhandara"}}, {"type": "Feature", "geometry": {"type": "Polygon", "coordinates": [[[79.53030303030303, 21.30808080808081], [79.53030303030303, 21.31818181818182], [79.51616161616161, 21.31818181818182], [79.51616161616161, 21.30808080808081], [79.53030303030303, 21.30808080808081]]]}, "properties": {"confidence_score": 0.2299, "site_id": "bhandara"}}, {"type": "Feature", "geometry": {"type": "Polygon", "coordinates": [[[79.54444444444445, 21.30808080808081], [79.54444444444445, 21.31818181818182], [79.53030303030303, 21.31818181818182], [79.53030303030303, 21.30808080808081], [79.54444444444445, 21.30808080808081]]]}, "properties": {"confidence_score": 0.3142, "site_id": "bhandara"}}, {"type": "Feature", "geometry": {"type": "Polygon", "coordinates": [[[79.55858585858586, 21.30808080808081], [79.55858585858586, 21.31818181818182], [79.54444444444444, 21.31818181818182], [79.54444444444444, 21.30808080808081], [79.55858585858586, 21.30808080808081]]]}, "properties": {"confidence_score": 0.4329, "site_id": "bhandara"}}, {"type": "Feature", "geometry": {"type": "Polygon", "coordinates": [[[79.57272727272728, 21.30808080808081], [79.57272727272728, 21.31818181818182], [79.55858585858586, 21.31818181818182], [79.55858585858586, 21.30808080808081], [79.57272727272728, 21.30808080808081]]]}, "properties": {"confidence_score": 0.5838, "site_id": "bhandara"}}, {"type": "Feature", "geometry": {"type": "Polygon", "coordinates": [[[79.5868686868687, 21.30808080808081], [79.5868686868687, 21.31818181818182], [79.57272727272728, 21.31818181818182], [79.57272727272728, 21.30808080808081], [79.5868686868687, 21.30808080808081]]]}, "properties": {"confidence_score": 0.6237, "site_id": "bhandara"}}, {"type": "Feature", "geometry": {"type": "Polygon", "coordinates": [[[79.6010101010101, 21.30808080808081], [79.6010101010101, 21.31818181818182], [79.58686868686868, 21.31818181818182], [79.58686868686868, 21.30808080808081], [79.6010101010101, 21.30808080808081]]]}, "properties": {"confidence_score": 0.5848, "site_id": "bhandara"}}, {"type": "Feature", "geometry": {"type": "Polygon", "coordinates": [[[79.61515151515152, 21.30808080808081], [79.61515151515152, 21.31818181818182], [79.6010101010101, 21.31818181818182], [79.6010101010101, 21.30808080808081], [79.61515151515152, 21.30808080808081]]]}, "properties": {"confidence_score": 0.5856, "site_id": "bhandara"}}, {"type": "Feature", "geometry": {"type": "Polygon", "coordinates": [[[79.62929292929293, 21.30808080808081], [79.62929292929293, 21.31818181818182], [79.61515151515151, 21.31818181818182], [79.61515151515151, 21.30808080808081], [79.62929292929293, 21.30808080808081]]]}, "properties": {"confidence_score": 0.6107, "site_id": "bhandara"}}, {"type": "Feature", "geometry": {"type": "Polygon", "coordinates": [[[79.64343434343435, 21.30808080808081], [79.64343434343435, 21.31818181818182], [79.62929292929293, 21.31818181818182], [79.62929292929293, 21.30808080808081], [79.64343434343435, 21.30808080808081]]]}, "properties": {"confidence_score": 0.6429, "site_id": "bhandara"}}, {"type": "Feature", "geometry": {"type": "Polygon", "coordinates": [[[79.65757575757576, 21.30808080808081], [79.65757575757576, 21.31818181818182], [79.64343434343434, 21.31818181818182], [79.64343434343434, 21.30808080808081], [79.65757575757576, 21.30808080808081]]]}, "properties": {"confidence_score": 0.6813, "site_id": "bhandara"}}, {"type": "Feature", "geometry": {"type": "Polygon", "coordinates": [[[79.67171717171718, 21.30808080808081], [79.67171717171718, 21.31818181818182], [79.65757575757576, 21.31818181818182], [79.65757575757576, 21.30808080808081], [79.67171717171718, 21.30808080808081]]]}, "properties": {"confidence_score": 0.6802, "site_id": "bhandara"}}, {"type": "Feature", "geometry": {"type": "Polygon", "coordinates": [[[79.6858585858586, 21.30808080808081], [79.6858585858586, 21.31818181818182], [79.67171717171718, 21.31818181818182], [79.67171717171718, 21.30808080808081], [79.6858585858586, 21.30808080808081]]]}, "properties": {"confidence_score": 0.6436, "site_id": "bhandara"}}, {"type": "Feature", "geometry": {"type": "Polygon", "coordinates": [[[79.7, 21.30808080808081], [79.7, 21.31818181818182], [79.68585858585858, 21.31818181818182], [79.68585858585858, 21.30808080808081], [79.7, 21.30808080808081]]]}, "properties": {"confidence_score": 0.6017, "site_id": "bhandara"}}, {"type": "Feature", "geometry": {"type": "Polygon", "coordinates": [[[79.71414141414142, 21.30808080808081], [79.71414141414142, 21.31818181818182], [79.7, 21.31818181818182], [79.7, 21.30808080808081], [79.71414141414142, 21.30808080808081]]]}, "properties": {"confidence_score": 0.5563, "site_id": "bhandara"}}, {"type": "Feature", "geometry": {"type": "Polygon", "coordinates": [[[79.72828282828283, 21.30808080808081], [79.72828282828283, 21.31818181818182], [79.71414141414141, 21.31818181818182], [79.71414141414141, 21.30808080808081], [79.72828282828283, 21.30808080808081]]]}, "properties": {"confidence_score": 0.535, "site_id": "bhandara"}}, {"type": "Feature", "geometry": {"type": "Polygon", "coordinates": [[[79.74242424242425, 21.30808080808081], [79.74242424242425, 21.31818181818182], [79.72828282828283, 21.31818181818182], [79.72828282828283, 21.30808080808081], [79.74242424242425, 21.30808080808081]]]}, "properties": {"confidence_score": 0.5382, "site_id": "bhandara"}}, {"type": "Feature", "geometry": {"type": "Polygon", "coordinates": [[[79.75656565656567, 21.30808080808081], [79.75656565656567, 21.31818181818182], [79.74242424242425, 21.31818181818182], [79.74242424242425, 21.30808080808081], [79.75656565656567, 21.30808080808081]]]}, "properties": {"confidence_score": 0.5294, "site_id": "bhandara"}}, {"type": "Feature", "geometry": {"type": "Polygon", "coordinates": [[[79.77070707070708, 21.30808080808081], [79.77070707070708, 21.31818181818182], [79.75656565656566, 21.31818181818182], [79.75656565656566, 21.30808080808081], [79.77070707070708, 21.30808080808081]]]}, "properties": {"confidence_score": 0.4999, "site_id": "bhandara"}}, {"type": "Feature", "geometry": {"type": "Polygon", "coordinates": [[[79.7848484848485, 21.30808080808081], [79.7848484848485, 21.31818181818182], [79.77070707070708, 21.31818181818182], [79.77070707070708, 21.30808080808081], [79.7848484848485, 21.30808080808081]]]}, "properties": {"confidence_score": 0.5169, "site_id": "bhandara"}}, {"type": "Feature", "geometry": {"type": "Polygon", "coordinates": [[[79.7989898989899, 21.30808080808081], [79.7989898989899, 21.31818181818182], [79.78484848484848, 21.31818181818182], [79.78484848484848, 21.30808080808081], [79.7989898989899, 21.30808080808081]]]}, "properties": {"confidence_score": 0.5792, "site_id": "bhandara"}}, {"type": "Feature", "geometry": {"type": "Polygon", "coordinates": [[[79.51616161616163, 21.318181818181817], [79.51616161616163, 21.328282828282827], [79.5020202020202, 21.328282828282827], [79.5020202020202, 21.318181818181817], [79.51616161616163, 21.318181818181817]]]}, "properties": {"confidence_score": 0.2392, "site_id": "bhandara"}}, {"type": "Feature", "geometry": {"type": "Polygon", "coordinates": [[[79.53030303030303, 21.318181818181817], [79.53030303030303, 21.328282828282827], [79.51616161616161, 21.328282828282827], [79.51616161616161, 21.318181818181817], [79.53030303030303, 21.318181818181817]]]}, "properties": {"confidence_score": 0.2399, "site_id": "bhandara"}}, {"type": "Feature", "geometry": {"type": "Polygon", "coordinates": [[[79.54444444444445, 21.318181818181817], [79.54444444444445, 21.328282828282827], [79.53030303030303, 21.328282828282827], [79.53030303030303, 21.318181818181817], [79.54444444444445, 21.318181818181817]]]}, "properties": {"confidence_score": 0.3201, "site_id": "bhandara"}}, {"type": "Feature", "geometry": {"type": "Polygon", "coordinates": [[[79.55858585858586, 21.318181818181817], [79.55858585858586, 21.328282828282827], [79.54444444444444, 21.328282828282827], [79.54444444444444, 21.318181818181817], [79.55858585858586, 21.318181818181817]]]}, "properties": {"confidence_score": 0.4157, "site_id": "bhandara"}}, {"type": "Feature", "geometry": {"type": "Polygon", "coordinates": [[[79.57272727272728, 21.318181818181817], [79.57272727272728, 21.328282828282827], [79.55858585858586, 21.328282828282827], [79.55858585858586, 21.318181818181817], [79.57272727272728, 21.318181818181817]]]}, "properties": {"confidence_score": 0.5175, "site_id": "bhandara"}}, {"type": "Feature", "geometry": {"type": "Polygon", "coordinates": [[[79.5868686868687, 21.318181818181817], [79.5868686868687, 21.328282828282827], [79.57272727272728, 21.328282828282827], [79.57272727272728, 21.318181818181817], [79.5868686868687, 21.318181818181817]]]}, "properties": {"confidence_score": 0.5801, "site_id": "bhandara"}}, {"type": "Feature", "geometry": {"type": "Polygon", "coordinates": [[[79.6010101010101, 21.318181818181817], [79.6010101010101, 21.328282828282827], [79.58686868686868, 21.328282828282827], [79.58686868686868, 21.318181818181817], [79.6010101010101, 21.318181818181817]]]}, "properties": {"confidence_score": 0.6219, "site_id": "bhandara"}}, {"type": "Feature", "geometry": {"type": "Polygon", "coordinates": [[[79.61515151515152, 21.318181818181817], [79.61515151515152, 21.328282828282827], [79.6010101010101, 21.328282828282827], [79.6010101010101, 21.318181818181817], [79.61515151515152, 21.318181818181817]]]}, "properties": {"confidence_score": 0.6512, "site_id": "bhandara"}}, {"type": "Feature", "geometry": {"type": "Polygon", "coordinates": [[[79.62929292929293, 21.318181818181817], [79.62929292929293, 21.328282828282827], [79.61515151515151, 21.328282828282827], [79.61515151515151, 21.318181818181817], [79.62929292929293, 21.318181818181817]]]}, "properties": {"confidence_score": 0.6883, "site_id": "bhandara"}}, {"type": "Feature", "geometry": {"type": "Polygon", "coordinates": [[[79.64343434343435, 21.318181818181817], [79.64343434343435, 21.328282828282827], [79.62929292929293, 21.328282828282827], [79.62929292929293, 21.318181818181817], [79.64343434343435, 21.318181818181817]]]}, "properties": {"confidence_score": 0.7159, "site_id": "bhandara"}}, {"type": "Feature", "geometry": {"type": "Polygon", "coordinates": [[[79.65757575757576, 21.318181818181817], [79.65757575757576, 21.328282828282827], [79.64343434343434, 21.328282828282827], [79.64343434343434, 21.318181818181817], [79.65757575757576, 21.318181818181817]]]}, "properties": {"confidence_score": 0.7524, "site_id": "bhandara"}}, {"type": "Feature", "geometry": {"type": "Polygon", "coordinates": [[[79.67171717171718, 21.318181818181817], [79.67171717171718, 21.328282828282827], [79.65757575757576, 21.328282828282827], [79.65757575757576, 21.318181818181817], [79.67171717171718, 21.318181818181817]]]}, "properties": {"confidence_score": 0.7454, "site_id": "bhandara"}}, {"type": "Feature", "geometry": {"type": "Polygon", "coordinates": [[[79.6858585858586, 21.318181818181817], [79.6858585858586, 21.328282828282827], [79.67171717171718, 21.328282828282827], [79.67171717171718, 21.318181818181817], [79.6858585858586, 21.318181818181817]]]}, "properties": {"confidence_score": 0.7016, "site_id": "bhandara"}}, {"type": "Feature", "geometry": {"type": "Polygon", "coordinates": [[[79.7, 21.318181818181817], [79.7, 21.328282828282827], [79.68585858585858, 21.328282828282827], [79.68585858585858, 21.318181818181817], [79.7, 21.318181818181817]]]}, "properties": {"confidence_score": 0.6511, "site_id": "bhandara"}}, {"type": "Feature", "geometry": {"type": "Polygon", "coordinates": [[[79.71414141414142, 21.318181818181817], [79.71414141414142, 21.328282828282827], [79.7, 21.328282828282827], [79.7, 21.318181818181817], [79.71414141414142, 21.318181818181817]]]}, "properties": {"confidence_score": 0.5758, "site_id": "bhandara"}}, {"type": "Feature", "geometry": {"type": "Polygon", "coordinates": [[[79.72828282828283, 21.318181818181817], [79.72828282828283, 21.328282828282827], [79.71414141414141, 21.328282828282827], [79.71414141414141, 21.318181818181817], [79.72828282828283, 21.318181818181817]]]}, "properties": {"confidence_score": 0.5354, "site_id": "bhandara"}}, {"type": "Feature", "geometry": {"type": "Polygon", "coordinates": [[[79.74242424242425, 21.318181818181817], [79.74242424242425, 21.328282828282827], [79.72828282828283, 21.328282828282827], [79.72828282828283, 21.318181818181817], [79.74242424242425, 21.318181818181817]]]}, "properties": {"confidence_score": 0.5205, "site_id": "bhandara"}}, {"type": "Feature", "geometry": {"type": "Polygon", "coordinates": [[[79.75656565656567, 21.318181818181817], [79.75656565656567, 21.328282828282827], [79.74242424242425, 21.328282828282827], [79.74242424242425, 21.318181818181817], [79.75656565656567, 21.318181818181817]]]}, "properties": {"confidence_score": 0.5119, "site_id": "bhandara"}}, {"type": "Feature", "geometry": {"type": "Polygon", "coordinates": [[[79.77070707070708, 21.318181818181817], [79.77070707070708, 21.328282828282827], [79.75656565656566, 21.328282828282827], [79.75656565656566, 21.318181818181817], [79.77070707070708, 21.318181818181817]]]}, "properties": {"confidence_score": 0.5247, "site_id": "bhandara"}}, {"type": "Feature", "geometry": {"type": "Polygon", "coordinates": [[[79.7848484848485, 21.318181818181817], [79.7848484848485, 21.328282828282827], [79.77070707070708, 21.328282828282827], [79.77070707070708, 21.318181818181817], [79.7848484848485, 21.318181818181817]]]}, "properties": {"confidence_score": 0.5507, "site_id": "bhandara"}}, {"type": "Feature", "geometry": {"type": "Polygon", "coordinates": [[[79.7989898989899, 21.318181818181817], [79.7989898989899, 21.328282828282827], [79.78484848484848, 21.328282828282827], [79.78484848484848, 21.318181818181817], [79.7989898989899, 21.318181818181817]]]}, "properties": {"confidence_score": 0.5949, "site_id": "bhandara"}}, {"type": "Feature", "geometry": {"type": "Polygon", "coordinates": [[[79.51616161616163, 21.328282828282827], [79.51616161616163, 21.338383838383837], [79.5020202020202, 21.338383838383837], [79.5020202020202, 21.328282828282827], [79.51616161616163, 21.328282828282827]]]}, "properties": {"confidence_score": 0.2464, "site_id": "bhandara"}}, {"type": "Feature", "geometry": {"type": "Polygon", "coordinates": [[[79.53030303030303, 21.328282828282827], [79.53030303030303, 21.338383838383837], [79.51616161616161, 21.338383838383837], [79.51616161616161, 21.328282828282827], [79.53030303030303, 21.328282828282827]]]}, "properties": {"confidence_score": 0.2406, "site_id": "bhandara"}}, {"type": "Feature", "geometry": {"type": "Polygon", "coordinates": [[[79.54444444444445, 21.328282828282827], [79.54444444444445, 21.338383838383837], [79.53030303030303, 21.338383838383837], [79.53030303030303, 21.328282828282827], [79.54444444444445, 21.328282828282827]]]}, "properties": {"confidence_score": 0.3184, "site_id": "bhandara"}}, {"type": "Feature", "geometry": {"type": "Polygon", "coordinates": [[[79.55858585858586, 21.328282828282827], [79.55858585858586, 21.338383838383837], [79.54444444444444, 21.338383838383837], [79.54444444444444, 21.328282828282827], [79.55858585858586, 21.328282828282827]]]}, "properties": {"confidence_score": 0.3891, "site_id": "bhandara"}}, {"type": "Feature", "geometry": {"type": "Polygon", "coordinates": [[[79.57272727272728, 21.328282828282827], [79.57272727272728, 21.338383838383837], [79.55858585858586, 21.338383838383837], [79.55858585858586, 21.328282828282827], [79.57272727272728, 21.328282828282827]]]}, "properties": {"confidence_score": 0.451, "site_id": "bhandara"}}, {"type": "Feature", "geometry": {"type": "Polygon", "coordinates": [[[79.5868686868687, 21.328282828282827], [79.5868686868687, 21.338383838383837], [79.57272727272728, 21.338383838383837], [79.57272727272728, 21.328282828282827], [79.5868686868687, 21.328282828282827]]]}, "properties": {"confidence_score": 0.5327, "site_id": "bhandara"}}, {"type": "Feature", "geometry": {"type": "Polygon", "coordinates": [[[79.6010101010101, 21.328282828282827], [79.6010101010101, 21.338383838383837], [79.58686868686868, 21.338383838383837], [79.58686868686868, 21.328282828282827], [79.6010101010101, 21.328282828282827]]]}, "properties": {"confidence_score": 0.6373, "site_id": "bhandara"}}, {"type": "Feature", "geometry": {"type": "Polygon", "coordinates": [[[79.61515151515152, 21.328282828282827], [79.61515151515152, 21.338383838383837], [79.6010101010101, 21.338383838383837], [79.6010101010101, 21.328282828282827], [79.61515151515152, 21.328282828282827]]]}, "properties": {"confidence_score": 0.6981, "site_id": "bhandara"}}, {"type": "Feature", "geometry": {"type": "Polygon", "coordinates": [[[79.62929292929293, 21.328282828282827], [79.62929292929293, 21.338383838383837], [79.61515151515151, 21.338383838383837], [79.61515151515151, 21.328282828282827], [79.62929292929293, 21.328282828282827]]]}, "properties": {"confidence_score": 0.7398, "site_id": "bhandara"}}, {"type": "Feature", "geometry": {"type": "Polygon", "coordinates": [[[79.64343434343435, 21.328282828282827], [79.64343434343435, 21.338383838383837], [79.62929292929293, 21.338383838383837], [79.62929292929293, 21.328282828282827], [79.64343434343435, 21.328282828282827]]]}, "properties": {"confidence_score": 0.7583, "site_id": "bhandara"}}, {"type": "Feature", "geometry": {"type": "Polygon", "coordinates": [[[79.65757575757576, 21.328282828282827], [79.65757575757576, 21.338383838383837], [79.64343434343434, 21.338383838383837], [79.64343434343434, 21.328282828282827], [79.65757575757576, 21.328282828282827]]]}, "properties": {"confidence_score": 0.7725, "site_id": "bhandara"}}, {"type": "Feature", "geometry": {"type": "Polygon", "coordinates": [[[79.67171717171718, 21.328282828282827], [79.67171717171718, 21.338383838383837], [79.65757575757576, 21.338383838383837], [79.65757575757576, 21.328282828282827], [79.67171717171718, 21.328282828282827]]]}, "properties": {"confidence_score": 0.7667, "site_id": "bhandara"}}, {"type": "Feature", "geometry": {"type": "Polygon", "coordinates": [[[79.6858585858586, 21.328282828282827], [79.6858585858586, 21.338383838383837], [79.67171717171718, 21.338383838383837], [79.67171717171718, 21.328282828282827], [79.6858585858586, 21.328282828282827]]]}, "properties": {"confidence_score": 0.7385, "site_id": "bhandara"}}, {"type": "Feature", "geometry": {"type": "Polygon", "coordinates": [[[79.7, 21.328282828282827], [79.7, 21.338383838383837], [79.68585858585858, 21.338383838383837], [79.68585858585858, 21.328282828282827], [79.7, 21.328282828282827]]]}, "properties": {"confidence_score": 0.6974, "site_id": "bhandara"}}, {"type": "Feature", "geometry": {"type": "Polygon", "coordinates": [[[79.71414141414142, 21.328282828282827], [79.71414141414142, 21.338383838383837], [79.7, 21.338383838383837], [79.7, 21.328282828282827], [79.71414141414142, 21.328282828282827]]]}, "properties": {"confidence_score": 0.6287, "site_id": "bhandara"}}, {"type": "Feature", "geometry": {"type": "Polygon", "coordinates": [[[79.72828282828283, 21.328282828282827], [79.72828282828283, 21.338383838383837], [79.71414141414141, 21.338383838383837], [79.71414141414141, 21.328282828282827], [79.72828282828283, 21.328282828282827]]]}, "properties": {"confidence_score": 0.5772, "site_id": "bhandara"}}, {"type": "Feature", "geometry": {"type": "Polygon", "coordinates": [[[79.74242424242425, 21.328282828282827], [79.74242424242425, 21.338383838383837], [79.72828282828283, 21.338383838383837], [79.72828282828283, 21.328282828282827], [79.74242424242425, 21.328282828282827]]]}, "properties": {"confidence_score": 0.5403, "site_id": "bhandara"}}, {"type": "Feature", "geometry": {"type": "Polygon", "coordinates": [[[79.75656565656567, 21.328282828282827], [79.75656565656567, 21.338383838383837], [79.74242424242425, 21.338383838383837], [79.74242424242425, 21.328282828282827], [79.75656565656567, 21.328282828282827]]]}, "properties": {"confidence_score": 0.5272, "site_id": "bhandara"}}, {"type": "Feature", "geometry": {"type": "Polygon", "coordinates": [[[79.77070707070708, 21.328282828282827], [79.77070707070708, 21.338383838383837], [79.75656565656566, 21.338383838383837], [79.75656565656566, 21.328282828282827], [79.77070707070708, 21.328282828282827]]]}, "properties": {"confidence_score": 0.5455, "site_id": "bhandara"}}, {"type": "Feature", "geometry": {"type": "Polygon", "coordinates": [[[79.7848484848485, 21.328282828282827], [79.7848484848485, 21.338383838383837], [79.77070707070708, 21.338383838383837], [79.77070707070708, 21.328282828282827], [79.7848484848485, 21.328282828282827]]]}, "properties": {"confidence_score": 0.573, "site_id": "bhandara"}}, {"type": "Feature", "geometry": {"type": "Polygon", "coordinates": [[[79.7989898989899, 21.328282828282827], [79.7989898989899, 21.338383838383837], [79.78484848484848, 21.338383838383837], [79.78484848484848, 21.328282828282827], [79.7989898989899, 21.328282828282827]]]}, "properties": {"confidence_score": 0.6114, "site_id": "bhandara"}}, {"type": "Feature", "geometry": {"type": "Polygon", "coordinates": [[[79.51616161616163, 21.338383838383837], [79.51616161616163, 21.348484848484848], [79.5020202020202, 21.348484848484848], [79.5020202020202, 21.338383838383837], [79.51616161616163, 21.338383838383837]]]}, "properties": {"confidence_score": 0.224, "site_id": "bhandara"}}, {"type": "Feature", "geometry": {"type": "Polygon", "coordinates": [[[79.53030303030303, 21.338383838383837], [79.53030303030303, 21.348484848484848], [79.51616161616161, 21.348484848484848], [79.51616161616161, 21.338383838383837], [79.53030303030303, 21.338383838383837]]]}, "properties": {"confidence_score": 0.2261, "site_id": "bhandara"}}, {"type": "Feature", "geometry": {"type": "Polygon", "coordinates": [[[79.54444444444445, 21.338383838383837], [79.54444444444445, 21.348484848484848], [79.53030303030303, 21.348484848484848], [79.53030303030303, 21.338383838383837], [79.54444444444445, 21.338383838383837]]]}, "properties": {"confidence_score": 0.315, "site_id": "bhandara"}}, {"type": "Feature", "geometry": {"type": "Polygon", "coordinates": [[[79.55858585858586, 21.338383838383837], [79.55858585858586, 21.348484848484848], [79.54444444444444, 21.348484848484848], [79.54444444444444, 21.338383838383837], [79.55858585858586, 21.338383838383837]]]}, "properties": {"confidence_score": 0.3626, "site_id": "bhandara"}}, {"type": "Feature", "geometry": {"type": "Polygon", "coordinates": [[[79.57272727272728, 21.338383838383837], [79.57272727272728, 21.348484848484848], [79.55858585858586, 21.348484848484848], [79.55858585858586, 21.338383838383837], [79.57272727272728, 21.338383838383837]]]}, "properties": {"confidence_score": 0.379, "site_id": "bhandara"}}, {"type": "Feature", "geometry": {"type": "Polygon", "coordinates": [[[79.5868686868687, 21.338383838383837], [79.5868686868687, 21.348484848484848], [79.57272727272728, 21.348484848484848], [79.57272727272728, 21.338383838383837], [79.5868686868687, 21.338383838383837]]]}, "properties": {"confidence_score": 0.4788, "site_id": "bhandara"}}, {"type": "Feature", "geometry": {"type": "Polygon", "coordinates": [[[79.6010101010101, 21.338383838383837], [79.6010101010101, 21.348484848484848], [79.58686868686868, 21.348484848484848], [79.58686868686868, 21.338383838383837], [79.6010101010101, 21.338383838383837]]]}, "properties": {"confidence_score": 0.6479, "site_id": "bhandara"}}, {"type": "Feature", "geometry": {"type": "Polygon", "coordinates": [[[79.61515151515152, 21.338383838383837], [79.61515151515152, 21.348484848484848], [79.6010101010101, 21.348484848484848], [79.6010101010101, 21.338383838383837], [79.61515151515152, 21.338383838383837]]]}, "properties": {"confidence_score": 0.7216, "site_id": "bhandara"}}, {"type": "Feature", "geometry": {"type": "Polygon", "coordinates": [[[79.62929292929293, 21.338383838383837], [79.62929292929293, 21.348484848484848], [79.61515151515151, 21.348484848484848], [79.61515151515151, 21.338383838383837], [79.62929292929293, 21.338383838383837]]]}, "properties": {"confidence_score": 0.7654, "site_id": "bhandara"}}, {"type": "Feature", "geometry": {"type": "Polygon", "coordinates": [[[79.64343434343435, 21.338383838383837], [79.64343434343435, 21.348484848484848], [79.62929292929293, 21.348484848484848], [79.62929292929293, 21.338383838383837], [79.64343434343435, 21.338383838383837]]]}, "properties": {"confidence_score": 0.7682, "site_id": "bhandara"}}, {"type": "Feature", "geometry": {"type": "Polygon", "coordinates": [[[79.65757575757576, 21.338383838383837], [79.65757575757576, 21.348484848484848], [79.64343434343434, 21.348484848484848], [79.64343434343434, 21.338383838383837], [79.65757575757576, 21.338383838383837]]]}, "properties": {"confidence_score": 0.7506, "site_id": "bhandara"}}, {"type": "Feature", "geometry": {"type": "Polygon", "coordinates": [[[79.67171717171718, 21.338383838383837], [79.67171717171718, 21.348484848484848], [79.65757575757576, 21.348484848484848], [79.65757575757576, 21.338383838383837], [79.67171717171718, 21.338383838383837]]]}, "properties": {"confidence_score": 0.7554, "site_id": "bhandara"}}, {"type": "Feature", "geometry": {"type": "Polygon", "coordinates": [[[79.6858585858586, 21.338383838383837], [79.6858585858586, 21.348484848484848], [79.67171717171718, 21.348484848484848], [79.67171717171718, 21.338383838383837], [79.6858585858586, 21.338383838383837]]]}, "properties": {"confidence_score": 0.7651, "site_id": "bhandara"}}, {"type": "Feature", "geometry": {"type": "Polygon", "coordinates": [[[79.7, 21.338383838383837], [79.7, 21.348484848484848], [79.68585858585858, 21.348484848484848], [79.68585858585858, 21.338383838383837], [79.7, 21.338383838383837]]]}, "properties": {"confidence_score": 0.7487, "site_id": "bhandara"}}, {"type": "Feature", "geometry": {"type": "Polygon", "coordinates": [[[79.71414141414142, 21.338383838383837], [79.71414141414142, 21.348484848484848], [79.7, 21.348484848484848], [79.7, 21.338383838383837], [79.71414141414142, 21.338383838383837]]]}, "properties": {"confidence_score": 0.7041, "site_id": "bhandara"}}, {"type": "Feature", "geometry": {"type": "Polygon", "coordinates": [[[79.72828282828283, 21.338383838383837], [79.72828282828283, 21.348484848484848], [79.71414141414141, 21.348484848484848], [79.71414141414141, 21.338383838383837], [79.72828282828283, 21.338383838383837]]]}, "properties": {"confidence_score": 0.649, "site_id": "bhandara"}}, {"type": "Feature", "geometry": {"type": "Polygon", "coordinates": [[[79.74242424242425, 21.338383838383837], [79.74242424242425, 21.348484848484848], [79.72828282828283, 21.348484848484848], [79.72828282828283, 21.338383838383837], [79.74242424242425, 21.338383838383837]]]}, "properties": {"confidence_score": 0.5847, "site_id": "bhandara"}}, {"type": "Feature", "geometry": {"type": "Polygon", "coordinates": [[[79.75656565656567, 21.338383838383837], [79.75656565656567, 21.348484848484848], [79.74242424242425, 21.348484848484848], [79.74242424242425, 21.338383838383837], [79.75656565656567, 21.338383838383837]]]}, "properties": {"confidence_score": 0.5644, "site_id": "bhandara"}}, {"type": "Feature", "geometry": {"type": "Polygon", "coordinates": [[[79.77070707070708, 21.338383838383837], [79.77070707070708, 21.348484848484848], [79.75656565656566, 21.348484848484848], [79.75656565656566, 21.338383838383837], [79.77070707070708, 21.338383838383837]]]}, "properties": {"confidence_score": 0.5722, "site_id": "bhandara"}}, {"type": "Feature", "geometry": {"type": "Polygon", "coordinates": [[[79.7848484848485, 21.338383838383837], [79.7848484848485, 21.348484848484848], [79.77070707070708, 21.348484848484848], [79.77070707070708, 21.338383838383837], [79.7848484848485, 21.338383838383837]]]}, "properties": {"confidence_score": 0.5938, "site_id": "bhandara"}}, {"type": "Feature", "geometry": {"type": "Polygon", "coordinates": [[[79.7989898989899, 21.338383838383837], [79.7989898989899, 21.348484848484848], [79.78484848484848, 21.348484848484848], [79.78484848484848, 21.338383838383837], [79.7989898989899, 21.338383838383837]]]}, "properties": {"confidence_score": 0.6309, "site_id": "bhandara"}}, {"type": "Feature", "geometry": {"type": "Polygon", "coordinates": [[[79.51616161616163, 21.348484848484848], [79.51616161616163, 21.358585858585858], [79.5020202020202, 21.358585858585858], [79.5020202020202, 21.348484848484848], [79.51616161616163, 21.348484848484848]]]}, "properties": {"confidence_score": 0.2233, "site_id": "bhandara"}}, {"type": "Feature", "geometry": {"type": "Polygon", "coordinates": [[[79.53030303030303, 21.348484848484848], [79.53030303030303, 21.358585858585858], [79.51616161616161, 21.358585858585858], [79.51616161616161, 21.348484848484848], [79.53030303030303, 21.348484848484848]]]}, "properties": {"confidence_score": 0.2225, "site_id": "bhandara"}}, {"type": "Feature", "geometry": {"type": "Polygon", "coordinates": [[[79.54444444444445, 21.348484848484848], [79.54444444444445, 21.358585858585858], [79.53030303030303, 21.358585858585858], [79.53030303030303, 21.348484848484848], [79.54444444444445, 21.348484848484848]]]}, "properties": {"confidence_score": 0.2783, "site_id": "bhandara"}}, {"type": "Feature", "geometry": {"type": "Polygon", "coordinates": [[[79.55858585858586, 21.348484848484848], [79.55858585858586, 21.358585858585858], [79.54444444444444, 21.358585858585858], [79.54444444444444, 21.348484848484848], [79.55858585858586, 21.348484848484848]]]}, "properties": {"confidence_score": 0.3223, "site_id": "bhandara"}}, {"type": "Feature", "geometry": {"type": "Polygon", "coordinates": [[[79.57272727272728, 21.348484848484848], [79.57272727272728, 21.358585858585858], [79.55858585858586, 21.358585858585858], [79.55858585858586, 21.348484848484848], [79.57272727272728, 21.348484848484848]]]}, "properties": {"confidence_score": 0.3567, "site_id": "bhandara"}}, {"type": "Feature", "geometry": {"type": "Polygon", "coordinates": [[[79.5868686868687, 21.348484848484848], [79.5868686868687, 21.358585858585858], [79.57272727272728, 21.358585858585858], [79.57272727272728, 21.348484848484848], [79.5868686868687, 21.348484848484848]]]}, "properties": {"confidence_score": 0.4533, "site_id": "bhandara"}}, {"type": "Feature", "geometry": {"type": "Polygon", "coordinates": [[[79.6010101010101, 21.348484848484848], [79.6010101010101, 21.358585858585858], [79.58686868686868, 21.358585858585858], [79.58686868686868, 21.348484848484848], [79.6010101010101, 21.348484848484848]]]}, "properties": {"confidence_score": 0.5995, "site_id": "bhandara"}}, {"type": "Feature", "geometry": {"type": "Polygon", "coordinates": [[[79.61515151515152, 21.348484848484848], [79.61515151515152, 21.358585858585858], [79.6010101010101, 21.358585858585858], [79.6010101010101, 21.348484848484848], [79.61515151515152, 21.348484848484848]]]}, "properties": {"confidence_score": 0.6708, "site_id": "bhandara"}}, {"type": "Feature", "geometry": {"type": "Polygon", "coordinates": [[[79.62929292929293, 21.348484848484848], [79.62929292929293, 21.358585858585858], [79.61515151515151, 21.358585858585858], [79.61515151515151, 21.348484848484848], [79.62929292929293, 21.348484848484848]]]}, "properties": {"confidence_score": 0.7054, "site_id": "bhandara"}}, {"type": "Feature", "geometry": {"type": "Polygon", "coordinates": [[[79.64343434343435, 21.348484848484848], [79.64343434343435, 21.358585858585858], [79.62929292929293, 21.358585858585858], [79.62929292929293, 21.348484848484848], [79.64343434343435, 21.348484848484848]]]}, "properties": {"confidence_score": 0.7049, "site_id": "bhandara"}}, {"type": "Feature", "geometry": {"type": "Polygon", "coordinates": [[[79.65757575757576, 21.348484848484848], [79.65757575757576, 21.358585858585858], [79.64343434343434, 21.358585858585858], [79.64343434343434, 21.348484848484848], [79.65757575757576, 21.348484848484848]]]}, "properties": {"confidence_score": 0.6893, "site_id": "bhandara"}}, {"type": "Feature", "geometry": {"type": "Polygon", "coordinates": [[[79.67171717171718, 21.348484848484848], [79.67171717171718, 21.358585858585858], [79.65757575757576, 21.358585858585858], [79.65757575757576, 21.348484848484848], [79.67171717171718, 21.348484848484848]]]}, "properties": {"confidence_score": 0.7199, "site_id": "bhandara"}}, {"type": "Feature", "geometry": {"type": "Polygon", "coordinates": [[[79.6858585858586, 21.348484848484848], [79.6858585858586, 21.358585858585858], [79.67171717171718, 21.358585858585858], [79.67171717171718, 21.348484848484848], [79.6858585858586, 21.348484848484848]]]}, "properties": {"confidence_score": 0.7842, "site_id": "bhandara"}}, {"type": "Feature", "geometry": {"type": "Polygon", "coordinates": [[[79.7, 21.348484848484848], [79.7, 21.358585858585858], [79.68585858585858, 21.358585858585858], [79.68585858585858, 21.348484848484848], [79.7, 21.348484848484848]]]}, "properties": {"confidence_score": 0.7967, "site_id": "bhandara"}}, {"type": "Feature", "geometry": {"type": "Polygon", "coordinates": [[[79.71414141414142, 21.348484848484848], [79.71414141414142, 21.358585858585858], [79.7, 21.358585858585858], [79.7, 21.348484848484848], [79.71414141414142, 21.348484848484848]]]}, "properties": {"confidence_score": 0.7566, "site_id": "bhandara"}}, {"type": "Feature", "geometry": {"type": "Polygon", "coordinates": [[[79.72828282828283, 21.348484848484848], [79.72828282828283, 21.358585858585858], [79.71414141414141, 21.358585858585858], [79.71414141414141, 21.348484848484848], [79.72828282828283, 21.348484848484848]]]}, "properties": {"confidence_score": 0.701, "site_id": "bhandara"}}, {"type": "Feature", "geometry": {"type": "Polygon", "coordinates": [[[79.74242424242425, 21.348484848484848], [79.74242424242425, 21.358585858585858], [79.72828282828283, 21.358585858585858], [79.72828282828283, 21.348484848484848], [79.74242424242425, 21.348484848484848]]]}, "properties": {"confidence_score": 0.6376, "site_id": "bhandara"}}, {"type": "Feature", "geometry": {"type": "Polygon", "coordinates": [[[79.75656565656567, 21.348484848484848], [79.75656565656567, 21.358585858585858], [79.74242424242425, 21.358585858585858], [79.74242424242425, 21.348484848484848], [79.75656565656567, 21.348484848484848]]]}, "properties": {"confidence_score": 0.6202, "site_id": "bhandara"}}, {"type": "Feature", "geometry": {"type": "Polygon", "coordinates": [[[79.77070707070708, 21.348484848484848], [79.77070707070708, 21.358585858585858], [79.75656565656566, 21.358585858585858], [79.75656565656566, 21.348484848484848], [79.77070707070708, 21.348484848484848]]]}, "properties": {"confidence_score": 0.6359, "site_id": "bhandara"}}, {"type": "Feature", "geometry": {"type": "Polygon", "coordinates": [[[79.7848484848485, 21.348484848484848], [79.7848484848485, 21.358585858585858], [79.77070707070708, 21.358585858585858], [79.77070707070708, 21.348484848484848], [79.7848484848485, 21.348484848484848]]]}, "properties": {"confidence_score": 0.6516, "site_id": "bhandara"}}, {"type": "Feature", "geometry": {"type": "Polygon", "coordinates": [[[79.7989898989899, 21.348484848484848], [79.7989898989899, 21.358585858585858], [79.78484848484848, 21.358585858585858], [79.78484848484848, 21.348484848484848], [79.7989898989899, 21.348484848484848]]]}, "properties": {"confidence_score": 0.6621, "site_id": "bhandara"}}, {"type": "Feature", "geometry": {"type": "Polygon", "coordinates": [[[79.51616161616163, 21.358585858585858], [79.51616161616163, 21.36868686868687], [79.5020202020202, 21.36868686868687], [79.5020202020202, 21.358585858585858], [79.51616161616163, 21.358585858585858]]]}, "properties": {"confidence_score": 0.2331, "site_id": "bhandara"}}, {"type": "Feature", "geometry": {"type": "Polygon", "coordinates": [[[79.53030303030303, 21.358585858585858], [79.53030303030303, 21.36868686868687], [79.51616161616161, 21.36868686868687], [79.51616161616161, 21.358585858585858], [79.53030303030303, 21.358585858585858]]]}, "properties": {"confidence_score": 0.2282, "site_id": "bhandara"}}, {"type": "Feature", "geometry": {"type": "Polygon", "coordinates": [[[79.54444444444445, 21.358585858585858], [79.54444444444445, 21.36868686868687], [79.53030303030303, 21.36868686868687], [79.53030303030303, 21.358585858585858], [79.54444444444445, 21.358585858585858]]]}, "properties": {"confidence_score": 0.223, "site_id": "bhandara"}}, {"type": "Feature", "geometry": {"type": "Polygon", "coordinates": [[[79.55858585858586, 21.358585858585858], [79.55858585858586, 21.36868686868687], [79.54444444444444, 21.36868686868687], [79.54444444444444, 21.358585858585858], [79.55858585858586, 21.358585858585858]]]}, "properties": {"confidence_score": 0.2809, "site_id": "bhandara"}}, {"type": "Feature", "geometry": {"type": "Polygon", "coordinates": [[[79.57272727272728, 21.358585858585858], [79.57272727272728, 21.36868686868687], [79.55858585858586, 21.36868686868687], [79.55858585858586, 21.358585858585858], [79.57272727272728, 21.358585858585858]]]}, "properties": {"confidence_score": 0.3677, "site_id": "bhandara"}}, {"type": "Feature", "geometry": {"type": "Polygon", "coordinates": [[[79.5868686868687, 21.358585858585858], [79.5868686868687, 21.36868686868687], [79.57272727272728, 21.36868686868687], [79.57272727272728, 21.358585858585858], [79.5868686868687, 21.358585858585858]]]}, "properties": {"confidence_score": 0.451, "site_id": "bhandara"}}, {"type": "Feature", "geometry": {"type": "Polygon", "coordinates": [[[79.6010101010101, 21.358585858585858], [79.6010101010101, 21.36868686868687], [79.58686868686868, 21.36868686868687], [79.58686868686868, 21.358585858585858], [79.6010101010101, 21.358585858585858]]]}, "properties": {"confidence_score": 0.529, "site_id": "bhandara"}}, {"type": "Feature", "geometry": {"type": "Polygon", "coordinates": [[[79.61515151515152, 21.358585858585858], [79.61515151515152, 21.36868686868687], [79.6010101010101, 21.36868686868687], [79.6010101010101, 21.358585858585858], [79.61515151515152, 21.358585858585858]]]}, "properties": {"confidence_score": 0.5846, "site_id": "bhandara"}}, {"type": "Feature", "geometry": {"type": "Polygon", "coordinates": [[[79.62929292929293, 21.358585858585858], [79.62929292929293, 21.36868686868687], [79.61515151515151, 21.36868686868687], [79.61515151515151, 21.358585858585858], [79.62929292929293, 21.358585858585858]]]}, "properties": {"confidence_score": 0.6043, "site_id": "bhandara"}}, {"type": "Feature", "geometry": {"type": "Polygon", "coordinates": [[[79.64343434343435, 21.358585858585858], [79.64343434343435, 21.36868686868687], [79.62929292929293, 21.36868686868687], [79.62929292929293, 21.358585858585858], [79.64343434343435, 21.358585858585858]]]}, "properties": {"confidence_score": 0.6079, "site_id": "bhandara"}}, {"type": "Feature", "geometry": {"type": "Polygon", "coordinates": [[[79.65757575757576, 21.358585858585858], [79.65757575757576, 21.36868686868687], [79.64343434343434, 21.36868686868687], [79.64343434343434, 21.358585858585858], [79.65757575757576, 21.358585858585858]]]}, "properties": {"confidence_score": 0.605, "site_id": "bhandara"}}, {"type": "Feature", "geometry": {"type": "Polygon", "coordinates": [[[79.67171717171718, 21.358585858585858], [79.67171717171718, 21.36868686868687], [79.65757575757576, 21.36868686868687], [79.65757575757576, 21.358585858585858], [79.67171717171718, 21.358585858585858]]]}, "properties": {"confidence_score": 0.6668, "site_id": "bhandara"}}, {"type": "Feature", "geometry": {"type": "Polygon", "coordinates": [[[79.6858585858586, 21.358585858585858], [79.6858585858586, 21.36868686868687], [79.67171717171718, 21.36868686868687], [79.67171717171718, 21.358585858585858], [79.6858585858586, 21.358585858585858]]]}, "properties": {"confidence_score": 0.8095, "site_id": "bhandara"}}, {"type": "Feature", "geometry": {"type": "Polygon", "coordinates": [[[79.7, 21.358585858585858], [79.7, 21.36868686868687], [79.68585858585858, 21.36868686868687], [79.68585858585858, 21.358585858585858], [79.7, 21.358585858585858]]]}, "properties": {"confidence_score": 0.8462, "site_id": "bhandara"}}, {"type": "Feature", "geometry": {"type": "Polygon", "coordinates": [[[79.71414141414142, 21.358585858585858], [79.71414141414142, 21.36868686868687], [79.7, 21.36868686868687], [79.7, 21.358585858585858], [79.71414141414142, 21.358585858585858]]]}, "properties": {"confidence_score": 0.7916, "site_id": "bhandara"}}, {"type": "Feature", "geometry": {"type": "Polygon", "coordinates": [[[79.72828282828283, 21.358585858585858], [79.72828282828283, 21.36868686868687], [79.71414141414141, 21.36868686868687], [79.71414141414141, 21.358585858585858], [79.72828282828283, 21.358585858585858]]]}, "properties": {"confidence_score": 0.7399, "site_id": "bhandara"}}, {"type": "Feature", "geometry": {"type": "Polygon", "coordinates": [[[79.74242424242425, 21.358585858585858], [79.74242424242425, 21.36868686868687], [79.72828282828283, 21.36868686868687], [79.72828282828283, 21.358585858585858], [79.74242424242425, 21.358585858585858]]]}, "properties": {"confidence_score": 0.6889, "site_id": "bhandara"}}, {"type": "Feature", "geometry": {"type": "Polygon", "coordinates": [[[79.75656565656567, 21.358585858585858], [79.75656565656567, 21.36868686868687], [79.74242424242425, 21.36868686868687], [79.74242424242425, 21.358585858585858], [79.75656565656567, 21.358585858585858]]]}, "properties": {"confidence_score": 0.6828, "site_id": "bhandara"}}, {"type": "Feature", "geometry": {"type": "Polygon", "coordinates": [[[79.77070707070708, 21.358585858585858], [79.77070707070708, 21.36868686868687], [79.75656565656566, 21.36868686868687], [79.75656565656566, 21.358585858585858], [79.77070707070708, 21.358585858585858]]]}, "properties": {"confidence_score": 0.7238, "site_id": "bhandara"}}, {"type": "Feature", "geometry": {"type": "Polygon", "coordinates": [[[79.7848484848485, 21.358585858585858], [79.7848484848485, 21.36868686868687], [79.77070707070708, 21.36868686868687], [79.77070707070708, 21.358585858585858], [79.7848484848485, 21.358585858585858]]]}, "properties": {"confidence_score": 0.7328, "site_id": "bhandara"}}, {"type": "Feature", "geometry": {"type": "Polygon", "coordinates": [[[79.7989898989899, 21.358585858585858], [79.7989898989899, 21.36868686868687], [79.78484848484848, 21.36868686868687], [79.78484848484848, 21.358585858585858], [79.7989898989899, 21.358585858585858]]]}, "properties": {"confidence_score": 0.6956, "site_id": "bhandara"}}, {"type": "Feature", "geometry": {"type": "Polygon", "coordinates": [[[79.51616161616163, 21.36868686868687], [79.51616161616163, 21.37878787878788], [79.5020202020202, 21.37878787878788], [79.5020202020202, 21.36868686868687], [79.51616161616163, 21.36868686868687]]]}, "properties": {"confidence_score": 0.2183, "site_id": "bhandara"}}, {"type": "Feature", "geometry": {"type": "Polygon", "coordinates": [[[79.53030303030303, 21.36868686868687], [79.53030303030303, 21.37878787878788], [79.51616161616161, 21.37878787878788], [79.51616161616161, 21.36868686868687], [79.53030303030303, 21.36868686868687]]]}, "properties": {"confidence_score": 0.2272, "site_id": "bhandara"}}, {"type": "Feature", "geometry": {"type": "Polygon", "coordinates": [[[79.54444444444445, 21.36868686868687], [79.54444444444445, 21.37878787878788], [79.53030303030303, 21.37878787878788], [79.53030303030303, 21.36868686868687], [79.54444444444445, 21.36868686868687]]]}, "properties": {"confidence_score": 0.2268, "site_id": "bhandara"}}, {"type": "Feature", "geometry": {"type": "Polygon", "coordinates": [[[79.55858585858586, 21.36868686868687], [79.55858585858586, 21.37878787878788], [79.54444444444444, 21.37878787878788], [79.54444444444444, 21.36868686868687], [79.55858585858586, 21.36868686868687]]]}, "properties": {"confidence_score": 0.2888, "site_id": "bhandara"}}, {"type": "Feature", "geometry": {"type": "Polygon", "coordinates": [[[79.57272727272728, 21.36868686868687], [79.57272727272728, 21.37878787878788], [79.55858585858586, 21.37878787878788], [79.55858585858586, 21.36868686868687], [79.57272727272728, 21.36868686868687]]]}, "properties": {"confidence_score": 0.3868, "site_id": "bhandara"}}, {"type": "Feature", "geometry": {"type": "Polygon", "coordinates": [[[79.5868686868687, 21.36868686868687], [79.5868686868687, 21.37878787878788], [79.57272727272728, 21.37878787878788], [79.57272727272728, 21.36868686868687], [79.5868686868687, 21.36868686868687]]]}, "properties": {"confidence_score": 0.4592, "site_id": "bhandara"}}, {"type": "Feature", "geometry": {"type": "Polygon", "coordinates": [[[79.6010101010101, 21.36868686868687], [79.6010101010101, 21.37878787878788], [79.58686868686868, 21.37878787878788], [79.58686868686868, 21.36868686868687], [79.6010101010101, 21.36868686868687]]]}, "properties": {"confidence_score": 0.5093, "site_id": "bhandara"}}, {"type": "Feature", "geometry": {"type": "Polygon", "coordinates": [[[79.61515151515152, 21.36868686868687], [79.61515151515152, 21.37878787878788], [79.6010101010101, 21.37878787878788], [79.6010101010101, 21.36868686868687], [79.61515151515152, 21.36868686868687]]]}, "properties": {"confidence_score": 0.5459, "site_id": "bhandara"}}, {"type": "Feature", "geometry": {"type": "Polygon", "coordinates": [[[79.62929292929293, 21.36868686868687], [79.62929292929293, 21.37878787878788], [79.61515151515151, 21.37878787878788], [79.61515151515151, 21.36868686868687], [79.62929292929293, 21.36868686868687]]]}, "properties": {"confidence_score": 0.5587, "site_id": "bhandara"}}, {"type": "Feature", "geometry": {"type": "Polygon", "coordinates": [[[79.64343434343435, 21.36868686868687], [79.64343434343435, 21.37878787878788], [79.62929292929293, 21.37878787878788], [79.62929292929293, 21.36868686868687], [79.64343434343435, 21.36868686868687]]]}, "properties": {"confidence_score": 0.5615, "site_id": "bhandara"}}, {"type": "Feature", "geometry": {"type": "Polygon", "coordinates": [[[79.65757575757576, 21.36868686868687], [79.65757575757576, 21.37878787878788], [79.64343434343434, 21.37878787878788], [79.64343434343434, 21.36868686868687], [79.65757575757576, 21.36868686868687]]]}, "properties": {"confidence_score": 0.5671, "site_id": "bhandara"}}, {"type": "Feature", "geometry": {"type": "Polygon", "coordinates": [[[79.67171717171718, 21.36868686868687], [79.67171717171718, 21.37878787878788], [79.65757575757576, 21.37878787878788], [79.65757575757576, 21.36868686868687], [79.67171717171718, 21.36868686868687]]]}, "properties": {"confidence_score": 0.6382, "site_id": "bhandara"}}, {"type": "Feature", "geometry": {"type": "Polygon", "coordinates": [[[79.6858585858586, 21.36868686868687], [79.6858585858586, 21.37878787878788], [79.67171717171718, 21.37878787878788], [79.67171717171718, 21.36868686868687], [79.6858585858586, 21.36868686868687]]]}, "properties": {"confidence_score": 0.7859, "site_id": "bhandara"}}, {"type": "Feature", "geometry": {"type": "Polygon", "coordinates": [[[79.7, 21.36868686868687], [79.7, 21.37878787878788], [79.68585858585858, 21.37878787878788], [79.68585858585858, 21.36868686868687], [79.7, 21.36868686868687]]]}, "properties": {"confidence_score": 0.8373, "site_id": "bhandara"}}, {"type": "Feature", "geometry": {"type": "Polygon", "coordinates": [[[79.71414141414142, 21.36868686868687], [79.71414141414142, 21.37878787878788], [79.7, 21.37878787878788], [79.7, 21.36868686868687], [79.71414141414142, 21.36868686868687]]]}, "properties": {"confidence_score": 0.801, "site_id": "bhandara"}}, {"type": "Feature", "geometry": {"type": "Polygon", "coordinates": [[[79.72828282828283, 21.36868686868687], [79.72828282828283, 21.37878787878788], [79.71414141414141, 21.37878787878788], [79.71414141414141, 21.36868686868687], [79.72828282828283, 21.36868686868687]]]}, "properties": {"confidence_score": 0.7622, "site_id": "bhandara"}}, {"type": "Feature", "geometry": {"type": "Polygon", "coordinates": [[[79.74242424242425, 21.36868686868687], [79.74242424242425, 21.37878787878788], [79.72828282828283, 21.37878787878788], [79.72828282828283, 21.36868686868687], [79.74242424242425, 21.36868686868687]]]}, "properties": {"confidence_score": 0.7237, "site_id": "bhandara"}}, {"type": "Feature", "geometry": {"type": "Polygon", "coordinates": [[[79.75656565656567, 21.36868686868687], [79.75656565656567, 21.37878787878788], [79.74242424242425, 21.37878787878788], [79.74242424242425, 21.36868686868687], [79.75656565656567, 21.36868686868687]]]}, "properties": {"confidence_score": 0.7243, "site_id": "bhandara"}}, {"type": "Feature", "geometry": {"type": "Polygon", "coordinates": [[[79.77070707070708, 21.36868686868687], [79.77070707070708, 21.37878787878788], [79.75656565656566, 21.37878787878788], [79.75656565656566, 21.36868686868687], [79.77070707070708, 21.36868686868687]]]}, "properties": {"confidence_score": 0.7645, "site_id": "bhandara"}}, {"type": "Feature", "geometry": {"type": "Polygon", "coordinates": [[[79.7848484848485, 21.36868686868687], [79.7848484848485, 21.37878787878788], [79.77070707070708, 21.37878787878788], [79.77070707070708, 21.36868686868687], [79.7848484848485, 21.36868686868687]]]}, "properties": {"confidence_score": 0.7514, "site_id": "bhandara"}}, {"type": "Feature", "geometry": {"type": "Polygon", "coordinates": [[[79.7989898989899, 21.36868686868687], [79.7989898989899, 21.37878787878788], [79.78484848484848, 21.37878787878788], [79.78484848484848, 21.36868686868687], [79.7989898989899, 21.36868686868687]]]}, "properties": {"confidence_score": 0.6688, "site_id": "bhandara"}}, {"type": "Feature", "geometry": {"type": "Polygon", "coordinates": [[[79.51616161616163, 21.37878787878788], [79.51616161616163, 21.38888888888889], [79.5020202020202, 21.38888888888889], [79.5020202020202, 21.37878787878788], [79.51616161616163, 21.37878787878788]]]}, "properties": {"confidence_score": 0.1973, "site_id": "bhandara"}}, {"type": "Feature", "geometry": {"type": "Polygon", "coordinates": [[[79.53030303030303, 21.37878787878788], [79.53030303030303, 21.38888888888889], [79.51616161616161, 21.38888888888889], [79.51616161616161, 21.37878787878788], [79.53030303030303, 21.37878787878788]]]}, "properties": {"confidence_score": 0.2304, "site_id": "bhandara"}}, {"type": "Feature", "geometry": {"type": "Polygon", "coordinates": [[[79.54444444444445, 21.37878787878788], [79.54444444444445, 21.38888888888889], [79.53030303030303, 21.38888888888889], [79.53030303030303, 21.37878787878788], [79.54444444444445, 21.37878787878788]]]}, "properties": {"confidence_score": 0.2662, "site_id": "bhandara"}}, {"type": "Feature", "geometry": {"type": "Polygon", "coordinates": [[[79.55858585858586, 21.37878787878788], [79.55858585858586, 21.38888888888889], [79.54444444444444, 21.38888888888889], [79.54444444444444, 21.37878787878788], [79.55858585858586, 21.37878787878788]]]}, "properties": {"confidence_score": 0.33, "site_id": "bhandara"}}, {"type": "Feature", "geometry": {"type": "Polygon", "coordinates": [[[79.57272727272728, 21.37878787878788], [79.57272727272728, 21.38888888888889], [79.55858585858586, 21.38888888888889], [79.55858585858586, 21.37878787878788], [79.57272727272728, 21.37878787878788]]]}, "properties": {"confidence_score": 0.4202, "site_id": "bhandara"}}, {"type": "Feature", "geometry": {"type": "Polygon", "coordinates": [[[79.5868686868687, 21.37878787878788], [79.5868686868687, 21.38888888888889], [79.57272727272728, 21.38888888888889], [79.57272727272728, 21.37878787878788], [79.5868686868687, 21.37878787878788]]]}, "properties": {"confidence_score": 0.4793, "site_id": "bhandara"}}, {"type": "Feature", "geometry": {"type": "Polygon", "coordinates": [[[79.6010101010101, 21.37878787878788], [79.6010101010101, 21.38888888888889], [79.58686868686868, 21.38888888888889], [79.58686868686868, 21.37878787878788], [79.6010101010101, 21.37878787878788]]]}, "properties": {"confidence_score": 0.5254, "site_id": "bhandara"}}, {"type": "Feature", "geometry": {"type": "Polygon", "coordinates": [[[79.61515151515152, 21.37878787878788], [79.61515151515152, 21.38888888888889], [79.6010101010101, 21.38888888888889], [79.6010101010101, 21.37878787878788], [79.61515151515152, 21.37878787878788]]]}, "properties": {"confidence_score": 0.5483, "site_id": "bhandara"}}, {"type": "Feature", "geometry": {"type": "Polygon", "coordinates": [[[79.62929292929293, 21.37878787878788], [79.62929292929293, 21.38888888888889], [79.61515151515151, 21.38888888888889], [79.61515151515151, 21.37878787878788], [79.62929292929293, 21.37878787878788]]]}, "properties": {"confidence_score": 0.5593, "site_id": "bhandara"}}, {"type": "Feature", "geometry": {"type": "Polygon", "coordinates": [[[79.64343434343435, 21.37878787878788], [79.64343434343435, 21.38888888888889], [79.62929292929293, 21.38888888888889], [79.62929292929293, 21.37878787878788], [79.64343434343435, 21.37878787878788]]]}, "properties": {"confidence_score": 0.5578, "site_id": "bhandara"}}, {"type": "Feature", "geometry": {"type": "Polygon", "coordinates": [[[79.65757575757576, 21.37878787878788], [79.65757575757576, 21.38888888888889], [79.64343434343434, 21.38888888888889], [79.64343434343434, 21.37878787878788], [79.65757575757576, 21.37878787878788]]]}, "properties": {"confidence_score": 0.5612, "site_id": "bhandara"}}, {"type": "Feature", "geometry": {"type": "Polygon", "coordinates": [[[79.67171717171718, 21.37878787878788], [79.67171717171718, 21.38888888888889], [79.65757575757576, 21.38888888888889], [79.65757575757576, 21.37878787878788], [79.67171717171718, 21.37878787878788]]]}, "properties": {"confidence_score": 0.6209, "site_id": "bhandara"}}, {"type": "Feature", "geometry": {"type": "Polygon", "coordinates": [[[79.6858585858586, 21.37878787878788], [79.6858585858586, 21.38888888888889], [79.67171717171718, 21.38888888888889], [79.67171717171718, 21.37878787878788], [79.6858585858586, 21.37878787878788]]]}, "properties": {"confidence_score": 0.7367, "site_id": "bhandara"}}, {"type": "Feature", "geometry": {"type": "Polygon", "coordinates": [[[79.7, 21.37878787878788], [79.7, 21.38888888888889], [79.68585858585858, 21.38888888888889], [79.68585858585858, 21.37878787878788], [79.7, 21.37878787878788]]]}, "properties": {"confidence_score": 0.7919, "site_id": "bhandara"}}, {"type": "Feature", "geometry": {"type": "Polygon", "coordinates": [[[79.71414141414142, 21.37878787878788], [79.71414141414142, 21.38888888888889], [79.7, 21.38888888888889], [79.7, 21.37878787878788], [79.71414141414142, 21.37878787878788]]]}, "properties": {"confidence_score": 0.7902, "site_id": "bhandara"}}, {"type": "Feature", "geometry": {"type": "Polygon", "coordinates": [[[79.72828282828283, 21.37878787878788], [79.72828282828283, 21.38888888888889], [79.71414141414141, 21.38888888888889], [79.71414141414141, 21.37878787878788], [79.72828282828283, 21.37878787878788]]]}, "properties": {"confidence_score": 0.7729, "site_id": "bhandara"}}, {"type": "Feature", "geometry": {"type": "Polygon", "coordinates": [[[79.74242424242425, 21.37878787878788], [79.74242424242425, 21.38888888888889], [79.72828282828283, 21.38888888888889], [79.72828282828283, 21.37878787878788], [79.74242424242425, 21.37878787878788]]]}, "properties": {"confidence_score": 0.7435, "site_id": "bhandara"}}, {"type": "Feature", "geometry": {"type": "Polygon", "coordinates": [[[79.75656565656567, 21.37878787878788], [79.75656565656567, 21.38888888888889], [79.74242424242425, 21.38888888888889], [79.74242424242425, 21.37878787878788], [79.75656565656567, 21.37878787878788]]]}, "properties": {"confidence_score": 0.7435, "site_id": "bhandara"}}, {"type": "Feature", "geometry": {"type": "Polygon", "coordinates": [[[79.77070707070708, 21.37878787878788], [79.77070707070708, 21.38888888888889], [79.75656565656566, 21.38888888888889], [79.75656565656566, 21.37878787878788], [79.77070707070708, 21.37878787878788]]]}, "properties": {"confidence_score": 0.7708, "site_id": "bhandara"}}, {"type": "Feature", "geometry": {"type": "Polygon", "coordinates": [[[79.7848484848485, 21.37878787878788], [79.7848484848485, 21.38888888888889], [79.77070707070708, 21.38888888888889], [79.77070707070708, 21.37878787878788], [79.7848484848485, 21.37878787878788]]]}, "properties": {"confidence_score": 0.7328, "site_id": "bhandara"}}, {"type": "Feature", "geometry": {"type": "Polygon", "coordinates": [[[79.7989898989899, 21.37878787878788], [79.7989898989899, 21.38888888888889], [79.78484848484848, 21.38888888888889], [79.78484848484848, 21.37878787878788], [79.7989898989899, 21.37878787878788]]]}, "properties": {"confidence_score": 0.5928, "site_id": "bhandara"}}, {"type": "Feature", "geometry": {"type": "Polygon", "coordinates": [[[79.51616161616163, 21.38888888888889], [79.51616161616163, 21.3989898989899], [79.5020202020202, 21.3989898989899], [79.5020202020202, 21.38888888888889], [79.51616161616163, 21.38888888888889]]]}, "properties": {"confidence_score": 0.2108, "site_id": "bhandara"}}, {"type": "Feature", "geometry": {"type": "Polygon", "coordinates": [[[79.53030303030303, 21.38888888888889], [79.53030303030303, 21.3989898989899], [79.51616161616161, 21.3989898989899], [79.51616161616161, 21.38888888888889], [79.53030303030303, 21.38888888888889]]]}, "properties": {"confidence_score": 0.258, "site_id": "bhandara"}}, {"type": "Feature", "geometry": {"type": "Polygon", "coordinates": [[[79.54444444444445, 21.38888888888889], [79.54444444444445, 21.3989898989899], [79.53030303030303, 21.3989898989899], [79.53030303030303, 21.38888888888889], [79.54444444444445, 21.38888888888889]]]}, "properties": {"confidence_score": 0.3188, "site_id": "bhandara"}}, {"type": "Feature", "geometry": {"type": "Polygon", "coordinates": [[[79.55858585858586, 21.38888888888889], [79.55858585858586, 21.3989898989899], [79.54444444444444, 21.3989898989899], [79.54444444444444, 21.38888888888889], [79.55858585858586, 21.38888888888889]]]}, "properties": {"confidence_score": 0.3789, "site_id": "bhandara"}}, {"type": "Feature", "geometry": {"type": "Polygon", "coordinates": [[[79.57272727272728, 21.38888888888889], [79.57272727272728, 21.3989898989899], [79.55858585858586, 21.3989898989899], [79.55858585858586, 21.38888888888889], [79.57272727272728, 21.38888888888889]]]}, "properties": {"confidence_score": 0.4435, "site_id": "bhandara"}}, {"type": "Feature", "geometry": {"type": "Polygon", "coordinates": [[[79.5868686868687, 21.38888888888889], [79.5868686868687, 21.3989898989899], [79.57272727272728, 21.3989898989899], [79.57272727272728, 21.38888888888889], [79.5868686868687, 21.38888888888889]]]}, "properties": {"confidence_score": 0.4883, "site_id": "bhandara"}}, {"type": "Feature", "geometry": {"type": "Polygon", "coordinates": [[[79.6010101010101, 21.38888888888889], [79.6010101010101, 21.3989898989899], [79.58686868686868, 21.3989898989899], [79.58686868686868, 21.38888888888889], [79.6010101010101, 21.38888888888889]]]}, "properties": {"confidence_score": 0.5258, "site_id": "bhandara"}}, {"type": "Feature", "geometry": {"type": "Polygon", "coordinates": [[[79.61515151515152, 21.38888888888889], [79.61515151515152, 21.3989898989899], [79.6010101010101, 21.3989898989899], [79.6010101010101, 21.38888888888889], [79.61515151515152, 21.38888888888889]]]}, "properties": {"confidence_score": 0.5426, "site_id": "bhandara"}}, {"type": "Feature", "geometry": {"type": "Polygon", "coordinates": [[[79.62929292929293, 21.38888888888889], [79.62929292929293, 21.3989898989899], [79.61515151515151, 21.3989898989899], [79.61515151515151, 21.38888888888889], [79.62929292929293, 21.38888888888889]]]}, "properties": {"confidence_score": 0.5489, "site_id": "bhandara"}}, {"type": "Feature", "geometry": {"type": "Polygon", "coordinates": [[[79.64343434343435, 21.38888888888889], [79.64343434343435, 21.3989898989899], [79.62929292929293, 21.3989898989899], [79.62929292929293, 21.38888888888889], [79.64343434343435, 21.38888888888889]]]}, "properties": {"confidence_score": 0.5461, "site_id": "bhandara"}}, {"type": "Feature", "geometry": {"type": "Polygon", "coordinates": [[[79.65757575757576, 21.38888888888889], [79.65757575757576, 21.3989898989899], [79.64343434343434, 21.3989898989899], [79.64343434343434, 21.38888888888889], [79.65757575757576, 21.38888888888889]]]}, "properties": {"confidence_score": 0.5471, "site_id": "bhandara"}}, {"type": "Feature", "geometry": {"type": "Polygon", "coordinates": [[[79.67171717171718, 21.38888888888889], [79.67171717171718, 21.3989898989899], [79.65757575757576, 21.3989898989899], [79.65757575757576, 21.38888888888889], [79.67171717171718, 21.38888888888889]]]}, "properties": {"confidence_score": 0.5888, "site_id": "bhandara"}}, {"type": "Feature", "geometry": {"type": "Polygon", "coordinates": [[[79.6858585858586, 21.38888888888889], [79.6858585858586, 21.3989898989899], [79.67171717171718, 21.3989898989899], [79.67171717171718, 21.38888888888889], [79.6858585858586, 21.38888888888889]]]}, "properties": {"confidence_score": 0.6687, "site_id": "bhandara"}}, {"type": "Feature", "geometry": {"type": "Polygon", "coordinates": [[[79.7, 21.38888888888889], [79.7, 21.3989898989899], [79.68585858585858, 21.3989898989899], [79.68585858585858, 21.38888888888889], [79.7, 21.38888888888889]]]}, "properties": {"confidence_score": 0.7212, "site_id": "bhandara"}}, {"type": "Feature", "geometry": {"type": "Polygon", "coordinates": [[[79.71414141414142, 21.38888888888889], [79.71414141414142, 21.3989898989899], [79.7, 21.3989898989899], [79.7, 21.38888888888889], [79.71414141414142, 21.38888888888889]]]}, "properties": {"confidence_score": 0.7481, "site_id": "bhandara"}}, {"type": "Feature", "geometry": {"type": "Polygon", "coordinates": [[[79.72828282828283, 21.38888888888889], [79.72828282828283, 21.3989898989899], [79.71414141414141, 21.3989898989899], [79.71414141414141, 21.38888888888889], [79.72828282828283, 21.38888888888889]]]}, "properties": {"confidence_score": 0.7549, "site_id": "bhandara"}}, {"type": "Feature", "geometry": {"type": "Polygon", "coordinates": [[[79.74242424242425, 21.38888888888889], [79.74242424242425, 21.3989898989899], [79.72828282828283, 21.3989898989899], [79.72828282828283, 21.38888888888889], [79.74242424242425, 21.38888888888889]]]}, "properties": {"confidence_score": 0.7462, "site_id": "bhandara"}}, {"type": "Feature", "geometry": {"type": "Polygon", "coordinates": [[[79.75656565656567, 21.38888888888889], [79.75656565656567, 21.3989898989899], [79.74242424242425, 21.3989898989899], [79.74242424242425, 21.38888888888889], [79.75656565656567, 21.38888888888889]]]}, "properties": {"confidence_score": 0.7393, "site_id": "bhandara"}}, {"type": "Feature", "geometry": {"type": "Polygon", "coordinates": [[[79.77070707070708, 21.38888888888889], [79.77070707070708, 21.3989898989899], [79.75656565656566, 21.3989898989899], [79.75656565656566, 21.38888888888889], [79.77070707070708, 21.38888888888889]]]}, "properties": {"confidence_score": 0.728, "site_id": "bhandara"}}, {"type": "Feature", "geometry": {"type": "Polygon", "coordinates": [[[79.7848484848485, 21.38888888888889], [79.7848484848485, 21.3989898989899], [79.77070707070708, 21.3989898989899], [79.77070707070708, 21.38888888888889], [79.7848484848485, 21.38888888888889]]]}, "properties": {"confidence_score": 0.6678, "site_id": "bhandara"}}, {"type": "Feature", "geometry": {"type": "Polygon", "coordinates": [[[79.7989898989899, 21.38888888888889], [79.7989898989899, 21.3989898989899], [79.78484848484848, 21.3989898989899], [79.78484848484848, 21.38888888888889], [79.7989898989899, 21.38888888888889]]]}, "properties": {"confidence_score": 0.5339, "site_id": "bhandara"}}, {"type": "Feature", "geometry": {"type": "Polygon", "coordinates": [[[80.11010101010102, 21.7020202020202], [80.11010101010102, 21.71212121212121], [80.0959595959596, 21.71212121212121], [80.0959595959596, 21.7020202020202], [80.11010101010102, 21.7020202020202]]]}, "properties": {"confidence_score": 0.4606, "site_id": "balaghat"}}, {"type": "Feature", "geometry": {"type": "Polygon", "coordinates": [[[80.12424242424242, 21.7020202020202], [80.12424242424242, 21.71212121212121], [80.110101010101, 21.71212121212121], [80.110101010101, 21.7020202020202], [80.12424242424242, 21.7020202020202]]]}, "properties": {"confidence_score": 0.4937, "site_id": "balaghat"}}, {"type": "Feature", "geometry": {"type": "Polygon", "coordinates": [[[80.13838383838385, 21.7020202020202], [80.13838383838385, 21.71212121212121], [80.12424242424242, 21.71212121212121], [80.12424242424242, 21.7020202020202], [80.13838383838385, 21.7020202020202]]]}, "properties": {"confidence_score": 0.4317, "site_id": "balaghat"}}, {"type": "Feature", "geometry": {"type": "Polygon", "coordinates": [[[80.15252525252527, 21.7020202020202], [80.15252525252527, 21.71212121212121], [80.13838383838385, 21.71212121212121], [80.13838383838385, 21.7020202020202], [80.15252525252527, 21.7020202020202]]]}, "properties": {"confidence_score": 0.3947, "site_id": "balaghat"}}, {"type": "Feature", "geometry": {"type": "Polygon", "coordinates": [[[80.16666666666667, 21.7020202020202], [80.16666666666667, 21.71212121212121], [80.15252525252525, 21.71212121212121], [80.15252525252525, 21.7020202020202], [80.16666666666667, 21.7020202020202]]]}, "properties": {"confidence_score": 0.4361, "site_id": "balaghat"}}, {"type": "Feature", "geometry": {"type": "Polygon", "coordinates": [[[80.18080808080809, 21.7020202020202], [80.18080808080809, 21.71212121212121], [80.16666666666667, 21.71212121212121], [80.16666666666667, 21.7020202020202], [80.18080808080809, 21.7020202020202]]]}, "properties": {"confidence_score": 0.5154, "site_id": "balaghat"}}, {"type": "Feature", "geometry": {"type": "Polygon", "coordinates": [[[80.1949494949495, 21.7020202020202], [80.1949494949495, 21.71212121212121], [80.18080808080808, 21.71212121212121], [80.18080808080808, 21.7020202020202], [80.1949494949495, 21.7020202020202]]]}, "properties": {"confidence_score": 0.6631, "site_id": "balaghat"}}, {"type": "Feature", "geometry": {"type": "Polygon", "coordinates": [[[80.20909090909092, 21.7020202020202], [80.20909090909092, 21.71212121212121], [80.1949494949495, 21.71212121212121], [80.1949494949495, 21.7020202020202], [80.20909090909092, 21.7020202020202]]]}, "properties": {"confidence_score": 0.7724, "site_id": "balaghat"}}, {"type": "Feature", "geometry": {"type": "Polygon", "coordinates": [[[80.22323232323234, 21.7020202020202], [80.22323232323234, 21.71212121212121], [80.20909090909092, 21.71212121212121], [80.20909090909092, 21.7020202020202], [80.22323232323234, 21.7020202020202]]]}, "properties": {"confidence_score": 0.6792, "site_id": "balaghat"}}, {"type": "Feature", "geometry": {"type": "Polygon", "coordinates": [[[80.23737373737374, 21.7020202020202], [80.23737373737374, 21.71212121212121], [80.22323232323232, 21.71212121212121], [80.22323232323232, 21.7020202020202], [80.23737373737374, 21.7020202020202]]]}, "properties": {"confidence_score": 0.6141, "site_id": "balaghat"}}, {"type": "Feature", "geometry": {"type": "Polygon", "coordinates": [[[80.25151515151516, 21.7020202020202], [80.25151515151516, 21.71212121212121], [80.23737373737374, 21.71212121212121], [80.23737373737374, 21.7020202020202], [80.25151515151516, 21.7020202020202]]]}, "properties": {"confidence_score": 0.5932, "site_id": "balaghat"}}, {"type": "Feature", "geometry": {"type": "Polygon", "coordinates": [[[80.26565656565657, 21.7020202020202], [80.26565656565657, 21.71212121212121], [80.25151515151515, 21.71212121212121], [80.25151515151515, 21.7020202020202], [80.26565656565657, 21.7020202020202]]]}, "properties": {"confidence_score": 0.626, "site_id": "balaghat"}}, {"type": "Feature", "geometry": {"type": "Polygon", "coordinates": [[[80.27979797979799, 21.7020202020202], [80.27979797979799, 21.71212121212121], [80.26565656565657, 21.71212121212121], [80.26565656565657, 21.7020202020202], [80.27979797979799, 21.7020202020202]]]}, "properties": {"confidence_score": 0.6351, "site_id": "balaghat"}}, {"type": "Feature", "geometry": {"type": "Polygon", "coordinates": [[[80.2939393939394, 21.7020202020202], [80.2939393939394, 21.71212121212121], [80.27979797979798, 21.71212121212121], [80.27979797979798, 21.7020202020202], [80.2939393939394, 21.7020202020202]]]}, "properties": {"confidence_score": 0.6191, "site_id": "balaghat"}}, {"type": "Feature", "geometry": {"type": "Polygon", "coordinates": [[[80.30808080808082, 21.7020202020202], [80.30808080808082, 21.71212121212121], [80.2939393939394, 21.71212121212121], [80.2939393939394, 21.7020202020202], [80.30808080808082, 21.7020202020202]]]}, "properties": {"confidence_score": 0.4717, "site_id": "balaghat"}}, {"type": "Feature", "geometry": {"type": "Polygon", "coordinates": [[[80.32222222222224, 21.7020202020202], [80.32222222222224, 21.71212121212121], [80.30808080808082, 21.71212121212121], [80.30808080808082, 21.7020202020202], [80.32222222222224, 21.7020202020202]]]}, "properties": {"confidence_score": 0.3265, "site_id": "balaghat"}}, {"type": "Feature", "geometry": {"type": "Polygon", "coordinates": [[[80.33636363636364, 21.7020202020202], [80.33636363636364, 21.71212121212121], [80.32222222222222, 21.71212121212121], [80.32222222222222, 21.7020202020202], [80.33636363636364, 21.7020202020202]]]}, "properties": {"confidence_score": 0.313, "site_id": "balaghat"}}, {"type": "Feature", "geometry": {"type": "Polygon", "coordinates": [[[80.35050505050506, 21.7020202020202], [80.35050505050506, 21.71212121212121], [80.33636363636364, 21.71212121212121], [80.33636363636364, 21.7020202020202], [80.35050505050506, 21.7020202020202]]]}, "properties": {"confidence_score": 0.3206, "site_id": "balaghat"}}, {"type": "Feature", "geometry": {"type": "Polygon", "coordinates": [[[80.36464646464647, 21.7020202020202], [80.36464646464647, 21.71212121212121], [80.35050505050505, 21.71212121212121], [80.35050505050505, 21.7020202020202], [80.36464646464647, 21.7020202020202]]]}, "properties": {"confidence_score": 0.3091, "site_id": "balaghat"}}, {"type": "Feature", "geometry": {"type": "Polygon", "coordinates": [[[80.37878787878789, 21.7020202020202], [80.37878787878789, 21.71212121212121], [80.36464646464647, 21.71212121212121], [80.36464646464647, 21.7020202020202], [80.37878787878789, 21.7020202020202]]]}, "properties": {"confidence_score": 0.2998, "site_id": "balaghat"}}, {"type": "Feature", "geometry": {"type": "Polygon", "coordinates": [[[80.3929292929293, 21.7020202020202], [80.3929292929293, 21.71212121212121], [80.37878787878788, 21.71212121212121], [80.37878787878788, 21.7020202020202], [80.3929292929293, 21.7020202020202]]]}, "properties": {"confidence_score": 0.3184, "site_id": "balaghat"}}, {"type": "Feature", "geometry": {"type": "Polygon", "coordinates": [[[80.40707070707072, 21.7020202020202], [80.40707070707072, 21.71212121212121], [80.3929292929293, 21.71212121212121], [80.3929292929293, 21.7020202020202], [80.40707070707072, 21.7020202020202]]]}, "properties": {"confidence_score": 0.3343, "site_id": "balaghat"}}, {"type": "Feature", "geometry": {"type": "Polygon", "coordinates": [[[80.11010101010102, 21.71212121212121], [80.11010101010102, 21.72222222222222], [80.0959595959596, 21.72222222222222], [80.0959595959596, 21.71212121212121], [80.11010101010102, 21.71212121212121]]]}, "properties": {"confidence_score": 0.5717, "site_id": "balaghat"}}, {"type": "Feature", "geometry": {"type": "Polygon", "coordinates": [[[80.12424242424242, 21.71212121212121], [80.12424242424242, 21.72222222222222], [80.110101010101, 21.72222222222222], [80.110101010101, 21.71212121212121], [80.12424242424242, 21.71212121212121]]]}, "properties": {"confidence_score": 0.6427, "site_id": "balaghat"}}, {"type": "Feature", "geometry": {"type": "Polygon", "coordinates": [[[80.13838383838385, 21.71212121212121], [80.13838383838385, 21.72222222222222], [80.12424242424242, 21.72222222222222], [80.12424242424242, 21.71212121212121], [80.13838383838385, 21.71212121212121]]]}, "properties": {"confidence_score": 0.5512, "site_id": "balaghat"}}, {"type": "Feature", "geometry": {"type": "Polygon", "coordinates": [[[80.15252525252527, 21.71212121212121], [80.15252525252527, 21.72222222222222], [80.13838383838385, 21.72222222222222], [80.13838383838385, 21.71212121212121], [80.15252525252527, 21.71212121212121]]]}, "properties": {"confidence_score": 0.4898, "site_id": "balaghat"}}, {"type": "Feature", "geometry": {"type": "Polygon", "coordinates": [[[80.16666666666667, 21.71212121212121], [80.16666666666667, 21.72222222222222], [80.15252525252525, 21.72222222222222], [80.15252525252525, 21.71212121212121], [80.16666666666667, 21.71212121212121]]]}, "properties": {"confidence_score": 0.4745, "site_id": "balaghat"}}, {"type": "Feature", "geometry": {"type": "Polygon", "coordinates": [[[80.18080808080809, 21.71212121212121], [80.18080808080809, 21.72222222222222], [80.16666666666667, 21.72222222222222], [80.16666666666667, 21.71212121212121], [80.18080808080809, 21.71212121212121]]]}, "properties": {"confidence_score": 0.4977, "site_id": "balaghat"}}, {"type": "Feature", "geometry": {"type": "Polygon", "coordinates": [[[80.1949494949495, 21.71212121212121], [80.1949494949495, 21.72222222222222], [80.18080808080808, 21.72222222222222], [80.18080808080808, 21.71212121212121], [80.1949494949495, 21.71212121212121]]]}, "properties": {"confidence_score": 0.6173, "site_id": "balaghat"}}, {"type": "Feature", "geometry": {"type": "Polygon", "coordinates": [[[80.20909090909092, 21.71212121212121], [80.20909090909092, 21.72222222222222], [80.1949494949495, 21.72222222222222], [80.1949494949495, 21.71212121212121], [80.20909090909092, 21.71212121212121]]]}, "properties": {"confidence_score": 0.7347, "site_id": "balaghat"}}, {"type": "Feature", "geometry": {"type": "Polygon", "coordinates": [[[80.22323232323234, 21.71212121212121], [80.22323232323234, 21.72222222222222], [80.20909090909092, 21.72222222222222], [80.20909090909092, 21.71212121212121], [80.22323232323234, 21.71212121212121]]]}, "properties": {"confidence_score": 0.6393, "site_id": "balaghat"}}, {"type": "Feature", "geometry": {"type": "Polygon", "coordinates": [[[80.23737373737374, 21.71212121212121], [80.23737373737374, 21.72222222222222], [80.22323232323232, 21.72222222222222], [80.22323232323232, 21.71212121212121], [80.23737373737374, 21.71212121212121]]]}, "properties": {"confidence_score": 0.609, "site_id": "balaghat"}}, {"type": "Feature", "geometry": {"type": "Polygon", "coordinates": [[[80.25151515151516, 21.71212121212121], [80.25151515151516, 21.72222222222222], [80.23737373737374, 21.72222222222222], [80.23737373737374, 21.71212121212121], [80.25151515151516, 21.71212121212121]]]}, "properties": {"confidence_score": 0.5617, "site_id": "balaghat"}}, {"type": "Feature", "geometry": {"type": "Polygon", "coordinates": [[[80.26565656565657, 21.71212121212121], [80.26565656565657, 21.72222222222222], [80.25151515151515, 21.72222222222222], [80.25151515151515, 21.71212121212121], [80.26565656565657, 21.71212121212121]]]}, "properties": {"confidence_score": 0.5998, "site_id": "balaghat"}}, {"type": "Feature", "geometry": {"type": "Polygon", "coordinates": [[[80.27979797979799, 21.71212121212121], [80.27979797979799, 21.72222222222222], [80.26565656565657, 21.72222222222222], [80.26565656565657, 21.71212121212121], [80.27979797979799, 21.71212121212121]]]}, "properties": {"confidence_score": 0.5761, "site_id": "balaghat"}}, {"type": "Feature", "geometry": {"type": "Polygon", "coordinates": [[[80.2939393939394, 21.71212121212121], [80.2939393939394, 21.72222222222222], [80.27979797979798, 21.72222222222222], [80.27979797979798, 21.71212121212121], [80.2939393939394, 21.71212121212121]]]}, "properties": {"confidence_score": 0.5543, "site_id": "balaghat"}}, {"type": "Feature", "geometry": {"type": "Polygon", "coordinates": [[[80.30808080808082, 21.71212121212121], [80.30808080808082, 21.72222222222222], [80.2939393939394, 21.72222222222222], [80.2939393939394, 21.71212121212121], [80.30808080808082, 21.71212121212121]]]}, "properties": {"confidence_score": 0.4278, "site_id": "balaghat"}}, {"type": "Feature", "geometry": {"type": "Polygon", "coordinates": [[[80.32222222222224, 21.71212121212121], [80.32222222222224, 21.72222222222222], [80.30808080808082, 21.72222222222222], [80.30808080808082, 21.71212121212121], [80.32222222222224, 21.71212121212121]]]}, "properties": {"confidence_score": 0.2891, "site_id": "balaghat"}}, {"type": "Feature", "geometry": {"type": "Polygon", "coordinates": [[[80.33636363636364, 21.71212121212121], [80.33636363636364, 21.72222222222222], [80.32222222222222, 21.72222222222222], [80.32222222222222, 21.71212121212121], [80.33636363636364, 21.71212121212121]]]}, "properties": {"confidence_score": 0.3369, "site_id": "balaghat"}}, {"type": "Feature", "geometry": {"type": "Polygon", "coordinates": [[[80.35050505050506, 21.71212121212121], [80.35050505050506, 21.72222222222222], [80.33636363636364, 21.72222222222222], [80.33636363636364, 21.71212121212121], [80.35050505050506, 21.71212121212121]]]}, "properties": {"confidence_score": 0.3935, "site_id": "balaghat"}}, {"type": "Feature", "geometry": {"type": "Polygon", "coordinates": [[[80.36464646464647, 21.71212121212121], [80.36464646464647, 21.72222222222222], [80.35050505050505, 21.72222222222222], [80.35050505050505, 21.71212121212121], [80.36464646464647, 21.71212121212121]]]}, "properties": {"confidence_score": 0.3578, "site_id": "balaghat"}}, {"type": "Feature", "geometry": {"type": "Polygon", "coordinates": [[[80.37878787878789, 21.71212121212121], [80.37878787878789, 21.72222222222222], [80.36464646464647, 21.72222222222222], [80.36464646464647, 21.71212121212121], [80.37878787878789, 21.71212121212121]]]}, "properties": {"confidence_score": 0.3302, "site_id": "balaghat"}}, {"type": "Feature", "geometry": {"type": "Polygon", "coordinates": [[[80.3929292929293, 21.71212121212121], [80.3929292929293, 21.72222222222222], [80.37878787878788, 21.72222222222222], [80.37878787878788, 21.71212121212121], [80.3929292929293, 21.71212121212121]]]}, "properties": {"confidence_score": 0.349, "site_id": "balaghat"}}, {"type": "Feature", "geometry": {"type": "Polygon", "coordinates": [[[80.40707070707072, 21.71212121212121], [80.40707070707072, 21.72222222222222], [80.3929292929293, 21.72222222222222], [80.3929292929293, 21.71212121212121], [80.40707070707072, 21.71212121212121]]]}, "properties": {"confidence_score": 0.358, "site_id": "balaghat"}}, {"type": "Feature", "geometry": {"type": "Polygon", "coordinates": [[[80.11010101010102, 21.72222222222222], [80.11010101010102, 21.732323232323232], [80.0959595959596, 21.732323232323232], [80.0959595959596, 21.72222222222222], [80.11010101010102, 21.72222222222222]]]}, "properties": {"confidence_score": 0.6517, "site_id": "balaghat"}}, {"type": "Feature", "geometry": {"type": "Polygon", "coordinates": [[[80.12424242424242, 21.72222222222222], [80.12424242424242, 21.732323232323232], [80.110101010101, 21.732323232323232], [80.110101010101, 21.72222222222222], [80.12424242424242, 21.72222222222222]]]}, "properties": {"confidence_score": 0.6767, "site_id": "balaghat"}}, {"type": "Feature", "geometry": {"type": "Polygon", "coordinates": [[[80.13838383838385, 21.72222222222222], [80.13838383838385, 21.732323232323232], [80.12424242424242, 21.732323232323232], [80.12424242424242, 21.72222222222222], [80.13838383838385, 21.72222222222222]]]}, "properties": {"confidence_score": 0.6576, "site_id": "balaghat"}}, {"type": "Feature", "geometry": {"type": "Polygon", "coordinates": [[[80.15252525252527, 21.72222222222222], [80.15252525252527, 21.732323232323232], [80.13838383838385, 21.732323232323232], [80.13838383838385, 21.72222222222222], [80.15252525252527, 21.72222222222222]]]}, "properties": {"confidence_score": 0.634, "site_id": "balaghat"}}, {"type": "Feature", "geometry": {"type": "Polygon", "coordinates": [[[80.16666666666667, 21.72222222222222], [80.16666666666667, 21.732323232323232], [80.15252525252525, 21.732323232323232], [80.15252525252525, 21.72222222222222], [80.16666666666667, 21.72222222222222]]]}, "properties": {"confidence_score": 0.5165, "site_id": "balaghat"}}, {"type": "Feature", "geometry": {"type": "Polygon", "coordinates": [[[80.18080808080809, 21.72222222222222], [80.18080808080809, 21.732323232323232], [80.16666666666667, 21.732323232323232], [80.16666666666667, 21.72222222222222], [80.18080808080809, 21.72222222222222]]]}, "properties": {"confidence_score": 0.4674, "site_id": "balaghat"}}, {"type": "Feature", "geometry": {"type": "Polygon", "coordinates": [[[80.1949494949495, 21.72222222222222], [80.1949494949495, 21.732323232323232], [80.18080808080808, 21.732323232323232], [80.18080808080808, 21.72222222222222], [80.1949494949495, 21.72222222222222]]]}, "properties": {"confidence_score": 0.5293, "site_id": "balaghat"}}, {"type": "Feature", "geometry": {"type": "Polygon", "coordinates": [[[80.20909090909092, 21.72222222222222], [80.20909090909092, 21.732323232323232], [80.1949494949495, 21.732323232323232], [80.1949494949495, 21.72222222222222], [80.20909090909092, 21.72222222222222]]]}, "properties": {"confidence_score": 0.5632, "site_id": "balaghat"}}, {"type": "Feature", "geometry": {"type": "Polygon", "coordinates": [[[80.22323232323234, 21.72222222222222], [80.22323232323234, 21.732323232323232], [80.20909090909092, 21.732323232323232], [80.20909090909092, 21.72222222222222], [80.22323232323234, 21.72222222222222]]]}, "properties": {"confidence_score": 0.5258, "site_id": "balaghat"}}, {"type": "Feature", "geometry": {"type": "Polygon", "coordinates": [[[80.23737373737374, 21.72222222222222], [80.23737373737374, 21.732323232323232], [80.22323232323232, 21.732323232323232], [80.22323232323232, 21.72222222222222], [80.23737373737374, 21.72222222222222]]]}, "properties": {"confidence_score": 0.4764, "site_id": "balaghat"}}, {"type": "Feature", "geometry": {"type": "Polygon", "coordinates": [[[80.25151515151516, 21.72222222222222], [80.25151515151516, 21.732323232323232], [80.23737373737374, 21.732323232323232], [80.23737373737374, 21.72222222222222], [80.25151515151516, 21.72222222222222]]]}, "properties": {"confidence_score": 0.4633, "site_id": "balaghat"}}, {"type": "Feature", "geometry": {"type": "Polygon", "coordinates": [[[80.26565656565657, 21.72222222222222], [80.26565656565657, 21.732323232323232], [80.25151515151515, 21.732323232323232], [80.25151515151515, 21.72222222222222], [80.26565656565657, 21.72222222222222]]]}, "properties": {"confidence_score": 0.4731, "site_id": "balaghat"}}, {"type": "Feature", "geometry": {"type": "Polygon", "coordinates": [[[80.27979797979799, 21.72222222222222], [80.27979797979799, 21.732323232323232], [80.26565656565657, 21.732323232323232], [80.26565656565657, 21.72222222222222], [80.27979797979799, 21.72222222222222]]]}, "properties": {"confidence_score": 0.5023, "site_id": "balaghat"}}, {"type": "Feature", "geometry": {"type": "Polygon", "coordinates": [[[80.2939393939394, 21.72222222222222], [80.2939393939394, 21.732323232323232], [80.27979797979798, 21.732323232323232], [80.27979797979798, 21.72222222222222], [80.2939393939394, 21.72222222222222]]]}, "properties": {"confidence_score": 0.4949, "site_id": "balaghat"}}, {"type": "Feature", "geometry": {"type": "Polygon", "coordinates": [[[80.30808080808082, 21.72222222222222], [80.30808080808082, 21.732323232323232], [80.2939393939394, 21.732323232323232], [80.2939393939394, 21.72222222222222], [80.30808080808082, 21.72222222222222]]]}, "properties": {"confidence_score": 0.426, "site_id": "balaghat"}}, {"type": "Feature", "geometry": {"type": "Polygon", "coordinates": [[[80.32222222222224, 21.72222222222222], [80.32222222222224, 21.732323232323232], [80.30808080808082, 21.732323232323232], [80.30808080808082, 21.72222222222222], [80.32222222222224, 21.72222222222222]]]}, "properties": {"confidence_score": 0.3561, "site_id": "balaghat"}}, {"type": "Feature", "geometry": {"type": "Polygon", "coordinates": [[[80.33636363636364, 21.72222222222222], [80.33636363636364, 21.732323232323232], [80.32222222222222, 21.732323232323232], [80.32222222222222, 21.72222222222222], [80.33636363636364, 21.72222222222222]]]}, "properties": {"confidence_score": 0.3687, "site_id": "balaghat"}}, {"type": "Feature", "geometry": {"type": "Polygon", "coordinates": [[[80.35050505050506, 21.72222222222222], [80.35050505050506, 21.732323232323232], [80.33636363636364, 21.732323232323232], [80.33636363636364, 21.72222222222222], [80.35050505050506, 21.72222222222222]]]}, "properties": {"confidence_score": 0.3962, "site_id": "balaghat"}}, {"type": "Feature", "geometry": {"type": "Polygon", "coordinates": [[[80.36464646464647, 21.72222222222222], [80.36464646464647, 21.732323232323232], [80.35050505050505, 21.732323232323232], [80.35050505050505, 21.72222222222222], [80.36464646464647, 21.72222222222222]]]}, "properties": {"confidence_score": 0.3985, "site_id": "balaghat"}}, {"type": "Feature", "geometry": {"type": "Polygon", "coordinates": [[[80.37878787878789, 21.72222222222222], [80.37878787878789, 21.732323232323232], [80.36464646464647, 21.732323232323232], [80.36464646464647, 21.72222222222222], [80.37878787878789, 21.72222222222222]]]}, "properties": {"confidence_score": 0.4001, "site_id": "balaghat"}}, {"type": "Feature", "geometry": {"type": "Polygon", "coordinates": [[[80.3929292929293, 21.72222222222222], [80.3929292929293, 21.732323232323232], [80.37878787878788, 21.732323232323232], [80.37878787878788, 21.72222222222222], [80.3929292929293, 21.72222222222222]]]}, "properties": {"confidence_score": 0.3879, "site_id": "balaghat"}}, {"type": "Feature", "geometry": {"type": "Polygon", "coordinates": [[[80.40707070707072, 21.72222222222222], [80.40707070707072, 21.732323232323232], [80.3929292929293, 21.732323232323232], [80.3929292929293, 21.72222222222222], [80.40707070707072, 21.72222222222222]]]}, "properties": {"confidence_score": 0.3841, "site_id": "balaghat"}}, {"type": "Feature", "geometry": {"type": "Polygon", "coordinates": [[[80.11010101010102, 21.732323232323232], [80.11010101010102, 21.742424242424242], [80.0959595959596, 21.742424242424242], [80.0959595959596, 21.732323232323232], [80.11010101010102, 21.732323232323232]]]}, "properties": {"confidence_score": 0.708, "site_id": "balaghat"}}, {"type": "Feature", "geometry": {"type": "Polygon", "coordinates": [[[80.12424242424242, 21.732323232323232], [80.12424242424242, 21.742424242424242], [80.110101010101, 21.742424242424242], [80.110101010101, 21.732323232323232], [80.12424242424242, 21.732323232323232]]]}, "properties": {"confidence_score": 0.7076, "site_id": "balaghat"}}, {"type": "Feature", "geometry": {"type": "Polygon", "coordinates": [[[80.13838383838385, 21.732323232323232], [80.13838383838385, 21.742424242424242], [80.12424242424242, 21.742424242424242], [80.12424242424242, 21.732323232323232], [80.13838383838385, 21.732323232323232]]]}, "properties": {"confidence_score": 0.7048, "site_id": "balaghat"}}, {"type": "Feature", "geometry": {"type": "Polygon", "coordinates": [[[80.15252525252527, 21.732323232323232], [80.15252525252527, 21.742424242424242], [80.13838383838385, 21.742424242424242], [80.13838383838385, 21.732323232323232], [80.15252525252527, 21.732323232323232]]]}, "properties": {"confidence_score": 0.7189, "site_id": "balaghat"}}, {"type": "Feature", "geometry": {"type": "Polygon", "coordinates": [[[80.16666666666667, 21.732323232323232], [80.16666666666667, 21.742424242424242], [80.15252525252525, 21.742424242424242], [80.15252525252525, 21.732323232323232], [80.16666666666667, 21.732323232323232]]]}, "properties": {"confidence_score": 0.5428, "site_id": "balaghat"}}, {"type": "Feature", "geometry": {"type": "Polygon", "coordinates": [[[80.18080808080809, 21.732323232323232], [80.18080808080809, 21.742424242424242], [80.16666666666667, 21.742424242424242], [80.16666666666667, 21.732323232323232], [80.18080808080809, 21.732323232323232]]]}, "properties": {"confidence_score": 0.4458, "site_id": "balaghat"}}, {"type": "Feature", "geometry": {"type": "Polygon", "coordinates": [[[80.1949494949495, 21.732323232323232], [80.1949494949495, 21.742424242424242], [80.18080808080808, 21.742424242424242], [80.18080808080808, 21.732323232323232], [80.1949494949495, 21.732323232323232]]]}, "properties": {"confidence_score": 0.472, "site_id": "balaghat"}}, {"type": "Feature", "geometry": {"type": "Polygon", "coordinates": [[[80.20909090909092, 21.732323232323232], [80.20909090909092, 21.742424242424242], [80.1949494949495, 21.742424242424242], [80.1949494949495, 21.732323232323232], [80.20909090909092, 21.732323232323232]]]}, "properties": {"confidence_score": 0.456, "site_id": "balaghat"}}, {"type": "Feature", "geometry": {"type": "Polygon", "coordinates": [[[80.22323232323234, 21.732323232323232], [80.22323232323234, 21.742424242424242], [80.20909090909092, 21.742424242424242], [80.20909090909092, 21.732323232323232], [80.22323232323234, 21.732323232323232]]]}, "properties": {"confidence_score": 0.4211, "site_id": "balaghat"}}, {"type": "Feature", "geometry": {"type": "Polygon", "coordinates": [[[80.23737373737374, 21.732323232323232], [80.23737373737374, 21.742424242424242], [80.22323232323232, 21.742424242424242], [80.22323232323232, 21.732323232323232], [80.23737373737374, 21.732323232323232]]]}, "properties": {"confidence_score": 0.3579, "site_id": "balaghat"}}, {"type": "Feature", "geometry": {"type": "Polygon", "coordinates": [[[80.25151515151516, 21.732323232323232], [80.25151515151516, 21.742424242424242], [80.23737373737374, 21.742424242424242], [80.23737373737374, 21.732323232323232], [80.25151515151516, 21.732323232323232]]]}, "properties": {"confidence_score": 0.3664, "site_id": "balaghat"}}, {"type": "Feature", "geometry": {"type": "Polygon", "coordinates": [[[80.26565656565657, 21.732323232323232], [80.26565656565657, 21.742424242424242], [80.25151515151515, 21.742424242424242], [80.25151515151515, 21.732323232323232], [80.26565656565657, 21.732323232323232]]]}, "properties": {"confidence_score": 0.3762, "site_id": "balaghat"}}, {"type": "Feature", "geometry": {"type": "Polygon", "coordinates": [[[80.27979797979799, 21.732323232323232], [80.27979797979799, 21.742424242424242], [80.26565656565657, 21.742424242424242], [80.26565656565657, 21.732323232323232], [80.27979797979799, 21.732323232323232]]]}, "properties": {"confidence_score": 0.4558, "site_id": "balaghat"}}, {"type": "Feature", "geometry": {"type": "Polygon", "coordinates": [[[80.2939393939394, 21.732323232323232], [80.2939393939394, 21.742424242424242], [80.27979797979798, 21.742424242424242], [80.27979797979798, 21.732323232323232], [80.2939393939394, 21.732323232323232]]]}, "properties": {"confidence_score": 0.4848, "site_id": "balaghat"}}, {"type": "Feature", "geometry": {"type": "Polygon", "coordinates": [[[80.30808080808082, 21.732323232323232], [80.30808080808082, 21.742424242424242], [80.2939393939394, 21.742424242424242], [80.2939393939394, 21.732323232323232], [80.30808080808082, 21.732323232323232]]]}, "properties": {"confidence_score": 0.4517, "site_id": "balaghat"}}, {"type": "Feature", "geometry": {"type": "Polygon", "coordinates": [[[80.32222222222224, 21.732323232323232], [80.32222222222224, 21.742424242424242], [80.30808080808082, 21.742424242424242], [80.30808080808082, 21.732323232323232], [80.32222222222224, 21.732323232323232]]]}, "properties": {"confidence_score": 0.4048, "site_id": "balaghat"}}, {"type": "Feature", "geometry": {"type": "Polygon", "coordinates": [[[80.33636363636364, 21.732323232323232], [80.33636363636364, 21.742424242424242], [80.32222222222222, 21.742424242424242], [80.32222222222222, 21.732323232323232], [80.33636363636364, 21.732323232323232]]]}, "properties": {"confidence_score": 0.4073, "site_id": "balaghat"}}, {"type": "Feature", "geometry": {"type": "Polygon", "coordinates": [[[80.35050505050506, 21.732323232323232], [80.35050505050506, 21.742424242424242], [80.33636363636364, 21.742424242424242], [80.33636363636364, 21.732323232323232], [80.35050505050506, 21.732323232323232]]]}, "properties": {"confidence_score": 0.4174, "site_id": "balaghat"}}, {"type": "Feature", "geometry": {"type": "Polygon", "coordinates": [[[80.36464646464647, 21.732323232323232], [80.36464646464647, 21.742424242424242], [80.35050505050505, 21.742424242424242], [80.35050505050505, 21.732323232323232], [80.36464646464647, 21.732323232323232]]]}, "properties": {"confidence_score": 0.4267, "site_id": "balaghat"}}, {"type": "Feature", "geometry": {"type": "Polygon", "coordinates": [[[80.37878787878789, 21.732323232323232], [80.37878787878789, 21.742424242424242], [80.36464646464647, 21.742424242424242], [80.36464646464647, 21.732323232323232], [80.37878787878789, 21.732323232323232]]]}, "properties": {"confidence_score": 0.4444, "site_id": "balaghat"}}, {"type": "Feature", "geometry": {"type": "Polygon", "coordinates": [[[80.3929292929293, 21.732323232323232], [80.3929292929293, 21.742424242424242], [80.37878787878788, 21.742424242424242], [80.37878787878788, 21.732323232323232], [80.3929292929293, 21.732323232323232]]]}, "properties": {"confidence_score": 0.4135, "site_id": "balaghat"}}, {"type": "Feature", "geometry": {"type": "Polygon", "coordinates": [[[80.40707070707072, 21.732323232323232], [80.40707070707072, 21.742424242424242], [80.3929292929293, 21.742424242424242], [80.3929292929293, 21.732323232323232], [80.40707070707072, 21.732323232323232]]]}, "properties": {"confidence_score": 0.4053, "site_id": "balaghat"}}, {"type": "Feature", "geometry": {"type": "Polygon", "coordinates": [[[80.11010101010102, 21.742424242424242], [80.11010101010102, 21.752525252525253], [80.0959595959596, 21.752525252525253], [80.0959595959596, 21.742424242424242], [80.11010101010102, 21.742424242424242]]]}, "properties": {"confidence_score": 0.7318, "site_id": "balaghat"}}, {"type": "Feature", "geometry": {"type": "Polygon", "coordinates": [[[80.12424242424242, 21.742424242424242], [80.12424242424242, 21.752525252525253], [80.110101010101, 21.752525252525253], [80.110101010101, 21.742424242424242], [80.12424242424242, 21.742424242424242]]]}, "properties": {"confidence_score": 0.7073, "site_id": "balaghat"}}, {"type": "Feature", "geometry": {"type": "Polygon", "coordinates": [[[80.13838383838385, 21.742424242424242], [80.13838383838385, 21.752525252525253], [80.12424242424242, 21.752525252525253], [80.12424242424242, 21.742424242424242], [80.13838383838385, 21.742424242424242]]]}, "properties": {"confidence_score": 0.6734, "site_id": "balaghat"}}, {"type": "Feature", "geometry": {"type": "Polygon", "coordinates": [[[80.15252525252527, 21.742424242424242], [80.15252525252527, 21.752525252525253], [80.13838383838385, 21.752525252525253], [80.13838383838385, 21.742424242424242], [80.15252525252527, 21.742424242424242]]]}, "properties": {"confidence_score": 0.6253, "site_id": "balaghat"}}, {"type": "Feature", "geometry": {"type": "Polygon", "coordinates": [[[80.16666666666667, 21.742424242424242], [80.16666666666667, 21.752525252525253], [80.15252525252525, 21.752525252525253], [80.15252525252525, 21.742424242424242], [80.16666666666667, 21.742424242424242]]]}, "properties": {"confidence_score": 0.5532, "site_id": "balaghat"}}, {"type": "Feature", "geometry": {"type": "Polygon", "coordinates": [[[80.18080808080809, 21.742424242424242], [80.18080808080809, 21.752525252525253], [80.16666666666667, 21.752525252525253], [80.16666666666667, 21.742424242424242], [80.18080808080809, 21.742424242424242]]]}, "properties": {"confidence_score": 0.5025, "site_id": "balaghat"}}, {"type": "Feature", "geometry": {"type": "Polygon", "coordinates": [[[80.1949494949495, 21.742424242424242], [80.1949494949495, 21.752525252525253], [80.18080808080808, 21.752525252525253], [80.18080808080808, 21.742424242424242], [80.1949494949495, 21.742424242424242]]]}, "properties": {"confidence_score": 0.4709, "site_id": "balaghat"}}, {"type": "Feature", "geometry": {"type": "Polygon", "coordinates": [[[80.20909090909092, 21.742424242424242], [80.20909090909092, 21.752525252525253], [80.1949494949495, 21.752525252525253], [80.1949494949495, 21.742424242424242], [80.20909090909092, 21.742424242424242]]]}, "properties": {"confidence_score": 0.4372, "site_id": "balaghat"}}, {"type": "Feature", "geometry": {"type": "Polygon", "coordinates": [[[80.22323232323234, 21.742424242424242], [80.22323232323234, 21.752525252525253], [80.20909090909092, 21.752525252525253], [80.20909090909092, 21.742424242424242], [80.22323232323234, 21.742424242424242]]]}, "properties": {"confidence_score": 0.3667, "site_id": "balaghat"}}, {"type": "Feature", "geometry": {"type": "Polygon", "coordinates": [[[80.23737373737374, 21.742424242424242], [80.23737373737374, 21.752525252525253], [80.22323232323232, 21.752525252525253], [80.22323232323232, 21.742424242424242], [80.23737373737374, 21.742424242424242]]]}, "properties": {"confidence_score": 0.296, "site_id": "balaghat"}}, {"type": "Feature", "geometry": {"type": "Polygon", "coordinates": [[[80.25151515151516, 21.742424242424242], [80.25151515151516, 21.752525252525253], [80.23737373737374, 21.752525252525253], [80.23737373737374, 21.742424242424242], [80.25151515151516, 21.742424242424242]]]}, "properties": {"confidence_score": 0.31, "site_id": "balaghat"}}, {"type": "Feature", "geometry": {"type": "Polygon", "coordinates": [[[80.26565656565657, 21.742424242424242], [80.26565656565657, 21.752525252525253], [80.25151515151515, 21.752525252525253], [80.25151515151515, 21.742424242424242], [80.26565656565657, 21.742424242424242]]]}, "properties": {"confidence_score": 0.3476, "site_id": "balaghat"}}, {"type": "Feature", "geometry": {"type": "Polygon", "coordinates": [[[80.27979797979799, 21.742424242424242], [80.27979797979799, 21.752525252525253], [80.26565656565657, 21.752525252525253], [80.26565656565657, 21.742424242424242], [80.27979797979799, 21.742424242424242]]]}, "properties": {"confidence_score": 0.453, "site_id": "balaghat"}}, {"type": "Feature", "geometry": {"type": "Polygon", "coordinates": [[[80.2939393939394, 21.742424242424242], [80.2939393939394, 21.752525252525253], [80.27979797979798, 21.752525252525253], [80.27979797979798, 21.742424242424242], [80.2939393939394, 21.742424242424242]]]}, "properties": {"confidence_score": 0.528, "site_id": "balaghat"}}, {"type": "Feature", "geometry": {"type": "Polygon", "coordinates": [[[80.30808080808082, 21.742424242424242], [80.30808080808082, 21.752525252525253], [80.2939393939394, 21.752525252525253], [80.2939393939394, 21.742424242424242], [80.30808080808082, 21.742424242424242]]]}, "properties": {"confidence_score": 0.4952, "site_id": "balaghat"}}, {"type": "Feature", "geometry": {"type": "Polygon", "coordinates": [[[80.32222222222224, 21.742424242424242], [80.32222222222224, 21.752525252525253], [80.30808080808082, 21.752525252525253], [80.30808080808082, 21.742424242424242], [80.32222222222224, 21.742424242424242]]]}, "properties": {"confidence_score": 0.4609, "site_id": "balaghat"}}, {"type": "Feature", "geometry": {"type": "Polygon", "coordinates": [[[80.33636363636364, 21.742424242424242], [80.33636363636364, 21.752525252525253], [80.32222222222222, 21.752525252525253], [80.32222222222222, 21.742424242424242], [80.33636363636364, 21.742424242424242]]]}, "properties": {"confidence_score": 0.4508, "site_id": "balaghat"}}, {"type": "Feature", "geometry": {"type": "Polygon", "coordinates": [[[80.35050505050506, 21.742424242424242], [80.35050505050506, 21.752525252525253], [80.33636363636364, 21.752525252525253], [80.33636363636364, 21.742424242424242], [80.35050505050506, 21.742424242424242]]]}, "properties": {"confidence_score": 0.4568, "site_id": "balaghat"}}, {"type": "Feature", "geometry": {"type": "Polygon", "coordinates": [[[80.36464646464647, 21.742424242424242], [80.36464646464647, 21.752525252525253], [80.35050505050505, 21.752525252525253], [80.35050505050505, 21.742424242424242], [80.36464646464647, 21.742424242424242]]]}, "properties": {"confidence_score": 0.4412, "site_id": "balaghat"}}, {"type": "Feature", "geometry": {"type": "Polygon", "coordinates": [[[80.37878787878789, 21.742424242424242], [80.37878787878789, 21.752525252525253], [80.36464646464647, 21.752525252525253], [80.36464646464647, 21.742424242424242], [80.37878787878789, 21.742424242424242]]]}, "properties": {"confidence_score": 0.4246, "site_id": "balaghat"}}, {"type": "Feature", "geometry": {"type": "Polygon", "coordinates": [[[80.3929292929293, 21.742424242424242], [80.3929292929293, 21.752525252525253], [80.37878787878788, 21.752525252525253], [80.37878787878788, 21.742424242424242], [80.3929292929293, 21.742424242424242]]]}, "properties": {"confidence_score": 0.4168, "site_id": "balaghat"}}, {"type": "Feature", "geometry": {"type": "Polygon", "coordinates": [[[80.40707070707072, 21.742424242424242], [80.40707070707072, 21.752525252525253], [80.3929292929293, 21.752525252525253], [80.3929292929293, 21.742424242424242], [80.40707070707072, 21.742424242424242]]]}, "properties": {"confidence_score": 0.4112, "site_id": "balaghat"}}, {"type": "Feature", "geometry": {"type": "Polygon", "coordinates": [[[80.11010101010102, 21.752525252525253], [80.11010101010102, 21.762626262626263], [80.0959595959596, 21.762626262626263], [80.0959595959596, 21.752525252525253], [80.11010101010102, 21.752525252525253]]]}, "properties": {"confidence_score": 0.7414, "site_id": "balaghat"}}, {"type": "Feature", "geometry": {"type": "Polygon", "coordinates": [[[80.12424242424242, 21.752525252525253], [80.12424242424242, 21.762626262626263], [80.110101010101, 21.762626262626263], [80.110101010101, 21.752525252525253], [80.12424242424242, 21.752525252525253]]]}, "properties": {"confidence_score": 0.7127, "site_id": "balaghat"}}, {"type": "Feature", "geometry": {"type": "Polygon", "coordinates": [[[80.13838383838385, 21.752525252525253], [80.13838383838385, 21.762626262626263], [80.12424242424242, 21.762626262626263], [80.12424242424242, 21.752525252525253], [80.13838383838385, 21.752525252525253]]]}, "properties": {"confidence_score": 0.6512, "site_id": "balaghat"}}, {"type": "Feature", "geometry": {"type": "Polygon", "coordinates": [[[80.15252525252527, 21.752525252525253], [80.15252525252527, 21.762626262626263], [80.13838383838385, 21.762626262626263], [80.13838383838385, 21.752525252525253], [80.15252525252527, 21.752525252525253]]]}, "properties": {"confidence_score": 0.578, "site_id": "balaghat"}}, {"type": "Feature", "geometry": {"type": "Polygon", "coordinates": [[[80.16666666666667, 21.752525252525253], [80.16666666666667, 21.762626262626263], [80.15252525252525, 21.762626262626263], [80.15252525252525, 21.752525252525253], [80.16666666666667, 21.752525252525253]]]}, "properties": {"confidence_score": 0.5519, "site_id": "balaghat"}}, {"type": "Feature", "geometry": {"type": "Polygon", "coordinates": [[[80.18080808080809, 21.752525252525253], [80.18080808080809, 21.762626262626263], [80.16666666666667, 21.762626262626263], [80.16666666666667, 21.752525252525253], [80.18080808080809, 21.752525252525253]]]}, "properties": {"confidence_score": 0.5334, "site_id": "balaghat"}}, {"type": "Feature", "geometry": {"type": "Polygon", "coordinates": [[[80.1949494949495, 21.752525252525253], [80.1949494949495, 21.762626262626263], [80.18080808080808, 21.762626262626263], [80.18080808080808, 21.752525252525253], [80.1949494949495, 21.752525252525253]]]}, "properties": {"confidence_score": 0.487, "site_id": "balaghat"}}, {"type": "Feature", "geometry": {"type": "Polygon", "coordinates": [[[80.20909090909092, 21.752525252525253], [80.20909090909092, 21.762626262626263], [80.1949494949495, 21.762626262626263], [80.1949494949495, 21.752525252525253], [80.20909090909092, 21.752525252525253]]]}, "properties": {"confidence_score": 0.4517, "site_id": "balaghat"}}, {"type": "Feature", "geometry": {"type": "Polygon", "coordinates": [[[80.22323232323234, 21.752525252525253], [80.22323232323234, 21.762626262626263], [80.20909090909092, 21.762626262626263], [80.20909090909092, 21.752525252525253], [80.22323232323234, 21.752525252525253]]]}, "properties": {"confidence_score": 0.3599, "site_id": "balaghat"}}, {"type": "Feature", "geometry": {"type": "Polygon", "coordinates": [[[80.23737373737374, 21.752525252525253], [80.23737373737374, 21.762626262626263], [80.22323232323232, 21.762626262626263], [80.22323232323232, 21.752525252525253], [80.23737373737374, 21.752525252525253]]]}, "properties": {"confidence_score": 0.2633, "site_id": "balaghat"}}, {"type": "Feature", "geometry": {"type": "Polygon", "coordinates": [[[80.25151515151516, 21.752525252525253], [80.25151515151516, 21.762626262626263], [80.23737373737374, 21.762626262626263], [80.23737373737374, 21.752525252525253], [80.25151515151516, 21.752525252525253]]]}, "properties": {"confidence_score": 0.2971, "site_id": "balaghat"}}, {"type": "Feature", "geometry": {"type": "Polygon", "coordinates": [[[80.26565656565657, 21.752525252525253], [80.26565656565657, 21.762626262626263], [80.25151515151515, 21.762626262626263], [80.25151515151515, 21.752525252525253], [80.26565656565657, 21.752525252525253]]]}, "properties": {"confidence_score": 0.3338, "site_id": "balaghat"}}, {"type": "Feature", "geometry": {"type": "Polygon", "coordinates": [[[80.27979797979799, 21.752525252525253], [80.27979797979799, 21.762626262626263], [80.26565656565657, 21.762626262626263], [80.26565656565657, 21.752525252525253], [80.27979797979799, 21.752525252525253]]]}, "properties": {"confidence_score": 0.4685, "site_id": "balaghat"}}, {"type": "Feature", "geometry": {"type": "Polygon", "coordinates": [[[80.2939393939394, 21.752525252525253], [80.2939393939394, 21.762626262626263], [80.27979797979798, 21.762626262626263], [80.27979797979798, 21.752525252525253], [80.2939393939394, 21.752525252525253]]]}, "properties": {"confidence_score": 0.5824, "site_id": "balaghat"}}, {"type": "Feature", "geometry": {"type": "Polygon", "coordinates": [[[80.30808080808082, 21.752525252525253], [80.30808080808082, 21.762626262626263], [80.2939393939394, 21.762626262626263], [80.2939393939394, 21.752525252525253], [80.30808080808082, 21.752525252525253]]]}, "properties": {"confidence_score": 0.5291, "site_id": "balaghat"}}, {"type": "Feature", "geometry": {"type": "Polygon", "coordinates": [[[80.32222222222224, 21.752525252525253], [80.32222222222224, 21.762626262626263], [80.30808080808082, 21.762626262626263], [80.30808080808082, 21.752525252525253], [80.32222222222224, 21.752525252525253]]]}, "properties": {"confidence_score": 0.498, "site_id": "balaghat"}}, {"type": "Feature", "geometry": {"type": "Polygon", "coordinates": [[[80.33636363636364, 21.752525252525253], [80.33636363636364, 21.762626262626263], [80.32222222222222, 21.762626262626263], [80.32222222222222, 21.752525252525253], [80.33636363636364, 21.752525252525253]]]}, "properties": {"confidence_score": 0.4842, "site_id": "balaghat"}}, {"type": "Feature", "geometry": {"type": "Polygon", "coordinates": [[[80.35050505050506, 21.752525252525253], [80.35050505050506, 21.762626262626263], [80.33636363636364, 21.762626262626263], [80.33636363636364, 21.752525252525253], [80.35050505050506, 21.752525252525253]]]}, "properties": {"confidence_score": 0.4948, "site_id": "balaghat"}}, {"type": "Feature", "geometry": {"type": "Polygon", "coordinates": [[[80.36464646464647, 21.752525252525253], [80.36464646464647, 21.762626262626263], [80.35050505050505, 21.762626262626263], [80.35050505050505, 21.752525252525253], [80.36464646464647, 21.752525252525253]]]}, "properties": {"confidence_score": 0.4542, "site_id": "balaghat"}}, {"type": "Feature", "geometry": {"type": "Polygon", "coordinates": [[[80.37878787878789, 21.752525252525253], [80.37878787878789, 21.762626262626263], [80.36464646464647, 21.762626262626263], [80.36464646464647, 21.752525252525253], [80.37878787878789, 21.752525252525253]]]}, "properties": {"confidence_score": 0.415, "site_id": "balaghat"}}, {"type": "Feature", "geometry": {"type": "Polygon", "coordinates": [[[80.3929292929293, 21.752525252525253], [80.3929292929293, 21.762626262626263], [80.37878787878788, 21.762626262626263], [80.37878787878788, 21.752525252525253], [80.3929292929293, 21.752525252525253]]]}, "properties": {"confidence_score": 0.4165, "site_id": "balaghat"}}, {"type": "Feature", "geometry": {"type": "Polygon", "coordinates": [[[80.40707070707072, 21.752525252525253], [80.40707070707072, 21.762626262626263], [80.3929292929293, 21.762626262626263], [80.3929292929293, 21.752525252525253], [80.40707070707072, 21.752525252525253]]]}, "properties": {"confidence_score": 0.4171, "site_id": "balaghat"}}, {"type": "Feature", "geometry": {"type": "Polygon", "coordinates": [[[80.11010101010102, 21.762626262626263], [80.11010101010102, 21.772727272727273], [80.0959595959596, 21.772727272727273], [80.0959595959596, 21.762626262626263], [80.11010101010102, 21.762626262626263]]]}, "properties": {"confidence_score": 0.7458, "site_id": "balaghat"}}, {"type": "Feature", "geometry": {"type": "Polygon", "coordinates": [[[80.12424242424242, 21.762626262626263], [80.12424242424242, 21.772727272727273], [80.110101010101, 21.772727272727273], [80.110101010101, 21.762626262626263], [80.12424242424242, 21.762626262626263]]]}, "properties": {"confidence_score": 0.7254, "site_id": "balaghat"}}, {"type": "Feature", "geometry": {"type": "Polygon", "coordinates": [[[80.13838383838385, 21.762626262626263], [80.13838383838385, 21.772727272727273], [80.12424242424242, 21.772727272727273], [80.12424242424242, 21.762626262626263], [80.13838383838385, 21.762626262626263]]]}, "properties": {"confidence_score": 0.671, "site_id": "balaghat"}}, {"type": "Feature", "geometry": {"type": "Polygon", "coordinates": [[[80.15252525252527, 21.762626262626263], [80.15252525252527, 21.772727272727273], [80.13838383838385, 21.772727272727273], [80.13838383838385, 21.762626262626263], [80.15252525252527, 21.762626262626263]]]}, "properties": {"confidence_score": 0.6162, "site_id": "balaghat"}}, {"type": "Feature", "geometry": {"type": "Polygon", "coordinates": [[[80.16666666666667, 21.762626262626263], [80.16666666666667, 21.772727272727273], [80.15252525252525, 21.772727272727273], [80.15252525252525, 21.762626262626263], [80.16666666666667, 21.762626262626263]]]}, "properties": {"confidence_score": 0.5448, "site_id": "balaghat"}}, {"type": "Feature", "geometry": {"type": "Polygon", "coordinates": [[[80.18080808080809, 21.762626262626263], [80.18080808080809, 21.772727272727273], [80.16666666666667, 21.772727272727273], [80.16666666666667, 21.762626262626263], [80.18080808080809, 21.762626262626263]]]}, "properties": {"confidence_score": 0.4983, "site_id": "balaghat"}}, {"type": "Feature", "geometry": {"type": "Polygon", "coordinates": [[[80.1949494949495, 21.762626262626263], [80.1949494949495, 21.772727272727273], [80.18080808080808, 21.772727272727273], [80.18080808080808, 21.762626262626263], [80.1949494949495, 21.762626262626263]]]}, "properties": {"confidence_score": 0.4993, "site_id": "balaghat"}}, {"type": "Feature", "geometry": {"type": "Polygon", "coordinates": [[[80.20909090909092, 21.762626262626263], [80.20909090909092, 21.772727272727273], [80.1949494949495, 21.772727272727273], [80.1949494949495, 21.762626262626263], [80.20909090909092, 21.762626262626263]]]}, "properties": {"confidence_score": 0.4862, "site_id": "balaghat"}}, {"type": "Feature", "geometry": {"type": "Polygon", "coordinates": [[[80.22323232323234, 21.762626262626263], [80.22323232323234, 21.772727272727273], [80.20909090909092, 21.772727272727273], [80.20909090909092, 21.762626262626263], [80.22323232323234, 21.762626262626263]]]}, "properties": {"confidence_score": 0.3972, "site_id": "balaghat"}}, {"type": "Feature", "geometry": {"type": "Polygon", "coordinates": [[[80.23737373737374, 21.762626262626263], [80.23737373737374, 21.772727272727273], [80.22323232323232, 21.772727272727273], [80.22323232323232, 21.762626262626263], [80.23737373737374, 21.762626262626263]]]}, "properties": {"confidence_score": 0.3233, "site_id": "balaghat"}}, {"type": "Feature", "geometry": {"type": "Polygon", "coordinates": [[[80.25151515151516, 21.762626262626263], [80.25151515151516, 21.772727272727273], [80.23737373737374, 21.772727272727273], [80.23737373737374, 21.762626262626263], [80.25151515151516, 21.762626262626263]]]}, "properties": {"confidence_score": 0.3292, "site_id": "balaghat"}}, {"type": "Feature", "geometry": {"type": "Polygon", "coordinates": [[[80.26565656565657, 21.762626262626263], [80.26565656565657, 21.772727272727273], [80.25151515151515, 21.772727272727273], [80.25151515151515, 21.762626262626263], [80.26565656565657, 21.762626262626263]]]}, "properties": {"confidence_score": 0.3752, "site_id": "balaghat"}}, {"type": "Feature", "geometry": {"type": "Polygon", "coordinates": [[[80.27979797979799, 21.762626262626263], [80.27979797979799, 21.772727272727273], [80.26565656565657, 21.772727272727273], [80.26565656565657, 21.762626262626263], [80.27979797979799, 21.762626262626263]]]}, "properties": {"confidence_score": 0.4829, "site_id": "balaghat"}}, {"type": "Feature", "geometry": {"type": "Polygon", "coordinates": [[[80.2939393939394, 21.762626262626263], [80.2939393939394, 21.772727272727273], [80.27979797979798, 21.772727272727273], [80.27979797979798, 21.762626262626263], [80.2939393939394, 21.762626262626263]]]}, "properties": {"confidence_score": 0.5699, "site_id": "balaghat"}}, {"type": "Feature", "geometry": {"type": "Polygon", "coordinates": [[[80.30808080808082, 21.762626262626263], [80.30808080808082, 21.772727272727273], [80.2939393939394, 21.772727272727273], [80.2939393939394, 21.762626262626263], [80.30808080808082, 21.762626262626263]]]}, "properties": {"confidence_score": 0.5395, "site_id": "balaghat"}}, {"type": "Feature", "geometry": {"type": "Polygon", "coordinates": [[[80.32222222222224, 21.762626262626263], [80.32222222222224, 21.772727272727273], [80.30808080808082, 21.772727272727273], [80.30808080808082, 21.762626262626263], [80.32222222222224, 21.762626262626263]]]}, "properties": {"confidence_score": 0.4978, "site_id": "balaghat"}}, {"type": "Feature", "geometry": {"type": "Polygon", "coordinates": [[[80.33636363636364, 21.762626262626263], [80.33636363636364, 21.772727272727273], [80.32222222222222, 21.772727272727273], [80.32222222222222, 21.762626262626263], [80.33636363636364, 21.762626262626263]]]}, "properties": {"confidence_score": 0.5017, "site_id": "balaghat"}}, {"type": "Feature", "geometry": {"type": "Polygon", "coordinates": [[[80.35050505050506, 21.762626262626263], [80.35050505050506, 21.772727272727273], [80.33636363636364, 21.772727272727273], [80.33636363636364, 21.762626262626263], [80.35050505050506, 21.762626262626263]]]}, "properties": {"confidence_score": 0.5095, "site_id": "balaghat"}}, {"type": "Feature", "geometry": {"type": "Polygon", "coordinates": [[[80.36464646464647, 21.762626262626263], [80.36464646464647, 21.772727272727273], [80.35050505050505, 21.772727272727273], [80.35050505050505, 21.762626262626263], [80.36464646464647, 21.762626262626263]]]}, "properties": {"confidence_score": 0.47, "site_id": "balaghat"}}, {"type": "Feature", "geometry": {"type": "Polygon", "coordinates": [[[80.37878787878789, 21.762626262626263], [80.37878787878789, 21.772727272727273], [80.36464646464647, 21.772727272727273], [80.36464646464647, 21.762626262626263], [80.37878787878789, 21.762626262626263]]]}, "properties": {"confidence_score": 0.4342, "site_id": "balaghat"}}, {"type": "Feature", "geometry": {"type": "Polygon", "coordinates": [[[80.3929292929293, 21.762626262626263], [80.3929292929293, 21.772727272727273], [80.37878787878788, 21.772727272727273], [80.37878787878788, 21.762626262626263], [80.3929292929293, 21.762626262626263]]]}, "properties": {"confidence_score": 0.4228, "site_id": "balaghat"}}, {"type": "Feature", "geometry": {"type": "Polygon", "coordinates": [[[80.40707070707072, 21.762626262626263], [80.40707070707072, 21.772727272727273], [80.3929292929293, 21.772727272727273], [80.3929292929293, 21.762626262626263], [80.40707070707072, 21.762626262626263]]]}, "properties": {"confidence_score": 0.4151, "site_id": "balaghat"}}, {"type": "Feature", "geometry": {"type": "Polygon", "coordinates": [[[80.11010101010102, 21.772727272727273], [80.11010101010102, 21.782828282828284], [80.0959595959596, 21.782828282828284], [80.0959595959596, 21.772727272727273], [80.11010101010102, 21.772727272727273]]]}, "properties": {"confidence_score": 0.7537, "site_id": "balaghat"}}, {"type": "Feature", "geometry": {"type": "Polygon", "coordinates": [[[80.12424242424242, 21.772727272727273], [80.12424242424242, 21.782828282828284], [80.110101010101, 21.782828282828284], [80.110101010101, 21.772727272727273], [80.12424242424242, 21.772727272727273]]]}, "properties": {"confidence_score": 0.7511, "site_id": "balaghat"}}, {"type": "Feature", "geometry": {"type": "Polygon", "coordinates": [[[80.13838383838385, 21.772727272727273], [80.13838383838385, 21.782828282828284], [80.12424242424242, 21.782828282828284], [80.12424242424242, 21.772727272727273], [80.13838383838385, 21.772727272727273]]]}, "properties": {"confidence_score": 0.6977, "site_id": "balaghat"}}, {"type": "Feature", "geometry": {"type": "Polygon", "coordinates": [[[80.15252525252527, 21.772727272727273], [80.15252525252527, 21.782828282828284], [80.13838383838385, 21.782828282828284], [80.13838383838385, 21.772727272727273], [80.15252525252527, 21.772727272727273]]]}, "properties": {"confidence_score": 0.6564, "site_id": "balaghat"}}, {"type": "Feature", "geometry": {"type": "Polygon", "coordinates": [[[80.16666666666667, 21.772727272727273], [80.16666666666667, 21.782828282828284], [80.15252525252525, 21.782828282828284], [80.15252525252525, 21.772727272727273], [80.16666666666667, 21.772727272727273]]]}, "properties": {"confidence_score": 0.5481, "site_id": "balaghat"}}, {"type": "Feature", "geometry": {"type": "Polygon", "coordinates": [[[80.18080808080809, 21.772727272727273], [80.18080808080809, 21.782828282828284], [80.16666666666667, 21.782828282828284], [80.16666666666667, 21.772727272727273], [80.18080808080809, 21.772727272727273]]]}, "properties": {"confidence_score": 0.4779, "site_id": "balaghat"}}, {"type": "Feature", "geometry": {"type": "Polygon", "coordinates": [[[80.1949494949495, 21.772727272727273], [80.1949494949495, 21.782828282828284], [80.18080808080808, 21.782828282828284], [80.18080808080808, 21.772727272727273], [80.1949494949495, 21.772727272727273]]]}, "properties": {"confidence_score": 0.5118, "site_id": "balaghat"}}, {"type": "Feature", "geometry": {"type": "Polygon", "coordinates": [[[80.20909090909092, 21.772727272727273], [80.20909090909092, 21.782828282828284], [80.1949494949495, 21.782828282828284], [80.1949494949495, 21.772727272727273], [80.20909090909092, 21.772727272727273]]]}, "properties": {"confidence_score": 0.5329, "site_id": "balaghat"}}, {"type": "Feature", "geometry": {"type": "Polygon", "coordinates": [[[80.22323232323234, 21.772727272727273], [80.22323232323234, 21.782828282828284], [80.20909090909092, 21.782828282828284], [80.20909090909092, 21.772727272727273], [80.22323232323234, 21.772727272727273]]]}, "properties": {"confidence_score": 0.4468, "site_id": "balaghat"}}, {"type": "Feature", "geometry": {"type": "Polygon", "coordinates": [[[80.23737373737374, 21.772727272727273], [80.23737373737374, 21.782828282828284], [80.22323232323232, 21.782828282828284], [80.22323232323232, 21.772727272727273], [80.23737373737374, 21.772727272727273]]]}, "properties": {"confidence_score": 0.3789, "site_id": "balaghat"}}, {"type": "Feature", "geometry": {"type": "Polygon", "coordinates": [[[80.25151515151516, 21.772727272727273], [80.25151515151516, 21.782828282828284], [80.23737373737374, 21.782828282828284], [80.23737373737374, 21.772727272727273], [80.25151515151516, 21.772727272727273]]]}, "properties": {"confidence_score": 0.3765, "site_id": "balaghat"}}, {"type": "Feature", "geometry": {"type": "Polygon", "coordinates": [[[80.26565656565657, 21.772727272727273], [80.26565656565657, 21.782828282828284], [80.25151515151515, 21.782828282828284], [80.25151515151515, 21.772727272727273], [80.26565656565657, 21.772727272727273]]]}, "properties": {"confidence_score": 0.4042, "site_id": "balaghat"}}, {"type": "Feature", "geometry": {"type": "Polygon", "coordinates": [[[80.27979797979799, 21.772727272727273], [80.27979797979799, 21.782828282828284], [80.26565656565657, 21.782828282828284], [80.26565656565657, 21.772727272727273], [80.27979797979799, 21.772727272727273]]]}, "properties": {"confidence_score": 0.495, "site_id": "balaghat"}}, {"type": "Feature", "geometry": {"type": "Polygon", "coordinates": [[[80.2939393939394, 21.772727272727273], [80.2939393939394, 21.782828282828284], [80.27979797979798, 21.782828282828284], [80.27979797979798, 21.772727272727273], [80.2939393939394, 21.772727272727273]]]}, "properties": {"confidence_score": 0.5856, "site_id": "balaghat"}}, {"type": "Feature", "geometry": {"type": "Polygon", "coordinates": [[[80.30808080808082, 21.772727272727273], [80.30808080808082, 21.782828282828284], [80.2939393939394, 21.782828282828284], [80.2939393939394, 21.772727272727273], [80.30808080808082, 21.772727272727273]]]}, "properties": {"confidence_score": 0.551, "site_id": "balaghat"}}, {"type": "Feature", "geometry": {"type": "Polygon", "coordinates": [[[80.32222222222224, 21.772727272727273], [80.32222222222224, 21.782828282828284], [80.30808080808082, 21.782828282828284], [80.30808080808082, 21.772727272727273], [80.32222222222224, 21.772727272727273]]]}, "properties": {"confidence_score": 0.5054, "site_id": "balaghat"}}, {"type": "Feature", "geometry": {"type": "Polygon", "coordinates": [[[80.33636363636364, 21.772727272727273], [80.33636363636364, 21.782828282828284], [80.32222222222222, 21.782828282828284], [80.32222222222222, 21.772727272727273], [80.33636363636364, 21.772727272727273]]]}, "properties": {"confidence_score": 0.5179, "site_id": "balaghat"}}, {"type": "Feature", "geometry": {"type": "Polygon", "coordinates": [[[80.35050505050506, 21.772727272727273], [80.35050505050506, 21.782828282828284], [80.33636363636364, 21.782828282828284], [80.33636363636364, 21.772727272727273], [80.35050505050506, 21.772727272727273]]]}, "properties": {"confidence_score": 0.5299, "site_id": "balaghat"}}, {"type": "Feature", "geometry": {"type": "Polygon", "coordinates": [[[80.36464646464647, 21.772727272727273], [80.36464646464647, 21.782828282828284], [80.35050505050505, 21.782828282828284], [80.35050505050505, 21.772727272727273], [80.36464646464647, 21.772727272727273]]]}, "properties": {"confidence_score": 0.4839, "site_id": "balaghat"}}, {"type": "Feature", "geometry": {"type": "Polygon", "coordinates": [[[80.37878787878789, 21.772727272727273], [80.37878787878789, 21.782828282828284], [80.36464646464647, 21.782828282828284], [80.36464646464647, 21.772727272727273], [80.37878787878789, 21.772727272727273]]]}, "properties": {"confidence_score": 0.4526, "site_id": "balaghat"}}, {"type": "Feature", "geometry": {"type": "Polygon", "coordinates": [[[80.3929292929293, 21.772727272727273], [80.3929292929293, 21.782828282828284], [80.37878787878788, 21.782828282828284], [80.37878787878788, 21.772727272727273], [80.3929292929293, 21.772727272727273]]]}, "properties": {"confidence_score": 0.436, "site_id": "balaghat"}}, {"type": "Feature", "geometry": {"type": "Polygon", "coordinates": [[[80.40707070707072, 21.772727272727273], [80.40707070707072, 21.782828282828284], [80.3929292929293, 21.782828282828284], [80.3929292929293, 21.772727272727273], [80.40707070707072, 21.772727272727273]]]}, "properties": {"confidence_score": 0.4212, "site_id": "balaghat"}}, {"type": "Feature", "geometry": {"type": "Polygon", "coordinates": [[[80.11010101010102, 21.782828282828284], [80.11010101010102, 21.792929292929294], [80.0959595959596, 21.792929292929294], [80.0959595959596, 21.782828282828284], [80.11010101010102, 21.782828282828284]]]}, "properties": {"confidence_score": 0.7642, "site_id": "balaghat"}}, {"type": "Feature", "geometry": {"type": "Polygon", "coordinates": [[[80.12424242424242, 21.782828282828284], [80.12424242424242, 21.792929292929294], [80.110101010101, 21.792929292929294], [80.110101010101, 21.782828282828284], [80.12424242424242, 21.782828282828284]]]}, "properties": {"confidence_score": 0.7539, "site_id": "balaghat"}}, {"type": "Feature", "geometry": {"type": "Polygon", "coordinates": [[[80.13838383838385, 21.782828282828284], [80.13838383838385, 21.792929292929294], [80.12424242424242, 21.792929292929294], [80.12424242424242, 21.782828282828284], [80.13838383838385, 21.782828282828284]]]}, "properties": {"confidence_score": 0.7099, "site_id": "balaghat"}}, {"type": "Feature", "geometry": {"type": "Polygon", "coordinates": [[[80.15252525252527, 21.782828282828284], [80.15252525252527, 21.792929292929294], [80.13838383838385, 21.792929292929294], [80.13838383838385, 21.782828282828284], [80.15252525252527, 21.782828282828284]]]}, "properties": {"confidence_score": 0.6559, "site_id": "balaghat"}}, {"type": "Feature", "geometry": {"type": "Polygon", "coordinates": [[[80.16666666666667, 21.782828282828284], [80.16666666666667, 21.792929292929294], [80.15252525252525, 21.792929292929294], [80.15252525252525, 21.782828282828284], [80.16666666666667, 21.782828282828284]]]}, "properties": {"confidence_score": 0.5662, "site_id": "balaghat"}}, {"type": "Feature", "geometry": {"type": "Polygon", "coordinates": [[[80.18080808080809, 21.782828282828284], [80.18080808080809, 21.792929292929294], [80.16666666666667, 21.792929292929294], [80.16666666666667, 21.782828282828284], [80.18080808080809, 21.782828282828284]]]}, "properties": {"confidence_score": 0.5116, "site_id": "balaghat"}}, {"type": "Feature", "geometry": {"type": "Polygon", "coordinates": [[[80.1949494949495, 21.782828282828284], [80.1949494949495, 21.792929292929294], [80.18080808080808, 21.792929292929294], [80.18080808080808, 21.782828282828284], [80.1949494949495, 21.782828282828284]]]}, "properties": {"confidence_score": 0.5215, "site_id": "balaghat"}}, {"type": "Feature", "geometry": {"type": "Polygon", "coordinates": [[[80.20909090909092, 21.782828282828284], [80.20909090909092, 21.792929292929294], [80.1949494949495, 21.792929292929294], [80.1949494949495, 21.782828282828284], [80.20909090909092, 21.782828282828284]]]}, "properties": {"confidence_score": 0.5308, "site_id": "balaghat"}}, {"type": "Feature", "geometry": {"type": "Polygon", "coordinates": [[[80.22323232323234, 21.782828282828284], [80.22323232323234, 21.792929292929294], [80.20909090909092, 21.792929292929294], [80.20909090909092, 21.782828282828284], [80.22323232323234, 21.782828282828284]]]}, "properties": {"confidence_score": 0.4913, "site_id": "balaghat"}}, {"type": "Feature", "geometry": {"type": "Polygon", "coordinates": [[[80.23737373737374, 21.782828282828284], [80.23737373737374, 21.792929292929294], [80.22323232323232, 21.792929292929294], [80.22323232323232, 21.782828282828284], [80.23737373737374, 21.782828282828284]]]}, "properties": {"confidence_score": 0.4623, "site_id": "balaghat"}}, {"type": "Feature", "geometry": {"type": "Polygon", "coordinates": [[[80.25151515151516, 21.782828282828284], [80.25151515151516, 21.792929292929294], [80.23737373737374, 21.792929292929294], [80.23737373737374, 21.782828282828284], [80.25151515151516, 21.782828282828284]]]}, "properties": {"confidence_score": 0.4215, "site_id": "balaghat"}}, {"type": "Feature", "geometry": {"type": "Polygon", "coordinates": [[[80.26565656565657, 21.782828282828284], [80.26565656565657, 21.792929292929294], [80.25151515151515, 21.792929292929294], [80.25151515151515, 21.782828282828284], [80.26565656565657, 21.782828282828284]]]}, "properties": {"confidence_score": 0.4334, "site_id": "balaghat"}}, {"type": "Feature", "geometry": {"type": "Polygon", "coordinates": [[[80.27979797979799, 21.782828282828284], [80.27979797979799, 21.792929292929294], [80.26565656565657, 21.792929292929294], [80.26565656565657, 21.782828282828284], [80.27979797979799, 21.782828282828284]]]}, "properties": {"confidence_score": 0.4942, "site_id": "balaghat"}}, {"type": "Feature", "geometry": {"type": "Polygon", "coordinates": [[[80.2939393939394, 21.782828282828284], [80.2939393939394, 21.792929292929294], [80.27979797979798, 21.792929292929294], [80.27979797979798, 21.782828282828284], [80.2939393939394, 21.782828282828284]]]}, "properties": {"confidence_score": 0.5629, "site_id": "balaghat"}}, {"type": "Feature", "geometry": {"type": "Polygon", "coordinates": [[[80.30808080808082, 21.782828282828284], [80.30808080808082, 21.792929292929294], [80.2939393939394, 21.792929292929294], [80.2939393939394, 21.782828282828284], [80.30808080808082, 21.782828282828284]]]}, "properties": {"confidence_score": 0.5732, "site_id": "balaghat"}}, {"type": "Feature", "geometry": {"type": "Polygon", "coordinates": [[[80.32222222222224, 21.782828282828284], [80.32222222222224, 21.792929292929294], [80.30808080808082, 21.792929292929294], [80.30808080808082, 21.782828282828284], [80.32222222222224, 21.782828282828284]]]}, "properties": {"confidence_score": 0.573, "site_id": "balaghat"}}, {"type": "Feature", "geometry": {"type": "Polygon", "coordinates": [[[80.33636363636364, 21.782828282828284], [80.33636363636364, 21.792929292929294], [80.32222222222222, 21.792929292929294], [80.32222222222222, 21.782828282828284], [80.33636363636364, 21.782828282828284]]]}, "properties": {"confidence_score": 0.5408, "site_id": "balaghat"}}, {"type": "Feature", "geometry": {"type": "Polygon", "coordinates": [[[80.35050505050506, 21.782828282828284], [80.35050505050506, 21.792929292929294], [80.33636363636364, 21.792929292929294], [80.33636363636364, 21.782828282828284], [80.35050505050506, 21.782828282828284]]]}, "properties": {"confidence_score": 0.5074, "site_id": "balaghat"}}, {"type": "Feature", "geometry": {"type": "Polygon", "coordinates": [[[80.36464646464647, 21.782828282828284], [80.36464646464647, 21.792929292929294], [80.35050505050505, 21.792929292929294], [80.35050505050505, 21.782828282828284], [80.36464646464647, 21.782828282828284]]]}, "properties": {"confidence_score": 0.4929, "site_id": "balaghat"}}, {"type": "Feature", "geometry": {"type": "Polygon", "coordinates": [[[80.37878787878789, 21.782828282828284], [80.37878787878789, 21.792929292929294], [80.36464646464647, 21.792929292929294], [80.36464646464647, 21.782828282828284], [80.37878787878789, 21.782828282828284]]]}, "properties": {"confidence_score": 0.4824, "site_id": "balaghat"}}, {"type": "Feature", "geometry": {"type": "Polygon", "coordinates": [[[80.3929292929293, 21.782828282828284], [80.3929292929293, 21.792929292929294], [80.37878787878788, 21.792929292929294], [80.37878787878788, 21.782828282828284], [80.3929292929293, 21.782828282828284]]]}, "properties": {"confidence_score": 0.453, "site_id": "balaghat"}}, {"type": "Feature", "geometry": {"type": "Polygon", "coordinates": [[[80.40707070707072, 21.782828282828284], [80.40707070707072, 21.792929292929294], [80.3929292929293, 21.792929292929294], [80.3929292929293, 21.782828282828284], [80.40707070707072, 21.782828282828284]]]}, "properties": {"confidence_score": 0.4333, "site_id": "balaghat"}}, {"type": "Feature", "geometry": {"type": "Polygon", "coordinates": [[[80.11010101010102, 21.792929292929294], [80.11010101010102, 21.803030303030305], [80.0959595959596, 21.803030303030305], [80.0959595959596, 21.792929292929294], [80.11010101010102, 21.792929292929294]]]}, "properties": {"confidence_score": 0.7866, "site_id": "balaghat"}}, {"type": "Feature", "geometry": {"type": "Polygon", "coordinates": [[[80.12424242424242, 21.792929292929294], [80.12424242424242, 21.803030303030305], [80.110101010101, 21.803030303030305], [80.110101010101, 21.792929292929294], [80.12424242424242, 21.792929292929294]]]}, "properties": {"confidence_score": 0.7761, "site_id": "balaghat"}}, {"type": "Feature", "geometry": {"type": "Polygon", "coordinates": [[[80.13838383838385, 21.792929292929294], [80.13838383838385, 21.803030303030305], [80.12424242424242, 21.803030303030305], [80.12424242424242, 21.792929292929294], [80.13838383838385, 21.792929292929294]]]}, "properties": {"confidence_score": 0.7242, "site_id": "balaghat"}}, {"type": "Feature", "geometry": {"type": "Polygon", "coordinates": [[[80.15252525252527, 21.792929292929294], [80.15252525252527, 21.803030303030305], [80.13838383838385, 21.803030303030305], [80.13838383838385, 21.792929292929294], [80.15252525252527, 21.792929292929294]]]}, "properties": {"confidence_score": 0.6742, "site_id": "balaghat"}}, {"type": "Feature", "geometry": {"type": "Polygon", "coordinates": [[[80.16666666666667, 21.792929292929294], [80.16666666666667, 21.803030303030305], [80.15252525252525, 21.803030303030305], [80.15252525252525, 21.792929292929294], [80.16666666666667, 21.792929292929294]]]}, "properties": {"confidence_score": 0.5861, "site_id": "balaghat"}}, {"type": "Feature", "geometry": {"type": "Polygon", "coordinates": [[[80.18080808080809, 21.792929292929294], [80.18080808080809, 21.803030303030305], [80.16666666666667, 21.803030303030305], [80.16666666666667, 21.792929292929294], [80.18080808080809, 21.792929292929294]]]}, "properties": {"confidence_score": 0.5336, "site_id": "balaghat"}}, {"type": "Feature", "geometry": {"type": "Polygon", "coordinates": [[[80.1949494949495, 21.792929292929294], [80.1949494949495, 21.803030303030305], [80.18080808080808, 21.803030303030305], [80.18080808080808, 21.792929292929294], [80.1949494949495, 21.792929292929294]]]}, "properties": {"confidence_score": 0.53, "site_id": "balaghat"}}, {"type": "Feature", "geometry": {"type": "Polygon", "coordinates": [[[80.20909090909092, 21.792929292929294], [80.20909090909092, 21.803030303030305], [80.1949494949495, 21.803030303030305], [80.1949494949495, 21.792929292929294], [80.20909090909092, 21.792929292929294]]]}, "properties": {"confidence_score": 0.5371, "site_id": "balaghat"}}, {"type": "Feature", "geometry": {"type": "Polygon", "coordinates": [[[80.22323232323234, 21.792929292929294], [80.22323232323234, 21.803030303030305], [80.20909090909092, 21.803030303030305], [80.20909090909092, 21.792929292929294], [80.22323232323234, 21.792929292929294]]]}, "properties": {"confidence_score": 0.5017, "site_id": "balaghat"}}, {"type": "Feature", "geometry": {"type": "Polygon", "coordinates": [[[80.23737373737374, 21.792929292929294], [80.23737373737374, 21.803030303030305], [80.22323232323232, 21.803030303030305], [80.22323232323232, 21.792929292929294], [80.23737373737374, 21.792929292929294]]]}, "properties": {"confidence_score": 0.5037, "site_id": "balaghat"}}, {"type": "Feature", "geometry": {"type": "Polygon", "coordinates": [[[80.25151515151516, 21.792929292929294], [80.25151515151516, 21.803030303030305], [80.23737373737374, 21.803030303030305], [80.23737373737374, 21.792929292929294], [80.25151515151516, 21.792929292929294]]]}, "properties": {"confidence_score": 0.4315, "site_id": "balaghat"}}, {"type": "Feature", "geometry": {"type": "Polygon", "coordinates": [[[80.26565656565657, 21.792929292929294], [80.26565656565657, 21.803030303030305], [80.25151515151515, 21.803030303030305], [80.25151515151515, 21.792929292929294], [80.26565656565657, 21.792929292929294]]]}, "properties": {"confidence_score": 0.4349, "site_id": "balaghat"}}, {"type": "Feature", "geometry": {"type": "Polygon", "coordinates": [[[80.27979797979799, 21.792929292929294], [80.27979797979799, 21.803030303030305], [80.26565656565657, 21.803030303030305], [80.26565656565657, 21.792929292929294], [80.27979797979799, 21.792929292929294]]]}, "properties": {"confidence_score": 0.4771, "site_id": "balaghat"}}, {"type": "Feature", "geometry": {"type": "Polygon", "coordinates": [[[80.2939393939394, 21.792929292929294], [80.2939393939394, 21.803030303030305], [80.27979797979798, 21.803030303030305], [80.27979797979798, 21.792929292929294], [80.2939393939394, 21.792929292929294]]]}, "properties": {"confidence_score": 0.5523, "site_id": "balaghat"}}, {"type": "Feature", "geometry": {"type": "Polygon", "coordinates": [[[80.30808080808082, 21.792929292929294], [80.30808080808082, 21.803030303030305], [80.2939393939394, 21.803030303030305], [80.2939393939394, 21.792929292929294], [80.30808080808082, 21.792929292929294]]]}, "properties": {"confidence_score": 0.5872, "site_id": "balaghat"}}, {"type": "Feature", "geometry": {"type": "Polygon", "coordinates": [[[80.32222222222224, 21.792929292929294], [80.32222222222224, 21.803030303030305], [80.30808080808082, 21.803030303030305], [80.30808080808082, 21.792929292929294], [80.32222222222224, 21.792929292929294]]]}, "properties": {"confidence_score": 0.6372, "site_id": "balaghat"}}, {"type": "Feature", "geometry": {"type": "Polygon", "coordinates": [[[80.33636363636364, 21.792929292929294], [80.33636363636364, 21.803030303030305], [80.32222222222222, 21.803030303030305], [80.32222222222222, 21.792929292929294], [80.33636363636364, 21.792929292929294]]]}, "properties": {"confidence_score": 0.5749, "site_id": "balaghat"}}, {"type": "Feature", "geometry": {"type": "Polygon", "coordinates": [[[80.35050505050506, 21.792929292929294], [80.35050505050506, 21.803030303030305], [80.33636363636364, 21.803030303030305], [80.33636363636364, 21.792929292929294], [80.35050505050506, 21.792929292929294]]]}, "properties": {"confidence_score": 0.5096, "site_id": "balaghat"}}, {"type": "Feature", "geometry": {"type": "Polygon", "coordinates": [[[80.36464646464647, 21.792929292929294], [80.36464646464647, 21.803030303030305], [80.35050505050505, 21.803030303030305], [80.35050505050505, 21.792929292929294], [80.36464646464647, 21.792929292929294]]]}, "properties": {"confidence_score": 0.5052, "site_id": "balaghat"}}, {"type": "Feature", "geometry": {"type": "Polygon", "coordinates": [[[80.37878787878789, 21.792929292929294], [80.37878787878789, 21.803030303030305], [80.36464646464647, 21.803030303030305], [80.36464646464647, 21.792929292929294], [80.37878787878789, 21.792929292929294]]]}, "properties": {"confidence_score": 0.5054, "site_id": "balaghat"}}, {"type": "Feature", "geometry": {"type": "Polygon", "coordinates": [[[80.3929292929293, 21.792929292929294], [80.3929292929293, 21.803030303030305], [80.37878787878788, 21.803030303030305], [80.37878787878788, 21.792929292929294], [80.3929292929293, 21.792929292929294]]]}, "properties": {"confidence_score": 0.4596, "site_id": "balaghat"}}, {"type": "Feature", "geometry": {"type": "Polygon", "coordinates": [[[80.40707070707072, 21.792929292929294], [80.40707070707072, 21.803030303030305], [80.3929292929293, 21.803030303030305], [80.3929292929293, 21.792929292929294], [80.40707070707072, 21.792929292929294]]]}, "properties": {"confidence_score": 0.4433, "site_id": "balaghat"}}, {"type": "Feature", "geometry": {"type": "Polygon", "coordinates": [[[80.11010101010102, 21.803030303030305], [80.11010101010102, 21.813131313131315], [80.0959595959596, 21.813131313131315], [80.0959595959596, 21.803030303030305], [80.11010101010102, 21.803030303030305]]]}, "properties": {"confidence_score": 0.8149, "site_id": "balaghat"}}, {"type": "Feature", "geometry": {"type": "Polygon", "coordinates": [[[80.12424242424242, 21.803030303030305], [80.12424242424242, 21.813131313131315], [80.110101010101, 21.813131313131315], [80.110101010101, 21.803030303030305], [80.12424242424242, 21.803030303030305]]]}, "properties": {"confidence_score": 0.7921, "site_id": "balaghat"}}, {"type": "Feature", "geometry": {"type": "Polygon", "coordinates": [[[80.13838383838385, 21.803030303030305], [80.13838383838385, 21.813131313131315], [80.12424242424242, 21.813131313131315], [80.12424242424242, 21.803030303030305], [80.13838383838385, 21.803030303030305]]]}, "properties": {"confidence_score": 0.7404, "site_id": "balaghat"}}, {"type": "Feature", "geometry": {"type": "Polygon", "coordinates": [[[80.15252525252527, 21.803030303030305], [80.15252525252527, 21.813131313131315], [80.13838383838385, 21.813131313131315], [80.13838383838385, 21.803030303030305], [80.15252525252527, 21.803030303030305]]]}, "properties": {"confidence_score": 0.6856, "site_id": "balaghat"}}, {"type": "Feature", "geometry": {"type": "Polygon", "coordinates": [[[80.16666666666667, 21.803030303030305], [80.16666666666667, 21.813131313131315], [80.15252525252525, 21.813131313131315], [80.15252525252525, 21.803030303030305], [80.16666666666667, 21.803030303030305]]]}, "properties": {"confidence_score": 0.6032, "site_id": "balaghat"}}, {"type": "Feature", "geometry": {"type": "Polygon", "coordinates": [[[80.18080808080809, 21.803030303030305], [80.18080808080809, 21.813131313131315], [80.16666666666667, 21.813131313131315], [80.16666666666667, 21.803030303030305], [80.18080808080809, 21.803030303030305]]]}, "properties": {"confidence_score": 0.5521, "site_id": "balaghat"}}, {"type": "Feature", "geometry": {"type": "Polygon", "coordinates": [[[80.1949494949495, 21.803030303030305], [80.1949494949495, 21.813131313131315], [80.18080808080808, 21.813131313131315], [80.18080808080808, 21.803030303030305], [80.1949494949495, 21.803030303030305]]]}, "properties": {"confidence_score": 0.5334, "site_id": "balaghat"}}, {"type": "Feature", "geometry": {"type": "Polygon", "coordinates": [[[80.20909090909092, 21.803030303030305], [80.20909090909092, 21.813131313131315], [80.1949494949495, 21.813131313131315], [80.1949494949495, 21.803030303030305], [80.20909090909092, 21.803030303030305]]]}, "properties": {"confidence_score": 0.5144, "site_id": "balaghat"}}, {"type": "Feature", "geometry": {"type": "Polygon", "coordinates": [[[80.22323232323234, 21.803030303030305], [80.22323232323234, 21.813131313131315], [80.20909090909092, 21.813131313131315], [80.20909090909092, 21.803030303030305], [80.22323232323234, 21.803030303030305]]]}, "properties": {"confidence_score": 0.4645, "site_id": "balaghat"}}, {"type": "Feature", "geometry": {"type": "Polygon", "coordinates": [[[80.23737373737374, 21.803030303030305], [80.23737373737374, 21.813131313131315], [80.22323232323232, 21.813131313131315], [80.22323232323232, 21.803030303030305], [80.23737373737374, 21.803030303030305]]]}, "properties": {"confidence_score": 0.4134, "site_id": "balaghat"}}, {"type": "Feature", "geometry": {"type": "Polygon", "coordinates": [[[80.25151515151516, 21.803030303030305], [80.25151515151516, 21.813131313131315], [80.23737373737374, 21.813131313131315], [80.23737373737374, 21.803030303030305], [80.25151515151516, 21.803030303030305]]]}, "properties": {"confidence_score": 0.3978, "site_id": "balaghat"}}, {"type": "Feature", "geometry": {"type": "Polygon", "coordinates": [[[80.26565656565657, 21.803030303030305], [80.26565656565657, 21.813131313131315], [80.25151515151515, 21.813131313131315], [80.25151515151515, 21.803030303030305], [80.26565656565657, 21.803030303030305]]]}, "properties": {"confidence_score": 0.4007, "site_id": "balaghat"}}, {"type": "Feature", "geometry": {"type": "Polygon", "coordinates": [[[80.27979797979799, 21.803030303030305], [80.27979797979799, 21.813131313131315], [80.26565656565657, 21.813131313131315], [80.26565656565657, 21.803030303030305], [80.27979797979799, 21.803030303030305]]]}, "properties": {"confidence_score": 0.4408, "site_id": "balaghat"}}, {"type": "Feature", "geometry": {"type": "Polygon", "coordinates": [[[80.2939393939394, 21.803030303030305], [80.2939393939394, 21.813131313131315], [80.27979797979798, 21.813131313131315], [80.27979797979798, 21.803030303030305], [80.2939393939394, 21.803030303030305]]]}, "properties": {"confidence_score": 0.4943, "site_id": "balaghat"}}, {"type": "Feature", "geometry": {"type": "Polygon", "coordinates": [[[80.30808080808082, 21.803030303030305], [80.30808080808082, 21.813131313131315], [80.2939393939394, 21.813131313131315], [80.2939393939394, 21.803030303030305], [80.30808080808082, 21.803030303030305]]]}, "properties": {"confidence_score": 0.5772, "site_id": "balaghat"}}, {"type": "Feature", "geometry": {"type": "Polygon", "coordinates": [[[80.32222222222224, 21.803030303030305], [80.32222222222224, 21.813131313131315], [80.30808080808082, 21.813131313131315], [80.30808080808082, 21.803030303030305], [80.32222222222224, 21.803030303030305]]]}, "properties": {"confidence_score": 0.6473, "site_id": "balaghat"}}, {"type": "Feature", "geometry": {"type": "Polygon", "coordinates": [[[80.33636363636364, 21.803030303030305], [80.33636363636364, 21.813131313131315], [80.32222222222222, 21.813131313131315], [80.32222222222222, 21.803030303030305], [80.33636363636364, 21.803030303030305]]]}, "properties": {"confidence_score": 0.6191, "site_id": "balaghat"}}, {"type": "Feature", "geometry": {"type": "Polygon", "coordinates": [[[80.35050505050506, 21.803030303030305], [80.35050505050506, 21.813131313131315], [80.33636363636364, 21.813131313131315], [80.33636363636364, 21.803030303030305], [80.35050505050506, 21.803030303030305]]]}, "properties": {"confidence_score": 0.5809, "site_id": "balaghat"}}, {"type": "Feature", "geometry": {"type": "Polygon", "coordinates": [[[80.36464646464647, 21.803030303030305], [80.36464646464647, 21.813131313131315], [80.35050505050505, 21.813131313131315], [80.35050505050505, 21.803030303030305], [80.36464646464647, 21.803030303030305]]]}, "properties": {"confidence_score": 0.5271, "site_id": "balaghat"}}, {"type": "Feature", "geometry": {"type": "Polygon", "coordinates": [[[80.37878787878789, 21.803030303030305], [80.37878787878789, 21.813131313131315], [80.36464646464647, 21.813131313131315], [80.36464646464647, 21.803030303030305], [80.37878787878789, 21.803030303030305]]]}, "properties": {"confidence_score": 0.472, "site_id": "balaghat"}}, {"type": "Feature", "geometry": {"type": "Polygon", "coordinates": [[[80.3929292929293, 21.803030303030305], [80.3929292929293, 21.813131313131315], [80.37878787878788, 21.813131313131315], [80.37878787878788, 21.803030303030305], [80.3929292929293, 21.803030303030305]]]}, "properties": {"confidence_score": 0.4506, "site_id": "balaghat"}}, {"type": "Feature", "geometry": {"type": "Polygon", "coordinates": [[[80.40707070707072, 21.803030303030305], [80.40707070707072, 21.813131313131315], [80.3929292929293, 21.813131313131315], [80.3929292929293, 21.803030303030305], [80.40707070707072, 21.803030303030305]]]}, "properties": {"confidence_score": 0.4323, "site_id": "balaghat"}}, {"type": "Feature", "geometry": {"type": "Polygon", "coordinates": [[[80.11010101010102, 21.81313131313131], [80.11010101010102, 21.82323232323232], [80.0959595959596, 21.82323232323232], [80.0959595959596, 21.81313131313131], [80.11010101010102, 21.81313131313131]]]}, "properties": {"confidence_score": 0.8373, "site_id": "balaghat"}}, {"type": "Feature", "geometry": {"type": "Polygon", "coordinates": [[[80.12424242424242, 21.81313131313131], [80.12424242424242, 21.82323232323232], [80.110101010101, 21.82323232323232], [80.110101010101, 21.81313131313131], [80.12424242424242, 21.81313131313131]]]}, "properties": {"confidence_score": 0.8226, "site_id": "balaghat"}}, {"type": "Feature", "geometry": {"type": "Polygon", "coordinates": [[[80.13838383838385, 21.81313131313131], [80.13838383838385, 21.82323232323232], [80.12424242424242, 21.82323232323232], [80.12424242424242, 21.81313131313131], [80.13838383838385, 21.81313131313131]]]}, "properties": {"confidence_score": 0.7539, "site_id": "balaghat"}}, {"type": "Feature", "geometry": {"type": "Polygon", "coordinates": [[[80.15252525252527, 21.81313131313131], [80.15252525252527, 21.82323232323232], [80.13838383838385, 21.82323232323232], [80.13838383838385, 21.81313131313131], [80.15252525252527, 21.81313131313131]]]}, "properties": {"confidence_score": 0.7029, "site_id": "balaghat"}}, {"type": "Feature", "geometry": {"type": "Polygon", "coordinates": [[[80.16666666666667, 21.81313131313131], [80.16666666666667, 21.82323232323232], [80.15252525252525, 21.82323232323232], [80.15252525252525, 21.81313131313131], [80.16666666666667, 21.81313131313131]]]}, "properties": {"confidence_score": 0.613, "site_id": "balaghat"}}, {"type": "Feature", "geometry": {"type": "Polygon", "coordinates": [[[80.18080808080809, 21.81313131313131], [80.18080808080809, 21.82323232323232], [80.16666666666667, 21.82323232323232], [80.16666666666667, 21.81313131313131], [80.18080808080809, 21.81313131313131]]]}, "properties": {"confidence_score": 0.567, "site_id": "balaghat"}}, {"type": "Feature", "geometry": {"type": "Polygon", "coordinates": [[[80.1949494949495, 21.81313131313131], [80.1949494949495, 21.82323232323232], [80.18080808080808, 21.82323232323232], [80.18080808080808, 21.81313131313131], [80.1949494949495, 21.81313131313131]]]}, "properties": {"confidence_score": 0.5442, "site_id": "balaghat"}}, {"type": "Feature", "geometry": {"type": "Polygon", "coordinates": [[[80.20909090909092, 21.81313131313131], [80.20909090909092, 21.82323232323232], [80.1949494949495, 21.82323232323232], [80.1949494949495, 21.81313131313131], [80.20909090909092, 21.81313131313131]]]}, "properties": {"confidence_score": 0.5152, "site_id": "balaghat"}}, {"type": "Feature", "geometry": {"type": "Polygon", "coordinates": [[[80.22323232323234, 21.81313131313131], [80.22323232323234, 21.82323232323232], [80.20909090909092, 21.82323232323232], [80.20909090909092, 21.81313131313131], [80.22323232323234, 21.81313131313131]]]}, "properties": {"confidence_score": 0.4404, "site_id": "balaghat"}}, {"type": "Feature", "geometry": {"type": "Polygon", "coordinates": [[[80.23737373737374, 21.81313131313131], [80.23737373737374, 21.82323232323232], [80.22323232323232, 21.82323232323232], [80.22323232323232, 21.81313131313131], [80.23737373737374, 21.81313131313131]]]}, "properties": {"confidence_score": 0.3474, "site_id": "balaghat"}}, {"type": "Feature", "geometry": {"type": "Polygon", "coordinates": [[[80.25151515151516, 21.81313131313131], [80.25151515151516, 21.82323232323232], [80.23737373737374, 21.82323232323232], [80.23737373737374, 21.81313131313131], [80.25151515151516, 21.81313131313131]]]}, "properties": {"confidence_score": 0.3725, "site_id": "balaghat"}}, {"type": "Feature", "geometry": {"type": "Polygon", "coordinates": [[[80.26565656565657, 21.81313131313131], [80.26565656565657, 21.82323232323232], [80.25151515151515, 21.82323232323232], [80.25151515151515, 21.81313131313131], [80.26565656565657, 21.81313131313131]]]}, "properties": {"confidence_score": 0.3736, "site_id": "balaghat"}}, {"type": "Feature", "geometry": {"type": "Polygon", "coordinates": [[[80.27979797979799, 21.81313131313131], [80.27979797979799, 21.82323232323232], [80.26565656565657, 21.82323232323232], [80.26565656565657, 21.81313131313131], [80.27979797979799, 21.81313131313131]]]}, "properties": {"confidence_score": 0.4176, "site_id": "balaghat"}}, {"type": "Feature", "geometry": {"type": "Polygon", "coordinates": [[[80.2939393939394, 21.81313131313131], [80.2939393939394, 21.82323232323232], [80.27979797979798, 21.82323232323232], [80.27979797979798, 21.81313131313131], [80.2939393939394, 21.81313131313131]]]}, "properties": {"confidence_score": 0.4498, "site_id": "balaghat"}}, {"type": "Feature", "geometry": {"type": "Polygon", "coordinates": [[[80.30808080808082, 21.81313131313131], [80.30808080808082, 21.82323232323232], [80.2939393939394, 21.82323232323232], [80.2939393939394, 21.81313131313131], [80.30808080808082, 21.81313131313131]]]}, "properties": {"confidence_score": 0.5564, "site_id": "balaghat"}}, {"type": "Feature", "geometry": {"type": "Polygon", "coordinates": [[[80.32222222222224, 21.81313131313131], [80.32222222222224, 21.82323232323232], [80.30808080808082, 21.82323232323232], [80.30808080808082, 21.81313131313131], [80.32222222222224, 21.81313131313131]]]}, "properties": {"confidence_score": 0.6697, "site_id": "balaghat"}}, {"type": "Feature", "geometry": {"type": "Polygon", "coordinates": [[[80.33636363636364, 21.81313131313131], [80.33636363636364, 21.82323232323232], [80.32222222222222, 21.82323232323232], [80.32222222222222, 21.81313131313131], [80.33636363636364, 21.81313131313131]]]}, "properties": {"confidence_score": 0.6535, "site_id": "balaghat"}}, {"type": "Feature", "geometry": {"type": "Polygon", "coordinates": [[[80.35050505050506, 21.81313131313131], [80.35050505050506, 21.82323232323232], [80.33636363636364, 21.82323232323232], [80.33636363636364, 21.81313131313131], [80.35050505050506, 21.81313131313131]]]}, "properties": {"confidence_score": 0.6571, "site_id": "balaghat"}}, {"type": "Feature", "geometry": {"type": "Polygon", "coordinates": [[[80.36464646464647, 21.81313131313131], [80.36464646464647, 21.82323232323232], [80.35050505050505, 21.82323232323232], [80.35050505050505, 21.81313131313131], [80.36464646464647, 21.81313131313131]]]}, "properties": {"confidence_score": 0.5704, "site_id": "balaghat"}}, {"type": "Feature", "geometry": {"type": "Polygon", "coordinates": [[[80.37878787878789, 21.81313131313131], [80.37878787878789, 21.82323232323232], [80.36464646464647, 21.82323232323232], [80.36464646464647, 21.81313131313131], [80.37878787878789, 21.81313131313131]]]}, "properties": {"confidence_score": 0.4665, "site_id": "balaghat"}}, {"type": "Feature", "geometry": {"type": "Polygon", "coordinates": [[[80.3929292929293, 21.81313131313131], [80.3929292929293, 21.82323232323232], [80.37878787878788, 21.82323232323232], [80.37878787878788, 21.81313131313131], [80.3929292929293, 21.81313131313131]]]}, "properties": {"confidence_score": 0.4565, "site_id": "balaghat"}}, {"type": "Feature", "geometry": {"type": "Polygon", "coordinates": [[[80.40707070707072, 21.81313131313131], [80.40707070707072, 21.82323232323232], [80.3929292929293, 21.82323232323232], [80.3929292929293, 21.81313131313131], [80.40707070707072, 21.81313131313131]]]}, "properties": {"confidence_score": 0.4306, "site_id": "balaghat"}}, {"type": "Feature", "geometry": {"type": "Polygon", "coordinates": [[[80.11010101010102, 21.82323232323232], [80.11010101010102, 21.833333333333332], [80.0959595959596, 21.833333333333332], [80.0959595959596, 21.82323232323232], [80.11010101010102, 21.82323232323232]]]}, "properties": {"confidence_score": 0.8348, "site_id": "balaghat"}}, {"type": "Feature", "geometry": {"type": "Polygon", "coordinates": [[[80.12424242424242, 21.82323232323232], [80.12424242424242, 21.833333333333332], [80.110101010101, 21.833333333333332], [80.110101010101, 21.82323232323232], [80.12424242424242, 21.82323232323232]]]}, "properties": {"confidence_score": 0.8367, "site_id": "balaghat"}}, {"type": "Feature", "geometry": {"type": "Polygon", "coordinates": [[[80.13838383838385, 21.82323232323232], [80.13838383838385, 21.833333333333332], [80.12424242424242, 21.833333333333332], [80.12424242424242, 21.82323232323232], [80.13838383838385, 21.82323232323232]]]}, "properties": {"confidence_score": 0.7512, "site_id": "balaghat"}}, {"type": "Feature", "geometry": {"type": "Polygon", "coordinates": [[[80.15252525252527, 21.82323232323232], [80.15252525252527, 21.833333333333332], [80.13838383838385, 21.833333333333332], [80.13838383838385, 21.82323232323232], [80.15252525252527, 21.82323232323232]]]}, "properties": {"confidence_score": 0.6737, "site_id": "balaghat"}}, {"type": "Feature", "geometry": {"type": "Polygon", "coordinates": [[[80.16666666666667, 21.82323232323232], [80.16666666666667, 21.833333333333332], [80.15252525252525, 21.833333333333332], [80.15252525252525, 21.82323232323232], [80.16666666666667, 21.82323232323232]]]}, "properties": {"confidence_score": 0.6108, "site_id": "balaghat"}}, {"type": "Feature", "geometry": {"type": "Polygon", "coordinates": [[[80.18080808080809, 21.82323232323232], [80.18080808080809, 21.833333333333332], [80.16666666666667, 21.833333333333332], [80.16666666666667, 21.82323232323232], [80.18080808080809, 21.82323232323232]]]}, "properties": {"confidence_score": 0.5788, "site_id": "balaghat"}}, {"type": "Feature", "geometry": {"type": "Polygon", "coordinates": [[[80.1949494949495, 21.82323232323232], [80.1949494949495, 21.833333333333332], [80.18080808080808, 21.833333333333332], [80.18080808080808, 21.82323232323232], [80.1949494949495, 21.82323232323232]]]}, "properties": {"confidence_score": 0.5643, "site_id": "balaghat"}}, {"type": "Feature", "geometry": {"type": "Polygon", "coordinates": [[[80.20909090909092, 21.82323232323232], [80.20909090909092, 21.833333333333332], [80.1949494949495, 21.833333333333332], [80.1949494949495, 21.82323232323232], [80.20909090909092, 21.82323232323232]]]}, "properties": {"confidence_score": 0.5462, "site_id": "balaghat"}}, {"type": "Feature", "geometry": {"type": "Polygon", "coordinates": [[[80.22323232323234, 21.82323232323232], [80.22323232323234, 21.833333333333332], [80.20909090909092, 21.833333333333332], [80.20909090909092, 21.82323232323232], [80.22323232323234, 21.82323232323232]]]}, "properties": {"confidence_score": 0.4607, "site_id": "balaghat"}}, {"type": "Feature", "geometry": {"type": "Polygon", "coordinates": [[[80.23737373737374, 21.82323232323232], [80.23737373737374, 21.833333333333332], [80.22323232323232, 21.833333333333332], [80.22323232323232, 21.82323232323232], [80.23737373737374, 21.82323232323232]]]}, "properties": {"confidence_score": 0.392, "site_id": "balaghat"}}, {"type": "Feature", "geometry": {"type": "Polygon", "coordinates": [[[80.25151515151516, 21.82323232323232], [80.25151515151516, 21.833333333333332], [80.23737373737374, 21.833333333333332], [80.23737373737374, 21.82323232323232], [80.25151515151516, 21.82323232323232]]]}, "properties": {"confidence_score": 0.3882, "site_id": "balaghat"}}, {"type": "Feature", "geometry": {"type": "Polygon", "coordinates": [[[80.26565656565657, 21.82323232323232], [80.26565656565657, 21.833333333333332], [80.25151515151515, 21.833333333333332], [80.25151515151515, 21.82323232323232], [80.26565656565657, 21.82323232323232]]]}, "properties": {"confidence_score": 0.4052, "site_id": "balaghat"}}, {"type": "Feature", "geometry": {"type": "Polygon", "coordinates": [[[80.27979797979799, 21.82323232323232], [80.27979797979799, 21.833333333333332], [80.26565656565657, 21.833333333333332], [80.26565656565657, 21.82323232323232], [80.27979797979799, 21.82323232323232]]]}, "properties": {"confidence_score": 0.4273, "site_id": "balaghat"}}, {"type": "Feature", "geometry": {"type": "Polygon", "coordinates": [[[80.2939393939394, 21.82323232323232], [80.2939393939394, 21.833333333333332], [80.27979797979798, 21.833333333333332], [80.27979797979798, 21.82323232323232], [80.2939393939394, 21.82323232323232]]]}, "properties": {"confidence_score": 0.4639, "site_id": "balaghat"}}, {"type": "Feature", "geometry": {"type": "Polygon", "coordinates": [[[80.30808080808082, 21.82323232323232], [80.30808080808082, 21.833333333333332], [80.2939393939394, 21.833333333333332], [80.2939393939394, 21.82323232323232], [80.30808080808082, 21.82323232323232]]]}, "properties": {"confidence_score": 0.5273, "site_id": "balaghat"}}, {"type": "Feature", "geometry": {"type": "Polygon", "coordinates": [[[80.32222222222224, 21.82323232323232], [80.32222222222224, 21.833333333333332], [80.30808080808082, 21.833333333333332], [80.30808080808082, 21.82323232323232], [80.32222222222224, 21.82323232323232]]]}, "properties": {"confidence_score": 0.5933, "site_id": "balaghat"}}, {"type": "Feature", "geometry": {"type": "Polygon", "coordinates": [[[80.33636363636364, 21.82323232323232], [80.33636363636364, 21.833333333333332], [80.32222222222222, 21.833333333333332], [80.32222222222222, 21.82323232323232], [80.33636363636364, 21.82323232323232]]]}, "properties": {"confidence_score": 0.6609, "site_id": "balaghat"}}, {"type": "Feature", "geometry": {"type": "Polygon", "coordinates": [[[80.35050505050506, 21.82323232323232], [80.35050505050506, 21.833333333333332], [80.33636363636364, 21.833333333333332], [80.33636363636364, 21.82323232323232], [80.35050505050506, 21.82323232323232]]]}, "properties": {"confidence_score": 0.707, "site_id": "balaghat"}}, {"type": "Feature", "geometry": {"type": "Polygon", "coordinates": [[[80.36464646464647, 21.82323232323232], [80.36464646464647, 21.833333333333332], [80.35050505050505, 21.833333333333332], [80.35050505050505, 21.82323232323232], [80.36464646464647, 21.82323232323232]]]}, "properties": {"confidence_score": 0.6351, "site_id": "balaghat"}}, {"type": "Feature", "geometry": {"type": "Polygon", "coordinates": [[[80.37878787878789, 21.82323232323232], [80.37878787878789, 21.833333333333332], [80.36464646464647, 21.833333333333332], [80.36464646464647, 21.82323232323232], [80.37878787878789, 21.82323232323232]]]}, "properties": {"confidence_score": 0.5663, "site_id": "balaghat"}}, {"type": "Feature", "geometry": {"type": "Polygon", "coordinates": [[[80.3929292929293, 21.82323232323232], [80.3929292929293, 21.833333333333332], [80.37878787878788, 21.833333333333332], [80.37878787878788, 21.82323232323232], [80.3929292929293, 21.82323232323232]]]}, "properties": {"confidence_score": 0.4942, "site_id": "balaghat"}}, {"type": "Feature", "geometry": {"type": "Polygon", "coordinates": [[[80.40707070707072, 21.82323232323232], [80.40707070707072, 21.833333333333332], [80.3929292929293, 21.833333333333332], [80.3929292929293, 21.82323232323232], [80.40707070707072, 21.82323232323232]]]}, "properties": {"confidence_score": 0.438, "site_id": "balaghat"}}, {"type": "Feature", "geometry": {"type": "Polygon", "coordinates": [[[80.11010101010102, 21.833333333333332], [80.11010101010102, 21.843434343434343], [80.0959595959596, 21.843434343434343], [80.0959595959596, 21.833333333333332], [80.11010101010102, 21.833333333333332]]]}, "properties": {"confidence_score": 0.8055, "site_id": "balaghat"}}, {"type": "Feature", "geometry": {"type": "Polygon", "coordinates": [[[80.12424242424242, 21.833333333333332], [80.12424242424242, 21.843434343434343], [80.110101010101, 21.843434343434343], [80.110101010101, 21.833333333333332], [80.12424242424242, 21.833333333333332]]]}, "properties": {"confidence_score": 0.8578, "site_id": "balaghat"}}, {"type": "Feature", "geometry": {"type": "Polygon", "coordinates": [[[80.13838383838385, 21.833333333333332], [80.13838383838385, 21.843434343434343], [80.12424242424242, 21.843434343434343], [80.12424242424242, 21.833333333333332], [80.13838383838385, 21.833333333333332]]]}, "properties": {"confidence_score": 0.7428, "site_id": "balaghat"}}, {"type": "Feature", "geometry": {"type": "Polygon", "coordinates": [[[80.15252525252527, 21.833333333333332], [80.15252525252527, 21.843434343434343], [80.13838383838385, 21.843434343434343], [80.13838383838385, 21.833333333333332], [80.15252525252527, 21.833333333333332]]]}, "properties": {"confidence_score": 0.6546, "site_id": "balaghat"}}, {"type": "Feature", "geometry": {"type": "Polygon", "coordinates": [[[80.16666666666667, 21.833333333333332], [80.16666666666667, 21.843434343434343], [80.15252525252525, 21.843434343434343], [80.15252525252525, 21.833333333333332], [80.16666666666667, 21.833333333333332]]]}, "properties": {"confidence_score": 0.5981, "site_id": "balaghat"}}, {"type": "Feature", "geometry": {"type": "Polygon", "coordinates": [[[80.18080808080809, 21.833333333333332], [80.18080808080809, 21.843434343434343], [80.16666666666667, 21.843434343434343], [80.16666666666667, 21.833333333333332], [80.18080808080809, 21.833333333333332]]]}, "properties": {"confidence_score": 0.5788, "site_id": "balaghat"}}, {"type": "Feature", "geometry": {"type": "Polygon", "coordinates": [[[80.1949494949495, 21.833333333333332], [80.1949494949495, 21.843434343434343], [80.18080808080808, 21.843434343434343], [80.18080808080808, 21.833333333333332], [80.1949494949495, 21.833333333333332]]]}, "properties": {"confidence_score": 0.5718, "site_id": "balaghat"}}, {"type": "Feature", "geometry": {"type": "Polygon", "coordinates": [[[80.20909090909092, 21.833333333333332], [80.20909090909092, 21.843434343434343], [80.1949494949495, 21.843434343434343], [80.1949494949495, 21.833333333333332], [80.20909090909092, 21.833333333333332]]]}, "properties": {"confidence_score": 0.5873, "site_id": "balaghat"}}, {"type": "Feature", "geometry": {"type": "Polygon", "coordinates": [[[80.22323232323234, 21.833333333333332], [80.22323232323234, 21.843434343434343], [80.20909090909092, 21.843434343434343], [80.20909090909092, 21.833333333333332], [80.22323232323234, 21.833333333333332]]]}, "properties": {"confidence_score": 0.486, "site_id": "balaghat"}}, {"type": "Feature", "geometry": {"type": "Polygon", "coordinates": [[[80.23737373737374, 21.833333333333332], [80.23737373737374, 21.843434343434343], [80.22323232323232, 21.843434343434343], [80.22323232323232, 21.833333333333332], [80.23737373737374, 21.833333333333332]]]}, "properties": {"confidence_score": 0.4231, "site_id": "balaghat"}}, {"type": "Feature", "geometry": {"type": "Polygon", "coordinates": [[[80.25151515151516, 21.833333333333332], [80.25151515151516, 21.843434343434343], [80.23737373737374, 21.843434343434343], [80.23737373737374, 21.833333333333332], [80.25151515151516, 21.833333333333332]]]}, "properties": {"confidence_score": 0.4117, "site_id": "balaghat"}}, {"type": "Feature", "geometry": {"type": "Polygon", "coordinates": [[[80.26565656565657, 21.833333333333332], [80.26565656565657, 21.843434343434343], [80.25151515151515, 21.843434343434343], [80.25151515151515, 21.833333333333332], [80.26565656565657, 21.833333333333332]]]}, "properties": {"confidence_score": 0.4352, "site_id": "balaghat"}}, {"type": "Feature", "geometry": {"type": "Polygon", "coordinates": [[[80.27979797979799, 21.833333333333332], [80.27979797979799, 21.843434343434343], [80.26565656565657, 21.843434343434343], [80.26565656565657, 21.833333333333332], [80.27979797979799, 21.833333333333332]]]}, "properties": {"confidence_score": 0.4463, "site_id": "balaghat"}}, {"type": "Feature", "geometry": {"type": "Polygon", "coordinates": [[[80.2939393939394, 21.833333333333332], [80.2939393939394, 21.843434343434343], [80.27979797979798, 21.843434343434343], [80.27979797979798, 21.833333333333332], [80.2939393939394, 21.833333333333332]]]}, "properties": {"confidence_score": 0.4797, "site_id": "balaghat"}}, {"type": "Feature", "geometry": {"type": "Polygon", "coordinates": [[[80.30808080808082, 21.833333333333332], [80.30808080808082, 21.843434343434343], [80.2939393939394, 21.843434343434343], [80.2939393939394, 21.833333333333332], [80.30808080808082, 21.833333333333332]]]}, "properties": {"confidence_score": 0.5131, "site_id": "balaghat"}}, {"type": "Feature", "geometry": {"type": "Polygon", "coordinates": [[[80.32222222222224, 21.833333333333332], [80.32222222222224, 21.843434343434343], [80.30808080808082, 21.843434343434343], [80.30808080808082, 21.833333333333332], [80.32222222222224, 21.833333333333332]]]}, "properties": {"confidence_score": 0.5431, "site_id": "balaghat"}}, {"type": "Feature", "geometry": {"type": "Polygon", "coordinates": [[[80.33636363636364, 21.833333333333332], [80.33636363636364, 21.843434343434343], [80.32222222222222, 21.843434343434343], [80.32222222222222, 21.833333333333332], [80.33636363636364, 21.833333333333332]]]}, "properties": {"confidence_score": 0.6528, "site_id": "balaghat"}}, {"type": "Feature", "geometry": {"type": "Polygon", "coordinates": [[[80.35050505050506, 21.833333333333332], [80.35050505050506, 21.843434343434343], [80.33636363636364, 21.843434343434343], [80.33636363636364, 21.833333333333332], [80.35050505050506, 21.833333333333332]]]}, "properties": {"confidence_score": 0.7672, "site_id": "balaghat"}}, {"type": "Feature", "geometry": {"type": "Polygon", "coordinates": [[[80.36464646464647, 21.833333333333332], [80.36464646464647, 21.843434343434343], [80.35050505050505, 21.843434343434343], [80.35050505050505, 21.833333333333332], [80.36464646464647, 21.833333333333332]]]}, "properties": {"confidence_score": 0.6717, "site_id": "balaghat"}}, {"type": "Feature", "geometry": {"type": "Polygon", "coordinates": [[[80.37878787878789, 21.833333333333332], [80.37878787878789, 21.843434343434343], [80.36464646464647, 21.843434343434343], [80.36464646464647, 21.833333333333332], [80.37878787878789, 21.833333333333332]]]}, "properties": {"confidence_score": 0.6464, "site_id": "balaghat"}}, {"type": "Feature", "geometry": {"type": "Polygon", "coordinates": [[[80.3929292929293, 21.833333333333332], [80.3929292929293, 21.843434343434343], [80.37878787878788, 21.843434343434343], [80.37878787878788, 21.833333333333332], [80.3929292929293, 21.833333333333332]]]}, "properties": {"confidence_score": 0.5409, "site_id": "balaghat"}}, {"type": "Feature", "geometry": {"type": "Polygon", "coordinates": [[[80.40707070707072, 21.833333333333332], [80.40707070707072, 21.843434343434343], [80.3929292929293, 21.843434343434343], [80.3929292929293, 21.833333333333332], [80.40707070707072, 21.833333333333332]]]}, "properties": {"confidence_score": 0.461, "site_id": "balaghat"}}, {"type": "Feature", "geometry": {"type": "Polygon", "coordinates": [[[80.11010101010102, 21.843434343434343], [80.11010101010102, 21.853535353535353], [80.0959595959596, 21.853535353535353], [80.0959595959596, 21.843434343434343], [80.11010101010102, 21.843434343434343]]]}, "properties": {"confidence_score": 0.7369, "site_id": "balaghat"}}, {"type": "Feature", "geometry": {"type": "Polygon", "coordinates": [[[80.12424242424242, 21.843434343434343], [80.12424242424242, 21.853535353535353], [80.110101010101, 21.853535353535353], [80.110101010101, 21.843434343434343], [80.12424242424242, 21.843434343434343]]]}, "properties": {"confidence_score": 0.7972, "site_id": "balaghat"}}, {"type": "Feature", "geometry": {"type": "Polygon", "coordinates": [[[80.13838383838385, 21.843434343434343], [80.13838383838385, 21.853535353535353], [80.12424242424242, 21.853535353535353], [80.12424242424242, 21.843434343434343], [80.13838383838385, 21.843434343434343]]]}, "properties": {"confidence_score": 0.7302, "site_id": "balaghat"}}, {"type": "Feature", "geometry": {"type": "Polygon", "coordinates": [[[80.15252525252527, 21.843434343434343], [80.15252525252527, 21.853535353535353], [80.13838383838385, 21.853535353535353], [80.13838383838385, 21.843434343434343], [80.15252525252527, 21.843434343434343]]]}, "properties": {"confidence_score": 0.6522, "site_id": "balaghat"}}, {"type": "Feature", "geometry": {"type": "Polygon", "coordinates": [[[80.16666666666667, 21.843434343434343], [80.16666666666667, 21.853535353535353], [80.15252525252525, 21.853535353535353], [80.15252525252525, 21.843434343434343], [80.16666666666667, 21.843434343434343]]]}, "properties": {"confidence_score": 0.5742, "site_id": "balaghat"}}, {"type": "Feature", "geometry": {"type": "Polygon", "coordinates": [[[80.18080808080809, 21.843434343434343], [80.18080808080809, 21.853535353535353], [80.16666666666667, 21.853535353535353], [80.16666666666667, 21.843434343434343], [80.18080808080809, 21.843434343434343]]]}, "properties": {"confidence_score": 0.5319, "site_id": "balaghat"}}, {"type": "Feature", "geometry": {"type": "Polygon", "coordinates": [[[80.1949494949495, 21.843434343434343], [80.1949494949495, 21.853535353535353], [80.18080808080808, 21.853535353535353], [80.18080808080808, 21.843434343434343], [80.1949494949495, 21.843434343434343]]]}, "properties": {"confidence_score": 0.5461, "site_id": "balaghat"}}, {"type": "Feature", "geometry": {"type": "Polygon", "coordinates": [[[80.20909090909092, 21.843434343434343], [80.20909090909092, 21.853535353535353], [80.1949494949495, 21.853535353535353], [80.1949494949495, 21.843434343434343], [80.20909090909092, 21.843434343434343]]]}, "properties": {"confidence_score": 0.554, "site_id": "balaghat"}}, {"type": "Feature", "geometry": {"type": "Polygon", "coordinates": [[[80.22323232323234, 21.843434343434343], [80.22323232323234, 21.853535353535353], [80.20909090909092, 21.853535353535353], [80.20909090909092, 21.843434343434343], [80.22323232323234, 21.843434343434343]]]}, "properties": {"confidence_score": 0.4913, "site_id": "balaghat"}}, {"type": "Feature", "geometry": {"type": "Polygon", "coordinates": [[[80.23737373737374, 21.843434343434343], [80.23737373737374, 21.853535353535353], [80.22323232323232, 21.853535353535353], [80.22323232323232, 21.843434343434343], [80.23737373737374, 21.843434343434343]]]}, "properties": {"confidence_score": 0.4414, "site_id": "balaghat"}}, {"type": "Feature", "geometry": {"type": "Polygon", "coordinates": [[[80.25151515151516, 21.843434343434343], [80.25151515151516, 21.853535353535353], [80.23737373737374, 21.853535353535353], [80.23737373737374, 21.843434343434343], [80.25151515151516, 21.843434343434343]]]}, "properties": {"confidence_score": 0.4187, "site_id": "balaghat"}}, {"type": "Feature", "geometry": {"type": "Polygon", "coordinates": [[[80.26565656565657, 21.843434343434343], [80.26565656565657, 21.853535353535353], [80.25151515151515, 21.853535353535353], [80.25151515151515, 21.843434343434343], [80.26565656565657, 21.843434343434343]]]}, "properties": {"confidence_score": 0.4263, "site_id": "balaghat"}}, {"type": "Feature", "geometry": {"type": "Polygon", "coordinates": [[[80.27979797979799, 21.843434343434343], [80.27979797979799, 21.853535353535353], [80.26565656565657, 21.853535353535353], [80.26565656565657, 21.843434343434343], [80.27979797979799, 21.843434343434343]]]}, "properties": {"confidence_score": 0.4578, "site_id": "balaghat"}}, {"type": "Feature", "geometry": {"type": "Polygon", "coordinates": [[[80.2939393939394, 21.843434343434343], [80.2939393939394, 21.853535353535353], [80.27979797979798, 21.853535353535353], [80.27979797979798, 21.843434343434343], [80.2939393939394, 21.843434343434343]]]}, "properties": {"confidence_score": 0.5026, "site_id": "balaghat"}}, {"type": "Feature", "geometry": {"type": "Polygon", "coordinates": [[[80.30808080808082, 21.843434343434343], [80.30808080808082, 21.853535353535353], [80.2939393939394, 21.853535353535353], [80.2939393939394, 21.843434343434343], [80.30808080808082, 21.843434343434343]]]}, "properties": {"confidence_score": 0.5232, "site_id": "balaghat"}}, {"type": "Feature", "geometry": {"type": "Polygon", "coordinates": [[[80.32222222222224, 21.843434343434343], [80.32222222222224, 21.853535353535353], [80.30808080808082, 21.853535353535353], [80.30808080808082, 21.843434343434343], [80.32222222222224, 21.843434343434343]]]}, "properties": {"confidence_score": 0.5605, "site_id": "balaghat"}}, {"type": "Feature", "geometry": {"type": "Polygon", "coordinates": [[[80.33636363636364, 21.843434343434343], [80.33636363636364, 21.853535353535353], [80.32222222222222, 21.853535353535353], [80.32222222222222, 21.843434343434343], [80.33636363636364, 21.843434343434343]]]}, "properties": {"confidence_score": 0.6268, "site_id": "balaghat"}}, {"type": "Feature", "geometry": {"type": "Polygon", "coordinates": [[[80.35050505050506, 21.843434343434343], [80.35050505050506, 21.853535353535353], [80.33636363636364, 21.853535353535353], [80.33636363636364, 21.843434343434343], [80.35050505050506, 21.843434343434343]]]}, "properties": {"confidence_score": 0.679, "site_id": "balaghat"}}, {"type": "Feature", "geometry": {"type": "Polygon", "coordinates": [[[80.36464646464647, 21.843434343434343], [80.36464646464647, 21.853535353535353], [80.35050505050505, 21.853535353535353], [80.35050505050505, 21.843434343434343], [80.36464646464647, 21.843434343434343]]]}, "properties": {"confidence_score": 0.6439, "site_id": "balaghat"}}, {"type": "Feature", "geometry": {"type": "Polygon", "coordinates": [[[80.37878787878789, 21.843434343434343], [80.37878787878789, 21.853535353535353], [80.36464646464647, 21.853535353535353], [80.36464646464647, 21.843434343434343], [80.37878787878789, 21.843434343434343]]]}, "properties": {"confidence_score": 0.6055, "site_id": "balaghat"}}, {"type": "Feature", "geometry": {"type": "Polygon", "coordinates": [[[80.3929292929293, 21.843434343434343], [80.3929292929293, 21.853535353535353], [80.37878787878788, 21.853535353535353], [80.37878787878788, 21.843434343434343], [80.3929292929293, 21.843434343434343]]]}, "properties": {"confidence_score": 0.5789, "site_id": "balaghat"}}, {"type": "Feature", "geometry": {"type": "Polygon", "coordinates": [[[80.40707070707072, 21.843434343434343], [80.40707070707072, 21.853535353535353], [80.3929292929293, 21.853535353535353], [80.3929292929293, 21.843434343434343], [80.40707070707072, 21.843434343434343]]]}, "properties": {"confidence_score": 0.5665, "site_id": "balaghat"}}, {"type": "Feature", "geometry": {"type": "Polygon", "coordinates": [[[80.11010101010102, 21.853535353535353], [80.11010101010102, 21.863636363636363], [80.0959595959596, 21.863636363636363], [80.0959595959596, 21.853535353535353], [80.11010101010102, 21.853535353535353]]]}, "properties": {"confidence_score": 0.6762, "site_id": "balaghat"}}, {"type": "Feature", "geometry": {"type": "Polygon", "coordinates": [[[80.12424242424242, 21.853535353535353], [80.12424242424242, 21.863636363636363], [80.110101010101, 21.863636363636363], [80.110101010101, 21.853535353535353], [80.12424242424242, 21.853535353535353]]]}, "properties": {"confidence_score": 0.7746, "site_id": "balaghat"}}, {"type": "Feature", "geometry": {"type": "Polygon", "coordinates": [[[80.13838383838385, 21.853535353535353], [80.13838383838385, 21.863636363636363], [80.12424242424242, 21.863636363636363], [80.12424242424242, 21.853535353535353], [80.13838383838385, 21.853535353535353]]]}, "properties": {"confidence_score": 0.7164, "site_id": "balaghat"}}, {"type": "Feature", "geometry": {"type": "Polygon", "coordinates": [[[80.15252525252527, 21.853535353535353], [80.15252525252527, 21.863636363636363], [80.13838383838385, 21.863636363636363], [80.13838383838385, 21.853535353535353], [80.15252525252527, 21.853535353535353]]]}, "properties": {"confidence_score": 0.6568, "site_id": "balaghat"}}, {"type": "Feature", "geometry": {"type": "Polygon", "coordinates": [[[80.16666666666667, 21.853535353535353], [80.16666666666667, 21.863636363636363], [80.15252525252525, 21.863636363636363], [80.15252525252525, 21.853535353535353], [80.16666666666667, 21.853535353535353]]]}, "properties": {"confidence_score": 0.5566, "site_id": "balaghat"}}, {"type": "Feature", "geometry": {"type": "Polygon", "coordinates": [[[80.18080808080809, 21.853535353535353], [80.18080808080809, 21.863636363636363], [80.16666666666667, 21.863636363636363], [80.16666666666667, 21.853535353535353], [80.18080808080809, 21.853535353535353]]]}, "properties": {"confidence_score": 0.487, "site_id": "balaghat"}}, {"type": "Feature", "geometry": {"type": "Polygon", "coordinates": [[[80.1949494949495, 21.853535353535353], [80.1949494949495, 21.863636363636363], [80.18080808080808, 21.863636363636363], [80.18080808080808, 21.853535353535353], [80.1949494949495, 21.853535353535353]]]}, "properties": {"confidence_score": 0.5114, "site_id": "balaghat"}}, {"type": "Feature", "geometry": {"type": "Polygon", "coordinates": [[[80.20909090909092, 21.853535353535353], [80.20909090909092, 21.863636363636363], [80.1949494949495, 21.863636363636363], [80.1949494949495, 21.853535353535353], [80.20909090909092, 21.853535353535353]]]}, "properties": {"confidence_score": 0.533, "site_id": "balaghat"}}, {"type": "Feature", "geometry": {"type": "Polygon", "coordinates": [[[80.22323232323234, 21.853535353535353], [80.22323232323234, 21.863636363636363], [80.20909090909092, 21.863636363636363], [80.20909090909092, 21.853535353535353], [80.22323232323234, 21.853535353535353]]]}, "properties": {"confidence_score": 0.4777, "site_id": "balaghat"}}, {"type": "Feature", "geometry": {"type": "Polygon", "coordinates": [[[80.23737373737374, 21.853535353535353], [80.23737373737374, 21.863636363636363], [80.22323232323232, 21.863636363636363], [80.22323232323232, 21.853535353535353], [80.23737373737374, 21.853535353535353]]]}, "properties": {"confidence_score": 0.4448, "site_id": "balaghat"}}, {"type": "Feature", "geometry": {"type": "Polygon", "coordinates": [[[80.25151515151516, 21.853535353535353], [80.25151515151516, 21.863636363636363], [80.23737373737374, 21.863636363636363], [80.23737373737374, 21.853535353535353], [80.25151515151516, 21.853535353535353]]]}, "properties": {"confidence_score": 0.4116, "site_id": "balaghat"}}, {"type": "Feature", "geometry": {"type": "Polygon", "coordinates": [[[80.26565656565657, 21.853535353535353], [80.26565656565657, 21.863636363636363], [80.25151515151515, 21.863636363636363], [80.25151515151515, 21.853535353535353], [80.26565656565657, 21.853535353535353]]]}, "properties": {"confidence_score": 0.4091, "site_id": "balaghat"}}, {"type": "Feature", "geometry": {"type": "Polygon", "coordinates": [[[80.27979797979799, 21.853535353535353], [80.27979797979799, 21.863636363636363], [80.26565656565657, 21.863636363636363], [80.26565656565657, 21.853535353535353], [80.27979797979799, 21.853535353535353]]]}, "properties": {"confidence_score": 0.4541, "site_id": "balaghat"}}, {"type": "Feature", "geometry": {"type": "Polygon", "coordinates": [[[80.2939393939394, 21.853535353535353], [80.2939393939394, 21.863636363636363], [80.27979797979798, 21.863636363636363], [80.27979797979798, 21.853535353535353], [80.2939393939394, 21.853535353535353]]]}, "properties": {"confidence_score": 0.5252, "site_id": "balaghat"}}, {"type": "Feature", "geometry": {"type": "Polygon", "coordinates": [[[80.30808080808082, 21.853535353535353], [80.30808080808082, 21.863636363636363], [80.2939393939394, 21.863636363636363], [80.2939393939394, 21.853535353535353], [80.30808080808082, 21.853535353535353]]]}, "properties": {"confidence_score": 0.5305, "site_id": "balaghat"}}, {"type": "Feature", "geometry": {"type": "Polygon", "coordinates": [[[80.32222222222224, 21.853535353535353], [80.32222222222224, 21.863636363636363], [80.30808080808082, 21.863636363636363], [80.30808080808082, 21.853535353535353], [80.32222222222224, 21.853535353535353]]]}, "properties": {"confidence_score": 0.5702, "site_id": "balaghat"}}, {"type": "Feature", "geometry": {"type": "Polygon", "coordinates": [[[80.33636363636364, 21.853535353535353], [80.33636363636364, 21.863636363636363], [80.32222222222222, 21.863636363636363], [80.32222222222222, 21.853535353535353], [80.33636363636364, 21.853535353535353]]]}, "properties": {"confidence_score": 0.5997, "site_id": "balaghat"}}, {"type": "Feature", "geometry": {"type": "Polygon", "coordinates": [[[80.35050505050506, 21.853535353535353], [80.35050505050506, 21.863636363636363], [80.33636363636364, 21.863636363636363], [80.33636363636364, 21.853535353535353], [80.35050505050506, 21.853535353535353]]]}, "properties": {"confidence_score": 0.6313, "site_id": "balaghat"}}, {"type": "Feature", "geometry": {"type": "Polygon", "coordinates": [[[80.36464646464647, 21.853535353535353], [80.36464646464647, 21.863636363636363], [80.35050505050505, 21.863636363636363], [80.35050505050505, 21.853535353535353], [80.36464646464647, 21.853535353535353]]]}, "properties": {"confidence_score": 0.6, "site_id": "balaghat"}}, {"type": "Feature", "geometry": {"type": "Polygon", "coordinates": [[[80.37878787878789, 21.853535353535353], [80.37878787878789, 21.863636363636363], [80.36464646464647, 21.863636363636363], [80.36464646464647, 21.853535353535353], [80.37878787878789, 21.853535353535353]]]}, "properties": {"confidence_score": 0.5688, "site_id": "balaghat"}}, {"type": "Feature", "geometry": {"type": "Polygon", "coordinates": [[[80.3929292929293, 21.853535353535353], [80.3929292929293, 21.863636363636363], [80.37878787878788, 21.863636363636363], [80.37878787878788, 21.853535353535353], [80.3929292929293, 21.853535353535353]]]}, "properties": {"confidence_score": 0.5953, "site_id": "balaghat"}}, {"type": "Feature", "geometry": {"type": "Polygon", "coordinates": [[[80.40707070707072, 21.853535353535353], [80.40707070707072, 21.863636363636363], [80.3929292929293, 21.863636363636363], [80.3929292929293, 21.853535353535353], [80.40707070707072, 21.853535353535353]]]}, "properties": {"confidence_score": 0.6623, "site_id": "balaghat"}}, {"type": "Feature", "geometry": {"type": "Polygon", "coordinates": [[[80.11010101010102, 21.863636363636363], [80.11010101010102, 21.873737373737374], [80.0959595959596, 21.873737373737374], [80.0959595959596, 21.863636363636363], [80.11010101010102, 21.863636363636363]]]}, "properties": {"confidence_score": 0.6382, "site_id": "balaghat"}}, {"type": "Feature", "geometry": {"type": "Polygon", "coordinates": [[[80.12424242424242, 21.863636363636363], [80.12424242424242, 21.873737373737374], [80.110101010101, 21.873737373737374], [80.110101010101, 21.863636363636363], [80.12424242424242, 21.863636363636363]]]}, "properties": {"confidence_score": 0.7256, "site_id": "balaghat"}}, {"type": "Feature", "geometry": {"type": "Polygon", "coordinates": [[[80.13838383838385, 21.863636363636363], [80.13838383838385, 21.873737373737374], [80.12424242424242, 21.873737373737374], [80.12424242424242, 21.863636363636363], [80.13838383838385, 21.863636363636363]]]}, "properties": {"confidence_score": 0.7006, "site_id": "balaghat"}}, {"type": "Feature", "geometry": {"type": "Polygon", "coordinates": [[[80.15252525252527, 21.863636363636363], [80.15252525252527, 21.873737373737374], [80.13838383838385, 21.873737373737374], [80.13838383838385, 21.863636363636363], [80.15252525252527, 21.863636363636363]]]}, "properties": {"confidence_score": 0.6423, "site_id": "balaghat"}}, {"type": "Feature", "geometry": {"type": "Polygon", "coordinates": [[[80.16666666666667, 21.863636363636363], [80.16666666666667, 21.873737373737374], [80.15252525252525, 21.873737373737374], [80.15252525252525, 21.863636363636363], [80.16666666666667, 21.863636363636363]]]}, "properties": {"confidence_score": 0.5613, "site_id": "balaghat"}}, {"type": "Feature", "geometry": {"type": "Polygon", "coordinates": [[[80.18080808080809, 21.863636363636363], [80.18080808080809, 21.873737373737374], [80.16666666666667, 21.873737373737374], [80.16666666666667, 21.863636363636363], [80.18080808080809, 21.863636363636363]]]}, "properties": {"confidence_score": 0.4979, "site_id": "balaghat"}}, {"type": "Feature", "geometry": {"type": "Polygon", "coordinates": [[[80.1949494949495, 21.863636363636363], [80.1949494949495, 21.873737373737374], [80.18080808080808, 21.873737373737374], [80.18080808080808, 21.863636363636363], [80.1949494949495, 21.863636363636363]]]}, "properties": {"confidence_score": 0.4792, "site_id": "balaghat"}}, {"type": "Feature", "geometry": {"type": "Polygon", "coordinates": [[[80.20909090909092, 21.863636363636363], [80.20909090909092, 21.873737373737374], [80.1949494949495, 21.873737373737374], [80.1949494949495, 21.863636363636363], [80.20909090909092, 21.863636363636363]]]}, "properties": {"confidence_score": 0.4616, "site_id": "balaghat"}}, {"type": "Feature", "geometry": {"type": "Polygon", "coordinates": [[[80.22323232323234, 21.863636363636363], [80.22323232323234, 21.873737373737374], [80.20909090909092, 21.873737373737374], [80.20909090909092, 21.863636363636363], [80.22323232323234, 21.863636363636363]]]}, "properties": {"confidence_score": 0.4507, "site_id": "balaghat"}}, {"type": "Feature", "geometry": {"type": "Polygon", "coordinates": [[[80.23737373737374, 21.863636363636363], [80.23737373737374, 21.873737373737374], [80.22323232323232, 21.873737373737374], [80.22323232323232, 21.863636363636363], [80.23737373737374, 21.863636363636363]]]}, "properties": {"confidence_score": 0.4285, "site_id": "balaghat"}}, {"type": "Feature", "geometry": {"type": "Polygon", "coordinates": [[[80.25151515151516, 21.863636363636363], [80.25151515151516, 21.873737373737374], [80.23737373737374, 21.873737373737374], [80.23737373737374, 21.863636363636363], [80.25151515151516, 21.863636363636363]]]}, "properties": {"confidence_score": 0.3965, "site_id": "balaghat"}}, {"type": "Feature", "geometry": {"type": "Polygon", "coordinates": [[[80.26565656565657, 21.863636363636363], [80.26565656565657, 21.873737373737374], [80.25151515151515, 21.873737373737374], [80.25151515151515, 21.863636363636363], [80.26565656565657, 21.863636363636363]]]}, "properties": {"confidence_score": 0.3838, "site_id": "balaghat"}}, {"type": "Feature", "geometry": {"type": "Polygon", "coordinates": [[[80.27979797979799, 21.863636363636363], [80.27979797979799, 21.873737373737374], [80.26565656565657, 21.873737373737374], [80.26565656565657, 21.863636363636363], [80.27979797979799, 21.863636363636363]]]}, "properties": {"confidence_score": 0.4292, "site_id": "balaghat"}}, {"type": "Feature", "geometry": {"type": "Polygon", "coordinates": [[[80.2939393939394, 21.863636363636363], [80.2939393939394, 21.873737373737374], [80.27979797979798, 21.873737373737374], [80.27979797979798, 21.863636363636363], [80.2939393939394, 21.863636363636363]]]}, "properties": {"confidence_score": 0.4837, "site_id": "balaghat"}}, {"type": "Feature", "geometry": {"type": "Polygon", "coordinates": [[[80.30808080808082, 21.863636363636363], [80.30808080808082, 21.873737373737374], [80.2939393939394, 21.873737373737374], [80.2939393939394, 21.863636363636363], [80.30808080808082, 21.863636363636363]]]}, "properties": {"confidence_score": 0.516, "site_id": "balaghat"}}, {"type": "Feature", "geometry": {"type": "Polygon", "coordinates": [[[80.32222222222224, 21.863636363636363], [80.32222222222224, 21.873737373737374], [80.30808080808082, 21.873737373737374], [80.30808080808082, 21.863636363636363], [80.32222222222224, 21.863636363636363]]]}, "properties": {"confidence_score": 0.5545, "site_id": "balaghat"}}, {"type": "Feature", "geometry": {"type": "Polygon", "coordinates": [[[80.33636363636364, 21.863636363636363], [80.33636363636364, 21.873737373737374], [80.32222222222222, 21.873737373737374], [80.32222222222222, 21.863636363636363], [80.33636363636364, 21.863636363636363]]]}, "properties": {"confidence_score": 0.5733, "site_id": "balaghat"}}, {"type": "Feature", "geometry": {"type": "Polygon", "coordinates": [[[80.35050505050506, 21.863636363636363], [80.35050505050506, 21.873737373737374], [80.33636363636364, 21.873737373737374], [80.33636363636364, 21.863636363636363], [80.35050505050506, 21.863636363636363]]]}, "properties": {"confidence_score": 0.5866, "site_id": "balaghat"}}, {"type": "Feature", "geometry": {"type": "Polygon", "coordinates": [[[80.36464646464647, 21.863636363636363], [80.36464646464647, 21.873737373737374], [80.35050505050505, 21.873737373737374], [80.35050505050505, 21.863636363636363], [80.36464646464647, 21.863636363636363]]]}, "properties": {"confidence_score": 0.5671, "site_id": "balaghat"}}, {"type": "Feature", "geometry": {"type": "Polygon", "coordinates": [[[80.37878787878789, 21.863636363636363], [80.37878787878789, 21.873737373737374], [80.36464646464647, 21.873737373737374], [80.36464646464647, 21.863636363636363], [80.37878787878789, 21.863636363636363]]]}, "properties": {"confidence_score": 0.5531, "site_id": "balaghat"}}, {"type": "Feature", "geometry": {"type": "Polygon", "coordinates": [[[80.3929292929293, 21.863636363636363], [80.3929292929293, 21.873737373737374], [80.37878787878788, 21.873737373737374], [80.37878787878788, 21.863636363636363], [80.3929292929293, 21.863636363636363]]]}, "properties": {"confidence_score": 0.5819, "site_id": "balaghat"}}, {"type": "Feature", "geometry": {"type": "Polygon", "coordinates": [[[80.40707070707072, 21.863636363636363], [80.40707070707072, 21.873737373737374], [80.3929292929293, 21.873737373737374], [80.3929292929293, 21.863636363636363], [80.40707070707072, 21.863636363636363]]]}, "properties": {"confidence_score": 0.604, "site_id": "balaghat"}}, {"type": "Feature", "geometry": {"type": "Polygon", "coordinates": [[[80.11010101010102, 21.873737373737374], [80.11010101010102, 21.883838383838384], [80.0959595959596, 21.883838383838384], [80.0959595959596, 21.873737373737374], [80.11010101010102, 21.873737373737374]]]}, "properties": {"confidence_score": 0.6402, "site_id": "balaghat"}}, {"type": "Feature", "geometry": {"type": "Polygon", "coordinates": [[[80.12424242424242, 21.873737373737374], [80.12424242424242, 21.883838383838384], [80.110101010101, 21.883838383838384], [80.110101010101, 21.873737373737374], [80.12424242424242, 21.873737373737374]]]}, "properties": {"confidence_score": 0.7268, "site_id": "balaghat"}}, {"type": "Feature", "geometry": {"type": "Polygon", "coordinates": [[[80.13838383838385, 21.873737373737374], [80.13838383838385, 21.883838383838384], [80.12424242424242, 21.883838383838384], [80.12424242424242, 21.873737373737374], [80.13838383838385, 21.873737373737374]]]}, "properties": {"confidence_score": 0.7051, "site_id": "balaghat"}}, {"type": "Feature", "geometry": {"type": "Polygon", "coordinates": [[[80.15252525252527, 21.873737373737374], [80.15252525252527, 21.883838383838384], [80.13838383838385, 21.883838383838384], [80.13838383838385, 21.873737373737374], [80.15252525252527, 21.873737373737374]]]}, "properties": {"confidence_score": 0.6601, "site_id": "balaghat"}}, {"type": "Feature", "geometry": {"type": "Polygon", "coordinates": [[[80.16666666666667, 21.873737373737374], [80.16666666666667, 21.883838383838384], [80.15252525252525, 21.883838383838384], [80.15252525252525, 21.873737373737374], [80.16666666666667, 21.873737373737374]]]}, "properties": {"confidence_score": 0.588, "site_id": "balaghat"}}, {"type": "Feature", "geometry": {"type": "Polygon", "coordinates": [[[80.18080808080809, 21.873737373737374], [80.18080808080809, 21.883838383838384], [80.16666666666667, 21.883838383838384], [80.16666666666667, 21.873737373737374], [80.18080808080809, 21.873737373737374]]]}, "properties": {"confidence_score": 0.5179, "site_id": "balaghat"}}, {"type": "Feature", "geometry": {"type": "Polygon", "coordinates": [[[80.1949494949495, 21.873737373737374], [80.1949494949495, 21.883838383838384], [80.18080808080808, 21.883838383838384], [80.18080808080808, 21.873737373737374], [80.1949494949495, 21.873737373737374]]]}, "properties": {"confidence_score": 0.479, "site_id": "balaghat"}}, {"type": "Feature", "geometry": {"type": "Polygon", "coordinates": [[[80.20909090909092, 21.873737373737374], [80.20909090909092, 21.883838383838384], [80.1949494949495, 21.883838383838384], [80.1949494949495, 21.873737373737374], [80.20909090909092, 21.873737373737374]]]}, "properties": {"confidence_score": 0.4234, "site_id": "balaghat"}}, {"type": "Feature", "geometry": {"type": "Polygon", "coordinates": [[[80.22323232323234, 21.873737373737374], [80.22323232323234, 21.883838383838384], [80.20909090909092, 21.883838383838384], [80.20909090909092, 21.873737373737374], [80.22323232323234, 21.873737373737374]]]}, "properties": {"confidence_score": 0.4386, "site_id": "balaghat"}}, {"type": "Feature", "geometry": {"type": "Polygon", "coordinates": [[[80.23737373737374, 21.873737373737374], [80.23737373737374, 21.883838383838384], [80.22323232323232, 21.883838383838384], [80.22323232323232, 21.873737373737374], [80.23737373737374, 21.873737373737374]]]}, "properties": {"confidence_score": 0.4217, "site_id": "balaghat"}}, {"type": "Feature", "geometry": {"type": "Polygon", "coordinates": [[[80.25151515151516, 21.873737373737374], [80.25151515151516, 21.883838383838384], [80.23737373737374, 21.883838383838384], [80.23737373737374, 21.873737373737374], [80.25151515151516, 21.873737373737374]]]}, "properties": {"confidence_score": 0.3892, "site_id": "balaghat"}}, {"type": "Feature", "geometry": {"type": "Polygon", "coordinates": [[[80.26565656565657, 21.873737373737374], [80.26565656565657, 21.883838383838384], [80.25151515151515, 21.883838383838384], [80.25151515151515, 21.873737373737374], [80.26565656565657, 21.873737373737374]]]}, "properties": {"confidence_score": 0.3544, "site_id": "balaghat"}}, {"type": "Feature", "geometry": {"type": "Polygon", "coordinates": [[[80.27979797979799, 21.873737373737374], [80.27979797979799, 21.883838383838384], [80.26565656565657, 21.883838383838384], [80.26565656565657, 21.873737373737374], [80.27979797979799, 21.873737373737374]]]}, "properties": {"confidence_score": 0.4017, "site_id": "balaghat"}}, {"type": "Feature", "geometry": {"type": "Polygon", "coordinates": [[[80.2939393939394, 21.873737373737374], [80.2939393939394, 21.883838383838384], [80.27979797979798, 21.883838383838384], [80.27979797979798, 21.873737373737374], [80.2939393939394, 21.873737373737374]]]}, "properties": {"confidence_score": 0.4477, "site_id": "balaghat"}}, {"type": "Feature", "geometry": {"type": "Polygon", "coordinates": [[[80.30808080808082, 21.873737373737374], [80.30808080808082, 21.883838383838384], [80.2939393939394, 21.883838383838384], [80.2939393939394, 21.873737373737374], [80.30808080808082, 21.873737373737374]]]}, "properties": {"confidence_score": 0.4845, "site_id": "balaghat"}}, {"type": "Feature", "geometry": {"type": "Polygon", "coordinates": [[[80.32222222222224, 21.873737373737374], [80.32222222222224, 21.883838383838384], [80.30808080808082, 21.883838383838384], [80.30808080808082, 21.873737373737374], [80.32222222222224, 21.873737373737374]]]}, "properties": {"confidence_score": 0.5422, "site_id": "balaghat"}}, {"type": "Feature", "geometry": {"type": "Polygon", "coordinates": [[[80.33636363636364, 21.873737373737374], [80.33636363636364, 21.883838383838384], [80.32222222222222, 21.883838383838384], [80.32222222222222, 21.873737373737374], [80.33636363636364, 21.873737373737374]]]}, "properties": {"confidence_score": 0.5451, "site_id": "balaghat"}}, {"type": "Feature", "geometry": {"type": "Polygon", "coordinates": [[[80.35050505050506, 21.873737373737374], [80.35050505050506, 21.883838383838384], [80.33636363636364, 21.883838383838384], [80.33636363636364, 21.873737373737374], [80.35050505050506, 21.873737373737374]]]}, "properties": {"confidence_score": 0.5645, "site_id": "balaghat"}}, {"type": "Feature", "geometry": {"type": "Polygon", "coordinates": [[[80.36464646464647, 21.873737373737374], [80.36464646464647, 21.883838383838384], [80.35050505050505, 21.883838383838384], [80.35050505050505, 21.873737373737374], [80.36464646464647, 21.873737373737374]]]}, "properties": {"confidence_score": 0.5481, "site_id": "balaghat"}}, {"type": "Feature", "geometry": {"type": "Polygon", "coordinates": [[[80.37878787878789, 21.873737373737374], [80.37878787878789, 21.883838383838384], [80.36464646464647, 21.883838383838384], [80.36464646464647, 21.873737373737374], [80.37878787878789, 21.873737373737374]]]}, "properties": {"confidence_score": 0.5385, "site_id": "balaghat"}}, {"type": "Feature", "geometry": {"type": "Polygon", "coordinates": [[[80.3929292929293, 21.873737373737374], [80.3929292929293, 21.883838383838384], [80.37878787878788, 21.883838383838384], [80.37878787878788, 21.873737373737374], [80.3929292929293, 21.873737373737374]]]}, "properties": {"confidence_score": 0.5703, "site_id": "balaghat"}}, {"type": "Feature", "geometry": {"type": "Polygon", "coordinates": [[[80.40707070707072, 21.873737373737374], [80.40707070707072, 21.883838383838384], [80.3929292929293, 21.883838383838384], [80.3929292929293, 21.873737373737374], [80.40707070707072, 21.873737373737374]]]}, "properties": {"confidence_score": 0.5855, "site_id": "balaghat"}}, {"type": "Feature", "geometry": {"type": "Polygon", "coordinates": [[[80.11010101010102, 21.883838383838384], [80.11010101010102, 21.893939393939394], [80.0959595959596, 21.893939393939394], [80.0959595959596, 21.883838383838384], [80.11010101010102, 21.883838383838384]]]}, "properties": {"confidence_score": 0.6701, "site_id": "balaghat"}}, {"type": "Feature", "geometry": {"type": "Polygon", "coordinates": [[[80.12424242424242, 21.883838383838384], [80.12424242424242, 21.893939393939394], [80.110101010101, 21.893939393939394], [80.110101010101, 21.883838383838384], [80.12424242424242, 21.883838383838384]]]}, "properties": {"confidence_score": 0.7202, "site_id": "balaghat"}}, {"type": "Feature", "geometry": {"type": "Polygon", "coordinates": [[[80.13838383838385, 21.883838383838384], [80.13838383838385, 21.893939393939394], [80.12424242424242, 21.893939393939394], [80.12424242424242, 21.883838383838384], [80.13838383838385, 21.883838383838384]]]}, "properties": {"confidence_score": 0.7313, "site_id": "balaghat"}}, {"type": "Feature", "geometry": {"type": "Polygon", "coordinates": [[[80.15252525252527, 21.883838383838384], [80.15252525252527, 21.893939393939394], [80.13838383838385, 21.893939393939394], [80.13838383838385, 21.883838383838384], [80.15252525252527, 21.883838383838384]]]}, "properties": {"confidence_score": 0.7197, "site_id": "balaghat"}}, {"type": "Feature", "geometry": {"type": "Polygon", "coordinates": [[[80.16666666666667, 21.883838383838384], [80.16666666666667, 21.893939393939394], [80.15252525252525, 21.893939393939394], [80.15252525252525, 21.883838383838384], [80.16666666666667, 21.883838383838384]]]}, "properties": {"confidence_score": 0.6333, "site_id": "balaghat"}}, {"type": "Feature", "geometry": {"type": "Polygon", "coordinates": [[[80.18080808080809, 21.883838383838384], [80.18080808080809, 21.893939393939394], [80.16666666666667, 21.893939393939394], [80.16666666666667, 21.883838383838384], [80.18080808080809, 21.883838383838384]]]}, "properties": {"confidence_score": 0.5685, "site_id": "balaghat"}}, {"type": "Feature", "geometry": {"type": "Polygon", "coordinates": [[[80.1949494949495, 21.883838383838384], [80.1949494949495, 21.893939393939394], [80.18080808080808, 21.893939393939394], [80.18080808080808, 21.883838383838384], [80.1949494949495, 21.883838383838384]]]}, "properties": {"confidence_score": 0.5246, "site_id": "balaghat"}}, {"type": "Feature", "geometry": {"type": "Polygon", "coordinates": [[[80.20909090909092, 21.883838383838384], [80.20909090909092, 21.893939393939394], [80.1949494949495, 21.893939393939394], [80.1949494949495, 21.883838383838384], [80.20909090909092, 21.883838383838384]]]}, "properties": {"confidence_score": 0.4984, "site_id": "balaghat"}}, {"type": "Feature", "geometry": {"type": "Polygon", "coordinates": [[[80.22323232323234, 21.883838383838384], [80.22323232323234, 21.893939393939394], [80.20909090909092, 21.893939393939394], [80.20909090909092, 21.883838383838384], [80.22323232323234, 21.883838383838384]]]}, "properties": {"confidence_score": 0.4519, "site_id": "balaghat"}}, {"type": "Feature", "geometry": {"type": "Polygon", "coordinates": [[[80.23737373737374, 21.883838383838384], [80.23737373737374, 21.893939393939394], [80.22323232323232, 21.893939393939394], [80.22323232323232, 21.883838383838384], [80.23737373737374, 21.883838383838384]]]}, "properties": {"confidence_score": 0.4213, "site_id": "balaghat"}}, {"type": "Feature", "geometry": {"type": "Polygon", "coordinates": [[[80.25151515151516, 21.883838383838384], [80.25151515151516, 21.893939393939394], [80.23737373737374, 21.893939393939394], [80.23737373737374, 21.883838383838384], [80.25151515151516, 21.883838383838384]]]}, "properties": {"confidence_score": 0.4022, "site_id": "balaghat"}}, {"type": "Feature", "geometry": {"type": "Polygon", "coordinates": [[[80.26565656565657, 21.883838383838384], [80.26565656565657, 21.893939393939394], [80.25151515151515, 21.893939393939394], [80.25151515151515, 21.883838383838384], [80.26565656565657, 21.883838383838384]]]}, "properties": {"confidence_score": 0.3913, "site_id": "balaghat"}}, {"type": "Feature", "geometry": {"type": "Polygon", "coordinates": [[[80.27979797979799, 21.883838383838384], [80.27979797979799, 21.893939393939394], [80.26565656565657, 21.893939393939394], [80.26565656565657, 21.883838383838384], [80.27979797979799, 21.883838383838384]]]}, "properties": {"confidence_score": 0.381, "site_id": "balaghat"}}, {"type": "Feature", "geometry": {"type": "Polygon", "coordinates": [[[80.2939393939394, 21.883838383838384], [80.2939393939394, 21.893939393939394], [80.27979797979798, 21.893939393939394], [80.27979797979798, 21.883838383838384], [80.2939393939394, 21.883838383838384]]]}, "properties": {"confidence_score": 0.3876, "site_id": "balaghat"}}, {"type": "Feature", "geometry": {"type": "Polygon", "coordinates": [[[80.30808080808082, 21.883838383838384], [80.30808080808082, 21.893939393939394], [80.2939393939394, 21.893939393939394], [80.2939393939394, 21.883838383838384], [80.30808080808082, 21.883838383838384]]]}, "properties": {"confidence_score": 0.4357, "site_id": "balaghat"}}, {"type": "Feature", "geometry": {"type": "Polygon", "coordinates": [[[80.32222222222224, 21.883838383838384], [80.32222222222224, 21.893939393939394], [80.30808080808082, 21.893939393939394], [80.30808080808082, 21.883838383838384], [80.32222222222224, 21.883838383838384]]]}, "properties": {"confidence_score": 0.49, "site_id": "balaghat"}}, {"type": "Feature", "geometry": {"type": "Polygon", "coordinates": [[[80.33636363636364, 21.883838383838384], [80.33636363636364, 21.893939393939394], [80.32222222222222, 21.893939393939394], [80.32222222222222, 21.883838383838384], [80.33636363636364, 21.883838383838384]]]}, "properties": {"confidence_score": 0.5079, "site_id": "balaghat"}}, {"type": "Feature", "geometry": {"type": "Polygon", "coordinates": [[[80.35050505050506, 21.883838383838384], [80.35050505050506, 21.893939393939394], [80.33636363636364, 21.893939393939394], [80.33636363636364, 21.883838383838384], [80.35050505050506, 21.883838383838384]]]}, "properties": {"confidence_score": 0.523, "site_id": "balaghat"}}, {"type": "Feature", "geometry": {"type": "Polygon", "coordinates": [[[80.36464646464647, 21.883838383838384], [80.36464646464647, 21.893939393939394], [80.35050505050505, 21.893939393939394], [80.35050505050505, 21.883838383838384], [80.36464646464647, 21.883838383838384]]]}, "properties": {"confidence_score": 0.5422, "site_id": "balaghat"}}, {"type": "Feature", "geometry": {"type": "Polygon", "coordinates": [[[80.37878787878789, 21.883838383838384], [80.37878787878789, 21.893939393939394], [80.36464646464647, 21.893939393939394], [80.36464646464647, 21.883838383838384], [80.37878787878789, 21.883838383838384]]]}, "properties": {"confidence_score": 0.5646, "site_id": "balaghat"}}, {"type": "Feature", "geometry": {"type": "Polygon", "coordinates": [[[80.3929292929293, 21.883838383838384], [80.3929292929293, 21.893939393939394], [80.37878787878788, 21.893939393939394], [80.37878787878788, 21.883838383838384], [80.3929292929293, 21.883838383838384]]]}, "properties": {"confidence_score": 0.5771, "site_id": "balaghat"}}, {"type": "Feature", "geometry": {"type": "Polygon", "coordinates": [[[80.40707070707072, 21.883838383838384], [80.40707070707072, 21.893939393939394], [80.3929292929293, 21.893939393939394], [80.3929292929293, 21.883838383838384], [80.40707070707072, 21.883838383838384]]]}, "properties": {"confidence_score": 0.5763, "site_id": "balaghat"}}, {"type": "Feature", "geometry": {"type": "Polygon", "coordinates": [[[80.11010101010102, 21.893939393939394], [80.11010101010102, 21.904040404040405], [80.0959595959596, 21.904040404040405], [80.0959595959596, 21.893939393939394], [80.11010101010102, 21.893939393939394]]]}, "properties": {"confidence_score": 0.6961, "site_id": "balaghat"}}, {"type": "Feature", "geometry": {"type": "Polygon", "coordinates": [[[80.12424242424242, 21.893939393939394], [80.12424242424242, 21.904040404040405], [80.110101010101, 21.904040404040405], [80.110101010101, 21.893939393939394], [80.12424242424242, 21.893939393939394]]]}, "properties": {"confidence_score": 0.7271, "site_id": "balaghat"}}, {"type": "Feature", "geometry": {"type": "Polygon", "coordinates": [[[80.13838383838385, 21.893939393939394], [80.13838383838385, 21.904040404040405], [80.12424242424242, 21.904040404040405], [80.12424242424242, 21.893939393939394], [80.13838383838385, 21.893939393939394]]]}, "properties": {"confidence_score": 0.7409, "site_id": "balaghat"}}, {"type": "Feature", "geometry": {"type": "Polygon", "coordinates": [[[80.15252525252527, 21.893939393939394], [80.15252525252527, 21.904040404040405], [80.13838383838385, 21.904040404040405], [80.13838383838385, 21.893939393939394], [80.15252525252527, 21.893939393939394]]]}, "properties": {"confidence_score": 0.7808, "site_id": "balaghat"}}, {"type": "Feature", "geometry": {"type": "Polygon", "coordinates": [[[80.16666666666667, 21.893939393939394], [80.16666666666667, 21.904040404040405], [80.15252525252525, 21.904040404040405], [80.15252525252525, 21.893939393939394], [80.16666666666667, 21.893939393939394]]]}, "properties": {"confidence_score": 0.6588, "site_id": "balaghat"}}, {"type": "Feature", "geometry": {"type": "Polygon", "coordinates": [[[80.18080808080809, 21.893939393939394], [80.18080808080809, 21.904040404040405], [80.16666666666667, 21.904040404040405], [80.16666666666667, 21.893939393939394], [80.18080808080809, 21.893939393939394]]]}, "properties": {"confidence_score": 0.6075, "site_id": "balaghat"}}, {"type": "Feature", "geometry": {"type": "Polygon", "coordinates": [[[80.1949494949495, 21.893939393939394], [80.1949494949495, 21.904040404040405], [80.18080808080808, 21.904040404040405], [80.18080808080808, 21.893939393939394], [80.1949494949495, 21.893939393939394]]]}, "properties": {"confidence_score": 0.5545, "site_id": "balaghat"}}, {"type": "Feature", "geometry": {"type": "Polygon", "coordinates": [[[80.20909090909092, 21.893939393939394], [80.20909090909092, 21.904040404040405], [80.1949494949495, 21.904040404040405], [80.1949494949495, 21.893939393939394], [80.20909090909092, 21.893939393939394]]]}, "properties": {"confidence_score": 0.5608, "site_id": "balaghat"}}, {"type": "Feature", "geometry": {"type": "Polygon", "coordinates": [[[80.22323232323234, 21.893939393939394], [80.22323232323234, 21.904040404040405], [80.20909090909092, 21.904040404040405], [80.20909090909092, 21.893939393939394], [80.22323232323234, 21.893939393939394]]]}, "properties": {"confidence_score": 0.4544, "site_id": "balaghat"}}, {"type": "Feature", "geometry": {"type": "Polygon", "coordinates": [[[80.23737373737374, 21.893939393939394], [80.23737373737374, 21.904040404040405], [80.22323232323232, 21.904040404040405], [80.22323232323232, 21.893939393939394], [80.23737373737374, 21.893939393939394]]]}, "properties": {"confidence_score": 0.4176, "site_id": "balaghat"}}, {"type": "Feature", "geometry": {"type": "Polygon", "coordinates": [[[80.25151515151516, 21.893939393939394], [80.25151515151516, 21.904040404040405], [80.23737373737374, 21.904040404040405], [80.23737373737374, 21.893939393939394], [80.25151515151516, 21.893939393939394]]]}, "properties": {"confidence_score": 0.4133, "site_id": "balaghat"}}, {"type": "Feature", "geometry": {"type": "Polygon", "coordinates": [[[80.26565656565657, 21.893939393939394], [80.26565656565657, 21.904040404040405], [80.25151515151515, 21.904040404040405], [80.25151515151515, 21.893939393939394], [80.26565656565657, 21.893939393939394]]]}, "properties": {"confidence_score": 0.4241, "site_id": "balaghat"}}, {"type": "Feature", "geometry": {"type": "Polygon", "coordinates": [[[80.27979797979799, 21.893939393939394], [80.27979797979799, 21.904040404040405], [80.26565656565657, 21.904040404040405], [80.26565656565657, 21.893939393939394], [80.27979797979799, 21.893939393939394]]]}, "properties": {"confidence_score": 0.3625, "site_id": "balaghat"}}, {"type": "Feature", "geometry": {"type": "Polygon", "coordinates": [[[80.2939393939394, 21.893939393939394], [80.2939393939394, 21.904040404040405], [80.27979797979798, 21.904040404040405], [80.27979797979798, 21.893939393939394], [80.2939393939394, 21.893939393939394]]]}, "properties": {"confidence_score": 0.3224, "site_id": "balaghat"}}, {"type": "Feature", "geometry": {"type": "Polygon", "coordinates": [[[80.30808080808082, 21.893939393939394], [80.30808080808082, 21.904040404040405], [80.2939393939394, 21.904040404040405], [80.2939393939394, 21.893939393939394], [80.30808080808082, 21.893939393939394]]]}, "properties": {"confidence_score": 0.3814, "site_id": "balaghat"}}, {"type": "Feature", "geometry": {"type": "Polygon", "coordinates": [[[80.32222222222224, 21.893939393939394], [80.32222222222224, 21.904040404040405], [80.30808080808082, 21.904040404040405], [80.30808080808082, 21.893939393939394], [80.32222222222224, 21.893939393939394]]]}, "properties": {"confidence_score": 0.451, "site_id": "balaghat"}}, {"type": "Feature", "geometry": {"type": "Polygon", "coordinates": [[[80.33636363636364, 21.893939393939394], [80.33636363636364, 21.904040404040405], [80.32222222222222, 21.904040404040405], [80.32222222222222, 21.893939393939394], [80.33636363636364, 21.893939393939394]]]}, "properties": {"confidence_score": 0.4722, "site_id": "balaghat"}}, {"type": "Feature", "geometry": {"type": "Polygon", "coordinates": [[[80.35050505050506, 21.893939393939394], [80.35050505050506, 21.904040404040405], [80.33636363636364, 21.904040404040405], [80.33636363636364, 21.893939393939394], [80.35050505050506, 21.893939393939394]]]}, "properties": {"confidence_score": 0.4955, "site_id": "balaghat"}}, {"type": "Feature", "geometry": {"type": "Polygon", "coordinates": [[[80.36464646464647, 21.893939393939394], [80.36464646464647, 21.904040404040405], [80.35050505050505, 21.904040404040405], [80.35050505050505, 21.893939393939394], [80.36464646464647, 21.893939393939394]]]}, "properties": {"confidence_score": 0.5441, "site_id": "balaghat"}}, {"type": "Feature", "geometry": {"type": "Polygon", "coordinates": [[[80.37878787878789, 21.893939393939394], [80.37878787878789, 21.904040404040405], [80.36464646464647, 21.904040404040405], [80.36464646464647, 21.893939393939394], [80.37878787878789, 21.893939393939394]]]}, "properties": {"confidence_score": 0.5994, "site_id": "balaghat"}}, {"type": "Feature", "geometry": {"type": "Polygon", "coordinates": [[[80.3929292929293, 21.893939393939394], [80.3929292929293, 21.904040404040405], [80.37878787878788, 21.904040404040405], [80.37878787878788, 21.893939393939394], [80.3929292929293, 21.893939393939394]]]}, "properties": {"confidence_score": 0.5922, "site_id": "balaghat"}}, {"type": "Feature", "geometry": {"type": "Polygon", "coordinates": [[[80.40707070707072, 21.893939393939394], [80.40707070707072, 21.904040404040405], [80.3929292929293, 21.904040404040405], [80.3929292929293, 21.893939393939394], [80.40707070707072, 21.893939393939394]]]}, "properties": {"confidence_score": 0.5952, "site_id": "balaghat"}}, {"type": "Feature", "geometry": {"type": "Polygon", "coordinates": [[[80.11010101010102, 21.904040404040405], [80.11010101010102, 21.914141414141415], [80.0959595959596, 21.914141414141415], [80.0959595959596, 21.904040404040405], [80.11010101010102, 21.904040404040405]]]}, "properties": {"confidence_score": 0.6853, "site_id": "balaghat"}}, {"type": "Feature", "geometry": {"type": "Polygon", "coordinates": [[[80.12424242424242, 21.904040404040405], [80.12424242424242, 21.914141414141415], [80.110101010101, 21.914141414141415], [80.110101010101, 21.904040404040405], [80.12424242424242, 21.904040404040405]]]}, "properties": {"confidence_score": 0.6858, "site_id": "balaghat"}}, {"type": "Feature", "geometry": {"type": "Polygon", "coordinates": [[[80.13838383838385, 21.904040404040405], [80.13838383838385, 21.914141414141415], [80.12424242424242, 21.914141414141415], [80.12424242424242, 21.904040404040405], [80.13838383838385, 21.904040404040405]]]}, "properties": {"confidence_score": 0.6913, "site_id": "balaghat"}}, {"type": "Feature", "geometry": {"type": "Polygon", "coordinates": [[[80.15252525252527, 21.904040404040405], [80.15252525252527, 21.914141414141415], [80.13838383838385, 21.914141414141415], [80.13838383838385, 21.904040404040405], [80.15252525252527, 21.904040404040405]]]}, "properties": {"confidence_score": 0.6874, "site_id": "balaghat"}}, {"type": "Feature", "geometry": {"type": "Polygon", "coordinates": [[[80.16666666666667, 21.904040404040405], [80.16666666666667, 21.914141414141415], [80.15252525252525, 21.914141414141415], [80.15252525252525, 21.904040404040405], [80.16666666666667, 21.904040404040405]]]}, "properties": {"confidence_score": 0.6337, "site_id": "balaghat"}}, {"type": "Feature", "geometry": {"type": "Polygon", "coordinates": [[[80.18080808080809, 21.904040404040405], [80.18080808080809, 21.914141414141415], [80.16666666666667, 21.914141414141415], [80.16666666666667, 21.904040404040405], [80.18080808080809, 21.904040404040405]]]}, "properties": {"confidence_score": 0.5827, "site_id": "balaghat"}}, {"type": "Feature", "geometry": {"type": "Polygon", "coordinates": [[[80.1949494949495, 21.904040404040405], [80.1949494949495, 21.914141414141415], [80.18080808080808, 21.914141414141415], [80.18080808080808, 21.904040404040405], [80.1949494949495, 21.904040404040405]]]}, "properties": {"confidence_score": 0.5223, "site_id": "balaghat"}}, {"type": "Feature", "geometry": {"type": "Polygon", "coordinates": [[[80.20909090909092, 21.904040404040405], [80.20909090909092, 21.914141414141415], [80.1949494949495, 21.914141414141415], [80.1949494949495, 21.904040404040405], [80.20909090909092, 21.904040404040405]]]}, "properties": {"confidence_score": 0.4719, "site_id": "balaghat"}}, {"type": "Feature", "geometry": {"type": "Polygon", "coordinates": [[[80.22323232323234, 21.904040404040405], [80.22323232323234, 21.914141414141415], [80.20909090909092, 21.914141414141415], [80.20909090909092, 21.904040404040405], [80.22323232323234, 21.904040404040405]]]}, "properties": {"confidence_score": 0.4188, "site_id": "balaghat"}}, {"type": "Feature", "geometry": {"type": "Polygon", "coordinates": [[[80.23737373737374, 21.904040404040405], [80.23737373737374, 21.914141414141415], [80.22323232323232, 21.914141414141415], [80.22323232323232, 21.904040404040405], [80.23737373737374, 21.904040404040405]]]}, "properties": {"confidence_score": 0.39, "site_id": "balaghat"}}, {"type": "Feature", "geometry": {"type": "Polygon", "coordinates": [[[80.25151515151516, 21.904040404040405], [80.25151515151516, 21.914141414141415], [80.23737373737374, 21.914141414141415], [80.23737373737374, 21.904040404040405], [80.25151515151516, 21.904040404040405]]]}, "properties": {"confidence_score": 0.4066, "site_id": "balaghat"}}, {"type": "Feature", "geometry": {"type": "Polygon", "coordinates": [[[80.26565656565657, 21.904040404040405], [80.26565656565657, 21.914141414141415], [80.25151515151515, 21.914141414141415], [80.25151515151515, 21.904040404040405], [80.26565656565657, 21.904040404040405]]]}, "properties": {"confidence_score": 0.4107, "site_id": "balaghat"}}, {"type": "Feature", "geometry": {"type": "Polygon", "coordinates": [[[80.27979797979799, 21.904040404040405], [80.27979797979799, 21.914141414141415], [80.26565656565657, 21.914141414141415], [80.26565656565657, 21.904040404040405], [80.27979797979799, 21.904040404040405]]]}, "properties": {"confidence_score": 0.3432, "site_id": "balaghat"}}, {"type": "Feature", "geometry": {"type": "Polygon", "coordinates": [[[80.2939393939394, 21.904040404040405], [80.2939393939394, 21.914141414141415], [80.27979797979798, 21.914141414141415], [80.27979797979798, 21.904040404040405], [80.2939393939394, 21.904040404040405]]]}, "properties": {"confidence_score": 0.2955, "site_id": "balaghat"}}, {"type": "Feature", "geometry": {"type": "Polygon", "coordinates": [[[80.30808080808082, 21.904040404040405], [80.30808080808082, 21.914141414141415], [80.2939393939394, 21.914141414141415], [80.2939393939394, 21.904040404040405], [80.30808080808082, 21.904040404040405]]]}, "properties": {"confidence_score": 0.3284, "site_id": "balaghat"}}, {"type": "Feature", "geometry": {"type": "Polygon", "coordinates": [[[80.32222222222224, 21.904040404040405], [80.32222222222224, 21.914141414141415], [80.30808080808082, 21.914141414141415], [80.30808080808082, 21.904040404040405], [80.32222222222224, 21.904040404040405]]]}, "properties": {"confidence_score": 0.3798, "site_id": "balaghat"}}, {"type": "Feature", "geometry": {"type": "Polygon", "coordinates": [[[80.33636363636364, 21.904040404040405], [80.33636363636364, 21.914141414141415], [80.32222222222222, 21.914141414141415], [80.32222222222222, 21.904040404040405], [80.33636363636364, 21.904040404040405]]]}, "properties": {"confidence_score": 0.4441, "site_id": "balaghat"}}, {"type": "Feature", "geometry": {"type": "Polygon", "coordinates": [[[80.35050505050506, 21.904040404040405], [80.35050505050506, 21.914141414141415], [80.33636363636364, 21.914141414141415], [80.33636363636364, 21.904040404040405], [80.35050505050506, 21.904040404040405]]]}, "properties": {"confidence_score": 0.5017, "site_id": "balaghat"}}, {"type": "Feature", "geometry": {"type": "Polygon", "coordinates": [[[80.36464646464647, 21.904040404040405], [80.36464646464647, 21.914141414141415], [80.35050505050505, 21.914141414141415], [80.35050505050505, 21.904040404040405], [80.36464646464647, 21.904040404040405]]]}, "properties": {"confidence_score": 0.5451, "site_id": "balaghat"}}, {"type": "Feature", "geometry": {"type": "Polygon", "coordinates": [[[80.37878787878789, 21.904040404040405], [80.37878787878789, 21.914141414141415], [80.36464646464647, 21.914141414141415], [80.36464646464647, 21.904040404040405], [80.37878787878789, 21.904040404040405]]]}, "properties": {"confidence_score": 0.5931, "site_id": "balaghat"}}, {"type": "Feature", "geometry": {"type": "Polygon", "coordinates": [[[80.3929292929293, 21.904040404040405], [80.3929292929293, 21.914141414141415], [80.37878787878788, 21.914141414141415], [80.37878787878788, 21.904040404040405], [80.3929292929293, 21.904040404040405]]]}, "properties": {"confidence_score": 0.5994, "site_id": "balaghat"}}, {"type": "Feature", "geometry": {"type": "Polygon", "coordinates": [[[80.40707070707072, 21.904040404040405], [80.40707070707072, 21.914141414141415], [80.3929292929293, 21.914141414141415], [80.3929292929293, 21.904040404040405], [80.40707070707072, 21.904040404040405]]]}, "properties": {"confidence_score": 0.5947, "site_id": "balaghat"}}, {"type": "Feature", "geometry": {"type": "Polygon", "coordinates": [[[80.11010101010102, 21.914141414141415], [80.11010101010102, 21.924242424242426], [80.0959595959596, 21.924242424242426], [80.0959595959596, 21.914141414141415], [80.11010101010102, 21.914141414141415]]]}, "properties": {"confidence_score": 0.6676, "site_id": "balaghat"}}, {"type": "Feature", "geometry": {"type": "Polygon", "coordinates": [[[80.12424242424242, 21.914141414141415], [80.12424242424242, 21.924242424242426], [80.110101010101, 21.924242424242426], [80.110101010101, 21.914141414141415], [80.12424242424242, 21.914141414141415]]]}, "properties": {"confidence_score": 0.652, "site_id": "balaghat"}}, {"type": "Feature", "geometry": {"type": "Polygon", "coordinates": [[[80.13838383838385, 21.914141414141415], [80.13838383838385, 21.924242424242426], [80.12424242424242, 21.924242424242426], [80.12424242424242, 21.914141414141415], [80.13838383838385, 21.914141414141415]]]}, "properties": {"confidence_score": 0.6364, "site_id": "balaghat"}}, {"type": "Feature", "geometry": {"type": "Polygon", "coordinates": [[[80.15252525252527, 21.914141414141415], [80.15252525252527, 21.924242424242426], [80.13838383838385, 21.924242424242426], [80.13838383838385, 21.914141414141415], [80.15252525252527, 21.914141414141415]]]}, "properties": {"confidence_score": 0.6158, "site_id": "balaghat"}}, {"type": "Feature", "geometry": {"type": "Polygon", "coordinates": [[[80.16666666666667, 21.914141414141415], [80.16666666666667, 21.924242424242426], [80.15252525252525, 21.924242424242426], [80.15252525252525, 21.914141414141415], [80.16666666666667, 21.914141414141415]]]}, "properties": {"confidence_score": 0.596, "site_id": "balaghat"}}, {"type": "Feature", "geometry": {"type": "Polygon", "coordinates": [[[80.18080808080809, 21.914141414141415], [80.18080808080809, 21.924242424242426], [80.16666666666667, 21.924242424242426], [80.16666666666667, 21.914141414141415], [80.18080808080809, 21.914141414141415]]]}, "properties": {"confidence_score": 0.5611, "site_id": "balaghat"}}, {"type": "Feature", "geometry": {"type": "Polygon", "coordinates": [[[80.1949494949495, 21.914141414141415], [80.1949494949495, 21.924242424242426], [80.18080808080808, 21.924242424242426], [80.18080808080808, 21.914141414141415], [80.1949494949495, 21.914141414141415]]]}, "properties": {"confidence_score": 0.4802, "site_id": "balaghat"}}, {"type": "Feature", "geometry": {"type": "Polygon", "coordinates": [[[80.20909090909092, 21.914141414141415], [80.20909090909092, 21.924242424242426], [80.1949494949495, 21.924242424242426], [80.1949494949495, 21.914141414141415], [80.20909090909092, 21.914141414141415]]]}, "properties": {"confidence_score": 0.3946, "site_id": "balaghat"}}, {"type": "Feature", "geometry": {"type": "Polygon", "coordinates": [[[80.22323232323234, 21.914141414141415], [80.22323232323234, 21.924242424242426], [80.20909090909092, 21.924242424242426], [80.20909090909092, 21.914141414141415], [80.22323232323234, 21.914141414141415]]]}, "properties": {"confidence_score": 0.3796, "site_id": "balaghat"}}, {"type": "Feature", "geometry": {"type": "Polygon", "coordinates": [[[80.23737373737374, 21.914141414141415], [80.23737373737374, 21.924242424242426], [80.22323232323232, 21.924242424242426], [80.22323232323232, 21.914141414141415], [80.23737373737374, 21.914141414141415]]]}, "properties": {"confidence_score": 0.3525, "site_id": "balaghat"}}, {"type": "Feature", "geometry": {"type": "Polygon", "coordinates": [[[80.25151515151516, 21.914141414141415], [80.25151515151516, 21.924242424242426], [80.23737373737374, 21.924242424242426], [80.23737373737374, 21.914141414141415], [80.25151515151516, 21.914141414141415]]]}, "properties": {"confidence_score": 0.3926, "site_id": "balaghat"}}, {"type": "Feature", "geometry": {"type": "Polygon", "coordinates": [[[80.26565656565657, 21.914141414141415], [80.26565656565657, 21.924242424242426], [80.25151515151515, 21.924242424242426], [80.25151515151515, 21.914141414141415], [80.26565656565657, 21.914141414141415]]]}, "properties": {"confidence_score": 0.4157, "site_id": "balaghat"}}, {"type": "Feature", "geometry": {"type": "Polygon", "coordinates": [[[80.27979797979799, 21.914141414141415], [80.27979797979799, 21.924242424242426], [80.26565656565657, 21.924242424242426], [80.26565656565657, 21.914141414141415], [80.27979797979799, 21.914141414141415]]]}, "properties": {"confidence_score": 0.3198, "site_id": "balaghat"}}, {"type": "Feature", "geometry": {"type": "Polygon", "coordinates": [[[80.2939393939394, 21.914141414141415], [80.2939393939394, 21.924242424242426], [80.27979797979798, 21.924242424242426], [80.27979797979798, 21.914141414141415], [80.2939393939394, 21.914141414141415]]]}, "properties": {"confidence_score": 0.2487, "site_id": "balaghat"}}, {"type": "Feature", "geometry": {"type": "Polygon", "coordinates": [[[80.30808080808082, 21.914141414141415], [80.30808080808082, 21.924242424242426], [80.2939393939394, 21.924242424242426], [80.2939393939394, 21.914141414141415], [80.30808080808082, 21.914141414141415]]]}, "properties": {"confidence_score": 0.294, "site_id": "balaghat"}}, {"type": "Feature", "geometry": {"type": "Polygon", "coordinates": [[[80.32222222222224, 21.914141414141415], [80.32222222222224, 21.924242424242426], [80.30808080808082, 21.924242424242426], [80.30808080808082, 21.914141414141415], [80.32222222222224, 21.914141414141415]]]}, "properties": {"confidence_score": 0.3259, "site_id": "balaghat"}}, {"type": "Feature", "geometry": {"type": "Polygon", "coordinates": [[[80.33636363636364, 21.914141414141415], [80.33636363636364, 21.924242424242426], [80.32222222222222, 21.924242424242426], [80.32222222222222, 21.914141414141415], [80.33636363636364, 21.914141414141415]]]}, "properties": {"confidence_score": 0.4281, "site_id": "balaghat"}}, {"type": "Feature", "geometry": {"type": "Polygon", "coordinates": [[[80.35050505050506, 21.914141414141415], [80.35050505050506, 21.924242424242426], [80.33636363636364, 21.924242424242426], [80.33636363636364, 21.914141414141415], [80.35050505050506, 21.914141414141415]]]}, "properties": {"confidence_score": 0.5134, "site_id": "balaghat"}}, {"type": "Feature", "geometry": {"type": "Polygon", "coordinates": [[[80.36464646464647, 21.914141414141415], [80.36464646464647, 21.924242424242426], [80.35050505050505, 21.924242424242426], [80.35050505050505, 21.914141414141415], [80.36464646464647, 21.914141414141415]]]}, "properties": {"confidence_score": 0.5297, "site_id": "balaghat"}}, {"type": "Feature", "geometry": {"type": "Polygon", "coordinates": [[[80.37878787878789, 21.914141414141415], [80.37878787878789, 21.924242424242426], [80.36464646464647, 21.924242424242426], [80.36464646464647, 21.914141414141415], [80.37878787878789, 21.914141414141415]]]}, "properties": {"confidence_score": 0.5959, "site_id": "balaghat"}}, {"type": "Feature", "geometry": {"type": "Polygon", "coordinates": [[[80.3929292929293, 21.914141414141415], [80.3929292929293, 21.924242424242426], [80.37878787878788, 21.924242424242426], [80.37878787878788, 21.914141414141415], [80.3929292929293, 21.914141414141415]]]}, "properties": {"confidence_score": 0.5923, "site_id": "balaghat"}}, {"type": "Feature", "geometry": {"type": "Polygon", "coordinates": [[[80.40707070707072, 21.914141414141415], [80.40707070707072, 21.924242424242426], [80.3929292929293, 21.924242424242426], [80.3929292929293, 21.914141414141415], [80.40707070707072, 21.914141414141415]]]}, "properties": {"confidence_score": 0.6182, "site_id": "balaghat"}}, {"type": "Feature", "geometry": {"type": "Polygon", "coordinates": [[[80.11010101010102, 21.924242424242426], [80.11010101010102, 21.934343434343436], [80.0959595959596, 21.934343434343436], [80.0959595959596, 21.924242424242426], [80.11010101010102, 21.924242424242426]]]}, "properties": {"confidence_score": 0.6628, "site_id": "balaghat"}}, {"type": "Feature", "geometry": {"type": "Polygon", "coordinates": [[[80.12424242424242, 21.924242424242426], [80.12424242424242, 21.934343434343436], [80.110101010101, 21.934343434343436], [80.110101010101, 21.924242424242426], [80.12424242424242, 21.924242424242426]]]}, "properties": {"confidence_score": 0.638, "site_id": "balaghat"}}, {"type": "Feature", "geometry": {"type": "Polygon", "coordinates": [[[80.13838383838385, 21.924242424242426], [80.13838383838385, 21.934343434343436], [80.12424242424242, 21.934343434343436], [80.12424242424242, 21.924242424242426], [80.13838383838385, 21.924242424242426]]]}, "properties": {"confidence_score": 0.6085, "site_id": "balaghat"}}, {"type": "Feature", "geometry": {"type": "Polygon", "coordinates": [[[80.15252525252527, 21.924242424242426], [80.15252525252527, 21.934343434343436], [80.13838383838385, 21.934343434343436], [80.13838383838385, 21.924242424242426], [80.15252525252527, 21.924242424242426]]]}, "properties": {"confidence_score": 0.5823, "site_id": "balaghat"}}, {"type": "Feature", "geometry": {"type": "Polygon", "coordinates": [[[80.16666666666667, 21.924242424242426], [80.16666666666667, 21.934343434343436], [80.15252525252525, 21.934343434343436], [80.15252525252525, 21.924242424242426], [80.16666666666667, 21.924242424242426]]]}, "properties": {"confidence_score": 0.5746, "site_id": "balaghat"}}, {"type": "Feature", "geometry": {"type": "Polygon", "coordinates": [[[80.18080808080809, 21.924242424242426], [80.18080808080809, 21.934343434343436], [80.16666666666667, 21.934343434343436], [80.16666666666667, 21.924242424242426], [80.18080808080809, 21.924242424242426]]]}, "properties": {"confidence_score": 0.5425, "site_id": "balaghat"}}, {"type": "Feature", "geometry": {"type": "Polygon", "coordinates": [[[80.1949494949495, 21.924242424242426], [80.1949494949495, 21.934343434343436], [80.18080808080808, 21.934343434343436], [80.18080808080808, 21.924242424242426], [80.1949494949495, 21.924242424242426]]]}, "properties": {"confidence_score": 0.4684, "site_id": "balaghat"}}, {"type": "Feature", "geometry": {"type": "Polygon", "coordinates": [[[80.20909090909092, 21.924242424242426], [80.20909090909092, 21.934343434343436], [80.1949494949495, 21.934343434343436], [80.1949494949495, 21.924242424242426], [80.20909090909092, 21.924242424242426]]]}, "properties": {"confidence_score": 0.3977, "site_id": "balaghat"}}, {"type": "Feature", "geometry": {"type": "Polygon", "coordinates": [[[80.22323232323234, 21.924242424242426], [80.22323232323234, 21.934343434343436], [80.20909090909092, 21.934343434343436], [80.20909090909092, 21.924242424242426], [80.22323232323234, 21.924242424242426]]]}, "properties": {"confidence_score": 0.3715, "site_id": "balaghat"}}, {"type": "Feature", "geometry": {"type": "Polygon", "coordinates": [[[80.23737373737374, 21.924242424242426], [80.23737373737374, 21.934343434343436], [80.22323232323232, 21.934343434343436], [80.22323232323232, 21.924242424242426], [80.23737373737374, 21.924242424242426]]]}, "properties": {"confidence_score": 0.3585, "site_id": "balaghat"}}, {"type": "Feature", "geometry": {"type": "Polygon", "coordinates": [[[80.25151515151516, 21.924242424242426], [80.25151515151516, 21.934343434343436], [80.23737373737374, 21.934343434343436], [80.23737373737374, 21.924242424242426], [80.25151515151516, 21.924242424242426]]]}, "properties": {"confidence_score": 0.375, "site_id": "balaghat"}}, {"type": "Feature", "geometry": {"type": "Polygon", "coordinates": [[[80.26565656565657, 21.924242424242426], [80.26565656565657, 21.934343434343436], [80.25151515151515, 21.934343434343436], [80.25151515151515, 21.924242424242426], [80.26565656565657, 21.924242424242426]]]}, "properties": {"confidence_score": 0.3727, "site_id": "balaghat"}}, {"type": "Feature", "geometry": {"type": "Polygon", "coordinates": [[[80.27979797979799, 21.924242424242426], [80.27979797979799, 21.934343434343436], [80.26565656565657, 21.934343434343436], [80.26565656565657, 21.924242424242426], [80.27979797979799, 21.924242424242426]]]}, "properties": {"confidence_score": 0.2988, "site_id": "balaghat"}}, {"type": "Feature", "geometry": {"type": "Polygon", "coordinates": [[[80.2939393939394, 21.924242424242426], [80.2939393939394, 21.934343434343436], [80.27979797979798, 21.934343434343436], [80.27979797979798, 21.924242424242426], [80.2939393939394, 21.924242424242426]]]}, "properties": {"confidence_score": 0.2393, "site_id": "balaghat"}}, {"type": "Feature", "geometry": {"type": "Polygon", "coordinates": [[[80.30808080808082, 21.924242424242426], [80.30808080808082, 21.934343434343436], [80.2939393939394, 21.934343434343436], [80.2939393939394, 21.924242424242426], [80.30808080808082, 21.924242424242426]]]}, "properties": {"confidence_score": 0.303, "site_id": "balaghat"}}, {"type": "Feature", "geometry": {"type": "Polygon", "coordinates": [[[80.32222222222224, 21.924242424242426], [80.32222222222224, 21.934343434343436], [80.30808080808082, 21.934343434343436], [80.30808080808082, 21.924242424242426], [80.32222222222224, 21.924242424242426]]]}, "properties": {"confidence_score": 0.3661, "site_id": "balaghat"}}, {"type": "Feature", "geometry": {"type": "Polygon", "coordinates": [[[80.33636363636364, 21.924242424242426], [80.33636363636364, 21.934343434343436], [80.32222222222222, 21.934343434343436], [80.32222222222222, 21.924242424242426], [80.33636363636364, 21.924242424242426]]]}, "properties": {"confidence_score": 0.4298, "site_id": "balaghat"}}, {"type": "Feature", "geometry": {"type": "Polygon", "coordinates": [[[80.35050505050506, 21.924242424242426], [80.35050505050506, 21.934343434343436], [80.33636363636364, 21.934343434343436], [80.33636363636364, 21.924242424242426], [80.35050505050506, 21.924242424242426]]]}, "properties": {"confidence_score": 0.4702, "site_id": "balaghat"}}, {"type": "Feature", "geometry": {"type": "Polygon", "coordinates": [[[80.36464646464647, 21.924242424242426], [80.36464646464647, 21.934343434343436], [80.35050505050505, 21.934343434343436], [80.35050505050505, 21.924242424242426], [80.36464646464647, 21.924242424242426]]]}, "properties": {"confidence_score": 0.4815, "site_id": "balaghat"}}, {"type": "Feature", "geometry": {"type": "Polygon", "coordinates": [[[80.37878787878789, 21.924242424242426], [80.37878787878789, 21.934343434343436], [80.36464646464647, 21.934343434343436], [80.36464646464647, 21.924242424242426], [80.37878787878789, 21.924242424242426]]]}, "properties": {"confidence_score": 0.5021, "site_id": "balaghat"}}, {"type": "Feature", "geometry": {"type": "Polygon", "coordinates": [[[80.3929292929293, 21.924242424242426], [80.3929292929293, 21.934343434343436], [80.37878787878788, 21.934343434343436], [80.37878787878788, 21.924242424242426], [80.3929292929293, 21.924242424242426]]]}, "properties": {"confidence_score": 0.5579, "site_id": "balaghat"}}, {"type": "Feature", "geometry": {"type": "Polygon", "coordinates": [[[80.40707070707072, 21.924242424242426], [80.40707070707072, 21.934343434343436], [80.3929292929293, 21.934343434343436], [80.3929292929293, 21.924242424242426], [80.40707070707072, 21.924242424242426]]]}, "properties": {"confidence_score": 0.606, "site_id": "balaghat"}}, {"type": "Feature", "geometry": {"type": "Polygon", "coordinates": [[[80.11010101010102, 21.934343434343432], [80.11010101010102, 21.944444444444443], [80.0959595959596, 21.944444444444443], [80.0959595959596, 21.934343434343432], [80.11010101010102, 21.934343434343432]]]}, "properties": {"confidence_score": 0.6613, "site_id": "balaghat"}}, {"type": "Feature", "geometry": {"type": "Polygon", "coordinates": [[[80.12424242424242, 21.934343434343432], [80.12424242424242, 21.944444444444443], [80.110101010101, 21.944444444444443], [80.110101010101, 21.934343434343432], [80.12424242424242, 21.934343434343432]]]}, "properties": {"confidence_score": 0.6452, "site_id": "balaghat"}}, {"type": "Feature", "geometry": {"type": "Polygon", "coordinates": [[[80.13838383838385, 21.934343434343432], [80.13838383838385, 21.944444444444443], [80.12424242424242, 21.944444444444443], [80.12424242424242, 21.934343434343432], [80.13838383838385, 21.934343434343432]]]}, "properties": {"confidence_score": 0.6161, "site_id": "balaghat"}}, {"type": "Feature", "geometry": {"type": "Polygon", "coordinates": [[[80.15252525252527, 21.934343434343432], [80.15252525252527, 21.944444444444443], [80.13838383838385, 21.944444444444443], [80.13838383838385, 21.934343434343432], [80.15252525252527, 21.934343434343432]]]}, "properties": {"confidence_score": 0.5815, "site_id": "balaghat"}}, {"type": "Feature", "geometry": {"type": "Polygon", "coordinates": [[[80.16666666666667, 21.934343434343432], [80.16666666666667, 21.944444444444443], [80.15252525252525, 21.944444444444443], [80.15252525252525, 21.934343434343432], [80.16666666666667, 21.934343434343432]]]}, "properties": {"confidence_score": 0.5846, "site_id": "balaghat"}}, {"type": "Feature", "geometry": {"type": "Polygon", "coordinates": [[[80.18080808080809, 21.934343434343432], [80.18080808080809, 21.944444444444443], [80.16666666666667, 21.944444444444443], [80.16666666666667, 21.934343434343432], [80.18080808080809, 21.934343434343432]]]}, "properties": {"confidence_score": 0.5556, "site_id": "balaghat"}}, {"type": "Feature", "geometry": {"type": "Polygon", "coordinates": [[[80.1949494949495, 21.934343434343432], [80.1949494949495, 21.944444444444443], [80.18080808080808, 21.944444444444443], [80.18080808080808, 21.934343434343432], [80.1949494949495, 21.934343434343432]]]}, "properties": {"confidence_score": 0.4836, "site_id": "balaghat"}}, {"type": "Feature", "geometry": {"type": "Polygon", "coordinates": [[[80.20909090909092, 21.934343434343432], [80.20909090909092, 21.944444444444443], [80.1949494949495, 21.944444444444443], [80.1949494949495, 21.934343434343432], [80.20909090909092, 21.934343434343432]]]}, "properties": {"confidence_score": 0.4103, "site_id": "balaghat"}}, {"type": "Feature", "geometry": {"type": "Polygon", "coordinates": [[[80.22323232323234, 21.934343434343432], [80.22323232323234, 21.944444444444443], [80.20909090909092, 21.944444444444443], [80.20909090909092, 21.934343434343432], [80.22323232323234, 21.934343434343432]]]}, "properties": {"confidence_score": 0.3851, "site_id": "balaghat"}}, {"type": "Feature", "geometry": {"type": "Polygon", "coordinates": [[[80.23737373737374, 21.934343434343432], [80.23737373737374, 21.944444444444443], [80.22323232323232, 21.944444444444443], [80.22323232323232, 21.934343434343432], [80.23737373737374, 21.934343434343432]]]}, "properties": {"confidence_score": 0.3615, "site_id": "balaghat"}}, {"type": "Feature", "geometry": {"type": "Polygon", "coordinates": [[[80.25151515151516, 21.934343434343432], [80.25151515151516, 21.944444444444443], [80.23737373737374, 21.944444444444443], [80.23737373737374, 21.934343434343432], [80.25151515151516, 21.934343434343432]]]}, "properties": {"confidence_score": 0.3612, "site_id": "balaghat"}}, {"type": "Feature", "geometry": {"type": "Polygon", "coordinates": [[[80.26565656565657, 21.934343434343432], [80.26565656565657, 21.944444444444443], [80.25151515151515, 21.944444444444443], [80.25151515151515, 21.934343434343432], [80.26565656565657, 21.934343434343432]]]}, "properties": {"confidence_score": 0.3616, "site_id": "balaghat"}}, {"type": "Feature", "geometry": {"type": "Polygon", "coordinates": [[[80.27979797979799, 21.934343434343432], [80.27979797979799, 21.944444444444443], [80.26565656565657, 21.944444444444443], [80.26565656565657, 21.934343434343432], [80.27979797979799, 21.934343434343432]]]}, "properties": {"confidence_score": 0.3089, "site_id": "balaghat"}}, {"type": "Feature", "geometry": {"type": "Polygon", "coordinates": [[[80.2939393939394, 21.934343434343432], [80.2939393939394, 21.944444444444443], [80.27979797979798, 21.944444444444443], [80.27979797979798, 21.934343434343432], [80.2939393939394, 21.934343434343432]]]}, "properties": {"confidence_score": 0.2241, "site_id": "balaghat"}}, {"type": "Feature", "geometry": {"type": "Polygon", "coordinates": [[[80.30808080808082, 21.934343434343432], [80.30808080808082, 21.944444444444443], [80.2939393939394, 21.944444444444443], [80.2939393939394, 21.934343434343432], [80.30808080808082, 21.934343434343432]]]}, "properties": {"confidence_score": 0.3675, "site_id": "balaghat"}}, {"type": "Feature", "geometry": {"type": "Polygon", "coordinates": [[[80.32222222222224, 21.934343434343432], [80.32222222222224, 21.944444444444443], [80.30808080808082, 21.944444444444443], [80.30808080808082, 21.934343434343432], [80.32222222222224, 21.934343434343432]]]}, "properties": {"confidence_score": 0.4305, "site_id": "balaghat"}}, {"type": "Feature", "geometry": {"type": "Polygon", "coordinates": [[[80.33636363636364, 21.934343434343432], [80.33636363636364, 21.944444444444443], [80.32222222222222, 21.944444444444443], [80.32222222222222, 21.934343434343432], [80.33636363636364, 21.934343434343432]]]}, "properties": {"confidence_score": 0.4581, "site_id": "balaghat"}}, {"type": "Feature", "geometry": {"type": "Polygon", "coordinates": [[[80.35050505050506, 21.934343434343432], [80.35050505050506, 21.944444444444443], [80.33636363636364, 21.944444444444443], [80.33636363636364, 21.934343434343432], [80.35050505050506, 21.934343434343432]]]}, "properties": {"confidence_score": 0.4504, "site_id": "balaghat"}}, {"type": "Feature", "geometry": {"type": "Polygon", "coordinates": [[[80.36464646464647, 21.934343434343432], [80.36464646464647, 21.944444444444443], [80.35050505050505, 21.944444444444443], [80.35050505050505, 21.934343434343432], [80.36464646464647, 21.934343434343432]]]}, "properties": {"confidence_score": 0.4356, "site_id": "balaghat"}}, {"type": "Feature", "geometry": {"type": "Polygon", "coordinates": [[[80.37878787878789, 21.934343434343432], [80.37878787878789, 21.944444444444443], [80.36464646464647, 21.944444444444443], [80.36464646464647, 21.934343434343432], [80.37878787878789, 21.934343434343432]]]}, "properties": {"confidence_score": 0.4062, "site_id": "balaghat"}}, {"type": "Feature", "geometry": {"type": "Polygon", "coordinates": [[[80.3929292929293, 21.934343434343432], [80.3929292929293, 21.944444444444443], [80.37878787878788, 21.944444444444443], [80.37878787878788, 21.934343434343432], [80.3929292929293, 21.934343434343432]]]}, "properties": {"confidence_score": 0.507, "site_id": "balaghat"}}, {"type": "Feature", "geometry": {"type": "Polygon", "coordinates": [[[80.40707070707072, 21.934343434343432], [80.40707070707072, 21.944444444444443], [80.3929292929293, 21.944444444444443], [80.3929292929293, 21.934343434343432], [80.40707070707072, 21.934343434343432]]]}, "properties": {"confidence_score": 0.6274, "site_id": "balaghat"}}, {"type": "Feature", "geometry": {"type": "Polygon", "coordinates": [[[80.11010101010102, 21.944444444444443], [80.11010101010102, 21.954545454545453], [80.0959595959596, 21.954545454545453], [80.0959595959596, 21.944444444444443], [80.11010101010102, 21.944444444444443]]]}, "properties": {"confidence_score": 0.6464, "site_id": "balaghat"}}, {"type": "Feature", "geometry": {"type": "Polygon", "coordinates": [[[80.12424242424242, 21.944444444444443], [80.12424242424242, 21.954545454545453], [80.110101010101, 21.954545454545453], [80.110101010101, 21.944444444444443], [80.12424242424242, 21.944444444444443]]]}, "properties": {"confidence_score": 0.6531, "site_id": "balaghat"}}, {"type": "Feature", "geometry": {"type": "Polygon", "coordinates": [[[80.13838383838385, 21.944444444444443], [80.13838383838385, 21.954545454545453], [80.12424242424242, 21.954545454545453], [80.12424242424242, 21.944444444444443], [80.13838383838385, 21.944444444444443]]]}, "properties": {"confidence_score": 0.6629, "site_id": "balaghat"}}, {"type": "Feature", "geometry": {"type": "Polygon", "coordinates": [[[80.15252525252527, 21.944444444444443], [80.15252525252527, 21.954545454545453], [80.13838383838385, 21.954545454545453], [80.13838383838385, 21.944444444444443], [80.15252525252527, 21.944444444444443]]]}, "properties": {"confidence_score": 0.671, "site_id": "balaghat"}}, {"type": "Feature", "geometry": {"type": "Polygon", "coordinates": [[[80.16666666666667, 21.944444444444443], [80.16666666666667, 21.954545454545453], [80.15252525252525, 21.954545454545453], [80.15252525252525, 21.944444444444443], [80.16666666666667, 21.944444444444443]]]}, "properties": {"confidence_score": 0.6233, "site_id": "balaghat"}}, {"type": "Feature", "geometry": {"type": "Polygon", "coordinates": [[[80.18080808080809, 21.944444444444443], [80.18080808080809, 21.954545454545453], [80.16666666666667, 21.954545454545453], [80.16666666666667, 21.944444444444443], [80.18080808080809, 21.944444444444443]]]}, "properties": {"confidence_score": 0.5747, "site_id": "balaghat"}}, {"type": "Feature", "geometry": {"type": "Polygon", "coordinates": [[[80.1949494949495, 21.944444444444443], [80.1949494949495, 21.954545454545453], [80.18080808080808, 21.954545454545453], [80.18080808080808, 21.944444444444443], [80.1949494949495, 21.944444444444443]]]}, "properties": {"confidence_score": 0.5218, "site_id": "balaghat"}}, {"type": "Feature", "geometry": {"type": "Polygon", "coordinates": [[[80.20909090909092, 21.944444444444443], [80.20909090909092, 21.954545454545453], [80.1949494949495, 21.954545454545453], [80.1949494949495, 21.944444444444443], [80.20909090909092, 21.944444444444443]]]}, "properties": {"confidence_score": 0.4714, "site_id": "balaghat"}}, {"type": "Feature", "geometry": {"type": "Polygon", "coordinates": [[[80.22323232323234, 21.944444444444443], [80.22323232323234, 21.954545454545453], [80.20909090909092, 21.954545454545453], [80.20909090909092, 21.944444444444443], [80.22323232323234, 21.944444444444443]]]}, "properties": {"confidence_score": 0.4112, "site_id": "balaghat"}}, {"type": "Feature", "geometry": {"type": "Polygon", "coordinates": [[[80.23737373737374, 21.944444444444443], [80.23737373737374, 21.954545454545453], [80.22323232323232, 21.954545454545453], [80.22323232323232, 21.944444444444443], [80.23737373737374, 21.944444444444443]]]}, "properties": {"confidence_score": 0.372, "site_id": "balaghat"}}, {"type": "Feature", "geometry": {"type": "Polygon", "coordinates": [[[80.25151515151516, 21.944444444444443], [80.25151515151516, 21.954545454545453], [80.23737373737374, 21.954545454545453], [80.23737373737374, 21.944444444444443], [80.25151515151516, 21.944444444444443]]]}, "properties": {"confidence_score": 0.3499, "site_id": "balaghat"}}, {"type": "Feature", "geometry": {"type": "Polygon", "coordinates": [[[80.26565656565657, 21.944444444444443], [80.26565656565657, 21.954545454545453], [80.25151515151515, 21.954545454545453], [80.25151515151515, 21.944444444444443], [80.26565656565657, 21.944444444444443]]]}, "properties": {"confidence_score": 0.3438, "site_id": "balaghat"}}, {"type": "Feature", "geometry": {"type": "Polygon", "coordinates": [[[80.27979797979799, 21.944444444444443], [80.27979797979799, 21.954545454545453], [80.26565656565657, 21.954545454545453], [80.26565656565657, 21.944444444444443], [80.27979797979799, 21.944444444444443]]]}, "properties": {"confidence_score": 0.3837, "site_id": "balaghat"}}, {"type": "Feature", "geometry": {"type": "Polygon", "coordinates": [[[80.2939393939394, 21.944444444444443], [80.2939393939394, 21.954545454545453], [80.27979797979798, 21.954545454545453], [80.27979797979798, 21.944444444444443], [80.2939393939394, 21.944444444444443]]]}, "properties": {"confidence_score": 0.4312, "site_id": "balaghat"}}, {"type": "Feature", "geometry": {"type": "Polygon", "coordinates": [[[80.30808080808082, 21.944444444444443], [80.30808080808082, 21.954545454545453], [80.2939393939394, 21.954545454545453], [80.2939393939394, 21.944444444444443], [80.30808080808082, 21.944444444444443]]]}, "properties": {"confidence_score": 0.5008, "site_id": "balaghat"}}, {"type": "Feature", "geometry": {"type": "Polygon", "coordinates": [[[80.32222222222224, 21.944444444444443], [80.32222222222224, 21.954545454545453], [80.30808080808082, 21.954545454545453], [80.30808080808082, 21.944444444444443], [80.32222222222224, 21.944444444444443]]]}, "properties": {"confidence_score": 0.5539, "site_id": "balaghat"}}, {"type": "Feature", "geometry": {"type": "Polygon", "coordinates": [[[80.33636363636364, 21.944444444444443], [80.33636363636364, 21.954545454545453], [80.32222222222222, 21.954545454545453], [80.32222222222222, 21.944444444444443], [80.33636363636364, 21.944444444444443]]]}, "properties": {"confidence_score": 0.515, "site_id": "balaghat"}}, {"type": "Feature", "geometry": {"type": "Polygon", "coordinates": [[[80.35050505050506, 21.944444444444443], [80.35050505050506, 21.954545454545453], [80.33636363636364, 21.954545454545453], [80.33636363636364, 21.944444444444443], [80.35050505050506, 21.944444444444443]]]}, "properties": {"confidence_score": 0.4601, "site_id": "balaghat"}}, {"type": "Feature", "geometry": {"type": "Polygon", "coordinates": [[[80.36464646464647, 21.944444444444443], [80.36464646464647, 21.954545454545453], [80.35050505050505, 21.954545454545453], [80.35050505050505, 21.944444444444443], [80.36464646464647, 21.944444444444443]]]}, "properties": {"confidence_score": 0.4207, "site_id": "balaghat"}}, {"type": "Feature", "geometry": {"type": "Polygon", "coordinates": [[[80.37878787878789, 21.944444444444443], [80.37878787878789, 21.954545454545453], [80.36464646464647, 21.954545454545453], [80.36464646464647, 21.944444444444443], [80.37878787878789, 21.944444444444443]]]}, "properties": {"confidence_score": 0.3988, "site_id": "balaghat"}}, {"type": "Feature", "geometry": {"type": "Polygon", "coordinates": [[[80.3929292929293, 21.944444444444443], [80.3929292929293, 21.954545454545453], [80.37878787878788, 21.954545454545453], [80.37878787878788, 21.944444444444443], [80.3929292929293, 21.944444444444443]]]}, "properties": {"confidence_score": 0.443, "site_id": "balaghat"}}, {"type": "Feature", "geometry": {"type": "Polygon", "coordinates": [[[80.40707070707072, 21.944444444444443], [80.40707070707072, 21.954545454545453], [80.3929292929293, 21.954545454545453], [80.3929292929293, 21.944444444444443], [80.40707070707072, 21.944444444444443]]]}, "properties": {"confidence_score": 0.4848, "site_id": "balaghat"}}, {"type": "Feature", "geometry": {"type": "Polygon", "coordinates": [[[80.11010101010102, 21.954545454545453], [80.11010101010102, 21.964646464646464], [80.0959595959596, 21.964646464646464], [80.0959595959596, 21.954545454545453], [80.11010101010102, 21.954545454545453]]]}, "properties": {"confidence_score": 0.6241, "site_id": "balaghat"}}, {"type": "Feature", "geometry": {"type": "Polygon", "coordinates": [[[80.12424242424242, 21.954545454545453], [80.12424242424242, 21.964646464646464], [80.110101010101, 21.964646464646464], [80.110101010101, 21.954545454545453], [80.12424242424242, 21.954545454545453]]]}, "properties": {"confidence_score": 0.6613, "site_id": "balaghat"}}, {"type": "Feature", "geometry": {"type": "Polygon", "coordinates": [[[80.13838383838385, 21.954545454545453], [80.13838383838385, 21.964646464646464], [80.12424242424242, 21.964646464646464], [80.12424242424242, 21.954545454545453], [80.13838383838385, 21.954545454545453]]]}, "properties": {"confidence_score": 0.6962, "site_id": "balaghat"}}, {"type": "Feature", "geometry": {"type": "Polygon", "coordinates": [[[80.15252525252527, 21.954545454545453], [80.15252525252527, 21.964646464646464], [80.13838383838385, 21.964646464646464], [80.13838383838385, 21.954545454545453], [80.15252525252527, 21.954545454545453]]]}, "properties": {"confidence_score": 0.7698, "site_id": "balaghat"}}, {"type": "Feature", "geometry": {"type": "Polygon", "coordinates": [[[80.16666666666667, 21.954545454545453], [80.16666666666667, 21.964646464646464], [80.15252525252525, 21.964646464646464], [80.15252525252525, 21.954545454545453], [80.16666666666667, 21.954545454545453]]]}, "properties": {"confidence_score": 0.663, "site_id": "balaghat"}}, {"type": "Feature", "geometry": {"type": "Polygon", "coordinates": [[[80.18080808080809, 21.954545454545453], [80.18080808080809, 21.964646464646464], [80.16666666666667, 21.964646464646464], [80.16666666666667, 21.954545454545453], [80.18080808080809, 21.954545454545453]]]}, "properties": {"confidence_score": 0.6074, "site_id": "balaghat"}}, {"type": "Feature", "geometry": {"type": "Polygon", "coordinates": [[[80.1949494949495, 21.954545454545453], [80.1949494949495, 21.964646464646464], [80.18080808080808, 21.964646464646464], [80.18080808080808, 21.954545454545453], [80.1949494949495, 21.954545454545453]]]}, "properties": {"confidence_score": 0.5576, "site_id": "balaghat"}}, {"type": "Feature", "geometry": {"type": "Polygon", "coordinates": [[[80.20909090909092, 21.954545454545453], [80.20909090909092, 21.964646464646464], [80.1949494949495, 21.964646464646464], [80.1949494949495, 21.954545454545453], [80.20909090909092, 21.954545454545453]]]}, "properties": {"confidence_score": 0.5306, "site_id": "balaghat"}}, {"type": "Feature", "geometry": {"type": "Polygon", "coordinates": [[[80.22323232323234, 21.954545454545453], [80.22323232323234, 21.964646464646464], [80.20909090909092, 21.964646464646464], [80.20909090909092, 21.954545454545453], [80.22323232323234, 21.954545454545453]]]}, "properties": {"confidence_score": 0.4279, "site_id": "balaghat"}}, {"type": "Feature", "geometry": {"type": "Polygon", "coordinates": [[[80.23737373737374, 21.954545454545453], [80.23737373737374, 21.964646464646464], [80.22323232323232, 21.964646464646464], [80.22323232323232, 21.954545454545453], [80.23737373737374, 21.954545454545453]]]}, "properties": {"confidence_score": 0.3813, "site_id": "balaghat"}}, {"type": "Feature", "geometry": {"type": "Polygon", "coordinates": [[[80.25151515151516, 21.954545454545453], [80.25151515151516, 21.964646464646464], [80.23737373737374, 21.964646464646464], [80.23737373737374, 21.954545454545453], [80.25151515151516, 21.954545454545453]]]}, "properties": {"confidence_score": 0.3566, "site_id": "balaghat"}}, {"type": "Feature", "geometry": {"type": "Polygon", "coordinates": [[[80.26565656565657, 21.954545454545453], [80.26565656565657, 21.964646464646464], [80.25151515151515, 21.964646464646464], [80.25151515151515, 21.954545454545453], [80.26565656565657, 21.954545454545453]]]}, "properties": {"confidence_score": 0.3351, "site_id": "balaghat"}}, {"type": "Feature", "geometry": {"type": "Polygon", "coordinates": [[[80.27979797979799, 21.954545454545453], [80.27979797979799, 21.964646464646464], [80.26565656565657, 21.964646464646464], [80.26565656565657, 21.954545454545453], [80.27979797979799, 21.954545454545453]]]}, "properties": {"confidence_score": 0.4829, "site_id": "balaghat"}}, {"type": "Feature", "geometry": {"type": "Polygon", "coordinates": [[[80.2939393939394, 21.954545454545453], [80.2939393939394, 21.964646464646464], [80.27979797979798, 21.964646464646464], [80.27979797979798, 21.954545454545453], [80.2939393939394, 21.954545454545453]]]}, "properties": {"confidence_score": 0.6305, "site_id": "balaghat"}}, {"type": "Feature", "geometry": {"type": "Polygon", "coordinates": [[[80.30808080808082, 21.954545454545453], [80.30808080808082, 21.964646464646464], [80.2939393939394, 21.964646464646464], [80.2939393939394, 21.954545454545453], [80.30808080808082, 21.954545454545453]]]}, "properties": {"confidence_score": 0.6318, "site_id": "balaghat"}}, {"type": "Feature", "geometry": {"type": "Polygon", "coordinates": [[[80.32222222222224, 21.954545454545453], [80.32222222222224, 21.964646464646464], [80.30808080808082, 21.964646464646464], [80.30808080808082, 21.954545454545453], [80.32222222222224, 21.954545454545453]]]}, "properties": {"confidence_score": 0.707, "site_id": "balaghat"}}, {"type": "Feature", "geometry": {"type": "Polygon", "coordinates": [[[80.33636363636364, 21.954545454545453], [80.33636363636364, 21.964646464646464], [80.32222222222222, 21.964646464646464], [80.32222222222222, 21.954545454545453], [80.33636363636364, 21.954545454545453]]]}, "properties": {"confidence_score": 0.5772, "site_id": "balaghat"}}, {"type": "Feature", "geometry": {"type": "Polygon", "coordinates": [[[80.35050505050506, 21.954545454545453], [80.35050505050506, 21.964646464646464], [80.33636363636364, 21.964646464646464], [80.33636363636364, 21.954545454545453], [80.35050505050506, 21.954545454545453]]]}, "properties": {"confidence_score": 0.4809, "site_id": "balaghat"}}, {"type": "Feature", "geometry": {"type": "Polygon", "coordinates": [[[80.36464646464647, 21.954545454545453], [80.36464646464647, 21.964646464646464], [80.35050505050505, 21.964646464646464], [80.35050505050505, 21.954545454545453], [80.36464646464647, 21.954545454545453]]]}, "properties": {"confidence_score": 0.4304, "site_id": "balaghat"}}, {"type": "Feature", "geometry": {"type": "Polygon", "coordinates": [[[80.37878787878789, 21.954545454545453], [80.37878787878789, 21.964646464646464], [80.36464646464647, 21.964646464646464], [80.36464646464647, 21.954545454545453], [80.37878787878789, 21.954545454545453]]]}, "properties": {"confidence_score": 0.3776, "site_id": "balaghat"}}, {"type": "Feature", "geometry": {"type": "Polygon", "coordinates": [[[80.3929292929293, 21.954545454545453], [80.3929292929293, 21.964646464646464], [80.37878787878788, 21.964646464646464], [80.37878787878788, 21.954545454545453], [80.3929292929293, 21.954545454545453]]]}, "properties": {"confidence_score": 0.3909, "site_id": "balaghat"}}, {"type": "Feature", "geometry": {"type": "Polygon", "coordinates": [[[80.40707070707072, 21.954545454545453], [80.40707070707072, 21.964646464646464], [80.3929292929293, 21.964646464646464], [80.3929292929293, 21.954545454545453], [80.40707070707072, 21.954545454545453]]]}, "properties": {"confidence_score": 0.3807, "site_id": "balaghat"}}, {"type": "Feature", "geometry": {"type": "Polygon", "coordinates": [[[80.11010101010102, 21.964646464646464], [80.11010101010102, 21.974747474747474], [80.0959595959596, 21.974747474747474], [80.0959595959596, 21.964646464646464], [80.11010101010102, 21.964646464646464]]]}, "properties": {"confidence_score": 0.5945, "site_id": "balaghat"}}, {"type": "Feature", "geometry": {"type": "Polygon", "coordinates": [[[80.12424242424242, 21.964646464646464], [80.12424242424242, 21.974747474747474], [80.110101010101, 21.974747474747474], [80.110101010101, 21.964646464646464], [80.12424242424242, 21.964646464646464]]]}, "properties": {"confidence_score": 0.6222, "site_id": "balaghat"}}, {"type": "Feature", "geometry": {"type": "Polygon", "coordinates": [[[80.13838383838385, 21.964646464646464], [80.13838383838385, 21.974747474747474], [80.12424242424242, 21.974747474747474], [80.12424242424242, 21.964646464646464], [80.13838383838385, 21.964646464646464]]]}, "properties": {"confidence_score": 0.6604, "site_id": "balaghat"}}, {"type": "Feature", "geometry": {"type": "Polygon", "coordinates": [[[80.15252525252527, 21.964646464646464], [80.15252525252527, 21.974747474747474], [80.13838383838385, 21.974747474747474], [80.13838383838385, 21.964646464646464], [80.15252525252527, 21.964646464646464]]]}, "properties": {"confidence_score": 0.6929, "site_id": "balaghat"}}, {"type": "Feature", "geometry": {"type": "Polygon", "coordinates": [[[80.16666666666667, 21.964646464646464], [80.16666666666667, 21.974747474747474], [80.15252525252525, 21.974747474747474], [80.15252525252525, 21.964646464646464], [80.16666666666667, 21.964646464646464]]]}, "properties": {"confidence_score": 0.678, "site_id": "balaghat"}}, {"type": "Feature", "geometry": {"type": "Polygon", "coordinates": [[[80.18080808080809, 21.964646464646464], [80.18080808080809, 21.974747474747474], [80.16666666666667, 21.974747474747474], [80.16666666666667, 21.964646464646464], [80.18080808080809, 21.964646464646464]]]}, "properties": {"confidence_score": 0.6457, "site_id": "balaghat"}}, {"type": "Feature", "geometry": {"type": "Polygon", "coordinates": [[[80.1949494949495, 21.964646464646464], [80.1949494949495, 21.974747474747474], [80.18080808080808, 21.974747474747474], [80.18080808080808, 21.964646464646464], [80.1949494949495, 21.964646464646464]]]}, "properties": {"confidence_score": 0.5654, "site_id": "balaghat"}}, {"type": "Feature", "geometry": {"type": "Polygon", "coordinates": [[[80.20909090909092, 21.964646464646464], [80.20909090909092, 21.974747474747474], [80.1949494949495, 21.974747474747474], [80.1949494949495, 21.964646464646464], [80.20909090909092, 21.964646464646464]]]}, "properties": {"confidence_score": 0.4883, "site_id": "balaghat"}}, {"type": "Feature", "geometry": {"type": "Polygon", "coordinates": [[[80.22323232323234, 21.964646464646464], [80.22323232323234, 21.974747474747474], [80.20909090909092, 21.974747474747474], [80.20909090909092, 21.964646464646464], [80.22323232323234, 21.964646464646464]]]}, "properties": {"confidence_score": 0.4181, "site_id": "balaghat"}}, {"type": "Feature", "geometry": {"type": "Polygon", "coordinates": [[[80.23737373737374, 21.964646464646464], [80.23737373737374, 21.974747474747474], [80.22323232323232, 21.974747474747474], [80.22323232323232, 21.964646464646464], [80.23737373737374, 21.964646464646464]]]}, "properties": {"confidence_score": 0.3827, "site_id": "balaghat"}}, {"type": "Feature", "geometry": {"type": "Polygon", "coordinates": [[[80.25151515151516, 21.964646464646464], [80.25151515151516, 21.974747474747474], [80.23737373737374, 21.974747474747474], [80.23737373737374, 21.964646464646464], [80.25151515151516, 21.964646464646464]]]}, "properties": {"confidence_score": 0.4003, "site_id": "balaghat"}}, {"type": "Feature", "geometry": {"type": "Polygon", "coordinates": [[[80.26565656565657, 21.964646464646464], [80.26565656565657, 21.974747474747474], [80.25151515151515, 21.974747474747474], [80.25151515151515, 21.964646464646464], [80.26565656565657, 21.964646464646464]]]}, "properties": {"confidence_score": 0.4546, "site_id": "balaghat"}}, {"type": "Feature", "geometry": {"type": "Polygon", "coordinates": [[[80.27979797979799, 21.964646464646464], [80.27979797979799, 21.974747474747474], [80.26565656565657, 21.974747474747474], [80.26565656565657, 21.964646464646464], [80.27979797979799, 21.964646464646464]]]}, "properties": {"confidence_score": 0.5726, "site_id": "balaghat"}}, {"type": "Feature", "geometry": {"type": "Polygon", "coordinates": [[[80.2939393939394, 21.964646464646464], [80.2939393939394, 21.974747474747474], [80.27979797979798, 21.974747474747474], [80.27979797979798, 21.964646464646464], [80.2939393939394, 21.964646464646464]]]}, "properties": {"confidence_score": 0.6837, "site_id": "balaghat"}}, {"type": "Feature", "geometry": {"type": "Polygon", "coordinates": [[[80.30808080808082, 21.964646464646464], [80.30808080808082, 21.974747474747474], [80.2939393939394, 21.974747474747474], [80.2939393939394, 21.964646464646464], [80.30808080808082, 21.964646464646464]]]}, "properties": {"confidence_score": 0.6863, "site_id": "balaghat"}}, {"type": "Feature", "geometry": {"type": "Polygon", "coordinates": [[[80.32222222222224, 21.964646464646464], [80.32222222222224, 21.974747474747474], [80.30808080808082, 21.974747474747474], [80.30808080808082, 21.964646464646464], [80.32222222222224, 21.964646464646464]]]}, "properties": {"confidence_score": 0.6829, "site_id": "balaghat"}}, {"type": "Feature", "geometry": {"type": "Polygon", "coordinates": [[[80.33636363636364, 21.964646464646464], [80.33636363636364, 21.974747474747474], [80.32222222222222, 21.974747474747474], [80.32222222222222, 21.964646464646464], [80.33636363636364, 21.964646464646464]]]}, "properties": {"confidence_score": 0.615, "site_id": "balaghat"}}, {"type": "Feature", "geometry": {"type": "Polygon", "coordinates": [[[80.35050505050506, 21.964646464646464], [80.35050505050506, 21.974747474747474], [80.33636363636364, 21.974747474747474], [80.33636363636364, 21.964646464646464], [80.35050505050506, 21.964646464646464]]]}, "properties": {"confidence_score": 0.5527, "site_id": "balaghat"}}, {"type": "Feature", "geometry": {"type": "Polygon", "coordinates": [[[80.36464646464647, 21.964646464646464], [80.36464646464647, 21.974747474747474], [80.35050505050505, 21.974747474747474], [80.35050505050505, 21.964646464646464], [80.36464646464647, 21.964646464646464]]]}, "properties": {"confidence_score": 0.4604, "site_id": "balaghat"}}, {"type": "Feature", "geometry": {"type": "Polygon", "coordinates": [[[80.37878787878789, 21.964646464646464], [80.37878787878789, 21.974747474747474], [80.36464646464647, 21.974747474747474], [80.36464646464647, 21.964646464646464], [80.37878787878789, 21.964646464646464]]]}, "properties": {"confidence_score": 0.3873, "site_id": "balaghat"}}, {"type": "Feature", "geometry": {"type": "Polygon", "coordinates": [[[80.3929292929293, 21.964646464646464], [80.3929292929293, 21.974747474747474], [80.37878787878788, 21.974747474747474], [80.37878787878788, 21.964646464646464], [80.3929292929293, 21.964646464646464]]]}, "properties": {"confidence_score": 0.3702, "site_id": "balaghat"}}, {"type": "Feature", "geometry": {"type": "Polygon", "coordinates": [[[80.40707070707072, 21.964646464646464], [80.40707070707072, 21.974747474747474], [80.3929292929293, 21.974747474747474], [80.3929292929293, 21.964646464646464], [80.40707070707072, 21.964646464646464]]]}, "properties": {"confidence_score": 0.3638, "site_id": "balaghat"}}, {"type": "Feature", "geometry": {"type": "Polygon", "coordinates": [[[80.11010101010102, 21.974747474747474], [80.11010101010102, 21.984848484848484], [80.0959595959596, 21.984848484848484], [80.0959595959596, 21.974747474747474], [80.11010101010102, 21.974747474747474]]]}, "properties": {"confidence_score": 0.5718, "site_id": "balaghat"}}, {"type": "Feature", "geometry": {"type": "Polygon", "coordinates": [[[80.12424242424242, 21.974747474747474], [80.12424242424242, 21.984848484848484], [80.110101010101, 21.984848484848484], [80.110101010101, 21.974747474747474], [80.12424242424242, 21.974747474747474]]]}, "properties": {"confidence_score": 0.5887, "site_id": "balaghat"}}, {"type": "Feature", "geometry": {"type": "Polygon", "coordinates": [[[80.13838383838385, 21.974747474747474], [80.13838383838385, 21.984848484848484], [80.12424242424242, 21.984848484848484], [80.12424242424242, 21.974747474747474], [80.13838383838385, 21.974747474747474]]]}, "properties": {"confidence_score": 0.6195, "site_id": "balaghat"}}, {"type": "Feature", "geometry": {"type": "Polygon", "coordinates": [[[80.15252525252527, 21.974747474747474], [80.15252525252527, 21.984848484848484], [80.13838383838385, 21.984848484848484], [80.13838383838385, 21.974747474747474], [80.15252525252527, 21.974747474747474]]]}, "properties": {"confidence_score": 0.634, "site_id": "balaghat"}}, {"type": "Feature", "geometry": {"type": "Polygon", "coordinates": [[[80.16666666666667, 21.974747474747474], [80.16666666666667, 21.984848484848484], [80.15252525252525, 21.984848484848484], [80.15252525252525, 21.974747474747474], [80.16666666666667, 21.974747474747474]]]}, "properties": {"confidence_score": 0.6854, "site_id": "balaghat"}}, {"type": "Feature", "geometry": {"type": "Polygon", "coordinates": [[[80.18080808080809, 21.974747474747474], [80.18080808080809, 21.984848484848484], [80.16666666666667, 21.984848484848484], [80.16666666666667, 21.974747474747474], [80.18080808080809, 21.974747474747474]]]}, "properties": {"confidence_score": 0.6997, "site_id": "balaghat"}}, {"type": "Feature", "geometry": {"type": "Polygon", "coordinates": [[[80.1949494949495, 21.974747474747474], [80.1949494949495, 21.984848484848484], [80.18080808080808, 21.984848484848484], [80.18080808080808, 21.974747474747474], [80.1949494949495, 21.974747474747474]]]}, "properties": {"confidence_score": 0.5661, "site_id": "balaghat"}}, {"type": "Feature", "geometry": {"type": "Polygon", "coordinates": [[[80.20909090909092, 21.974747474747474], [80.20909090909092, 21.984848484848484], [80.1949494949495, 21.984848484848484], [80.1949494949495, 21.974747474747474], [80.20909090909092, 21.974747474747474]]]}, "properties": {"confidence_score": 0.4484, "site_id": "balaghat"}}, {"type": "Feature", "geometry": {"type": "Polygon", "coordinates": [[[80.22323232323234, 21.974747474747474], [80.22323232323234, 21.984848484848484], [80.20909090909092, 21.984848484848484], [80.20909090909092, 21.974747474747474], [80.22323232323234, 21.974747474747474]]]}, "properties": {"confidence_score": 0.4029, "site_id": "balaghat"}}, {"type": "Feature", "geometry": {"type": "Polygon", "coordinates": [[[80.23737373737374, 21.974747474747474], [80.23737373737374, 21.984848484848484], [80.22323232323232, 21.984848484848484], [80.22323232323232, 21.974747474747474], [80.23737373737374, 21.974747474747474]]]}, "properties": {"confidence_score": 0.3743, "site_id": "balaghat"}}, {"type": "Feature", "geometry": {"type": "Polygon", "coordinates": [[[80.25151515151516, 21.974747474747474], [80.25151515151516, 21.984848484848484], [80.23737373737374, 21.984848484848484], [80.23737373737374, 21.974747474747474], [80.25151515151516, 21.974747474747474]]]}, "properties": {"confidence_score": 0.4517, "site_id": "balaghat"}}, {"type": "Feature", "geometry": {"type": "Polygon", "coordinates": [[[80.26565656565657, 21.974747474747474], [80.26565656565657, 21.984848484848484], [80.25151515151515, 21.984848484848484], [80.25151515151515, 21.974747474747474], [80.26565656565657, 21.974747474747474]]]}, "properties": {"confidence_score": 0.556, "site_id": "balaghat"}}, {"type": "Feature", "geometry": {"type": "Polygon", "coordinates": [[[80.27979797979799, 21.974747474747474], [80.27979797979799, 21.984848484848484], [80.26565656565657, 21.984848484848484], [80.26565656565657, 21.974747474747474], [80.27979797979799, 21.974747474747474]]]}, "properties": {"confidence_score": 0.636, "site_id": "balaghat"}}, {"type": "Feature", "geometry": {"type": "Polygon", "coordinates": [[[80.2939393939394, 21.974747474747474], [80.2939393939394, 21.984848484848484], [80.27979797979798, 21.984848484848484], [80.27979797979798, 21.974747474747474], [80.2939393939394, 21.974747474747474]]]}, "properties": {"confidence_score": 0.7547, "site_id": "balaghat"}}, {"type": "Feature", "geometry": {"type": "Polygon", "coordinates": [[[80.30808080808082, 21.974747474747474], [80.30808080808082, 21.984848484848484], [80.2939393939394, 21.984848484848484], [80.2939393939394, 21.974747474747474], [80.30808080808082, 21.974747474747474]]]}, "properties": {"confidence_score": 0.6813, "site_id": "balaghat"}}, {"type": "Feature", "geometry": {"type": "Polygon", "coordinates": [[[80.32222222222224, 21.974747474747474], [80.32222222222224, 21.984848484848484], [80.30808080808082, 21.984848484848484], [80.30808080808082, 21.974747474747474], [80.32222222222224, 21.974747474747474]]]}, "properties": {"confidence_score": 0.668, "site_id": "balaghat"}}, {"type": "Feature", "geometry": {"type": "Polygon", "coordinates": [[[80.33636363636364, 21.974747474747474], [80.33636363636364, 21.984848484848484], [80.32222222222222, 21.984848484848484], [80.32222222222222, 21.974747474747474], [80.33636363636364, 21.974747474747474]]]}, "properties": {"confidence_score": 0.6133, "site_id": "balaghat"}}, {"type": "Feature", "geometry": {"type": "Polygon", "coordinates": [[[80.35050505050506, 21.974747474747474], [80.35050505050506, 21.984848484848484], [80.33636363636364, 21.984848484848484], [80.33636363636364, 21.974747474747474], [80.35050505050506, 21.974747474747474]]]}, "properties": {"confidence_score": 0.6311, "site_id": "balaghat"}}, {"type": "Feature", "geometry": {"type": "Polygon", "coordinates": [[[80.36464646464647, 21.974747474747474], [80.36464646464647, 21.984848484848484], [80.35050505050505, 21.984848484848484], [80.35050505050505, 21.974747474747474], [80.36464646464647, 21.974747474747474]]]}, "properties": {"confidence_score": 0.4877, "site_id": "balaghat"}}, {"type": "Feature", "geometry": {"type": "Polygon", "coordinates": [[[80.37878787878789, 21.974747474747474], [80.37878787878789, 21.984848484848484], [80.36464646464647, 21.984848484848484], [80.36464646464647, 21.974747474747474], [80.37878787878789, 21.974747474747474]]]}, "properties": {"confidence_score": 0.3859, "site_id": "balaghat"}}, {"type": "Feature", "geometry": {"type": "Polygon", "coordinates": [[[80.3929292929293, 21.974747474747474], [80.3929292929293, 21.984848484848484], [80.37878787878788, 21.984848484848484], [80.37878787878788, 21.974747474747474], [80.3929292929293, 21.974747474747474]]]}, "properties": {"confidence_score": 0.3727, "site_id": "balaghat"}}, {"type": "Feature", "geometry": {"type": "Polygon", "coordinates": [[[80.40707070707072, 21.974747474747474], [80.40707070707072, 21.984848484848484], [80.3929292929293, 21.984848484848484], [80.3929292929293, 21.974747474747474], [80.40707070707072, 21.974747474747474]]]}, "properties": {"confidence_score": 0.3524, "site_id": "balaghat"}}, {"type": "Feature", "geometry": {"type": "Polygon", "coordinates": [[[80.11010101010102, 21.984848484848484], [80.11010101010102, 21.994949494949495], [80.0959595959596, 21.994949494949495], [80.0959595959596, 21.984848484848484], [80.11010101010102, 21.984848484848484]]]}, "properties": {"confidence_score": 0.5614, "site_id": "balaghat"}}, {"type": "Feature", "geometry": {"type": "Polygon", "coordinates": [[[80.12424242424242, 21.984848484848484], [80.12424242424242, 21.994949494949495], [80.110101010101, 21.994949494949495], [80.110101010101, 21.984848484848484], [80.12424242424242, 21.984848484848484]]]}, "properties": {"confidence_score": 0.5876, "site_id": "balaghat"}}, {"type": "Feature", "geometry": {"type": "Polygon", "coordinates": [[[80.13838383838385, 21.984848484848484], [80.13838383838385, 21.994949494949495], [80.12424242424242, 21.994949494949495], [80.12424242424242, 21.984848484848484], [80.13838383838385, 21.984848484848484]]]}, "properties": {"confidence_score": 0.6167, "site_id": "balaghat"}}, {"type": "Feature", "geometry": {"type": "Polygon", "coordinates": [[[80.15252525252527, 21.984848484848484], [80.15252525252527, 21.994949494949495], [80.13838383838385, 21.994949494949495], [80.13838383838385, 21.984848484848484], [80.15252525252527, 21.984848484848484]]]}, "properties": {"confidence_score": 0.654, "site_id": "balaghat"}}, {"type": "Feature", "geometry": {"type": "Polygon", "coordinates": [[[80.16666666666667, 21.984848484848484], [80.16666666666667, 21.994949494949495], [80.15252525252525, 21.994949494949495], [80.15252525252525, 21.984848484848484], [80.16666666666667, 21.984848484848484]]]}, "properties": {"confidence_score": 0.6881, "site_id": "balaghat"}}, {"type": "Feature", "geometry": {"type": "Polygon", "coordinates": [[[80.18080808080809, 21.984848484848484], [80.18080808080809, 21.994949494949495], [80.16666666666667, 21.994949494949495], [80.16666666666667, 21.984848484848484], [80.18080808080809, 21.984848484848484]]]}, "properties": {"confidence_score": 0.6866, "site_id": "balaghat"}}, {"type": "Feature", "geometry": {"type": "Polygon", "coordinates": [[[80.1949494949495, 21.984848484848484], [80.1949494949495, 21.994949494949495], [80.18080808080808, 21.994949494949495], [80.18080808080808, 21.984848484848484], [80.1949494949495, 21.984848484848484]]]}, "properties": {"confidence_score": 0.572, "site_id": "balaghat"}}, {"type": "Feature", "geometry": {"type": "Polygon", "coordinates": [[[80.20909090909092, 21.984848484848484], [80.20909090909092, 21.994949494949495], [80.1949494949495, 21.994949494949495], [80.1949494949495, 21.984848484848484], [80.20909090909092, 21.984848484848484]]]}, "properties": {"confidence_score": 0.4667, "site_id": "balaghat"}}, {"type": "Feature", "geometry": {"type": "Polygon", "coordinates": [[[80.22323232323234, 21.984848484848484], [80.22323232323234, 21.994949494949495], [80.20909090909092, 21.994949494949495], [80.20909090909092, 21.984848484848484], [80.22323232323234, 21.984848484848484]]]}, "properties": {"confidence_score": 0.4048, "site_id": "balaghat"}}, {"type": "Feature", "geometry": {"type": "Polygon", "coordinates": [[[80.23737373737374, 21.984848484848484], [80.23737373737374, 21.994949494949495], [80.22323232323232, 21.994949494949495], [80.22323232323232, 21.984848484848484], [80.23737373737374, 21.984848484848484]]]}, "properties": {"confidence_score": 0.3974, "site_id": "balaghat"}}, {"type": "Feature", "geometry": {"type": "Polygon", "coordinates": [[[80.25151515151516, 21.984848484848484], [80.25151515151516, 21.994949494949495], [80.23737373737374, 21.994949494949495], [80.23737373737374, 21.984848484848484], [80.25151515151516, 21.984848484848484]]]}, "properties": {"confidence_score": 0.4919, "site_id": "balaghat"}}, {"type": "Feature", "geometry": {"type": "Polygon", "coordinates": [[[80.26565656565657, 21.984848484848484], [80.26565656565657, 21.994949494949495], [80.25151515151515, 21.994949494949495], [80.25151515151515, 21.984848484848484], [80.26565656565657, 21.984848484848484]]]}, "properties": {"confidence_score": 0.6027, "site_id": "balaghat"}}, {"type": "Feature", "geometry": {"type": "Polygon", "coordinates": [[[80.27979797979799, 21.984848484848484], [80.27979797979799, 21.994949494949495], [80.26565656565657, 21.994949494949495], [80.26565656565657, 21.984848484848484], [80.27979797979799, 21.984848484848484]]]}, "properties": {"confidence_score": 0.6453, "site_id": "balaghat"}}, {"type": "Feature", "geometry": {"type": "Polygon", "coordinates": [[[80.2939393939394, 21.984848484848484], [80.2939393939394, 21.994949494949495], [80.27979797979798, 21.994949494949495], [80.27979797979798, 21.984848484848484], [80.2939393939394, 21.984848484848484]]]}, "properties": {"confidence_score": 0.6714, "site_id": "balaghat"}}, {"type": "Feature", "geometry": {"type": "Polygon", "coordinates": [[[80.30808080808082, 21.984848484848484], [80.30808080808082, 21.994949494949495], [80.2939393939394, 21.994949494949495], [80.2939393939394, 21.984848484848484], [80.30808080808082, 21.984848484848484]]]}, "properties": {"confidence_score": 0.6212, "site_id": "balaghat"}}, {"type": "Feature", "geometry": {"type": "Polygon", "coordinates": [[[80.32222222222224, 21.984848484848484], [80.32222222222224, 21.994949494949495], [80.30808080808082, 21.994949494949495], [80.30808080808082, 21.984848484848484], [80.32222222222224, 21.984848484848484]]]}, "properties": {"confidence_score": 0.5747, "site_id": "balaghat"}}, {"type": "Feature", "geometry": {"type": "Polygon", "coordinates": [[[80.33636363636364, 21.984848484848484], [80.33636363636364, 21.994949494949495], [80.32222222222222, 21.994949494949495], [80.32222222222222, 21.984848484848484], [80.33636363636364, 21.984848484848484]]]}, "properties": {"confidence_score": 0.5531, "site_id": "balaghat"}}, {"type": "Feature", "geometry": {"type": "Polygon", "coordinates": [[[80.35050505050506, 21.984848484848484], [80.35050505050506, 21.994949494949495], [80.33636363636364, 21.994949494949495], [80.33636363636364, 21.984848484848484], [80.35050505050506, 21.984848484848484]]]}, "properties": {"confidence_score": 0.54, "site_id": "balaghat"}}, {"type": "Feature", "geometry": {"type": "Polygon", "coordinates": [[[80.36464646464647, 21.984848484848484], [80.36464646464647, 21.994949494949495], [80.35050505050505, 21.994949494949495], [80.35050505050505, 21.984848484848484], [80.36464646464647, 21.984848484848484]]]}, "properties": {"confidence_score": 0.4937, "site_id": "balaghat"}}, {"type": "Feature", "geometry": {"type": "Polygon", "coordinates": [[[80.37878787878789, 21.984848484848484], [80.37878787878789, 21.994949494949495], [80.36464646464647, 21.994949494949495], [80.36464646464647, 21.984848484848484], [80.37878787878789, 21.984848484848484]]]}, "properties": {"confidence_score": 0.4502, "site_id": "balaghat"}}, {"type": "Feature", "geometry": {"type": "Polygon", "coordinates": [[[80.3929292929293, 21.984848484848484], [80.3929292929293, 21.994949494949495], [80.37878787878788, 21.994949494949495], [80.37878787878788, 21.984848484848484], [80.3929292929293, 21.984848484848484]]]}, "properties": {"confidence_score": 0.3931, "site_id": "balaghat"}}, {"type": "Feature", "geometry": {"type": "Polygon", "coordinates": [[[80.40707070707072, 21.984848484848484], [80.40707070707072, 21.994949494949495], [80.3929292929293, 21.994949494949495], [80.3929292929293, 21.984848484848484], [80.40707070707072, 21.984848484848484]]]}, "properties": {"confidence_score": 0.3505, "site_id": "balaghat"}}, {"type": "Feature", "geometry": {"type": "Polygon", "coordinates": [[[80.11010101010102, 21.994949494949495], [80.11010101010102, 22.005050505050505], [80.0959595959596, 22.005050505050505], [80.0959595959596, 21.994949494949495], [80.11010101010102, 21.994949494949495]]]}, "properties": {"confidence_score": 0.5487, "site_id": "balaghat"}}, {"type": "Feature", "geometry": {"type": "Polygon", "coordinates": [[[80.12424242424242, 21.994949494949495], [80.12424242424242, 22.005050505050505], [80.110101010101, 22.005050505050505], [80.110101010101, 21.994949494949495], [80.12424242424242, 21.994949494949495]]]}, "properties": {"confidence_score": 0.5917, "site_id": "balaghat"}}, {"type": "Feature", "geometry": {"type": "Polygon", "coordinates": [[[80.13838383838385, 21.994949494949495], [80.13838383838385, 22.005050505050505], [80.12424242424242, 22.005050505050505], [80.12424242424242, 21.994949494949495], [80.13838383838385, 21.994949494949495]]]}, "properties": {"confidence_score": 0.6152, "site_id": "balaghat"}}, {"type": "Feature", "geometry": {"type": "Polygon", "coordinates": [[[80.15252525252527, 21.994949494949495], [80.15252525252527, 22.005050505050505], [80.13838383838385, 22.005050505050505], [80.13838383838385, 21.994949494949495], [80.15252525252527, 21.994949494949495]]]}, "properties": {"confidence_score": 0.6787, "site_id": "balaghat"}}, {"type": "Feature", "geometry": {"type": "Polygon", "coordinates": [[[80.16666666666667, 21.994949494949495], [80.16666666666667, 22.005050505050505], [80.15252525252525, 22.005050505050505], [80.15252525252525, 21.994949494949495], [80.16666666666667, 21.994949494949495]]]}, "properties": {"confidence_score": 0.6763, "site_id": "balaghat"}}, {"type": "Feature", "geometry": {"type": "Polygon", "coordinates": [[[80.18080808080809, 21.994949494949495], [80.18080808080809, 22.005050505050505], [80.16666666666667, 22.005050505050505], [80.16666666666667, 21.994949494949495], [80.18080808080809, 21.994949494949495]]]}, "properties": {"confidence_score": 0.6995, "site_id": "balaghat"}}, {"type": "Feature", "geometry": {"type": "Polygon", "coordinates": [[[80.1949494949495, 21.994949494949495], [80.1949494949495, 22.005050505050505], [80.18080808080808, 22.005050505050505], [80.18080808080808, 21.994949494949495], [80.1949494949495, 21.994949494949495]]]}, "properties": {"confidence_score": 0.5667, "site_id": "balaghat"}}, {"type": "Feature", "geometry": {"type": "Polygon", "coordinates": [[[80.20909090909092, 21.994949494949495], [80.20909090909092, 22.005050505050505], [80.1949494949495, 22.005050505050505], [80.1949494949495, 21.994949494949495], [80.20909090909092, 21.994949494949495]]]}, "properties": {"confidence_score": 0.48, "site_id": "balaghat"}}, {"type": "Feature", "geometry": {"type": "Polygon", "coordinates": [[[80.22323232323234, 21.994949494949495], [80.22323232323234, 22.005050505050505], [80.20909090909092, 22.005050505050505], [80.20909090909092, 21.994949494949495], [80.22323232323234, 21.994949494949495]]]}, "properties": {"confidence_score": 0.411, "site_id": "balaghat"}}, {"type": "Feature", "geometry": {"type": "Polygon", "coordinates": [[[80.23737373737374, 21.994949494949495], [80.23737373737374, 22.005050505050505], [80.22323232323232, 22.005050505050505], [80.22323232323232, 21.994949494949495], [80.23737373737374, 21.994949494949495]]]}, "properties": {"confidence_score": 0.3918, "site_id": "balaghat"}}, {"type": "Feature", "geometry": {"type": "Polygon", "coordinates": [[[80.25151515151516, 21.994949494949495], [80.25151515151516, 22.005050505050505], [80.23737373737374, 22.005050505050505], [80.23737373737374, 21.994949494949495], [80.25151515151516, 21.994949494949495]]]}, "properties": {"confidence_score": 0.5104, "site_id": "balaghat"}}, {"type": "Feature", "geometry": {"type": "Polygon", "coordinates": [[[80.26565656565657, 21.994949494949495], [80.26565656565657, 22.005050505050505], [80.25151515151515, 22.005050505050505], [80.25151515151515, 21.994949494949495], [80.26565656565657, 21.994949494949495]]]}, "properties": {"confidence_score": 0.6577, "site_id": "balaghat"}}, {"type": "Feature", "geometry": {"type": "Polygon", "coordinates": [[[80.27979797979799, 21.994949494949495], [80.27979797979799, 22.005050505050505], [80.26565656565657, 22.005050505050505], [80.26565656565657, 21.994949494949495], [80.27979797979799, 21.994949494949495]]]}, "properties": {"confidence_score": 0.6189, "site_id": "balaghat"}}, {"type": "Feature", "geometry": {"type": "Polygon", "coordinates": [[[80.2939393939394, 21.994949494949495], [80.2939393939394, 22.005050505050505], [80.27979797979798, 22.005050505050505], [80.27979797979798, 21.994949494949495], [80.2939393939394, 21.994949494949495]]]}, "properties": {"confidence_score": 0.611, "site_id": "balaghat"}}, {"type": "Feature", "geometry": {"type": "Polygon", "coordinates": [[[80.30808080808082, 21.994949494949495], [80.30808080808082, 22.005050505050505], [80.2939393939394, 22.005050505050505], [80.2939393939394, 21.994949494949495], [80.30808080808082, 21.994949494949495]]]}, "properties": {"confidence_score": 0.5479, "site_id": "balaghat"}}, {"type": "Feature", "geometry": {"type": "Polygon", "coordinates": [[[80.32222222222224, 21.994949494949495], [80.32222222222224, 22.005050505050505], [80.30808080808082, 22.005050505050505], [80.30808080808082, 21.994949494949495], [80.32222222222224, 21.994949494949495]]]}, "properties": {"confidence_score": 0.4774, "site_id": "balaghat"}}, {"type": "Feature", "geometry": {"type": "Polygon", "coordinates": [[[80.33636363636364, 21.994949494949495], [80.33636363636364, 22.005050505050505], [80.32222222222222, 22.005050505050505], [80.32222222222222, 21.994949494949495], [80.33636363636364, 21.994949494949495]]]}, "properties": {"confidence_score": 0.4823, "site_id": "balaghat"}}, {"type": "Feature", "geometry": {"type": "Polygon", "coordinates": [[[80.35050505050506, 21.994949494949495], [80.35050505050506, 22.005050505050505], [80.33636363636364, 22.005050505050505], [80.33636363636364, 21.994949494949495], [80.35050505050506, 21.994949494949495]]]}, "properties": {"confidence_score": 0.4626, "site_id": "balaghat"}}, {"type": "Feature", "geometry": {"type": "Polygon", "coordinates": [[[80.36464646464647, 21.994949494949495], [80.36464646464647, 22.005050505050505], [80.35050505050505, 22.005050505050505], [80.35050505050505, 21.994949494949495], [80.36464646464647, 21.994949494949495]]]}, "properties": {"confidence_score": 0.4824, "site_id": "balaghat"}}, {"type": "Feature", "geometry": {"type": "Polygon", "coordinates": [[[80.37878787878789, 21.994949494949495], [80.37878787878789, 22.005050505050505], [80.36464646464647, 22.005050505050505], [80.36464646464647, 21.994949494949495], [80.37878787878789, 21.994949494949495]]]}, "properties": {"confidence_score": 0.5198, "site_id": "balaghat"}}, {"type": "Feature", "geometry": {"type": "Polygon", "coordinates": [[[80.3929292929293, 21.994949494949495], [80.3929292929293, 22.005050505050505], [80.37878787878788, 22.005050505050505], [80.37878787878788, 21.994949494949495], [80.3929292929293, 21.994949494949495]]]}, "properties": {"confidence_score": 0.4102, "site_id": "balaghat"}}, {"type": "Feature", "geometry": {"type": "Polygon", "coordinates": [[[80.40707070707072, 21.994949494949495], [80.40707070707072, 22.005050505050505], [80.3929292929293, 22.005050505050505], [80.3929292929293, 21.994949494949495], [80.40707070707072, 21.994949494949495]]]}, "properties": {"confidence_score": 0.3342, "site_id": "balaghat"}}]}